09:45:53.324 [main] INFO  com.dongbao.test_demo3.ScheduledTasksTest - Starting ScheduledTasksTest using Java 1.8.0_151 on IT-013487 with PID 30712 (started by 013487 in E:\javaProject\test_demo3)
09:45:53.338 [main] INFO  com.dongbao.test_demo3.ScheduledTasksTest - No active profile set, falling back to 1 default profile: "default"
09:45:54.191 [main] INFO  o.s.d.r.config.RepositoryConfigurationDelegate - Multiple Spring Data modules found, entering strict repository configuration mode
09:45:54.195 [main] INFO  o.s.d.r.config.RepositoryConfigurationDelegate - Bootstrapping Spring Data Redis repositories in DEFAULT mode.
09:45:54.221 [main] INFO  o.s.d.r.config.RepositoryConfigurationDelegate - Finished Spring Data repository scanning in 8 ms. Found 0 Redis repository interfaces.
09:45:55.590 [main] WARN  c.b.mybatisplus.core.injector.DefaultSqlInjector - class com.dongbao.test_demo3.entity.AttWorkHourDay ,Not found @TableId annotation, Cannot use Mybatis-Plus 'xxById' Method.
09:45:55.875 [main] INFO  com.dongbao.test_demo3.config.AsyncConfig - 异步任务执行器已启用
09:45:56.509 [main] INFO  o.s.b.a.web.servlet.WelcomePageHandlerMapping - Adding welcome page: class path resource [static/index.html]
09:45:56.716 [main] WARN  o.s.b.a.t.ThymeleafAutoConfiguration$DefaultTemplateResolverConfiguration - Cannot find template location: classpath:/templates/ (please add some templates, check your Thymeleaf configuration, or set spring.thymeleaf.check-template-location=false)
09:45:56.729 [main] WARN  org.thymeleaf.templatemode.TemplateMode - [THYMELEAF][main] Template Mode 'HTML5' is deprecated. Using Template Mode 'HTML' instead.
09:45:57.190 [scheduled-task-1] INFO  com.dongbao.test_demo3.Schedule.ScheduledTasks - 固定速率任务执行 - 1763084757190
09:45:57.194 [main] INFO  com.dongbao.test_demo3.ScheduledTasksTest - Started ScheduledTasksTest in 4.199 seconds (JVM running for 5.052)
09:45:57.490 [main] INFO  com.dongbao.test_demo3.Schedule.ScheduledTasks - 固定速率任务执行 - 1763084757490
09:45:58.198 [scheduled-task-2] INFO  com.dongbao.test_demo3.Schedule.ScheduledTasks - 固定延迟任务执行 - 1763084758198
09:46:02.195 [scheduled-task-1] INFO  com.dongbao.test_demo3.Schedule.ScheduledTasks - 固定速率任务执行 - 1763084762195
09:46:02.211 [scheduled-task-3] INFO  com.dongbao.test_demo3.Schedule.ScheduledTasks - 固定延迟任务执行 - 1763084762211
09:46:06.223 [scheduled-task-3] INFO  com.dongbao.test_demo3.Schedule.ScheduledTasks - 固定延迟任务执行 - 1763084766223
09:46:07.200 [scheduled-task-4] INFO  com.dongbao.test_demo3.Schedule.ScheduledTasks - 初始延迟任务执行 - 1763084767200
09:46:07.200 [scheduled-task-1] INFO  com.dongbao.test_demo3.Schedule.ScheduledTasks - 固定速率任务执行 - 1763084767200
09:57:21.306 [main] INFO  com.dongbao.test_demo3.ScheduledTasksTest - Starting ScheduledTasksTest using Java 1.8.0_151 on IT-013487 with PID 10668 (started by 013487 in E:\javaProject\test_demo3)
09:57:21.308 [main] INFO  com.dongbao.test_demo3.ScheduledTasksTest - No active profile set, falling back to 1 default profile: "default"
09:57:21.995 [main] INFO  o.s.d.r.config.RepositoryConfigurationDelegate - Multiple Spring Data modules found, entering strict repository configuration mode
09:57:21.998 [main] INFO  o.s.d.r.config.RepositoryConfigurationDelegate - Bootstrapping Spring Data Redis repositories in DEFAULT mode.
09:57:22.018 [main] INFO  o.s.d.r.config.RepositoryConfigurationDelegate - Finished Spring Data repository scanning in 7 ms. Found 0 Redis repository interfaces.
09:57:23.341 [main] WARN  c.b.mybatisplus.core.injector.DefaultSqlInjector - class com.dongbao.test_demo3.entity.AttWorkHourDay ,Not found @TableId annotation, Cannot use Mybatis-Plus 'xxById' Method.
09:57:23.622 [main] INFO  com.dongbao.test_demo3.config.AsyncConfig - 异步任务执行器已启用
09:57:24.282 [main] INFO  o.s.b.a.web.servlet.WelcomePageHandlerMapping - Adding welcome page: class path resource [static/index.html]
09:57:24.496 [main] WARN  o.s.b.a.t.ThymeleafAutoConfiguration$DefaultTemplateResolverConfiguration - Cannot find template location: classpath:/templates/ (please add some templates, check your Thymeleaf configuration, or set spring.thymeleaf.check-template-location=false)
09:57:24.498 [main] WARN  org.thymeleaf.templatemode.TemplateMode - [THYMELEAF][main] Template Mode 'HTML5' is deprecated. Using Template Mode 'HTML' instead.
09:57:25.029 [scheduled-task-1] INFO  com.dongbao.test_demo3.Schedule.ScheduledTasks - 固定速率任务执行 - 1763085445029
09:57:25.037 [main] INFO  com.dongbao.test_demo3.ScheduledTasksTest - Started ScheduledTasksTest in 4.027 seconds (JVM running for 4.684)
09:57:25.273 [main] INFO  com.dongbao.test_demo3.Schedule.ScheduledTasks - 固定速率任务执行 - 1763085445273
09:57:26.037 [scheduled-task-2] INFO  com.dongbao.test_demo3.Schedule.ScheduledTasks - 固定延迟任务执行 - 1763085446037
09:57:30.032 [scheduled-task-1] INFO  com.dongbao.test_demo3.Schedule.ScheduledTasks - 固定速率任务执行 - 1763085450032
09:57:30.063 [scheduled-task-3] INFO  com.dongbao.test_demo3.Schedule.ScheduledTasks - 固定延迟任务执行 - 1763085450063
09:57:34.076 [scheduled-task-3] INFO  com.dongbao.test_demo3.Schedule.ScheduledTasks - 固定延迟任务执行 - 1763085454076
09:57:35.033 [scheduled-task-1] INFO  com.dongbao.test_demo3.Schedule.ScheduledTasks - 固定速率任务执行 - 1763085455033
09:57:35.033 [scheduled-task-4] INFO  com.dongbao.test_demo3.Schedule.ScheduledTasks - 初始延迟任务执行 - 1763085455033
09:57:38.091 [scheduled-task-2] INFO  com.dongbao.test_demo3.Schedule.ScheduledTasks - 固定延迟任务执行 - 1763085458091
09:57:40.041 [scheduled-task-3] INFO  com.dongbao.test_demo3.Schedule.ScheduledTasks - 初始延迟任务执行 - 1763085460041
09:57:40.041 [scheduled-task-5] INFO  com.dongbao.test_demo3.Schedule.ScheduledTasks - 固定速率任务执行 - 1763085460041
09:57:42.092 [scheduled-task-1] INFO  com.dongbao.test_demo3.Schedule.ScheduledTasks - 固定延迟任务执行 - 1763085462092
09:57:45.041 [scheduled-task-4] INFO  com.dongbao.test_demo3.Schedule.ScheduledTasks - 固定速率任务执行 - 1763085465041
09:57:45.041 [scheduled-task-2] INFO  com.dongbao.test_demo3.Schedule.ScheduledTasks - 初始延迟任务执行 - 1763085465041
10:01:36.302 [main] INFO  com.dongbao.test_demo3.ScheduledTasksTest - Starting ScheduledTasksTest using Java 1.8.0_151 on IT-013487 with PID 4912 (started by 013487 in E:\javaProject\test_demo3)
10:01:36.303 [main] INFO  com.dongbao.test_demo3.ScheduledTasksTest - No active profile set, falling back to 1 default profile: "default"
10:01:36.866 [main] INFO  o.s.d.r.config.RepositoryConfigurationDelegate - Multiple Spring Data modules found, entering strict repository configuration mode
10:01:36.868 [main] INFO  o.s.d.r.config.RepositoryConfigurationDelegate - Bootstrapping Spring Data Redis repositories in DEFAULT mode.
10:01:36.884 [main] INFO  o.s.d.r.config.RepositoryConfigurationDelegate - Finished Spring Data repository scanning in 6 ms. Found 0 Redis repository interfaces.
10:01:38.095 [main] WARN  c.b.mybatisplus.core.injector.DefaultSqlInjector - class com.dongbao.test_demo3.entity.AttWorkHourDay ,Not found @TableId annotation, Cannot use Mybatis-Plus 'xxById' Method.
10:01:38.377 [main] INFO  com.dongbao.test_demo3.config.AsyncConfig - 异步任务执行器已启用
10:01:39.092 [main] INFO  o.s.b.a.web.servlet.WelcomePageHandlerMapping - Adding welcome page: class path resource [static/index.html]
10:01:39.310 [main] WARN  o.s.b.a.t.ThymeleafAutoConfiguration$DefaultTemplateResolverConfiguration - Cannot find template location: classpath:/templates/ (please add some templates, check your Thymeleaf configuration, or set spring.thymeleaf.check-template-location=false)
10:01:39.314 [main] WARN  org.thymeleaf.templatemode.TemplateMode - [THYMELEAF][main] Template Mode 'HTML5' is deprecated. Using Template Mode 'HTML' instead.
10:01:39.779 [scheduled-task-1] INFO  com.dongbao.test_demo3.Schedule.ScheduledTasks - 固定速率任务执行 - 10:01:39
10:01:39.785 [main] INFO  com.dongbao.test_demo3.ScheduledTasksTest - Started ScheduledTasksTest in 3.753 seconds (JVM running for 4.417)
10:01:40.103 [main] INFO  com.dongbao.test_demo3.Schedule.ScheduledTasks - 固定速率任务执行 - 10:01:40
10:01:40.789 [scheduled-task-2] INFO  com.dongbao.test_demo3.Schedule.ScheduledTasks - 固定延迟任务执行 - 10:01:40
10:01:44.782 [scheduled-task-1] INFO  com.dongbao.test_demo3.Schedule.ScheduledTasks - 固定速率任务执行 - 10:01:44
10:01:44.813 [scheduled-task-3] INFO  com.dongbao.test_demo3.Schedule.ScheduledTasks - 固定延迟任务执行 - 10:01:44
10:01:48.827 [scheduled-task-3] INFO  com.dongbao.test_demo3.Schedule.ScheduledTasks - 固定延迟任务执行 - 10:01:48
10:01:49.792 [scheduled-task-1] INFO  com.dongbao.test_demo3.Schedule.ScheduledTasks - 固定速率任务执行 - 10:01:49
10:01:49.792 [scheduled-task-4] INFO  com.dongbao.test_demo3.Schedule.ScheduledTasks - 初始延迟任务执行 - 10:01:49
10:01:52.846 [scheduled-task-2] INFO  com.dongbao.test_demo3.Schedule.ScheduledTasks - 固定延迟任务执行 - 10:01:52
10:01:54.780 [scheduled-task-3] INFO  com.dongbao.test_demo3.Schedule.ScheduledTasks - 初始延迟任务执行 - 10:01:54
10:01:54.780 [scheduled-task-5] INFO  com.dongbao.test_demo3.Schedule.ScheduledTasks - 固定速率任务执行 - 10:01:54
10:01:56.862 [scheduled-task-4] INFO  com.dongbao.test_demo3.Schedule.ScheduledTasks - 固定延迟任务执行 - 10:01:56
10:01:59.783 [scheduled-task-1] INFO  com.dongbao.test_demo3.Schedule.ScheduledTasks - 固定速率任务执行 - 10:01:59
10:01:59.783 [scheduled-task-2] INFO  com.dongbao.test_demo3.Schedule.ScheduledTasks - 初始延迟任务执行 - 10:01:59
10:52:14.602 [main] INFO  com.dongbao.test_demo3.ScheduledTasksTest - Starting ScheduledTasksTest using Java 1.8.0_151 on IT-013487 with PID 31504 (started by 013487 in E:\javaProject\test_demo3)
10:52:14.604 [main] INFO  com.dongbao.test_demo3.ScheduledTasksTest - No active profile set, falling back to 1 default profile: "default"
10:52:15.531 [main] INFO  o.s.d.r.config.RepositoryConfigurationDelegate - Multiple Spring Data modules found, entering strict repository configuration mode
10:52:15.534 [main] INFO  o.s.d.r.config.RepositoryConfigurationDelegate - Bootstrapping Spring Data Redis repositories in DEFAULT mode.
10:52:15.572 [main] INFO  o.s.d.r.config.RepositoryConfigurationDelegate - Finished Spring Data repository scanning in 16 ms. Found 0 Redis repository interfaces.
10:52:17.423 [main] WARN  c.b.mybatisplus.core.injector.DefaultSqlInjector - class com.dongbao.test_demo3.entity.AttWorkHourDay ,Not found @TableId annotation, Cannot use Mybatis-Plus 'xxById' Method.
10:52:17.745 [main] INFO  com.dongbao.test_demo3.config.AsyncConfig - 异步任务执行器已启用
10:52:18.741 [main] INFO  o.s.b.a.web.servlet.WelcomePageHandlerMapping - Adding welcome page: class path resource [static/index.html]
10:52:19.172 [main] WARN  o.s.b.a.t.ThymeleafAutoConfiguration$DefaultTemplateResolverConfiguration - Cannot find template location: classpath:/templates/ (please add some templates, check your Thymeleaf configuration, or set spring.thymeleaf.check-template-location=false)
10:52:19.176 [main] WARN  org.thymeleaf.templatemode.TemplateMode - [THYMELEAF][main] Template Mode 'HTML5' is deprecated. Using Template Mode 'HTML' instead.
10:52:20.117 [scheduled-task-2] INFO  com.dongbao.test_demo3.Schedule.ScheduledTasks - 固定速率任务执行 - 10:52:20
10:52:20.125 [main] INFO  com.dongbao.test_demo3.ScheduledTasksTest - Started ScheduledTasksTest in 5.885 seconds (JVM running for 6.882)
10:52:20.450 [main] INFO  com.dongbao.test_demo3.Schedule.CronScheduledTasks - 每分钟任务执行 - Fri Nov 14 10:52:20 CST 2025
10:52:21.132 [scheduled-task-3] INFO  com.dongbao.test_demo3.Schedule.ScheduledTasks - 固定延迟任务执行 - 10:52:21
10:52:25.132 [scheduled-task-2] INFO  com.dongbao.test_demo3.Schedule.ScheduledTasks - 固定速率任务执行 - 10:52:25
10:52:25.147 [scheduled-task-3] INFO  com.dongbao.test_demo3.Schedule.ScheduledTasks - 固定延迟任务执行 - 10:52:25
10:52:29.164 [scheduled-task-3] INFO  com.dongbao.test_demo3.Schedule.ScheduledTasks - 固定延迟任务执行 - 10:52:29
10:52:30.123 [scheduled-task-4] INFO  com.dongbao.test_demo3.Schedule.ScheduledTasks - 固定速率任务执行 - 10:52:30
10:52:30.123 [scheduled-task-5] INFO  com.dongbao.test_demo3.Schedule.ScheduledTasks - 初始延迟任务执行 - 10:52:30
10:52:33.177 [scheduled-task-2] INFO  com.dongbao.test_demo3.Schedule.ScheduledTasks - 固定延迟任务执行 - 10:52:33
10:52:35.128 [scheduled-task-3] INFO  com.dongbao.test_demo3.Schedule.ScheduledTasks - 固定速率任务执行 - 10:52:35
10:52:35.128 [scheduled-task-1] INFO  com.dongbao.test_demo3.Schedule.ScheduledTasks - 初始延迟任务执行 - 10:52:35
10:52:37.194 [scheduled-task-4] INFO  com.dongbao.test_demo3.Schedule.ScheduledTasks - 固定延迟任务执行 - 10:52:37
10:52:40.119 [scheduled-task-5] INFO  com.dongbao.test_demo3.Schedule.ScheduledTasks - 初始延迟任务执行 - 10:52:40
10:52:40.119 [scheduled-task-2] INFO  com.dongbao.test_demo3.Schedule.ScheduledTasks - 固定速率任务执行 - 10:52:40
10:52:52.296 [main] INFO  com.dongbao.test_demo3.ScheduledTasksTest - Starting ScheduledTasksTest using Java 1.8.0_151 on IT-013487 with PID 31084 (started by 013487 in E:\javaProject\test_demo3)
10:52:52.297 [main] INFO  com.dongbao.test_demo3.ScheduledTasksTest - No active profile set, falling back to 1 default profile: "default"
10:52:52.980 [main] INFO  o.s.d.r.config.RepositoryConfigurationDelegate - Multiple Spring Data modules found, entering strict repository configuration mode
10:52:52.983 [main] INFO  o.s.d.r.config.RepositoryConfigurationDelegate - Bootstrapping Spring Data Redis repositories in DEFAULT mode.
10:52:53.002 [main] INFO  o.s.d.r.config.RepositoryConfigurationDelegate - Finished Spring Data repository scanning in 7 ms. Found 0 Redis repository interfaces.
10:52:54.555 [main] WARN  c.b.mybatisplus.core.injector.DefaultSqlInjector - class com.dongbao.test_demo3.entity.AttWorkHourDay ,Not found @TableId annotation, Cannot use Mybatis-Plus 'xxById' Method.
10:52:54.866 [main] INFO  com.dongbao.test_demo3.config.AsyncConfig - 异步任务执行器已启用
10:52:55.812 [main] INFO  o.s.b.a.web.servlet.WelcomePageHandlerMapping - Adding welcome page: class path resource [static/index.html]
10:52:56.035 [main] WARN  o.s.b.a.t.ThymeleafAutoConfiguration$DefaultTemplateResolverConfiguration - Cannot find template location: classpath:/templates/ (please add some templates, check your Thymeleaf configuration, or set spring.thymeleaf.check-template-location=false)
10:52:56.039 [main] WARN  org.thymeleaf.templatemode.TemplateMode - [THYMELEAF][main] Template Mode 'HTML5' is deprecated. Using Template Mode 'HTML' instead.
10:52:56.729 [scheduled-task-4] INFO  com.dongbao.test_demo3.Schedule.ScheduledTasks - 固定速率任务执行 - 10:52:56
10:52:56.737 [main] INFO  com.dongbao.test_demo3.ScheduledTasksTest - Started ScheduledTasksTest in 4.819 seconds (JVM running for 5.536)
10:52:57.035 [main] INFO  com.dongbao.test_demo3.Schedule.CronScheduledTasks - 每分钟任务执行 - Fri Nov 14 10:52:57 CST 2025
10:52:57.737 [scheduled-task-3] INFO  com.dongbao.test_demo3.Schedule.ScheduledTasks - 固定延迟任务执行 - 10:52:57
10:53:00.015 [scheduled-task-1] INFO  com.dongbao.test_demo3.Schedule.CronScheduledTasks - 每分钟任务执行 - Fri Nov 14 10:53:00 CST 2025
10:53:00.015 [scheduled-task-2] INFO  com.dongbao.test_demo3.Schedule.CronScheduledTasks - 每天10:15执行 - Fri Nov 14 10:53:00 CST 2025
10:53:01.730 [scheduled-task-4] INFO  com.dongbao.test_demo3.Schedule.ScheduledTasks - 固定速率任务执行 - 10:53:01
10:53:01.761 [scheduled-task-5] INFO  com.dongbao.test_demo3.Schedule.ScheduledTasks - 固定延迟任务执行 - 10:53:01
10:53:05.779 [scheduled-task-5] INFO  com.dongbao.test_demo3.Schedule.ScheduledTasks - 固定延迟任务执行 - 10:53:05
10:53:06.740 [scheduled-task-3] INFO  com.dongbao.test_demo3.Schedule.ScheduledTasks - 固定速率任务执行 - 10:53:06
10:53:06.740 [scheduled-task-4] INFO  com.dongbao.test_demo3.Schedule.ScheduledTasks - 初始延迟任务执行 - 10:53:06
10:53:09.794 [scheduled-task-1] INFO  com.dongbao.test_demo3.Schedule.ScheduledTasks - 固定延迟任务执行 - 10:53:09
10:53:11.741 [scheduled-task-2] INFO  com.dongbao.test_demo3.Schedule.ScheduledTasks - 初始延迟任务执行 - 10:53:11
10:53:11.741 [scheduled-task-5] INFO  com.dongbao.test_demo3.Schedule.ScheduledTasks - 固定速率任务执行 - 10:53:11
10:53:13.809 [scheduled-task-3] INFO  com.dongbao.test_demo3.Schedule.ScheduledTasks - 固定延迟任务执行 - 10:53:13
10:53:16.741 [scheduled-task-1] INFO  com.dongbao.test_demo3.Schedule.ScheduledTasks - 初始延迟任务执行 - 10:53:16
10:53:16.741 [scheduled-task-4] INFO  com.dongbao.test_demo3.Schedule.ScheduledTasks - 固定速率任务执行 - 10:53:16
14:18:44.556 [main] INFO  com.dongbao.test_demo3.ScheduledTasksTest - Starting ScheduledTasksTest using Java 1.8.0_151 on IT-013487 with PID 19736 (started by 013487 in E:\javaProject\test_demo3)
14:18:44.569 [main] INFO  com.dongbao.test_demo3.ScheduledTasksTest - No active profile set, falling back to 1 default profile: "default"
14:18:45.212 [main] INFO  o.s.d.r.config.RepositoryConfigurationDelegate - Multiple Spring Data modules found, entering strict repository configuration mode
14:18:45.216 [main] INFO  o.s.d.r.config.RepositoryConfigurationDelegate - Bootstrapping Spring Data Redis repositories in DEFAULT mode.
14:18:45.239 [main] INFO  o.s.d.r.config.RepositoryConfigurationDelegate - Finished Spring Data repository scanning in 8 ms. Found 0 Redis repository interfaces.
14:18:46.610 [main] WARN  c.b.mybatisplus.core.injector.DefaultSqlInjector - class com.dongbao.test_demo3.entity.AttWorkHourDay ,Not found @TableId annotation, Cannot use Mybatis-Plus 'xxById' Method.
14:18:46.857 [main] INFO  com.dongbao.test_demo3.config.AsyncConfig - 异步任务执行器已启用
14:18:47.471 [main] INFO  o.s.b.a.web.servlet.WelcomePageHandlerMapping - Adding welcome page: class path resource [static/index.html]
14:18:47.653 [main] WARN  o.s.b.a.t.ThymeleafAutoConfiguration$DefaultTemplateResolverConfiguration - Cannot find template location: classpath:/templates/ (please add some templates, check your Thymeleaf configuration, or set spring.thymeleaf.check-template-location=false)
14:18:47.656 [main] WARN  org.thymeleaf.templatemode.TemplateMode - [THYMELEAF][main] Template Mode 'HTML5' is deprecated. Using Template Mode 'HTML' instead.
14:18:48.090 [main] INFO  com.dongbao.test_demo3.ScheduledTasksTest - Started ScheduledTasksTest in 3.833 seconds (JVM running for 4.605)
14:18:48.090 [taskExecutor-1] INFO  com.dongbao.test_demo3.Schedule.ScheduledTasks - 固定速率任务执行 - 14:18:48
14:18:48.373 [main] INFO  com.dongbao.test_demo3.Schedule.CronScheduledTasks - 每分钟任务执行 - Fri Nov 14 14:18:48 CST 2025
14:18:49.096 [scheduled-task-1] INFO  com.dongbao.test_demo3.Schedule.ScheduledTasks - 固定延迟任务执行 - 14:18:49
14:18:53.096 [taskExecutor-2] INFO  com.dongbao.test_demo3.Schedule.ScheduledTasks - 固定速率任务执行 - 14:18:53
14:18:53.111 [scheduled-task-1] INFO  com.dongbao.test_demo3.Schedule.ScheduledTasks - 固定延迟任务执行 - 14:18:53
14:18:57.125 [scheduled-task-1] INFO  com.dongbao.test_demo3.Schedule.ScheduledTasks - 固定延迟任务执行 - 14:18:57
14:18:58.092 [scheduled-task-3] INFO  com.dongbao.test_demo3.Schedule.ScheduledTasks - 初始延迟任务执行 - 14:18:58
14:18:58.093 [taskExecutor-3] INFO  com.dongbao.test_demo3.Schedule.ScheduledTasks - 固定速率任务执行 - 14:18:58
14:19:00.009 [scheduled-task-5] INFO  com.dongbao.test_demo3.Schedule.CronScheduledTasks - 每分钟任务执行 - Fri Nov 14 14:19:00 CST 2025
14:19:01.136 [scheduled-task-2] INFO  com.dongbao.test_demo3.Schedule.ScheduledTasks - 固定延迟任务执行 - 14:19:01
14:19:03.090 [scheduled-task-4] INFO  com.dongbao.test_demo3.Schedule.ScheduledTasks - 初始延迟任务执行 - 14:19:03
14:19:03.091 [taskExecutor-4] INFO  com.dongbao.test_demo3.Schedule.ScheduledTasks - 固定速率任务执行 - 14:19:03
14:19:05.154 [scheduled-task-1] INFO  com.dongbao.test_demo3.Schedule.ScheduledTasks - 固定延迟任务执行 - 14:19:05
14:19:08.098 [scheduled-task-2] INFO  com.dongbao.test_demo3.Schedule.ScheduledTasks - 初始延迟任务执行 - 14:19:08
14:19:08.099 [taskExecutor-5] INFO  com.dongbao.test_demo3.Schedule.ScheduledTasks - 固定速率任务执行 - 14:19:08
14:21:26.538 [main] INFO  com.dongbao.test_demo3.ScheduledTasksTest - Starting ScheduledTasksTest using Java 1.8.0_151 on IT-013487 with PID 29256 (started by 013487 in E:\javaProject\test_demo3)
14:21:26.540 [main] INFO  com.dongbao.test_demo3.ScheduledTasksTest - No active profile set, falling back to 1 default profile: "default"
14:21:27.078 [main] INFO  o.s.d.r.config.RepositoryConfigurationDelegate - Multiple Spring Data modules found, entering strict repository configuration mode
14:21:27.081 [main] INFO  o.s.d.r.config.RepositoryConfigurationDelegate - Bootstrapping Spring Data Redis repositories in DEFAULT mode.
14:21:27.099 [main] INFO  o.s.d.r.config.RepositoryConfigurationDelegate - Finished Spring Data repository scanning in 7 ms. Found 0 Redis repository interfaces.
14:21:28.223 [main] WARN  c.b.mybatisplus.core.injector.DefaultSqlInjector - class com.dongbao.test_demo3.entity.AttWorkHourDay ,Not found @TableId annotation, Cannot use Mybatis-Plus 'xxById' Method.
14:21:28.456 [main] INFO  com.dongbao.test_demo3.config.AsyncConfig - 异步任务执行器已启用
14:21:29.207 [main] INFO  o.s.b.a.web.servlet.WelcomePageHandlerMapping - Adding welcome page: class path resource [static/index.html]
14:21:29.409 [main] WARN  o.s.b.a.t.ThymeleafAutoConfiguration$DefaultTemplateResolverConfiguration - Cannot find template location: classpath:/templates/ (please add some templates, check your Thymeleaf configuration, or set spring.thymeleaf.check-template-location=false)
14:21:29.413 [main] WARN  org.thymeleaf.templatemode.TemplateMode - [THYMELEAF][main] Template Mode 'HTML5' is deprecated. Using Template Mode 'HTML' instead.
14:21:29.886 [scheduled-task-4] INFO  com.dongbao.test_demo3.Schedule.ScheduledTasks - 异步任务执行 - 14:21:29
14:21:29.886 [scheduled-task-1] INFO  com.dongbao.test_demo3.Schedule.ScheduledTasks - 固定速率任务执行 - 14:21:29
14:21:29.893 [main] INFO  com.dongbao.test_demo3.ScheduledTasksTest - Started ScheduledTasksTest in 3.665 seconds (JVM running for 4.349)
14:21:30.104 [main] INFO  com.dongbao.test_demo3.Schedule.CronScheduledTasks - 每分钟任务执行 - Fri Nov 14 14:21:30 CST 2025
14:21:30.892 [scheduled-task-2] INFO  com.dongbao.test_demo3.Schedule.ScheduledTasks - 固定延迟任务执行 - 14:21:30
14:21:31.893 [scheduled-task-4] INFO  com.dongbao.test_demo3.Schedule.ScheduledTasks - 异步任务执行 - 14:21:31
14:21:33.894 [scheduled-task-4] INFO  com.dongbao.test_demo3.Schedule.ScheduledTasks - 异步任务执行 - 14:21:33
14:21:34.895 [scheduled-task-3] INFO  com.dongbao.test_demo3.Schedule.ScheduledTasks - 固定延迟任务执行 - 14:21:34
14:21:34.895 [scheduled-task-2] INFO  com.dongbao.test_demo3.Schedule.ScheduledTasks - 固定速率任务执行 - 14:21:34
14:21:35.909 [scheduled-task-2] INFO  com.dongbao.test_demo3.Schedule.ScheduledTasks - 异步任务执行 - 14:21:35
14:21:37.925 [scheduled-task-2] INFO  com.dongbao.test_demo3.Schedule.ScheduledTasks - 异步任务执行 - 14:21:37
14:21:38.922 [scheduled-task-1] INFO  com.dongbao.test_demo3.Schedule.ScheduledTasks - 固定延迟任务执行 - 14:21:38
14:21:39.887 [scheduled-task-3] INFO  com.dongbao.test_demo3.Schedule.ScheduledTasks - 固定速率任务执行 - 14:21:39
14:21:39.887 [scheduled-task-5] INFO  com.dongbao.test_demo3.Schedule.ScheduledTasks - 初始延迟任务执行 - 14:21:39
14:21:39.934 [scheduled-task-1] INFO  com.dongbao.test_demo3.Schedule.ScheduledTasks - 异步任务执行 - 14:21:39
14:21:41.948 [scheduled-task-1] INFO  com.dongbao.test_demo3.Schedule.ScheduledTasks - 异步任务执行 - 14:21:41
14:21:42.949 [scheduled-task-4] INFO  com.dongbao.test_demo3.Schedule.ScheduledTasks - 固定延迟任务执行 - 14:21:42
14:21:43.949 [scheduled-task-1] INFO  com.dongbao.test_demo3.Schedule.ScheduledTasks - 异步任务执行 - 14:21:43
14:21:44.893 [scheduled-task-3] INFO  com.dongbao.test_demo3.Schedule.ScheduledTasks - 固定速率任务执行 - 14:21:44
14:21:44.893 [scheduled-task-2] INFO  com.dongbao.test_demo3.Schedule.ScheduledTasks - 初始延迟任务执行 - 14:21:44
14:21:45.953 [scheduled-task-1] INFO  com.dongbao.test_demo3.Schedule.ScheduledTasks - 异步任务执行 - 14:21:45
14:21:46.963 [scheduled-task-5] INFO  com.dongbao.test_demo3.Schedule.ScheduledTasks - 固定延迟任务执行 - 14:21:46
14:21:47.956 [scheduled-task-1] INFO  com.dongbao.test_demo3.Schedule.ScheduledTasks - 异步任务执行 - 14:21:47
14:21:49.892 [scheduled-task-2] INFO  com.dongbao.test_demo3.Schedule.ScheduledTasks - 固定速率任务执行 - 14:21:49
14:21:49.892 [scheduled-task-3] INFO  com.dongbao.test_demo3.Schedule.ScheduledTasks - 初始延迟任务执行 - 14:21:49
14:21:49.971 [scheduled-task-1] INFO  com.dongbao.test_demo3.Schedule.ScheduledTasks - 异步任务执行 - 14:21:49
14:21:50.133 [scheduled-task-1] ERROR o.s.s.support.TaskUtils$LoggingErrorHandler - Unexpected error occurred in scheduled task
java.lang.RuntimeException: java.lang.InterruptedException: sleep interrupted
	at com.dongbao.test_demo3.Schedule.ScheduledTasks.AsyncTask(ScheduledTasks.java:60)
	at sun.reflect.NativeMethodAccessorImpl.invoke0(Native Method)
	at sun.reflect.NativeMethodAccessorImpl.invoke(NativeMethodAccessorImpl.java:62)
	at sun.reflect.DelegatingMethodAccessorImpl.invoke(DelegatingMethodAccessorImpl.java:43)
	at java.lang.reflect.Method.invoke(Method.java:498)
	at org.springframework.scheduling.support.ScheduledMethodRunnable.run(ScheduledMethodRunnable.java:84)
	at org.springframework.scheduling.support.DelegatingErrorHandlingRunnable.run(DelegatingErrorHandlingRunnable.java:54)
	at java.util.concurrent.Executors$RunnableAdapter.call(Executors.java:511)
	at java.util.concurrent.FutureTask.runAndReset(FutureTask.java:308)
	at java.util.concurrent.ScheduledThreadPoolExecutor$ScheduledFutureTask.access$301(ScheduledThreadPoolExecutor.java:180)
	at java.util.concurrent.ScheduledThreadPoolExecutor$ScheduledFutureTask.run(ScheduledThreadPoolExecutor.java:294)
	at java.util.concurrent.ThreadPoolExecutor.runWorker(ThreadPoolExecutor.java:1149)
	at java.util.concurrent.ThreadPoolExecutor$Worker.run(ThreadPoolExecutor.java:624)
	at java.lang.Thread.run(Thread.java:748)
Caused by: java.lang.InterruptedException: sleep interrupted
	at java.lang.Thread.sleep(Native Method)
	at com.dongbao.test_demo3.Schedule.ScheduledTasks.AsyncTask(ScheduledTasks.java:58)
	... 13 common frames omitted
14:22:36.616 [main] INFO  com.dongbao.test_demo3.ScheduledTasksTest - Starting ScheduledTasksTest using Java 1.8.0_151 on IT-013487 with PID 17564 (started by 013487 in E:\javaProject\test_demo3)
14:22:36.617 [main] INFO  com.dongbao.test_demo3.ScheduledTasksTest - No active profile set, falling back to 1 default profile: "default"
14:22:37.189 [main] INFO  o.s.d.r.config.RepositoryConfigurationDelegate - Multiple Spring Data modules found, entering strict repository configuration mode
14:22:37.191 [main] INFO  o.s.d.r.config.RepositoryConfigurationDelegate - Bootstrapping Spring Data Redis repositories in DEFAULT mode.
14:22:37.209 [main] INFO  o.s.d.r.config.RepositoryConfigurationDelegate - Finished Spring Data repository scanning in 7 ms. Found 0 Redis repository interfaces.
14:22:38.351 [main] WARN  c.b.mybatisplus.core.injector.DefaultSqlInjector - class com.dongbao.test_demo3.entity.AttWorkHourDay ,Not found @TableId annotation, Cannot use Mybatis-Plus 'xxById' Method.
14:22:38.595 [main] INFO  com.dongbao.test_demo3.config.AsyncConfig - 异步任务执行器已启用
14:22:39.214 [main] INFO  o.s.b.a.web.servlet.WelcomePageHandlerMapping - Adding welcome page: class path resource [static/index.html]
14:22:39.391 [main] WARN  o.s.b.a.t.ThymeleafAutoConfiguration$DefaultTemplateResolverConfiguration - Cannot find template location: classpath:/templates/ (please add some templates, check your Thymeleaf configuration, or set spring.thymeleaf.check-template-location=false)
14:22:39.393 [main] WARN  org.thymeleaf.templatemode.TemplateMode - [THYMELEAF][main] Template Mode 'HTML5' is deprecated. Using Template Mode 'HTML' instead.
14:22:39.795 [scheduled-task-5] INFO  com.dongbao.test_demo3.Schedule.ScheduledTasks - 异步任务执行 - 14:22:39
14:22:39.795 [scheduled-task-4] INFO  com.dongbao.test_demo3.Schedule.ScheduledTasks - 固定速率任务执行 - 14:22:39
14:22:39.801 [main] INFO  com.dongbao.test_demo3.ScheduledTasksTest - Started ScheduledTasksTest in 3.465 seconds (JVM running for 4.13)
14:22:40.022 [main] INFO  com.dongbao.test_demo3.Schedule.CronScheduledTasks - 每分钟任务执行 - Fri Nov 14 14:22:40 CST 2025
14:22:40.813 [scheduled-task-1] INFO  com.dongbao.test_demo3.Schedule.ScheduledTasks - 固定速率任务执行 - 14:22:40
14:22:41.810 [scheduled-task-5] INFO  com.dongbao.test_demo3.Schedule.ScheduledTasks - 异步任务执行 - 14:22:41
14:22:41.810 [scheduled-task-4] INFO  com.dongbao.test_demo3.Schedule.ScheduledTasks - 固定速率任务执行 - 14:22:41
14:22:42.806 [scheduled-task-4] INFO  com.dongbao.test_demo3.Schedule.ScheduledTasks - 固定速率任务执行 - 14:22:42
14:22:43.803 [scheduled-task-4] INFO  com.dongbao.test_demo3.Schedule.ScheduledTasks - 固定速率任务执行 - 14:22:43
14:22:43.819 [scheduled-task-5] INFO  com.dongbao.test_demo3.Schedule.ScheduledTasks - 异步任务执行 - 14:22:43
14:22:44.797 [scheduled-task-4] INFO  com.dongbao.test_demo3.Schedule.ScheduledTasks - 固定速率任务执行 - 14:22:44
14:22:45.799 [scheduled-task-4] INFO  com.dongbao.test_demo3.Schedule.ScheduledTasks - 固定速率任务执行 - 14:22:45
14:22:45.831 [scheduled-task-5] INFO  com.dongbao.test_demo3.Schedule.ScheduledTasks - 异步任务执行 - 14:22:45
14:22:46.804 [scheduled-task-1] INFO  com.dongbao.test_demo3.Schedule.ScheduledTasks - 固定速率任务执行 - 14:22:46
14:22:47.802 [scheduled-task-3] INFO  com.dongbao.test_demo3.Schedule.ScheduledTasks - 固定速率任务执行 - 14:22:47
14:22:47.833 [scheduled-task-5] INFO  com.dongbao.test_demo3.Schedule.ScheduledTasks - 异步任务执行 - 14:22:47
14:22:48.801 [scheduled-task-1] INFO  com.dongbao.test_demo3.Schedule.ScheduledTasks - 固定速率任务执行 - 14:22:48
14:22:49.797 [scheduled-task-1] INFO  com.dongbao.test_demo3.Schedule.ScheduledTasks - 固定速率任务执行 - 14:22:49
14:22:49.845 [scheduled-task-5] INFO  com.dongbao.test_demo3.Schedule.ScheduledTasks - 异步任务执行 - 14:22:49
14:22:50.809 [scheduled-task-1] INFO  com.dongbao.test_demo3.Schedule.ScheduledTasks - 固定速率任务执行 - 14:22:50
14:22:51.807 [scheduled-task-1] INFO  com.dongbao.test_demo3.Schedule.ScheduledTasks - 固定速率任务执行 - 14:22:51
14:22:51.854 [scheduled-task-5] INFO  com.dongbao.test_demo3.Schedule.ScheduledTasks - 异步任务执行 - 14:22:51
14:22:52.798 [scheduled-task-1] INFO  com.dongbao.test_demo3.Schedule.ScheduledTasks - 固定速率任务执行 - 14:22:52
14:22:53.810 [scheduled-task-1] INFO  com.dongbao.test_demo3.Schedule.ScheduledTasks - 固定速率任务执行 - 14:22:53
14:22:53.858 [scheduled-task-5] INFO  com.dongbao.test_demo3.Schedule.ScheduledTasks - 异步任务执行 - 14:22:53
14:22:54.797 [scheduled-task-1] INFO  com.dongbao.test_demo3.Schedule.ScheduledTasks - 固定速率任务执行 - 14:22:54
14:22:55.803 [scheduled-task-1] INFO  com.dongbao.test_demo3.Schedule.ScheduledTasks - 固定速率任务执行 - 14:22:55
14:22:55.866 [scheduled-task-5] INFO  com.dongbao.test_demo3.Schedule.ScheduledTasks - 异步任务执行 - 14:22:55
14:22:56.800 [scheduled-task-3] INFO  com.dongbao.test_demo3.Schedule.ScheduledTasks - 固定速率任务执行 - 14:22:56
14:22:57.798 [scheduled-task-3] INFO  com.dongbao.test_demo3.Schedule.ScheduledTasks - 固定速率任务执行 - 14:22:57
14:22:57.878 [scheduled-task-4] INFO  com.dongbao.test_demo3.Schedule.ScheduledTasks - 异步任务执行 - 14:22:57
14:22:58.805 [scheduled-task-2] INFO  com.dongbao.test_demo3.Schedule.ScheduledTasks - 固定速率任务执行 - 14:22:58
14:22:59.804 [scheduled-task-2] INFO  com.dongbao.test_demo3.Schedule.ScheduledTasks - 固定速率任务执行 - 14:22:59
14:22:59.881 [scheduled-task-4] INFO  com.dongbao.test_demo3.Schedule.ScheduledTasks - 异步任务执行 - 14:22:59
14:23:00.008 [scheduled-task-1] INFO  com.dongbao.test_demo3.Schedule.CronScheduledTasks - 每分钟任务执行 - Fri Nov 14 14:23:00 CST 2025
14:23:00.048 [scheduled-task-4] ERROR o.s.s.support.TaskUtils$LoggingErrorHandler - Unexpected error occurred in scheduled task
java.lang.RuntimeException: java.lang.InterruptedException: sleep interrupted
	at com.dongbao.test_demo3.Schedule.ScheduledTasks.AsyncTask(ScheduledTasks.java:60)
	at sun.reflect.NativeMethodAccessorImpl.invoke0(Native Method)
	at sun.reflect.NativeMethodAccessorImpl.invoke(NativeMethodAccessorImpl.java:62)
	at sun.reflect.DelegatingMethodAccessorImpl.invoke(DelegatingMethodAccessorImpl.java:43)
	at java.lang.reflect.Method.invoke(Method.java:498)
	at org.springframework.scheduling.support.ScheduledMethodRunnable.run(ScheduledMethodRunnable.java:84)
	at org.springframework.scheduling.support.DelegatingErrorHandlingRunnable.run(DelegatingErrorHandlingRunnable.java:54)
	at java.util.concurrent.Executors$RunnableAdapter.call(Executors.java:511)
	at java.util.concurrent.FutureTask.runAndReset(FutureTask.java:308)
	at java.util.concurrent.ScheduledThreadPoolExecutor$ScheduledFutureTask.access$301(ScheduledThreadPoolExecutor.java:180)
	at java.util.concurrent.ScheduledThreadPoolExecutor$ScheduledFutureTask.run(ScheduledThreadPoolExecutor.java:294)
	at java.util.concurrent.ThreadPoolExecutor.runWorker(ThreadPoolExecutor.java:1149)
	at java.util.concurrent.ThreadPoolExecutor$Worker.run(ThreadPoolExecutor.java:624)
	at java.lang.Thread.run(Thread.java:748)
Caused by: java.lang.InterruptedException: sleep interrupted
	at java.lang.Thread.sleep(Native Method)
	at com.dongbao.test_demo3.Schedule.ScheduledTasks.AsyncTask(ScheduledTasks.java:58)
	... 13 common frames omitted
14:30:09.905 [main] INFO  com.dongbao.test_demo3.ScheduledTasksTest - Starting ScheduledTasksTest using Java 1.8.0_151 on IT-013487 with PID 20560 (started by 013487 in E:\javaProject\test_demo3)
14:30:09.906 [main] INFO  com.dongbao.test_demo3.ScheduledTasksTest - No active profile set, falling back to 1 default profile: "default"
14:30:10.472 [main] INFO  o.s.d.r.config.RepositoryConfigurationDelegate - Multiple Spring Data modules found, entering strict repository configuration mode
14:30:10.475 [main] INFO  o.s.d.r.config.RepositoryConfigurationDelegate - Bootstrapping Spring Data Redis repositories in DEFAULT mode.
14:30:10.492 [main] INFO  o.s.d.r.config.RepositoryConfigurationDelegate - Finished Spring Data repository scanning in 7 ms. Found 0 Redis repository interfaces.
14:30:11.628 [main] WARN  c.b.mybatisplus.core.injector.DefaultSqlInjector - class com.dongbao.test_demo3.entity.AttWorkHourDay ,Not found @TableId annotation, Cannot use Mybatis-Plus 'xxById' Method.
14:30:11.867 [main] INFO  com.dongbao.test_demo3.config.AsyncConfig - 异步任务执行器已启用
14:30:12.489 [main] INFO  o.s.b.a.web.servlet.WelcomePageHandlerMapping - Adding welcome page: class path resource [static/index.html]
14:30:12.682 [main] WARN  o.s.b.a.t.ThymeleafAutoConfiguration$DefaultTemplateResolverConfiguration - Cannot find template location: classpath:/templates/ (please add some templates, check your Thymeleaf configuration, or set spring.thymeleaf.check-template-location=false)
14:30:12.684 [main] WARN  org.thymeleaf.templatemode.TemplateMode - [THYMELEAF][main] Template Mode 'HTML5' is deprecated. Using Template Mode 'HTML' instead.
14:30:13.235 [scheduled-task-1] INFO  com.dongbao.test_demo3.Schedule.ScheduledTasks - 异步任务执行 - 14:30:13
14:30:13.240 [main] INFO  com.dongbao.test_demo3.ScheduledTasksTest - Started ScheduledTasksTest in 3.625 seconds (JVM running for 4.241)
14:30:14.245 [scheduled-task-3] INFO  com.dongbao.test_demo3.Schedule.ScheduledTasks - 固定延迟任务执行 - 14:30:14
14:30:15.252 [scheduled-task-1] INFO  com.dongbao.test_demo3.Schedule.ScheduledTasks - 异步任务执行 - 14:30:15
14:30:17.253 [scheduled-task-1] INFO  com.dongbao.test_demo3.Schedule.ScheduledTasks - 异步任务执行 - 14:30:17
14:30:18.264 [scheduled-task-2] INFO  com.dongbao.test_demo3.Schedule.ScheduledTasks - 固定延迟任务执行 - 14:30:18
14:30:19.259 [scheduled-task-4] INFO  com.dongbao.test_demo3.Schedule.ScheduledTasks - 异步任务执行 - 14:30:19
14:30:21.268 [scheduled-task-3] INFO  com.dongbao.test_demo3.Schedule.ScheduledTasks - 异步任务执行 - 14:30:21
14:30:22.283 [scheduled-task-2] INFO  com.dongbao.test_demo3.Schedule.ScheduledTasks - 固定延迟任务执行 - 14:30:22
14:30:23.270 [scheduled-task-3] INFO  com.dongbao.test_demo3.Schedule.ScheduledTasks - 异步任务执行 - 14:30:23
14:30:25.275 [scheduled-task-3] INFO  com.dongbao.test_demo3.Schedule.ScheduledTasks - 异步任务执行 - 14:30:25
14:30:26.286 [scheduled-task-2] INFO  com.dongbao.test_demo3.Schedule.ScheduledTasks - 固定延迟任务执行 - 14:30:26
14:30:27.275 [scheduled-task-3] INFO  com.dongbao.test_demo3.Schedule.ScheduledTasks - 异步任务执行 - 14:30:27
14:30:29.283 [scheduled-task-3] INFO  com.dongbao.test_demo3.Schedule.ScheduledTasks - 异步任务执行 - 14:30:29
14:30:30.312 [scheduled-task-2] INFO  com.dongbao.test_demo3.Schedule.ScheduledTasks - 固定延迟任务执行 - 14:30:30
14:30:31.289 [scheduled-task-4] INFO  com.dongbao.test_demo3.Schedule.ScheduledTasks - 异步任务执行 - 14:30:31
14:30:33.300 [scheduled-task-2] INFO  com.dongbao.test_demo3.Schedule.ScheduledTasks - 异步任务执行 - 14:30:33
14:30:33.549 [scheduled-task-2] ERROR o.s.s.support.TaskUtils$LoggingErrorHandler - Unexpected error occurred in scheduled task
java.lang.RuntimeException: java.lang.InterruptedException: sleep interrupted
	at com.dongbao.test_demo3.Schedule.ScheduledTasks.AsyncTask(ScheduledTasks.java:60)
	at sun.reflect.NativeMethodAccessorImpl.invoke0(Native Method)
	at sun.reflect.NativeMethodAccessorImpl.invoke(NativeMethodAccessorImpl.java:62)
	at sun.reflect.DelegatingMethodAccessorImpl.invoke(DelegatingMethodAccessorImpl.java:43)
	at java.lang.reflect.Method.invoke(Method.java:498)
	at org.springframework.scheduling.support.ScheduledMethodRunnable.run(ScheduledMethodRunnable.java:84)
	at org.springframework.scheduling.support.DelegatingErrorHandlingRunnable.run(DelegatingErrorHandlingRunnable.java:54)
	at java.util.concurrent.Executors$RunnableAdapter.call(Executors.java:511)
	at java.util.concurrent.FutureTask.runAndReset(FutureTask.java:308)
	at java.util.concurrent.ScheduledThreadPoolExecutor$ScheduledFutureTask.access$301(ScheduledThreadPoolExecutor.java:180)
	at java.util.concurrent.ScheduledThreadPoolExecutor$ScheduledFutureTask.run(ScheduledThreadPoolExecutor.java:294)
	at java.util.concurrent.ThreadPoolExecutor.runWorker(ThreadPoolExecutor.java:1149)
	at java.util.concurrent.ThreadPoolExecutor$Worker.run(ThreadPoolExecutor.java:624)
	at java.lang.Thread.run(Thread.java:748)
Caused by: java.lang.InterruptedException: sleep interrupted
	at java.lang.Thread.sleep(Native Method)
	at com.dongbao.test_demo3.Schedule.ScheduledTasks.AsyncTask(ScheduledTasks.java:58)
	... 13 common frames omitted
14:32:02.749 [main] INFO  com.dongbao.test_demo3.ScheduledTasksTest - Starting ScheduledTasksTest using Java 1.8.0_151 on IT-013487 with PID 13244 (started by 013487 in E:\javaProject\test_demo3)
14:32:02.750 [main] INFO  com.dongbao.test_demo3.ScheduledTasksTest - No active profile set, falling back to 1 default profile: "default"
14:32:03.310 [main] INFO  o.s.d.r.config.RepositoryConfigurationDelegate - Multiple Spring Data modules found, entering strict repository configuration mode
14:32:03.320 [main] INFO  o.s.d.r.config.RepositoryConfigurationDelegate - Bootstrapping Spring Data Redis repositories in DEFAULT mode.
14:32:03.340 [main] INFO  o.s.d.r.config.RepositoryConfigurationDelegate - Finished Spring Data repository scanning in 8 ms. Found 0 Redis repository interfaces.
14:32:04.522 [main] WARN  c.b.mybatisplus.core.injector.DefaultSqlInjector - class com.dongbao.test_demo3.entity.AttWorkHourDay ,Not found @TableId annotation, Cannot use Mybatis-Plus 'xxById' Method.
14:32:04.756 [main] INFO  com.dongbao.test_demo3.config.AsyncConfig - 异步任务执行器已启用
14:32:05.404 [main] INFO  o.s.b.a.web.servlet.WelcomePageHandlerMapping - Adding welcome page: class path resource [static/index.html]
14:32:05.652 [main] WARN  o.s.b.a.t.ThymeleafAutoConfiguration$DefaultTemplateResolverConfiguration - Cannot find template location: classpath:/templates/ (please add some templates, check your Thymeleaf configuration, or set spring.thymeleaf.check-template-location=false)
14:32:05.655 [main] WARN  org.thymeleaf.templatemode.TemplateMode - [THYMELEAF][main] Template Mode 'HTML5' is deprecated. Using Template Mode 'HTML' instead.
14:32:06.179 [scheduled-task-1] INFO  com.dongbao.test_demo3.Schedule.ScheduledTasks - 异步任务执行 - 14:32:06
14:32:06.188 [main] INFO  com.dongbao.test_demo3.ScheduledTasksTest - Started ScheduledTasksTest in 3.697 seconds (JVM running for 4.301)
14:32:07.178 [scheduled-task-2] INFO  com.dongbao.test_demo3.Schedule.ScheduledTasks - 固定延迟任务执行 - 14:32:07
14:32:11.180 [scheduled-task-1] INFO  com.dongbao.test_demo3.Schedule.ScheduledTasks - 异步任务执行 - 14:32:11
14:32:11.196 [scheduled-task-2] INFO  com.dongbao.test_demo3.Schedule.ScheduledTasks - 固定延迟任务执行 - 14:32:11
14:32:15.212 [scheduled-task-2] INFO  com.dongbao.test_demo3.Schedule.ScheduledTasks - 固定延迟任务执行 - 14:32:15
14:32:16.189 [scheduled-task-1] INFO  com.dongbao.test_demo3.Schedule.ScheduledTasks - 异步任务执行 - 14:32:16
14:32:19.224 [scheduled-task-5] INFO  com.dongbao.test_demo3.Schedule.ScheduledTasks - 固定延迟任务执行 - 14:32:19
14:32:21.197 [scheduled-task-1] INFO  com.dongbao.test_demo3.Schedule.ScheduledTasks - 异步任务执行 - 14:32:21
14:32:23.256 [scheduled-task-2] INFO  com.dongbao.test_demo3.Schedule.ScheduledTasks - 固定延迟任务执行 - 14:32:23
14:32:26.208 [scheduled-task-3] INFO  com.dongbao.test_demo3.Schedule.ScheduledTasks - 异步任务执行 - 14:32:26
14:32:26.507 [scheduled-task-3] ERROR o.s.s.support.TaskUtils$LoggingErrorHandler - Unexpected error occurred in scheduled task
java.lang.RuntimeException: java.lang.InterruptedException: sleep interrupted
	at com.dongbao.test_demo3.Schedule.ScheduledTasks.AsyncTask(ScheduledTasks.java:60)
	at sun.reflect.NativeMethodAccessorImpl.invoke0(Native Method)
	at sun.reflect.NativeMethodAccessorImpl.invoke(NativeMethodAccessorImpl.java:62)
	at sun.reflect.DelegatingMethodAccessorImpl.invoke(DelegatingMethodAccessorImpl.java:43)
	at java.lang.reflect.Method.invoke(Method.java:498)
	at org.springframework.scheduling.support.ScheduledMethodRunnable.run(ScheduledMethodRunnable.java:84)
	at org.springframework.scheduling.support.DelegatingErrorHandlingRunnable.run(DelegatingErrorHandlingRunnable.java:54)
	at java.util.concurrent.Executors$RunnableAdapter.call(Executors.java:511)
	at java.util.concurrent.FutureTask.runAndReset(FutureTask.java:308)
	at java.util.concurrent.ScheduledThreadPoolExecutor$ScheduledFutureTask.access$301(ScheduledThreadPoolExecutor.java:180)
	at java.util.concurrent.ScheduledThreadPoolExecutor$ScheduledFutureTask.run(ScheduledThreadPoolExecutor.java:294)
	at java.util.concurrent.ThreadPoolExecutor.runWorker(ThreadPoolExecutor.java:1149)
	at java.util.concurrent.ThreadPoolExecutor$Worker.run(ThreadPoolExecutor.java:624)
	at java.lang.Thread.run(Thread.java:748)
Caused by: java.lang.InterruptedException: sleep interrupted
	at java.lang.Thread.sleep(Native Method)
	at com.dongbao.test_demo3.Schedule.ScheduledTasks.AsyncTask(ScheduledTasks.java:58)
	... 13 common frames omitted
14:33:13.379 [main] INFO  com.dongbao.test_demo3.ScheduledTasksTest - Starting ScheduledTasksTest using Java 1.8.0_151 on IT-013487 with PID 27644 (started by 013487 in E:\javaProject\test_demo3)
14:33:13.380 [main] INFO  com.dongbao.test_demo3.ScheduledTasksTest - No active profile set, falling back to 1 default profile: "default"
14:33:13.945 [main] INFO  o.s.d.r.config.RepositoryConfigurationDelegate - Multiple Spring Data modules found, entering strict repository configuration mode
14:33:13.947 [main] INFO  o.s.d.r.config.RepositoryConfigurationDelegate - Bootstrapping Spring Data Redis repositories in DEFAULT mode.
14:33:13.973 [main] INFO  o.s.d.r.config.RepositoryConfigurationDelegate - Finished Spring Data repository scanning in 8 ms. Found 0 Redis repository interfaces.
14:33:15.049 [main] WARN  c.b.mybatisplus.core.injector.DefaultSqlInjector - class com.dongbao.test_demo3.entity.AttWorkHourDay ,Not found @TableId annotation, Cannot use Mybatis-Plus 'xxById' Method.
14:33:15.299 [main] INFO  com.dongbao.test_demo3.config.AsyncConfig - 异步任务执行器已启用
14:33:15.865 [main] INFO  o.s.b.a.web.servlet.WelcomePageHandlerMapping - Adding welcome page: class path resource [static/index.html]
14:33:16.063 [main] WARN  o.s.b.a.t.ThymeleafAutoConfiguration$DefaultTemplateResolverConfiguration - Cannot find template location: classpath:/templates/ (please add some templates, check your Thymeleaf configuration, or set spring.thymeleaf.check-template-location=false)
14:33:16.066 [main] WARN  org.thymeleaf.templatemode.TemplateMode - [THYMELEAF][main] Template Mode 'HTML5' is deprecated. Using Template Mode 'HTML' instead.
14:33:16.533 [scheduled-task-1] INFO  com.dongbao.test_demo3.Schedule.ScheduledTasks - 异步任务执行 - 14:33:16
14:33:16.541 [main] INFO  com.dongbao.test_demo3.ScheduledTasksTest - Started ScheduledTasksTest in 3.434 seconds (JVM running for 4.055)
14:33:17.538 [scheduled-task-2] INFO  com.dongbao.test_demo3.Schedule.ScheduledTasks - 固定延迟任务执行 - 14:33:17
14:33:19.551 [scheduled-task-2] INFO  com.dongbao.test_demo3.Schedule.ScheduledTasks - 固定延迟任务执行 - 14:33:19
14:33:21.538 [scheduled-task-1] INFO  com.dongbao.test_demo3.Schedule.ScheduledTasks - 异步任务执行 - 14:33:21
14:33:21.569 [scheduled-task-2] INFO  com.dongbao.test_demo3.Schedule.ScheduledTasks - 固定延迟任务执行 - 14:33:21
14:33:23.594 [scheduled-task-2] INFO  com.dongbao.test_demo3.Schedule.ScheduledTasks - 固定延迟任务执行 - 14:33:23
14:33:25.617 [scheduled-task-2] INFO  com.dongbao.test_demo3.Schedule.ScheduledTasks - 固定延迟任务执行 - 14:33:25
14:33:26.539 [scheduled-task-1] INFO  com.dongbao.test_demo3.Schedule.ScheduledTasks - 异步任务执行 - 14:33:26
14:33:27.627 [scheduled-task-2] INFO  com.dongbao.test_demo3.Schedule.ScheduledTasks - 固定延迟任务执行 - 14:33:27
14:33:29.644 [scheduled-task-2] INFO  com.dongbao.test_demo3.Schedule.ScheduledTasks - 固定延迟任务执行 - 14:33:29
14:33:31.544 [scheduled-task-1] INFO  com.dongbao.test_demo3.Schedule.ScheduledTasks - 异步任务执行 - 14:33:31
14:33:31.671 [scheduled-task-2] INFO  com.dongbao.test_demo3.Schedule.ScheduledTasks - 固定延迟任务执行 - 14:33:31
14:33:33.687 [scheduled-task-2] INFO  com.dongbao.test_demo3.Schedule.ScheduledTasks - 固定延迟任务执行 - 14:33:33
14:33:35.709 [scheduled-task-2] INFO  com.dongbao.test_demo3.Schedule.ScheduledTasks - 固定延迟任务执行 - 14:33:35
14:33:36.545 [scheduled-task-1] INFO  com.dongbao.test_demo3.Schedule.ScheduledTasks - 异步任务执行 - 14:33:36
14:33:36.798 [scheduled-task-1] ERROR o.s.s.support.TaskUtils$LoggingErrorHandler - Unexpected error occurred in scheduled task
java.lang.RuntimeException: java.lang.InterruptedException: sleep interrupted
	at com.dongbao.test_demo3.Schedule.ScheduledTasks.AsyncTask(ScheduledTasks.java:60)
	at sun.reflect.NativeMethodAccessorImpl.invoke0(Native Method)
	at sun.reflect.NativeMethodAccessorImpl.invoke(NativeMethodAccessorImpl.java:62)
	at sun.reflect.DelegatingMethodAccessorImpl.invoke(DelegatingMethodAccessorImpl.java:43)
	at java.lang.reflect.Method.invoke(Method.java:498)
	at org.springframework.scheduling.support.ScheduledMethodRunnable.run(ScheduledMethodRunnable.java:84)
	at org.springframework.scheduling.support.DelegatingErrorHandlingRunnable.run(DelegatingErrorHandlingRunnable.java:54)
	at java.util.concurrent.Executors$RunnableAdapter.call(Executors.java:511)
	at java.util.concurrent.FutureTask.runAndReset(FutureTask.java:308)
	at java.util.concurrent.ScheduledThreadPoolExecutor$ScheduledFutureTask.access$301(ScheduledThreadPoolExecutor.java:180)
	at java.util.concurrent.ScheduledThreadPoolExecutor$ScheduledFutureTask.run(ScheduledThreadPoolExecutor.java:294)
	at java.util.concurrent.ThreadPoolExecutor.runWorker(ThreadPoolExecutor.java:1149)
	at java.util.concurrent.ThreadPoolExecutor$Worker.run(ThreadPoolExecutor.java:624)
	at java.lang.Thread.run(Thread.java:748)
Caused by: java.lang.InterruptedException: sleep interrupted
	at java.lang.Thread.sleep(Native Method)
	at com.dongbao.test_demo3.Schedule.ScheduledTasks.AsyncTask(ScheduledTasks.java:58)
	... 13 common frames omitted
14:36:54.467 [main] INFO  com.dongbao.test_demo3.ScheduledTasksTest - Starting ScheduledTasksTest using Java 1.8.0_151 on IT-013487 with PID 9544 (started by 013487 in E:\javaProject\test_demo3)
14:36:54.468 [main] INFO  com.dongbao.test_demo3.ScheduledTasksTest - No active profile set, falling back to 1 default profile: "default"
14:36:55.025 [main] INFO  o.s.d.r.config.RepositoryConfigurationDelegate - Multiple Spring Data modules found, entering strict repository configuration mode
14:36:55.027 [main] INFO  o.s.d.r.config.RepositoryConfigurationDelegate - Bootstrapping Spring Data Redis repositories in DEFAULT mode.
14:36:55.053 [main] INFO  o.s.d.r.config.RepositoryConfigurationDelegate - Finished Spring Data repository scanning in 9 ms. Found 0 Redis repository interfaces.
14:36:56.305 [main] WARN  c.b.mybatisplus.core.injector.DefaultSqlInjector - class com.dongbao.test_demo3.entity.AttWorkHourDay ,Not found @TableId annotation, Cannot use Mybatis-Plus 'xxById' Method.
14:36:56.611 [main] INFO  com.dongbao.test_demo3.config.AsyncConfig - 异步任务执行器已启用
14:36:57.285 [main] INFO  o.s.b.a.web.servlet.WelcomePageHandlerMapping - Adding welcome page: class path resource [static/index.html]
14:36:57.494 [main] WARN  o.s.b.a.t.ThymeleafAutoConfiguration$DefaultTemplateResolverConfiguration - Cannot find template location: classpath:/templates/ (please add some templates, check your Thymeleaf configuration, or set spring.thymeleaf.check-template-location=false)
14:36:57.496 [main] WARN  org.thymeleaf.templatemode.TemplateMode - [THYMELEAF][main] Template Mode 'HTML5' is deprecated. Using Template Mode 'HTML' instead.
14:36:57.879 [scheduled-task-1] INFO  com.dongbao.test_demo3.Schedule.ScheduledTasks - 固定延迟任务执行 - 14:36:57
14:36:57.879 [scheduled-task-3] INFO  com.dongbao.test_demo3.Schedule.ScheduledTasks - 异步任务执行 - 14:36:57
14:36:57.885 [main] INFO  com.dongbao.test_demo3.ScheduledTasksTest - Started ScheduledTasksTest in 3.782 seconds (JVM running for 4.612)
14:36:58.893 [scheduled-task-1] INFO  com.dongbao.test_demo3.Schedule.ScheduledTasks - 固定延迟任务执行结束 - 14:36:58
14:36:59.900 [scheduled-task-1] INFO  com.dongbao.test_demo3.Schedule.ScheduledTasks - 固定延迟任务执行 - 14:36:59
14:37:00.008 [scheduled-task-4] INFO  com.dongbao.test_demo3.Schedule.CronScheduledTasks - 每分钟任务执行 - Fri Nov 14 14:37:00 CST 2025
14:37:00.913 [scheduled-task-1] INFO  com.dongbao.test_demo3.Schedule.ScheduledTasks - 固定延迟任务执行结束 - 14:37:00
14:37:01.921 [scheduled-task-1] INFO  com.dongbao.test_demo3.Schedule.ScheduledTasks - 固定延迟任务执行 - 14:37:01
14:37:02.884 [scheduled-task-3] INFO  com.dongbao.test_demo3.Schedule.ScheduledTasks - 异步任务执行结束 - 14:37:02
14:37:02.886 [scheduled-task-3] INFO  com.dongbao.test_demo3.Schedule.ScheduledTasks - 异步任务执行 - 14:37:02
14:37:02.932 [scheduled-task-1] INFO  com.dongbao.test_demo3.Schedule.ScheduledTasks - 固定延迟任务执行结束 - 14:37:02
14:37:03.938 [scheduled-task-1] INFO  com.dongbao.test_demo3.Schedule.ScheduledTasks - 固定延迟任务执行 - 14:37:03
14:37:04.939 [scheduled-task-1] INFO  com.dongbao.test_demo3.Schedule.ScheduledTasks - 固定延迟任务执行结束 - 14:37:04
14:37:05.948 [scheduled-task-1] INFO  com.dongbao.test_demo3.Schedule.ScheduledTasks - 固定延迟任务执行 - 14:37:05
14:37:06.959 [scheduled-task-1] INFO  com.dongbao.test_demo3.Schedule.ScheduledTasks - 固定延迟任务执行结束 - 14:37:06
14:37:07.888 [scheduled-task-3] INFO  com.dongbao.test_demo3.Schedule.ScheduledTasks - 异步任务执行结束 - 14:37:07
14:37:07.888 [scheduled-task-3] INFO  com.dongbao.test_demo3.Schedule.ScheduledTasks - 异步任务执行 - 14:37:07
14:37:07.960 [scheduled-task-5] INFO  com.dongbao.test_demo3.Schedule.ScheduledTasks - 固定延迟任务执行 - 14:37:07
14:37:08.968 [scheduled-task-5] INFO  com.dongbao.test_demo3.Schedule.ScheduledTasks - 固定延迟任务执行结束 - 14:37:08
14:37:09.975 [scheduled-task-5] INFO  com.dongbao.test_demo3.Schedule.ScheduledTasks - 固定延迟任务执行 - 14:37:09
14:37:10.983 [scheduled-task-5] INFO  com.dongbao.test_demo3.Schedule.ScheduledTasks - 固定延迟任务执行结束 - 14:37:10
14:37:11.987 [scheduled-task-5] INFO  com.dongbao.test_demo3.Schedule.ScheduledTasks - 固定延迟任务执行 - 14:37:11
14:37:12.901 [scheduled-task-3] INFO  com.dongbao.test_demo3.Schedule.ScheduledTasks - 异步任务执行结束 - 14:37:12
14:37:12.901 [scheduled-task-3] INFO  com.dongbao.test_demo3.Schedule.ScheduledTasks - 异步任务执行 - 14:37:12
14:37:12.989 [scheduled-task-5] INFO  com.dongbao.test_demo3.Schedule.ScheduledTasks - 固定延迟任务执行结束 - 14:37:12
14:37:13.990 [scheduled-task-5] INFO  com.dongbao.test_demo3.Schedule.ScheduledTasks - 固定延迟任务执行 - 14:37:13
14:37:14.990 [scheduled-task-5] INFO  com.dongbao.test_demo3.Schedule.ScheduledTasks - 固定延迟任务执行结束 - 14:37:14
14:37:15.999 [scheduled-task-5] INFO  com.dongbao.test_demo3.Schedule.ScheduledTasks - 固定延迟任务执行 - 14:37:15
14:37:17.004 [scheduled-task-5] INFO  com.dongbao.test_demo3.Schedule.ScheduledTasks - 固定延迟任务执行结束 - 14:37:17
14:37:17.914 [scheduled-task-3] INFO  com.dongbao.test_demo3.Schedule.ScheduledTasks - 异步任务执行结束 - 14:37:17
14:37:17.914 [scheduled-task-3] INFO  com.dongbao.test_demo3.Schedule.ScheduledTasks - 异步任务执行 - 14:37:17
14:37:18.007 [scheduled-task-5] INFO  com.dongbao.test_demo3.Schedule.ScheduledTasks - 固定延迟任务执行 - 14:37:18
14:37:18.130 [scheduled-task-5] INFO  com.dongbao.test_demo3.Schedule.ScheduledTasks - 固定延迟任务执行结束 - 14:37:18
14:37:18.131 [scheduled-task-3] ERROR o.s.s.support.TaskUtils$LoggingErrorHandler - Unexpected error occurred in scheduled task
java.lang.RuntimeException: java.lang.InterruptedException: sleep interrupted
	at com.dongbao.test_demo3.Schedule.ScheduledTasks.AsyncTask(ScheduledTasks.java:62)
	at sun.reflect.NativeMethodAccessorImpl.invoke0(Native Method)
	at sun.reflect.NativeMethodAccessorImpl.invoke(NativeMethodAccessorImpl.java:62)
	at sun.reflect.DelegatingMethodAccessorImpl.invoke(DelegatingMethodAccessorImpl.java:43)
	at java.lang.reflect.Method.invoke(Method.java:498)
	at org.springframework.scheduling.support.ScheduledMethodRunnable.run(ScheduledMethodRunnable.java:84)
	at org.springframework.scheduling.support.DelegatingErrorHandlingRunnable.run(DelegatingErrorHandlingRunnable.java:54)
	at java.util.concurrent.Executors$RunnableAdapter.call(Executors.java:511)
	at java.util.concurrent.FutureTask.runAndReset(FutureTask.java:308)
	at java.util.concurrent.ScheduledThreadPoolExecutor$ScheduledFutureTask.access$301(ScheduledThreadPoolExecutor.java:180)
	at java.util.concurrent.ScheduledThreadPoolExecutor$ScheduledFutureTask.run(ScheduledThreadPoolExecutor.java:294)
	at java.util.concurrent.ThreadPoolExecutor.runWorker(ThreadPoolExecutor.java:1149)
	at java.util.concurrent.ThreadPoolExecutor$Worker.run(ThreadPoolExecutor.java:624)
	at java.lang.Thread.run(Thread.java:748)
Caused by: java.lang.InterruptedException: sleep interrupted
	at java.lang.Thread.sleep(Native Method)
	at com.dongbao.test_demo3.Schedule.ScheduledTasks.AsyncTask(ScheduledTasks.java:60)
	... 13 common frames omitted
14:37:37.521 [main] INFO  com.dongbao.test_demo3.ScheduledTasksTest - Starting ScheduledTasksTest using Java 1.8.0_151 on IT-013487 with PID 2704 (started by 013487 in E:\javaProject\test_demo3)
14:37:37.523 [main] INFO  com.dongbao.test_demo3.ScheduledTasksTest - No active profile set, falling back to 1 default profile: "default"
14:37:38.093 [main] INFO  o.s.d.r.config.RepositoryConfigurationDelegate - Multiple Spring Data modules found, entering strict repository configuration mode
14:37:38.095 [main] INFO  o.s.d.r.config.RepositoryConfigurationDelegate - Bootstrapping Spring Data Redis repositories in DEFAULT mode.
14:37:38.112 [main] INFO  o.s.d.r.config.RepositoryConfigurationDelegate - Finished Spring Data repository scanning in 7 ms. Found 0 Redis repository interfaces.
14:37:39.281 [main] WARN  c.b.mybatisplus.core.injector.DefaultSqlInjector - class com.dongbao.test_demo3.entity.AttWorkHourDay ,Not found @TableId annotation, Cannot use Mybatis-Plus 'xxById' Method.
14:37:39.503 [main] INFO  com.dongbao.test_demo3.config.AsyncConfig - 异步任务执行器已启用
14:37:40.214 [main] INFO  o.s.b.a.web.servlet.WelcomePageHandlerMapping - Adding welcome page: class path resource [static/index.html]
14:37:40.417 [main] WARN  o.s.b.a.t.ThymeleafAutoConfiguration$DefaultTemplateResolverConfiguration - Cannot find template location: classpath:/templates/ (please add some templates, check your Thymeleaf configuration, or set spring.thymeleaf.check-template-location=false)
14:37:40.420 [main] WARN  org.thymeleaf.templatemode.TemplateMode - [THYMELEAF][main] Template Mode 'HTML5' is deprecated. Using Template Mode 'HTML' instead.
14:37:40.932 [scheduled-task-1] INFO  com.dongbao.test_demo3.Schedule.ScheduledTasks - 异步任务执行 - 14:37:40
14:37:40.932 [scheduled-task-2] INFO  com.dongbao.test_demo3.Schedule.ScheduledTasks - 固定延迟任务执行 - 14:37:40
14:37:40.940 [main] INFO  com.dongbao.test_demo3.ScheduledTasksTest - Started ScheduledTasksTest in 3.689 seconds (JVM running for 4.318)
14:37:41.946 [scheduled-task-2] INFO  com.dongbao.test_demo3.Schedule.ScheduledTasks - 固定延迟任务执行结束 - 14:37:41
14:37:42.959 [scheduled-task-2] INFO  com.dongbao.test_demo3.Schedule.ScheduledTasks - 固定延迟任务执行 - 14:37:42
14:37:43.970 [scheduled-task-2] INFO  com.dongbao.test_demo3.Schedule.ScheduledTasks - 固定延迟任务执行结束 - 14:37:43
14:37:44.979 [scheduled-task-3] INFO  com.dongbao.test_demo3.Schedule.ScheduledTasks - 固定延迟任务执行 - 14:37:44
14:37:45.940 [scheduled-task-1] INFO  com.dongbao.test_demo3.Schedule.ScheduledTasks - 异步任务执行结束 - 14:37:45
14:37:45.941 [scheduled-task-2] INFO  com.dongbao.test_demo3.Schedule.ScheduledTasks - 异步任务执行 - 14:37:45
14:37:45.986 [scheduled-task-3] INFO  com.dongbao.test_demo3.Schedule.ScheduledTasks - 固定延迟任务执行结束 - 14:37:45
14:37:46.999 [scheduled-task-3] INFO  com.dongbao.test_demo3.Schedule.ScheduledTasks - 固定延迟任务执行 - 14:37:46
14:37:48.007 [scheduled-task-3] INFO  com.dongbao.test_demo3.Schedule.ScheduledTasks - 固定延迟任务执行结束 - 14:37:48
14:37:49.022 [scheduled-task-3] INFO  com.dongbao.test_demo3.Schedule.ScheduledTasks - 固定延迟任务执行 - 14:37:49
14:37:50.026 [scheduled-task-3] INFO  com.dongbao.test_demo3.Schedule.ScheduledTasks - 固定延迟任务执行结束 - 14:37:50
14:37:50.943 [scheduled-task-2] INFO  com.dongbao.test_demo3.Schedule.ScheduledTasks - 异步任务执行结束 - 14:37:50
14:37:50.943 [scheduled-task-2] INFO  com.dongbao.test_demo3.Schedule.ScheduledTasks - 异步任务执行 - 14:37:50
14:37:51.035 [scheduled-task-4] INFO  com.dongbao.test_demo3.Schedule.ScheduledTasks - 固定延迟任务执行 - 14:37:51
14:37:52.049 [scheduled-task-4] INFO  com.dongbao.test_demo3.Schedule.ScheduledTasks - 固定延迟任务执行结束 - 14:37:52
14:37:53.053 [scheduled-task-4] INFO  com.dongbao.test_demo3.Schedule.ScheduledTasks - 固定延迟任务执行 - 14:37:53
14:37:54.068 [scheduled-task-4] INFO  com.dongbao.test_demo3.Schedule.ScheduledTasks - 固定延迟任务执行结束 - 14:37:54
14:37:55.077 [scheduled-task-4] INFO  com.dongbao.test_demo3.Schedule.ScheduledTasks - 固定延迟任务执行 - 14:37:55
14:37:55.948 [scheduled-task-2] INFO  com.dongbao.test_demo3.Schedule.ScheduledTasks - 异步任务执行结束 - 14:37:55
14:37:55.949 [scheduled-task-2] INFO  com.dongbao.test_demo3.Schedule.ScheduledTasks - 异步任务执行 - 14:37:55
14:37:56.078 [scheduled-task-4] INFO  com.dongbao.test_demo3.Schedule.ScheduledTasks - 固定延迟任务执行结束 - 14:37:56
14:37:57.086 [scheduled-task-4] INFO  com.dongbao.test_demo3.Schedule.ScheduledTasks - 固定延迟任务执行 - 14:37:57
14:37:58.092 [scheduled-task-4] INFO  com.dongbao.test_demo3.Schedule.ScheduledTasks - 固定延迟任务执行结束 - 14:37:58
14:37:59.099 [scheduled-task-4] INFO  com.dongbao.test_demo3.Schedule.ScheduledTasks - 固定延迟任务执行 - 14:37:59
14:38:00.109 [scheduled-task-4] INFO  com.dongbao.test_demo3.Schedule.ScheduledTasks - 固定延迟任务执行结束 - 14:38:00
14:38:00.958 [scheduled-task-2] INFO  com.dongbao.test_demo3.Schedule.ScheduledTasks - 异步任务执行结束 - 14:38:00
14:38:00.958 [scheduled-task-2] INFO  com.dongbao.test_demo3.Schedule.ScheduledTasks - 异步任务执行 - 14:38:00
14:38:01.114 [scheduled-task-4] INFO  com.dongbao.test_demo3.Schedule.ScheduledTasks - 固定延迟任务执行 - 14:38:01
14:38:01.228 [scheduled-task-4] INFO  com.dongbao.test_demo3.Schedule.ScheduledTasks - 固定延迟任务执行结束 - 14:38:01
14:38:01.229 [scheduled-task-2] ERROR o.s.s.support.TaskUtils$LoggingErrorHandler - Unexpected error occurred in scheduled task
java.lang.RuntimeException: java.lang.InterruptedException: sleep interrupted
	at com.dongbao.test_demo3.Schedule.ScheduledTasks.AsyncTask(ScheduledTasks.java:62)
	at sun.reflect.NativeMethodAccessorImpl.invoke0(Native Method)
	at sun.reflect.NativeMethodAccessorImpl.invoke(NativeMethodAccessorImpl.java:62)
	at sun.reflect.DelegatingMethodAccessorImpl.invoke(DelegatingMethodAccessorImpl.java:43)
	at java.lang.reflect.Method.invoke(Method.java:498)
	at org.springframework.scheduling.support.ScheduledMethodRunnable.run(ScheduledMethodRunnable.java:84)
	at org.springframework.scheduling.support.DelegatingErrorHandlingRunnable.run(DelegatingErrorHandlingRunnable.java:54)
	at java.util.concurrent.Executors$RunnableAdapter.call(Executors.java:511)
	at java.util.concurrent.FutureTask.runAndReset(FutureTask.java:308)
	at java.util.concurrent.ScheduledThreadPoolExecutor$ScheduledFutureTask.access$301(ScheduledThreadPoolExecutor.java:180)
	at java.util.concurrent.ScheduledThreadPoolExecutor$ScheduledFutureTask.run(ScheduledThreadPoolExecutor.java:294)
	at java.util.concurrent.ThreadPoolExecutor.runWorker(ThreadPoolExecutor.java:1149)
	at java.util.concurrent.ThreadPoolExecutor$Worker.run(ThreadPoolExecutor.java:624)
	at java.lang.Thread.run(Thread.java:748)
Caused by: java.lang.InterruptedException: sleep interrupted
	at java.lang.Thread.sleep(Native Method)
	at com.dongbao.test_demo3.Schedule.ScheduledTasks.AsyncTask(ScheduledTasks.java:60)
	... 13 common frames omitted
14:39:18.950 [main] INFO  com.dongbao.test_demo3.ScheduledTasksTest - Starting ScheduledTasksTest using Java 1.8.0_151 on IT-013487 with PID 11584 (started by 013487 in E:\javaProject\test_demo3)
14:39:18.951 [main] INFO  com.dongbao.test_demo3.ScheduledTasksTest - No active profile set, falling back to 1 default profile: "default"
14:39:19.576 [main] INFO  o.s.d.r.config.RepositoryConfigurationDelegate - Multiple Spring Data modules found, entering strict repository configuration mode
14:39:19.581 [main] INFO  o.s.d.r.config.RepositoryConfigurationDelegate - Bootstrapping Spring Data Redis repositories in DEFAULT mode.
14:39:19.606 [main] INFO  o.s.d.r.config.RepositoryConfigurationDelegate - Finished Spring Data repository scanning in 13 ms. Found 0 Redis repository interfaces.
14:39:20.761 [main] WARN  c.b.mybatisplus.core.injector.DefaultSqlInjector - class com.dongbao.test_demo3.entity.AttWorkHourDay ,Not found @TableId annotation, Cannot use Mybatis-Plus 'xxById' Method.
14:39:21.032 [main] INFO  com.dongbao.test_demo3.config.AsyncConfig - 异步任务执行器已启用
14:39:21.751 [main] INFO  o.s.b.a.web.servlet.WelcomePageHandlerMapping - Adding welcome page: class path resource [static/index.html]
14:39:21.954 [main] WARN  o.s.b.a.t.ThymeleafAutoConfiguration$DefaultTemplateResolverConfiguration - Cannot find template location: classpath:/templates/ (please add some templates, check your Thymeleaf configuration, or set spring.thymeleaf.check-template-location=false)
14:39:21.957 [main] WARN  org.thymeleaf.templatemode.TemplateMode - [THYMELEAF][main] Template Mode 'HTML5' is deprecated. Using Template Mode 'HTML' instead.
14:39:22.533 [scheduled-task-1] INFO  com.dongbao.test_demo3.Schedule.ScheduledTasks - 异步任务执行 - 14:39:22
14:39:22.539 [main] INFO  com.dongbao.test_demo3.ScheduledTasksTest - Started ScheduledTasksTest in 3.878 seconds (JVM running for 4.504)
14:39:27.544 [scheduled-task-1] INFO  com.dongbao.test_demo3.Schedule.ScheduledTasks - 异步任务执行结束 - 14:39:27
14:39:27.544 [scheduled-task-1] INFO  com.dongbao.test_demo3.Schedule.ScheduledTasks - 固定延迟任务执行 - 14:39:27
14:39:28.558 [scheduled-task-1] INFO  com.dongbao.test_demo3.Schedule.ScheduledTasks - 固定延迟任务执行结束 - 14:39:28
14:39:28.558 [scheduled-task-1] INFO  com.dongbao.test_demo3.Schedule.ScheduledTasks - 异步任务执行 - 14:39:28
14:39:33.572 [scheduled-task-1] INFO  com.dongbao.test_demo3.Schedule.ScheduledTasks - 异步任务执行结束 - 14:39:33
14:39:33.572 [scheduled-task-1] INFO  com.dongbao.test_demo3.Schedule.ScheduledTasks - 异步任务执行 - 14:39:33
14:39:38.582 [scheduled-task-1] INFO  com.dongbao.test_demo3.Schedule.ScheduledTasks - 异步任务执行结束 - 14:39:38
14:39:38.583 [scheduled-task-1] INFO  com.dongbao.test_demo3.Schedule.ScheduledTasks - 异步任务执行 - 14:39:38
14:39:42.813 [scheduled-task-1] ERROR o.s.s.support.TaskUtils$LoggingErrorHandler - Unexpected error occurred in scheduled task
java.lang.RuntimeException: java.lang.InterruptedException: sleep interrupted
	at com.dongbao.test_demo3.Schedule.ScheduledTasks.AsyncTask(ScheduledTasks.java:62)
	at sun.reflect.NativeMethodAccessorImpl.invoke0(Native Method)
	at sun.reflect.NativeMethodAccessorImpl.invoke(NativeMethodAccessorImpl.java:62)
	at sun.reflect.DelegatingMethodAccessorImpl.invoke(DelegatingMethodAccessorImpl.java:43)
	at java.lang.reflect.Method.invoke(Method.java:498)
	at org.springframework.scheduling.support.ScheduledMethodRunnable.run(ScheduledMethodRunnable.java:84)
	at org.springframework.scheduling.support.DelegatingErrorHandlingRunnable.run(DelegatingErrorHandlingRunnable.java:54)
	at java.util.concurrent.Executors$RunnableAdapter.call(Executors.java:511)
	at java.util.concurrent.FutureTask.runAndReset(FutureTask.java:308)
	at java.util.concurrent.ScheduledThreadPoolExecutor$ScheduledFutureTask.access$301(ScheduledThreadPoolExecutor.java:180)
	at java.util.concurrent.ScheduledThreadPoolExecutor$ScheduledFutureTask.run(ScheduledThreadPoolExecutor.java:294)
	at java.util.concurrent.ThreadPoolExecutor.runWorker(ThreadPoolExecutor.java:1149)
	at java.util.concurrent.ThreadPoolExecutor$Worker.run(ThreadPoolExecutor.java:624)
	at java.lang.Thread.run(Thread.java:748)
Caused by: java.lang.InterruptedException: sleep interrupted
	at java.lang.Thread.sleep(Native Method)
	at com.dongbao.test_demo3.Schedule.ScheduledTasks.AsyncTask(ScheduledTasks.java:60)
	... 13 common frames omitted
14:40:37.450 [main] INFO  com.dongbao.test_demo3.ScheduledTasksTest - Starting ScheduledTasksTest using Java 1.8.0_151 on IT-013487 with PID 18440 (started by 013487 in E:\javaProject\test_demo3)
14:40:37.451 [main] INFO  com.dongbao.test_demo3.ScheduledTasksTest - No active profile set, falling back to 1 default profile: "default"
14:40:38.072 [main] INFO  o.s.d.r.config.RepositoryConfigurationDelegate - Multiple Spring Data modules found, entering strict repository configuration mode
14:40:38.075 [main] INFO  o.s.d.r.config.RepositoryConfigurationDelegate - Bootstrapping Spring Data Redis repositories in DEFAULT mode.
14:40:38.092 [main] INFO  o.s.d.r.config.RepositoryConfigurationDelegate - Finished Spring Data repository scanning in 7 ms. Found 0 Redis repository interfaces.
14:40:39.295 [main] WARN  c.b.mybatisplus.core.injector.DefaultSqlInjector - class com.dongbao.test_demo3.entity.AttWorkHourDay ,Not found @TableId annotation, Cannot use Mybatis-Plus 'xxById' Method.
14:40:39.577 [main] INFO  com.dongbao.test_demo3.config.AsyncConfig - 异步任务执行器已启用
14:40:40.160 [main] INFO  o.s.b.a.web.servlet.WelcomePageHandlerMapping - Adding welcome page: class path resource [static/index.html]
14:40:40.343 [main] WARN  o.s.b.a.t.ThymeleafAutoConfiguration$DefaultTemplateResolverConfiguration - Cannot find template location: classpath:/templates/ (please add some templates, check your Thymeleaf configuration, or set spring.thymeleaf.check-template-location=false)
14:40:40.346 [main] WARN  org.thymeleaf.templatemode.TemplateMode - [THYMELEAF][main] Template Mode 'HTML5' is deprecated. Using Template Mode 'HTML' instead.
14:40:40.769 [scheduled-task-1] INFO  com.dongbao.test_demo3.Schedule.ScheduledTasks - 异步任务执行 - 14:40:40
14:40:40.775 [main] INFO  com.dongbao.test_demo3.ScheduledTasksTest - Started ScheduledTasksTest in 3.597 seconds (JVM running for 4.258)
14:40:40.781 [scheduled-task-1] ERROR o.s.s.support.TaskUtils$LoggingErrorHandler - Unexpected error occurred in scheduled task
java.lang.RuntimeException: java.lang.InterruptedException: sleep interrupted
	at com.dongbao.test_demo3.Schedule.ScheduledTasks.AsyncTask(ScheduledTasks.java:62)
	at sun.reflect.NativeMethodAccessorImpl.invoke0(Native Method)
	at sun.reflect.NativeMethodAccessorImpl.invoke(NativeMethodAccessorImpl.java:62)
	at sun.reflect.DelegatingMethodAccessorImpl.invoke(DelegatingMethodAccessorImpl.java:43)
	at java.lang.reflect.Method.invoke(Method.java:498)
	at org.springframework.scheduling.support.ScheduledMethodRunnable.run(ScheduledMethodRunnable.java:84)
	at org.springframework.scheduling.support.DelegatingErrorHandlingRunnable.run(DelegatingErrorHandlingRunnable.java:54)
	at java.util.concurrent.Executors$RunnableAdapter.call(Executors.java:511)
	at java.util.concurrent.FutureTask.runAndReset(FutureTask.java:308)
	at java.util.concurrent.ScheduledThreadPoolExecutor$ScheduledFutureTask.access$301(ScheduledThreadPoolExecutor.java:180)
	at java.util.concurrent.ScheduledThreadPoolExecutor$ScheduledFutureTask.run(ScheduledThreadPoolExecutor.java:294)
	at java.util.concurrent.ThreadPoolExecutor.runWorker(ThreadPoolExecutor.java:1149)
	at java.util.concurrent.ThreadPoolExecutor$Worker.run(ThreadPoolExecutor.java:624)
	at java.lang.Thread.run(Thread.java:748)
Caused by: java.lang.InterruptedException: sleep interrupted
	at java.lang.Thread.sleep(Native Method)
	at com.dongbao.test_demo3.Schedule.ScheduledTasks.AsyncTask(ScheduledTasks.java:60)
	... 13 common frames omitted
14:40:48.389 [main] INFO  com.dongbao.test_demo3.ScheduledTasksTest - Starting ScheduledTasksTest using Java 1.8.0_151 on IT-013487 with PID 22028 (started by 013487 in E:\javaProject\test_demo3)
14:40:48.390 [main] INFO  com.dongbao.test_demo3.ScheduledTasksTest - No active profile set, falling back to 1 default profile: "default"
14:40:48.946 [main] INFO  o.s.d.r.config.RepositoryConfigurationDelegate - Multiple Spring Data modules found, entering strict repository configuration mode
14:40:48.949 [main] INFO  o.s.d.r.config.RepositoryConfigurationDelegate - Bootstrapping Spring Data Redis repositories in DEFAULT mode.
14:40:48.968 [main] INFO  o.s.d.r.config.RepositoryConfigurationDelegate - Finished Spring Data repository scanning in 7 ms. Found 0 Redis repository interfaces.
14:40:49.994 [main] WARN  c.b.mybatisplus.core.injector.DefaultSqlInjector - class com.dongbao.test_demo3.entity.AttWorkHourDay ,Not found @TableId annotation, Cannot use Mybatis-Plus 'xxById' Method.
14:40:50.234 [main] INFO  com.dongbao.test_demo3.config.AsyncConfig - 异步任务执行器已启用
14:40:50.865 [main] INFO  o.s.b.a.web.servlet.WelcomePageHandlerMapping - Adding welcome page: class path resource [static/index.html]
14:40:51.069 [main] WARN  o.s.b.a.t.ThymeleafAutoConfiguration$DefaultTemplateResolverConfiguration - Cannot find template location: classpath:/templates/ (please add some templates, check your Thymeleaf configuration, or set spring.thymeleaf.check-template-location=false)
14:40:51.073 [main] WARN  org.thymeleaf.templatemode.TemplateMode - [THYMELEAF][main] Template Mode 'HTML5' is deprecated. Using Template Mode 'HTML' instead.
14:40:51.541 [scheduled-task-1] INFO  com.dongbao.test_demo3.Schedule.ScheduledTasks - 异步任务执行 - 14:40:51
14:40:51.546 [main] INFO  com.dongbao.test_demo3.ScheduledTasksTest - Started ScheduledTasksTest in 3.426 seconds (JVM running for 4.049)
14:40:56.557 [scheduled-task-1] INFO  com.dongbao.test_demo3.Schedule.ScheduledTasks - 异步任务执行结束 - 14:40:56
14:40:56.557 [scheduled-task-1] INFO  com.dongbao.test_demo3.Schedule.ScheduledTasks - 固定延迟任务执行 - 14:40:56
14:41:01.572 [scheduled-task-1] INFO  com.dongbao.test_demo3.Schedule.ScheduledTasks - 固定延迟任务执行结束 - 14:41:01
14:41:01.573 [scheduled-task-1] INFO  com.dongbao.test_demo3.Schedule.ScheduledTasks - 异步任务执行 - 14:41:01
14:41:06.584 [scheduled-task-1] INFO  com.dongbao.test_demo3.Schedule.ScheduledTasks - 异步任务执行结束 - 14:41:06
14:41:06.585 [scheduled-task-1] INFO  com.dongbao.test_demo3.Schedule.ScheduledTasks - 异步任务执行 - 14:41:06
14:41:11.600 [scheduled-task-1] INFO  com.dongbao.test_demo3.Schedule.ScheduledTasks - 异步任务执行结束 - 14:41:11
14:41:11.600 [scheduled-task-1] INFO  com.dongbao.test_demo3.Schedule.ScheduledTasks - 异步任务执行 - 14:41:11
14:41:16.606 [scheduled-task-1] INFO  com.dongbao.test_demo3.Schedule.ScheduledTasks - 异步任务执行结束 - 14:41:16
14:41:16.608 [scheduled-task-1] INFO  com.dongbao.test_demo3.Schedule.ScheduledTasks - 异步任务执行 - 14:41:16
14:41:21.612 [scheduled-task-1] INFO  com.dongbao.test_demo3.Schedule.ScheduledTasks - 异步任务执行结束 - 14:41:21
14:41:21.612 [scheduled-task-1] INFO  com.dongbao.test_demo3.Schedule.ScheduledTasks - 异步任务执行 - 14:41:21
14:41:26.622 [scheduled-task-1] INFO  com.dongbao.test_demo3.Schedule.ScheduledTasks - 异步任务执行结束 - 14:41:26
14:41:26.622 [scheduled-task-1] INFO  com.dongbao.test_demo3.Schedule.ScheduledTasks - 异步任务执行 - 14:41:26
14:41:31.632 [scheduled-task-1] INFO  com.dongbao.test_demo3.Schedule.ScheduledTasks - 异步任务执行结束 - 14:41:31
14:41:31.632 [scheduled-task-1] INFO  com.dongbao.test_demo3.Schedule.ScheduledTasks - 异步任务执行 - 14:41:31
14:41:31.806 [scheduled-task-1] ERROR o.s.s.support.TaskUtils$LoggingErrorHandler - Unexpected error occurred in scheduled task
java.lang.RuntimeException: java.lang.InterruptedException: sleep interrupted
	at com.dongbao.test_demo3.Schedule.ScheduledTasks.AsyncTask(ScheduledTasks.java:62)
	at sun.reflect.NativeMethodAccessorImpl.invoke0(Native Method)
	at sun.reflect.NativeMethodAccessorImpl.invoke(NativeMethodAccessorImpl.java:62)
	at sun.reflect.DelegatingMethodAccessorImpl.invoke(DelegatingMethodAccessorImpl.java:43)
	at java.lang.reflect.Method.invoke(Method.java:498)
	at org.springframework.scheduling.support.ScheduledMethodRunnable.run(ScheduledMethodRunnable.java:84)
	at org.springframework.scheduling.support.DelegatingErrorHandlingRunnable.run(DelegatingErrorHandlingRunnable.java:54)
	at java.util.concurrent.Executors$RunnableAdapter.call(Executors.java:511)
	at java.util.concurrent.FutureTask.runAndReset(FutureTask.java:308)
	at java.util.concurrent.ScheduledThreadPoolExecutor$ScheduledFutureTask.access$301(ScheduledThreadPoolExecutor.java:180)
	at java.util.concurrent.ScheduledThreadPoolExecutor$ScheduledFutureTask.run(ScheduledThreadPoolExecutor.java:294)
	at java.util.concurrent.ThreadPoolExecutor.runWorker(ThreadPoolExecutor.java:1149)
	at java.util.concurrent.ThreadPoolExecutor$Worker.run(ThreadPoolExecutor.java:624)
	at java.lang.Thread.run(Thread.java:748)
Caused by: java.lang.InterruptedException: sleep interrupted
	at java.lang.Thread.sleep(Native Method)
	at com.dongbao.test_demo3.Schedule.ScheduledTasks.AsyncTask(ScheduledTasks.java:60)
	... 13 common frames omitted
14:43:27.246 [main] INFO  com.dongbao.test_demo3.ScheduledTasksTest - Starting ScheduledTasksTest using Java 1.8.0_151 on IT-013487 with PID 11164 (started by 013487 in E:\javaProject\test_demo3)
14:43:27.248 [main] INFO  com.dongbao.test_demo3.ScheduledTasksTest - No active profile set, falling back to 1 default profile: "default"
14:43:27.861 [main] INFO  o.s.d.r.config.RepositoryConfigurationDelegate - Multiple Spring Data modules found, entering strict repository configuration mode
14:43:27.864 [main] INFO  o.s.d.r.config.RepositoryConfigurationDelegate - Bootstrapping Spring Data Redis repositories in DEFAULT mode.
14:43:27.882 [main] INFO  o.s.d.r.config.RepositoryConfigurationDelegate - Finished Spring Data repository scanning in 7 ms. Found 0 Redis repository interfaces.
14:43:29.044 [main] WARN  c.b.mybatisplus.core.injector.DefaultSqlInjector - class com.dongbao.test_demo3.entity.AttWorkHourDay ,Not found @TableId annotation, Cannot use Mybatis-Plus 'xxById' Method.
14:43:29.286 [main] INFO  com.dongbao.test_demo3.config.AsyncConfig - 异步任务执行器已启用
14:43:30.037 [main] INFO  o.s.b.a.web.servlet.WelcomePageHandlerMapping - Adding welcome page: class path resource [static/index.html]
14:43:30.301 [main] WARN  o.s.b.a.t.ThymeleafAutoConfiguration$DefaultTemplateResolverConfiguration - Cannot find template location: classpath:/templates/ (please add some templates, check your Thymeleaf configuration, or set spring.thymeleaf.check-template-location=false)
14:43:30.303 [main] WARN  org.thymeleaf.templatemode.TemplateMode - [THYMELEAF][main] Template Mode 'HTML5' is deprecated. Using Template Mode 'HTML' instead.
14:43:30.796 [main] INFO  com.dongbao.test_demo3.ScheduledTasksTest - Started ScheduledTasksTest in 3.844 seconds (JVM running for 4.543)
14:43:30.799 [scheduled-task-1] INFO  com.dongbao.test_demo3.Schedule.ScheduledTasks - 固定延迟任务执行 - 14:43:30
14:43:30.799 [taskExecutor-1] INFO  com.dongbao.test_demo3.Schedule.ScheduledTasks - 异步任务执行 - 14:43:30
14:43:35.815 [scheduled-task-1] INFO  com.dongbao.test_demo3.Schedule.ScheduledTasks - 固定延迟任务执行结束 - 14:43:35
14:43:35.815 [taskExecutor-1] INFO  com.dongbao.test_demo3.Schedule.ScheduledTasks - 异步任务执行结束 - 14:43:35
14:43:35.816 [taskExecutor-3] INFO  com.dongbao.test_demo3.Schedule.ScheduledTasks - 异步任务执行 - 14:43:35
14:43:35.816 [taskExecutor-4] INFO  com.dongbao.test_demo3.Schedule.ScheduledTasks - 异步任务执行 - 14:43:35
14:43:35.816 [taskExecutor-5] INFO  com.dongbao.test_demo3.Schedule.ScheduledTasks - 异步任务执行 - 14:43:35
14:43:35.816 [taskExecutor-1] INFO  com.dongbao.test_demo3.Schedule.ScheduledTasks - 异步任务执行 - 14:43:35
14:43:35.816 [taskExecutor-2] INFO  com.dongbao.test_demo3.Schedule.ScheduledTasks - 异步任务执行 - 14:43:35
14:43:40.827 [taskExecutor-3] INFO  com.dongbao.test_demo3.Schedule.ScheduledTasks - 异步任务执行结束 - 14:43:40
14:43:40.827 [taskExecutor-2] INFO  com.dongbao.test_demo3.Schedule.ScheduledTasks - 异步任务执行结束 - 14:43:40
14:43:40.827 [taskExecutor-1] INFO  com.dongbao.test_demo3.Schedule.ScheduledTasks - 异步任务执行结束 - 14:43:40
14:43:40.827 [taskExecutor-5] INFO  com.dongbao.test_demo3.Schedule.ScheduledTasks - 异步任务执行结束 - 14:43:40
14:43:40.827 [taskExecutor-4] INFO  com.dongbao.test_demo3.Schedule.ScheduledTasks - 异步任务执行结束 - 14:43:40
14:43:40.828 [taskExecutor-5] INFO  com.dongbao.test_demo3.Schedule.ScheduledTasks - 异步任务执行 - 14:43:40
14:43:40.828 [taskExecutor-2] INFO  com.dongbao.test_demo3.Schedule.ScheduledTasks - 异步任务执行 - 14:43:40
14:43:40.828 [taskExecutor-1] INFO  com.dongbao.test_demo3.Schedule.ScheduledTasks - 异步任务执行 - 14:43:40
14:43:40.828 [taskExecutor-3] INFO  com.dongbao.test_demo3.Schedule.ScheduledTasks - 异步任务执行 - 14:43:40
14:43:40.828 [scheduled-task-1] INFO  com.dongbao.test_demo3.Schedule.ScheduledTasks - 固定延迟任务执行 - 14:43:40
14:43:40.829 [taskExecutor-4] INFO  com.dongbao.test_demo3.Schedule.ScheduledTasks - 异步任务执行 - 14:43:40
14:43:45.835 [taskExecutor-2] INFO  com.dongbao.test_demo3.Schedule.ScheduledTasks - 异步任务执行结束 - 14:43:45
14:43:45.835 [taskExecutor-1] INFO  com.dongbao.test_demo3.Schedule.ScheduledTasks - 异步任务执行结束 - 14:43:45
14:43:45.835 [taskExecutor-3] INFO  com.dongbao.test_demo3.Schedule.ScheduledTasks - 异步任务执行结束 - 14:43:45
14:43:45.835 [scheduled-task-1] INFO  com.dongbao.test_demo3.Schedule.ScheduledTasks - 固定延迟任务执行结束 - 14:43:45
14:43:45.835 [taskExecutor-4] INFO  com.dongbao.test_demo3.Schedule.ScheduledTasks - 异步任务执行结束 - 14:43:45
14:43:45.835 [taskExecutor-5] INFO  com.dongbao.test_demo3.Schedule.ScheduledTasks - 异步任务执行结束 - 14:43:45
14:43:45.835 [taskExecutor-2] INFO  com.dongbao.test_demo3.Schedule.ScheduledTasks - 异步任务执行 - 14:43:45
14:43:45.835 [taskExecutor-1] INFO  com.dongbao.test_demo3.Schedule.ScheduledTasks - 异步任务执行 - 14:43:45
14:43:45.835 [taskExecutor-3] INFO  com.dongbao.test_demo3.Schedule.ScheduledTasks - 异步任务执行 - 14:43:45
14:43:45.835 [taskExecutor-4] INFO  com.dongbao.test_demo3.Schedule.ScheduledTasks - 异步任务执行 - 14:43:45
14:43:45.836 [taskExecutor-5] INFO  com.dongbao.test_demo3.Schedule.ScheduledTasks - 异步任务执行 - 14:43:45
14:43:50.843 [taskExecutor-3] INFO  com.dongbao.test_demo3.Schedule.ScheduledTasks - 异步任务执行结束 - 14:43:50
14:43:50.843 [taskExecutor-2] INFO  com.dongbao.test_demo3.Schedule.ScheduledTasks - 异步任务执行结束 - 14:43:50
14:43:50.843 [taskExecutor-1] INFO  com.dongbao.test_demo3.Schedule.ScheduledTasks - 异步任务执行结束 - 14:43:50
14:43:50.843 [scheduled-task-1] INFO  com.dongbao.test_demo3.Schedule.ScheduledTasks - 固定延迟任务执行 - 14:43:50
14:43:50.843 [taskExecutor-5] INFO  com.dongbao.test_demo3.Schedule.ScheduledTasks - 异步任务执行结束 - 14:43:50
14:43:50.843 [taskExecutor-4] INFO  com.dongbao.test_demo3.Schedule.ScheduledTasks - 异步任务执行结束 - 14:43:50
14:43:50.843 [taskExecutor-1] INFO  com.dongbao.test_demo3.Schedule.ScheduledTasks - 异步任务执行 - 14:43:50
14:43:50.843 [taskExecutor-3] INFO  com.dongbao.test_demo3.Schedule.ScheduledTasks - 异步任务执行 - 14:43:50
14:43:50.843 [taskExecutor-5] INFO  com.dongbao.test_demo3.Schedule.ScheduledTasks - 异步任务执行 - 14:43:50
14:43:50.843 [taskExecutor-4] INFO  com.dongbao.test_demo3.Schedule.ScheduledTasks - 异步任务执行 - 14:43:50
14:43:50.843 [taskExecutor-2] INFO  com.dongbao.test_demo3.Schedule.ScheduledTasks - 异步任务执行 - 14:43:50
14:43:55.858 [taskExecutor-1] INFO  com.dongbao.test_demo3.Schedule.ScheduledTasks - 异步任务执行结束 - 14:43:55
14:43:55.858 [taskExecutor-3] INFO  com.dongbao.test_demo3.Schedule.ScheduledTasks - 异步任务执行结束 - 14:43:55
14:43:55.858 [taskExecutor-2] INFO  com.dongbao.test_demo3.Schedule.ScheduledTasks - 异步任务执行结束 - 14:43:55
14:43:55.858 [scheduled-task-1] INFO  com.dongbao.test_demo3.Schedule.ScheduledTasks - 固定延迟任务执行结束 - 14:43:55
14:43:55.858 [taskExecutor-5] INFO  com.dongbao.test_demo3.Schedule.ScheduledTasks - 异步任务执行结束 - 14:43:55
14:43:55.858 [taskExecutor-4] INFO  com.dongbao.test_demo3.Schedule.ScheduledTasks - 异步任务执行结束 - 14:43:55
14:43:55.858 [taskExecutor-3] INFO  com.dongbao.test_demo3.Schedule.ScheduledTasks - 异步任务执行 - 14:43:55
14:43:55.859 [taskExecutor-2] INFO  com.dongbao.test_demo3.Schedule.ScheduledTasks - 异步任务执行 - 14:43:55
14:43:55.859 [taskExecutor-5] INFO  com.dongbao.test_demo3.Schedule.ScheduledTasks - 异步任务执行 - 14:43:55
14:43:55.858 [taskExecutor-1] INFO  com.dongbao.test_demo3.Schedule.ScheduledTasks - 异步任务执行 - 14:43:55
14:43:55.859 [taskExecutor-4] INFO  com.dongbao.test_demo3.Schedule.ScheduledTasks - 异步任务执行 - 14:43:55
14:44:00.871 [taskExecutor-3] INFO  com.dongbao.test_demo3.Schedule.ScheduledTasks - 异步任务执行结束 - 14:44:00
14:44:00.871 [taskExecutor-1] INFO  com.dongbao.test_demo3.Schedule.ScheduledTasks - 异步任务执行结束 - 14:44:00
14:44:00.872 [taskExecutor-4] INFO  com.dongbao.test_demo3.Schedule.ScheduledTasks - 异步任务执行结束 - 14:44:00
14:44:00.871 [taskExecutor-3] INFO  com.dongbao.test_demo3.Schedule.ScheduledTasks - 异步任务执行 - 14:44:00
14:44:00.871 [taskExecutor-2] INFO  com.dongbao.test_demo3.Schedule.ScheduledTasks - 异步任务执行结束 - 14:44:00
14:44:00.872 [taskExecutor-4] INFO  com.dongbao.test_demo3.Schedule.ScheduledTasks - 异步任务执行 - 14:44:00
14:44:00.873 [taskExecutor-1] INFO  com.dongbao.test_demo3.Schedule.ScheduledTasks - 异步任务执行 - 14:44:00
14:44:00.873 [taskExecutor-2] INFO  com.dongbao.test_demo3.Schedule.ScheduledTasks - 异步任务执行 - 14:44:00
14:44:00.872 [taskExecutor-5] INFO  com.dongbao.test_demo3.Schedule.ScheduledTasks - 异步任务执行结束 - 14:44:00
14:44:00.873 [taskExecutor-5] INFO  com.dongbao.test_demo3.Schedule.ScheduledTasks - 异步任务执行 - 14:44:00
14:44:00.873 [scheduled-task-1] INFO  com.dongbao.test_demo3.Schedule.ScheduledTasks - 固定延迟任务执行 - 14:44:00
14:44:05.872 [taskExecutor-3] INFO  com.dongbao.test_demo3.Schedule.ScheduledTasks - 异步任务执行结束 - 14:44:05
14:44:05.873 [taskExecutor-4] INFO  com.dongbao.test_demo3.Schedule.ScheduledTasks - 异步任务执行结束 - 14:44:05
14:44:05.873 [taskExecutor-1] INFO  com.dongbao.test_demo3.Schedule.ScheduledTasks - 异步任务执行结束 - 14:44:05
14:44:05.873 [taskExecutor-2] INFO  com.dongbao.test_demo3.Schedule.ScheduledTasks - 异步任务执行结束 - 14:44:05
14:44:05.874 [taskExecutor-5] INFO  com.dongbao.test_demo3.Schedule.ScheduledTasks - 异步任务执行结束 - 14:44:05
14:44:05.874 [scheduled-task-1] INFO  com.dongbao.test_demo3.Schedule.ScheduledTasks - 固定延迟任务执行结束 - 14:44:05
14:44:05.874 [taskExecutor-3] INFO  com.dongbao.test_demo3.Schedule.ScheduledTasks - 异步任务执行 - 14:44:05
14:44:05.874 [taskExecutor-4] INFO  com.dongbao.test_demo3.Schedule.ScheduledTasks - 异步任务执行 - 14:44:05
14:44:05.875 [taskExecutor-1] INFO  com.dongbao.test_demo3.Schedule.ScheduledTasks - 异步任务执行 - 14:44:05
14:44:05.875 [taskExecutor-5] INFO  com.dongbao.test_demo3.Schedule.ScheduledTasks - 异步任务执行 - 14:44:05
14:44:05.875 [taskExecutor-2] INFO  com.dongbao.test_demo3.Schedule.ScheduledTasks - 异步任务执行 - 14:44:05
14:44:10.887 [taskExecutor-2] INFO  com.dongbao.test_demo3.Schedule.ScheduledTasks - 异步任务执行结束 - 14:44:10
14:44:10.887 [taskExecutor-4] INFO  com.dongbao.test_demo3.Schedule.ScheduledTasks - 异步任务执行结束 - 14:44:10
14:44:10.887 [taskExecutor-5] INFO  com.dongbao.test_demo3.Schedule.ScheduledTasks - 异步任务执行结束 - 14:44:10
14:44:10.887 [scheduled-task-1] INFO  com.dongbao.test_demo3.Schedule.ScheduledTasks - 固定延迟任务执行 - 14:44:10
14:44:10.890 [taskExecutor-2] INFO  com.dongbao.test_demo3.Schedule.ScheduledTasks - 异步任务执行 - 14:44:10
14:44:10.887 [taskExecutor-3] INFO  com.dongbao.test_demo3.Schedule.ScheduledTasks - 异步任务执行结束 - 14:44:10
14:44:10.887 [taskExecutor-1] INFO  com.dongbao.test_demo3.Schedule.ScheduledTasks - 异步任务执行结束 - 14:44:10
14:44:10.890 [taskExecutor-4] INFO  com.dongbao.test_demo3.Schedule.ScheduledTasks - 异步任务执行 - 14:44:10
14:44:10.890 [taskExecutor-5] INFO  com.dongbao.test_demo3.Schedule.ScheduledTasks - 异步任务执行 - 14:44:10
14:44:10.891 [taskExecutor-1] INFO  com.dongbao.test_demo3.Schedule.ScheduledTasks - 异步任务执行 - 14:44:10
14:44:10.891 [taskExecutor-3] INFO  com.dongbao.test_demo3.Schedule.ScheduledTasks - 异步任务执行 - 14:44:10
14:44:11.141 [scheduled-task-1] INFO  com.dongbao.test_demo3.Schedule.ScheduledTasks - 固定延迟任务执行结束 - 14:44:11
14:44:15.900 [taskExecutor-2] INFO  com.dongbao.test_demo3.Schedule.ScheduledTasks - 异步任务执行结束 - 14:44:15
14:44:15.901 [taskExecutor-1] INFO  com.dongbao.test_demo3.Schedule.ScheduledTasks - 异步任务执行结束 - 14:44:15
14:44:15.902 [taskExecutor-3] INFO  com.dongbao.test_demo3.Schedule.ScheduledTasks - 异步任务执行结束 - 14:44:15
14:44:15.901 [taskExecutor-4] INFO  com.dongbao.test_demo3.Schedule.ScheduledTasks - 异步任务执行结束 - 14:44:15
14:44:15.902 [taskExecutor-5] INFO  com.dongbao.test_demo3.Schedule.ScheduledTasks - 异步任务执行结束 - 14:44:15
14:47:43.210 [main] INFO  com.dongbao.test_demo3.ScheduledTasksTest - Starting ScheduledTasksTest using Java 1.8.0_151 on IT-013487 with PID 15596 (started by 013487 in E:\javaProject\test_demo3)
14:47:43.211 [main] INFO  com.dongbao.test_demo3.ScheduledTasksTest - No active profile set, falling back to 1 default profile: "default"
14:47:43.764 [main] INFO  o.s.d.r.config.RepositoryConfigurationDelegate - Multiple Spring Data modules found, entering strict repository configuration mode
14:47:43.766 [main] INFO  o.s.d.r.config.RepositoryConfigurationDelegate - Bootstrapping Spring Data Redis repositories in DEFAULT mode.
14:47:43.783 [main] INFO  o.s.d.r.config.RepositoryConfigurationDelegate - Finished Spring Data repository scanning in 7 ms. Found 0 Redis repository interfaces.
14:47:45.128 [main] WARN  c.b.mybatisplus.core.injector.DefaultSqlInjector - class com.dongbao.test_demo3.entity.AttWorkHourDay ,Not found @TableId annotation, Cannot use Mybatis-Plus 'xxById' Method.
14:47:45.389 [main] INFO  com.dongbao.test_demo3.config.AsyncConfig - 异步任务执行器已启用
14:47:46.090 [main] INFO  o.s.b.a.web.servlet.WelcomePageHandlerMapping - Adding welcome page: class path resource [static/index.html]
14:47:46.260 [main] WARN  o.s.b.a.t.ThymeleafAutoConfiguration$DefaultTemplateResolverConfiguration - Cannot find template location: classpath:/templates/ (please add some templates, check your Thymeleaf configuration, or set spring.thymeleaf.check-template-location=false)
14:47:46.263 [main] WARN  org.thymeleaf.templatemode.TemplateMode - [THYMELEAF][main] Template Mode 'HTML5' is deprecated. Using Template Mode 'HTML' instead.
14:47:46.690 [main] INFO  com.dongbao.test_demo3.ScheduledTasksTest - Started ScheduledTasksTest in 3.786 seconds (JVM running for 4.413)
14:47:46.695 [scheduled-task-1] INFO  com.dongbao.test_demo3.Schedule.ScheduledTasks - 固定延迟任务执行 - 14:47:46
14:47:46.695 [taskExecutor-1] INFO  com.dongbao.test_demo3.Schedule.ScheduledTasks - 异步任务执行 - 14:47:46-taskExecutor-1
14:47:51.700 [taskExecutor-1] INFO  com.dongbao.test_demo3.Schedule.ScheduledTasks - 异步任务执行结束 - 14:47:51-taskExecutor-1
14:47:51.700 [scheduled-task-1] INFO  com.dongbao.test_demo3.Schedule.ScheduledTasks - 固定延迟任务执行结束 - 14:47:51
14:47:51.701 [taskExecutor-3] INFO  com.dongbao.test_demo3.Schedule.ScheduledTasks - 异步任务执行 - 14:47:51-taskExecutor-3
14:47:51.701 [taskExecutor-4] INFO  com.dongbao.test_demo3.Schedule.ScheduledTasks - 异步任务执行 - 14:47:51-taskExecutor-4
14:47:51.701 [taskExecutor-1] INFO  com.dongbao.test_demo3.Schedule.ScheduledTasks - 异步任务执行 - 14:47:51-taskExecutor-1
14:47:51.701 [taskExecutor-2] INFO  com.dongbao.test_demo3.Schedule.ScheduledTasks - 异步任务执行 - 14:47:51-taskExecutor-2
14:47:51.701 [taskExecutor-5] INFO  com.dongbao.test_demo3.Schedule.ScheduledTasks - 异步任务执行 - 14:47:51-taskExecutor-5
14:47:56.711 [taskExecutor-4] INFO  com.dongbao.test_demo3.Schedule.ScheduledTasks - 异步任务执行结束 - 14:47:56-taskExecutor-4
14:47:56.711 [taskExecutor-5] INFO  com.dongbao.test_demo3.Schedule.ScheduledTasks - 异步任务执行结束 - 14:47:56-taskExecutor-5
14:47:56.711 [taskExecutor-3] INFO  com.dongbao.test_demo3.Schedule.ScheduledTasks - 异步任务执行结束 - 14:47:56-taskExecutor-3
14:47:56.711 [taskExecutor-2] INFO  com.dongbao.test_demo3.Schedule.ScheduledTasks - 异步任务执行结束 - 14:47:56-taskExecutor-2
14:47:56.711 [taskExecutor-1] INFO  com.dongbao.test_demo3.Schedule.ScheduledTasks - 异步任务执行结束 - 14:47:56-taskExecutor-1
14:47:56.711 [scheduled-task-1] INFO  com.dongbao.test_demo3.Schedule.ScheduledTasks - 固定延迟任务执行 - 14:47:56
14:47:56.711 [taskExecutor-5] INFO  com.dongbao.test_demo3.Schedule.ScheduledTasks - 异步任务执行 - 14:47:56-taskExecutor-5
14:47:56.711 [taskExecutor-4] INFO  com.dongbao.test_demo3.Schedule.ScheduledTasks - 异步任务执行 - 14:47:56-taskExecutor-4
14:47:56.711 [taskExecutor-2] INFO  com.dongbao.test_demo3.Schedule.ScheduledTasks - 异步任务执行 - 14:47:56-taskExecutor-2
14:47:56.711 [taskExecutor-3] INFO  com.dongbao.test_demo3.Schedule.ScheduledTasks - 异步任务执行 - 14:47:56-taskExecutor-3
14:47:56.711 [taskExecutor-1] INFO  com.dongbao.test_demo3.Schedule.ScheduledTasks - 异步任务执行 - 14:47:56-taskExecutor-1
14:48:01.712 [taskExecutor-5] INFO  com.dongbao.test_demo3.Schedule.ScheduledTasks - 异步任务执行结束 - 14:48:01-taskExecutor-5
14:48:01.712 [scheduled-task-1] INFO  com.dongbao.test_demo3.Schedule.ScheduledTasks - 固定延迟任务执行结束 - 14:48:01
14:48:01.713 [taskExecutor-5] INFO  com.dongbao.test_demo3.Schedule.ScheduledTasks - 异步任务执行 - 14:48:01-taskExecutor-5
14:48:01.713 [taskExecutor-4] INFO  com.dongbao.test_demo3.Schedule.ScheduledTasks - 异步任务执行结束 - 14:48:01-taskExecutor-4
14:48:01.713 [taskExecutor-4] INFO  com.dongbao.test_demo3.Schedule.ScheduledTasks - 异步任务执行 - 14:48:01-taskExecutor-4
14:48:01.713 [taskExecutor-2] INFO  com.dongbao.test_demo3.Schedule.ScheduledTasks - 异步任务执行结束 - 14:48:01-taskExecutor-2
14:48:01.713 [taskExecutor-3] INFO  com.dongbao.test_demo3.Schedule.ScheduledTasks - 异步任务执行结束 - 14:48:01-taskExecutor-3
14:48:01.713 [taskExecutor-2] INFO  com.dongbao.test_demo3.Schedule.ScheduledTasks - 异步任务执行 - 14:48:01-taskExecutor-2
14:48:01.713 [taskExecutor-3] INFO  com.dongbao.test_demo3.Schedule.ScheduledTasks - 异步任务执行 - 14:48:01-taskExecutor-3
14:48:01.714 [taskExecutor-1] INFO  com.dongbao.test_demo3.Schedule.ScheduledTasks - 异步任务执行结束 - 14:48:01-taskExecutor-1
14:48:01.714 [taskExecutor-1] INFO  com.dongbao.test_demo3.Schedule.ScheduledTasks - 异步任务执行 - 14:48:01-taskExecutor-1
14:48:06.720 [taskExecutor-3] INFO  com.dongbao.test_demo3.Schedule.ScheduledTasks - 异步任务执行结束 - 14:48:06-taskExecutor-3
14:48:06.720 [taskExecutor-1] INFO  com.dongbao.test_demo3.Schedule.ScheduledTasks - 异步任务执行结束 - 14:48:06-taskExecutor-1
14:48:06.720 [taskExecutor-5] INFO  com.dongbao.test_demo3.Schedule.ScheduledTasks - 异步任务执行结束 - 14:48:06-taskExecutor-5
14:48:06.720 [taskExecutor-2] INFO  com.dongbao.test_demo3.Schedule.ScheduledTasks - 异步任务执行结束 - 14:48:06-taskExecutor-2
14:48:06.720 [taskExecutor-3] INFO  com.dongbao.test_demo3.Schedule.ScheduledTasks - 异步任务执行 - 14:48:06-taskExecutor-3
14:48:06.720 [taskExecutor-4] INFO  com.dongbao.test_demo3.Schedule.ScheduledTasks - 异步任务执行结束 - 14:48:06-taskExecutor-4
14:48:06.720 [taskExecutor-2] INFO  com.dongbao.test_demo3.Schedule.ScheduledTasks - 异步任务执行 - 14:48:06-taskExecutor-2
14:48:06.720 [taskExecutor-1] INFO  com.dongbao.test_demo3.Schedule.ScheduledTasks - 异步任务执行 - 14:48:06-taskExecutor-1
14:48:06.720 [scheduled-task-1] INFO  com.dongbao.test_demo3.Schedule.ScheduledTasks - 固定延迟任务执行 - 14:48:06
14:48:06.720 [taskExecutor-4] INFO  com.dongbao.test_demo3.Schedule.ScheduledTasks - 异步任务执行 - 14:48:06-taskExecutor-4
14:48:06.720 [taskExecutor-5] INFO  com.dongbao.test_demo3.Schedule.ScheduledTasks - 异步任务执行 - 14:48:06-taskExecutor-5
14:48:11.730 [taskExecutor-3] INFO  com.dongbao.test_demo3.Schedule.ScheduledTasks - 异步任务执行结束 - 14:48:11-taskExecutor-3
14:48:11.730 [taskExecutor-1] INFO  com.dongbao.test_demo3.Schedule.ScheduledTasks - 异步任务执行结束 - 14:48:11-taskExecutor-1
14:48:11.730 [taskExecutor-2] INFO  com.dongbao.test_demo3.Schedule.ScheduledTasks - 异步任务执行结束 - 14:48:11-taskExecutor-2
14:48:11.731 [scheduled-task-1] INFO  com.dongbao.test_demo3.Schedule.ScheduledTasks - 固定延迟任务执行结束 - 14:48:11
14:48:11.732 [taskExecutor-3] INFO  com.dongbao.test_demo3.Schedule.ScheduledTasks - 异步任务执行 - 14:48:11-taskExecutor-3
14:48:11.733 [taskExecutor-1] INFO  com.dongbao.test_demo3.Schedule.ScheduledTasks - 异步任务执行 - 14:48:11-taskExecutor-1
14:48:11.733 [taskExecutor-2] INFO  com.dongbao.test_demo3.Schedule.ScheduledTasks - 异步任务执行 - 14:48:11-taskExecutor-2
14:48:11.733 [taskExecutor-4] INFO  com.dongbao.test_demo3.Schedule.ScheduledTasks - 异步任务执行结束 - 14:48:11-taskExecutor-4
14:48:11.733 [taskExecutor-4] INFO  com.dongbao.test_demo3.Schedule.ScheduledTasks - 异步任务执行 - 14:48:11-taskExecutor-4
14:48:11.734 [taskExecutor-5] INFO  com.dongbao.test_demo3.Schedule.ScheduledTasks - 异步任务执行结束 - 14:48:11-taskExecutor-5
14:48:11.734 [taskExecutor-5] INFO  com.dongbao.test_demo3.Schedule.ScheduledTasks - 异步任务执行 - 14:48:11-taskExecutor-5
14:48:16.733 [scheduled-task-1] INFO  com.dongbao.test_demo3.Schedule.ScheduledTasks - 固定延迟任务执行 - 14:48:16
14:48:16.733 [taskExecutor-3] INFO  com.dongbao.test_demo3.Schedule.ScheduledTasks - 异步任务执行结束 - 14:48:16-taskExecutor-3
14:48:16.733 [taskExecutor-3] INFO  com.dongbao.test_demo3.Schedule.ScheduledTasks - 异步任务执行 - 14:48:16-taskExecutor-3
14:48:16.748 [taskExecutor-4] INFO  com.dongbao.test_demo3.Schedule.ScheduledTasks - 异步任务执行结束 - 14:48:16-taskExecutor-4
14:48:16.750 [taskExecutor-1] INFO  com.dongbao.test_demo3.Schedule.ScheduledTasks - 异步任务执行结束 - 14:48:16-taskExecutor-1
14:48:16.749 [taskExecutor-4] INFO  com.dongbao.test_demo3.Schedule.ScheduledTasks - 异步任务执行 - 14:48:16-taskExecutor-4
14:48:16.750 [taskExecutor-1] INFO  com.dongbao.test_demo3.Schedule.ScheduledTasks - 异步任务执行 - 14:48:16-taskExecutor-1
14:48:16.751 [taskExecutor-2] INFO  com.dongbao.test_demo3.Schedule.ScheduledTasks - 异步任务执行结束 - 14:48:16-taskExecutor-2
14:48:16.751 [taskExecutor-2] INFO  com.dongbao.test_demo3.Schedule.ScheduledTasks - 异步任务执行 - 14:48:16-taskExecutor-2
14:48:16.752 [taskExecutor-5] INFO  com.dongbao.test_demo3.Schedule.ScheduledTasks - 异步任务执行结束 - 14:48:16-taskExecutor-5
14:48:16.752 [taskExecutor-5] INFO  com.dongbao.test_demo3.Schedule.ScheduledTasks - 异步任务执行 - 14:48:16-taskExecutor-5
14:48:21.743 [scheduled-task-1] INFO  com.dongbao.test_demo3.Schedule.ScheduledTasks - 固定延迟任务执行结束 - 14:48:21
14:48:21.745 [taskExecutor-3] INFO  com.dongbao.test_demo3.Schedule.ScheduledTasks - 异步任务执行结束 - 14:48:21-taskExecutor-3
14:48:21.745 [taskExecutor-3] INFO  com.dongbao.test_demo3.Schedule.ScheduledTasks - 异步任务执行 - 14:48:21-taskExecutor-3
14:48:21.759 [taskExecutor-5] INFO  com.dongbao.test_demo3.Schedule.ScheduledTasks - 异步任务执行结束 - 14:48:21-taskExecutor-5
14:48:21.760 [taskExecutor-5] INFO  com.dongbao.test_demo3.Schedule.ScheduledTasks - 异步任务执行 - 14:48:21-taskExecutor-5
14:48:21.762 [taskExecutor-1] INFO  com.dongbao.test_demo3.Schedule.ScheduledTasks - 异步任务执行结束 - 14:48:21-taskExecutor-1
14:48:21.762 [taskExecutor-1] INFO  com.dongbao.test_demo3.Schedule.ScheduledTasks - 异步任务执行 - 14:48:21-taskExecutor-1
14:48:21.762 [taskExecutor-4] INFO  com.dongbao.test_demo3.Schedule.ScheduledTasks - 异步任务执行结束 - 14:48:21-taskExecutor-4
14:48:21.764 [taskExecutor-4] INFO  com.dongbao.test_demo3.Schedule.ScheduledTasks - 异步任务执行 - 14:48:21-taskExecutor-4
14:48:21.762 [taskExecutor-2] INFO  com.dongbao.test_demo3.Schedule.ScheduledTasks - 异步任务执行结束 - 14:48:21-taskExecutor-2
14:48:21.764 [taskExecutor-2] INFO  com.dongbao.test_demo3.Schedule.ScheduledTasks - 异步任务执行 - 14:48:21-taskExecutor-2
14:48:26.746 [scheduled-task-1] INFO  com.dongbao.test_demo3.Schedule.ScheduledTasks - 固定延迟任务执行 - 14:48:26
14:48:26.746 [taskExecutor-3] INFO  com.dongbao.test_demo3.Schedule.ScheduledTasks - 异步任务执行结束 - 14:48:26-taskExecutor-3
14:48:26.747 [taskExecutor-3] INFO  com.dongbao.test_demo3.Schedule.ScheduledTasks - 异步任务执行 - 14:48:26-taskExecutor-3
14:48:26.762 [taskExecutor-5] INFO  com.dongbao.test_demo3.Schedule.ScheduledTasks - 异步任务执行结束 - 14:48:26-taskExecutor-5
14:48:26.762 [taskExecutor-5] INFO  com.dongbao.test_demo3.Schedule.ScheduledTasks - 异步任务执行 - 14:48:26-taskExecutor-5
14:48:26.778 [taskExecutor-2] INFO  com.dongbao.test_demo3.Schedule.ScheduledTasks - 异步任务执行结束 - 14:48:26-taskExecutor-2
14:48:26.778 [taskExecutor-2] INFO  com.dongbao.test_demo3.Schedule.ScheduledTasks - 异步任务执行 - 14:48:26-taskExecutor-2
14:48:26.778 [taskExecutor-4] INFO  com.dongbao.test_demo3.Schedule.ScheduledTasks - 异步任务执行结束 - 14:48:26-taskExecutor-4
14:48:26.778 [taskExecutor-1] INFO  com.dongbao.test_demo3.Schedule.ScheduledTasks - 异步任务执行结束 - 14:48:26-taskExecutor-1
14:48:26.778 [taskExecutor-4] INFO  com.dongbao.test_demo3.Schedule.ScheduledTasks - 异步任务执行 - 14:48:26-taskExecutor-4
14:48:26.778 [taskExecutor-1] INFO  com.dongbao.test_demo3.Schedule.ScheduledTasks - 异步任务执行 - 14:48:26-taskExecutor-1
14:48:26.983 [scheduled-task-1] INFO  com.dongbao.test_demo3.Schedule.ScheduledTasks - 固定延迟任务执行结束 - 14:48:26
14:48:31.757 [taskExecutor-3] INFO  com.dongbao.test_demo3.Schedule.ScheduledTasks - 异步任务执行结束 - 14:48:31-taskExecutor-3
14:48:31.773 [taskExecutor-5] INFO  com.dongbao.test_demo3.Schedule.ScheduledTasks - 异步任务执行结束 - 14:48:31-taskExecutor-5
14:48:31.788 [taskExecutor-4] INFO  com.dongbao.test_demo3.Schedule.ScheduledTasks - 异步任务执行结束 - 14:48:31-taskExecutor-4
14:48:31.788 [taskExecutor-2] INFO  com.dongbao.test_demo3.Schedule.ScheduledTasks - 异步任务执行结束 - 14:48:31-taskExecutor-2
14:48:31.788 [taskExecutor-1] INFO  com.dongbao.test_demo3.Schedule.ScheduledTasks - 异步任务执行结束 - 14:48:31-taskExecutor-1
15:23:09.594 [main] INFO  com.dongbao.test_demo3.TestMybatisPlus - Starting TestMybatisPlus using Java 1.8.0_151 on IT-013487 with PID 26132 (started by 013487 in E:\javaProject\test_demo3)
15:23:09.601 [main] INFO  com.dongbao.test_demo3.TestMybatisPlus - No active profile set, falling back to 1 default profile: "default"
15:23:10.215 [main] INFO  o.s.d.r.config.RepositoryConfigurationDelegate - Multiple Spring Data modules found, entering strict repository configuration mode
15:23:10.218 [main] INFO  o.s.d.r.config.RepositoryConfigurationDelegate - Bootstrapping Spring Data Redis repositories in DEFAULT mode.
15:23:10.238 [main] INFO  o.s.d.r.config.RepositoryConfigurationDelegate - Finished Spring Data repository scanning in 7 ms. Found 0 Redis repository interfaces.
15:23:10.330 [main] WARN  org.mybatis.spring.mapper.ClassPathMapperScanner - Skipping MapperFactoryBean with name 'attWorkHourDayPlusMapper' and 'com.dongbao.test_demo3.mapper.AttWorkHourDayPlusMapper' mapperInterface. Bean already defined with the same name!
15:23:10.330 [main] WARN  org.mybatis.spring.mapper.ClassPathMapperScanner - Skipping MapperFactoryBean with name 'empInfoMapper' and 'com.dongbao.test_demo3.mapper.EmpInfoMapper' mapperInterface. Bean already defined with the same name!
15:23:10.330 [main] WARN  org.mybatis.spring.mapper.ClassPathMapperScanner - Skipping MapperFactoryBean with name 'empInfoMybatisPlusMapper' and 'com.dongbao.test_demo3.mapper.EmpInfoMybatisPlusMapper' mapperInterface. Bean already defined with the same name!
15:23:10.330 [main] WARN  org.mybatis.spring.mapper.ClassPathMapperScanner - No MyBatis mapper was found in '[com.dongbao.test_demo3.mapper]' package. Please check your configuration.
15:23:11.872 [main] WARN  c.b.mybatisplus.core.injector.DefaultSqlInjector - class com.dongbao.test_demo3.entity.AttWorkHourDay ,Not found @TableId annotation, Cannot use Mybatis-Plus 'xxById' Method.
15:23:12.124 [main] INFO  com.dongbao.test_demo3.config.AsyncConfig - 异步任务执行器已启用
15:23:12.774 [main] INFO  o.s.b.a.web.servlet.WelcomePageHandlerMapping - Adding welcome page: class path resource [static/index.html]
15:23:12.985 [main] WARN  o.s.b.a.t.ThymeleafAutoConfiguration$DefaultTemplateResolverConfiguration - Cannot find template location: classpath:/templates/ (please add some templates, check your Thymeleaf configuration, or set spring.thymeleaf.check-template-location=false)
15:23:12.987 [main] WARN  org.thymeleaf.templatemode.TemplateMode - [THYMELEAF][main] Template Mode 'HTML5' is deprecated. Using Template Mode 'HTML' instead.
15:23:13.389 [main] INFO  com.dongbao.test_demo3.TestMybatisPlus - Started TestMybatisPlus in 4.131 seconds (JVM running for 4.895)
15:23:13.395 [taskExecutor-1] INFO  com.dongbao.test_demo3.Schedule.ScheduledTasks - 异步任务执行 - 15:23:13-taskExecutor-1
15:23:13.395 [scheduled-task-1] INFO  com.dongbao.test_demo3.Schedule.ScheduledTasks - 固定延迟任务执行 - 15:23:13
15:23:13.460 [scheduled-task-1] INFO  com.dongbao.test_demo3.Schedule.ScheduledTasks - 固定延迟任务执行结束 - 15:23:13
15:23:18.410 [taskExecutor-1] INFO  com.dongbao.test_demo3.Schedule.ScheduledTasks - 异步任务执行结束 - 15:23:18-taskExecutor-1
15:24:30.028 [main] INFO  com.dongbao.test_demo3.TestMybatisPlus - Starting TestMybatisPlus using Java 1.8.0_151 on IT-013487 with PID 11204 (started by 013487 in E:\javaProject\test_demo3)
15:24:30.029 [main] INFO  com.dongbao.test_demo3.TestMybatisPlus - No active profile set, falling back to 1 default profile: "default"
15:24:30.571 [main] INFO  o.s.d.r.config.RepositoryConfigurationDelegate - Multiple Spring Data modules found, entering strict repository configuration mode
15:24:30.574 [main] INFO  o.s.d.r.config.RepositoryConfigurationDelegate - Bootstrapping Spring Data Redis repositories in DEFAULT mode.
15:24:30.591 [main] INFO  o.s.d.r.config.RepositoryConfigurationDelegate - Finished Spring Data repository scanning in 7 ms. Found 0 Redis repository interfaces.
15:24:30.688 [main] WARN  org.mybatis.spring.mapper.ClassPathMapperScanner - Skipping MapperFactoryBean with name 'attWorkHourDayPlusMapper' and 'com.dongbao.test_demo3.mapper.AttWorkHourDayPlusMapper' mapperInterface. Bean already defined with the same name!
15:24:30.688 [main] WARN  org.mybatis.spring.mapper.ClassPathMapperScanner - Skipping MapperFactoryBean with name 'empInfoMapper' and 'com.dongbao.test_demo3.mapper.EmpInfoMapper' mapperInterface. Bean already defined with the same name!
15:24:30.688 [main] WARN  org.mybatis.spring.mapper.ClassPathMapperScanner - Skipping MapperFactoryBean with name 'empInfoMybatisPlusMapper' and 'com.dongbao.test_demo3.mapper.EmpInfoMybatisPlusMapper' mapperInterface. Bean already defined with the same name!
15:24:30.689 [main] WARN  org.mybatis.spring.mapper.ClassPathMapperScanner - No MyBatis mapper was found in '[com.dongbao.test_demo3.mapper]' package. Please check your configuration.
15:24:32.084 [main] WARN  c.b.mybatisplus.core.injector.DefaultSqlInjector - class com.dongbao.test_demo3.entity.AttWorkHourDay ,Not found @TableId annotation, Cannot use Mybatis-Plus 'xxById' Method.
15:24:32.300 [main] INFO  com.dongbao.test_demo3.config.AsyncConfig - 异步任务执行器已启用
15:24:32.971 [main] INFO  o.s.b.a.web.servlet.WelcomePageHandlerMapping - Adding welcome page: class path resource [static/index.html]
15:24:33.279 [main] WARN  o.s.b.a.t.ThymeleafAutoConfiguration$DefaultTemplateResolverConfiguration - Cannot find template location: classpath:/templates/ (please add some templates, check your Thymeleaf configuration, or set spring.thymeleaf.check-template-location=false)
15:24:33.282 [main] WARN  org.thymeleaf.templatemode.TemplateMode - [THYMELEAF][main] Template Mode 'HTML5' is deprecated. Using Template Mode 'HTML' instead.
15:24:33.818 [main] INFO  com.dongbao.test_demo3.TestMybatisPlus - Started TestMybatisPlus in 4.075 seconds (JVM running for 4.699)
15:24:33.825 [scheduled-task-1] INFO  com.dongbao.test_demo3.Schedule.ScheduledTasks - 固定延迟任务执行 - 15:24:33
15:24:33.825 [taskExecutor-1] INFO  com.dongbao.test_demo3.Schedule.ScheduledTasks - 异步任务执行 - 15:24:33-taskExecutor-1
15:24:33.931 [scheduled-task-1] INFO  com.dongbao.test_demo3.Schedule.ScheduledTasks - 固定延迟任务执行结束 - 15:24:33
15:24:38.842 [taskExecutor-1] INFO  com.dongbao.test_demo3.Schedule.ScheduledTasks - 异步任务执行结束 - 15:24:38-taskExecutor-1
15:24:48.099 [main] INFO  com.dongbao.test_demo3.TestMybatisPlus - Starting TestMybatisPlus using Java 1.8.0_151 on IT-013487 with PID 3796 (started by 013487 in E:\javaProject\test_demo3)
15:24:48.100 [main] INFO  com.dongbao.test_demo3.TestMybatisPlus - No active profile set, falling back to 1 default profile: "default"
15:24:48.646 [main] INFO  o.s.d.r.config.RepositoryConfigurationDelegate - Multiple Spring Data modules found, entering strict repository configuration mode
15:24:48.649 [main] INFO  o.s.d.r.config.RepositoryConfigurationDelegate - Bootstrapping Spring Data Redis repositories in DEFAULT mode.
15:24:48.666 [main] INFO  o.s.d.r.config.RepositoryConfigurationDelegate - Finished Spring Data repository scanning in 8 ms. Found 0 Redis repository interfaces.
15:24:48.753 [main] WARN  org.mybatis.spring.mapper.ClassPathMapperScanner - Skipping MapperFactoryBean with name 'attWorkHourDayPlusMapper' and 'com.dongbao.test_demo3.mapper.AttWorkHourDayPlusMapper' mapperInterface. Bean already defined with the same name!
15:24:48.753 [main] WARN  org.mybatis.spring.mapper.ClassPathMapperScanner - Skipping MapperFactoryBean with name 'empInfoMapper' and 'com.dongbao.test_demo3.mapper.EmpInfoMapper' mapperInterface. Bean already defined with the same name!
15:24:48.753 [main] WARN  org.mybatis.spring.mapper.ClassPathMapperScanner - Skipping MapperFactoryBean with name 'empInfoMybatisPlusMapper' and 'com.dongbao.test_demo3.mapper.EmpInfoMybatisPlusMapper' mapperInterface. Bean already defined with the same name!
15:24:48.753 [main] WARN  org.mybatis.spring.mapper.ClassPathMapperScanner - No MyBatis mapper was found in '[com.dongbao.test_demo3.mapper]' package. Please check your configuration.
15:24:50.002 [main] WARN  c.b.mybatisplus.core.injector.DefaultSqlInjector - class com.dongbao.test_demo3.entity.AttWorkHourDay ,Not found @TableId annotation, Cannot use Mybatis-Plus 'xxById' Method.
15:24:50.212 [main] INFO  com.dongbao.test_demo3.config.AsyncConfig - 异步任务执行器已启用
15:24:50.878 [main] INFO  o.s.b.a.web.servlet.WelcomePageHandlerMapping - Adding welcome page: class path resource [static/index.html]
15:24:51.082 [main] WARN  o.s.b.a.t.ThymeleafAutoConfiguration$DefaultTemplateResolverConfiguration - Cannot find template location: classpath:/templates/ (please add some templates, check your Thymeleaf configuration, or set spring.thymeleaf.check-template-location=false)
15:24:51.087 [main] WARN  org.thymeleaf.templatemode.TemplateMode - [THYMELEAF][main] Template Mode 'HTML5' is deprecated. Using Template Mode 'HTML' instead.
15:24:51.604 [main] INFO  com.dongbao.test_demo3.TestMybatisPlus - Started TestMybatisPlus in 3.788 seconds (JVM running for 4.411)
15:24:51.610 [taskExecutor-1] INFO  com.dongbao.test_demo3.Schedule.ScheduledTasks - 异步任务执行 - 15:24:51-taskExecutor-1
15:24:51.610 [scheduled-task-1] INFO  com.dongbao.test_demo3.Schedule.ScheduledTasks - 固定延迟任务执行 - 15:24:51
15:24:51.704 [scheduled-task-1] INFO  com.dongbao.test_demo3.Schedule.ScheduledTasks - 固定延迟任务执行结束 - 15:24:51
15:24:56.615 [taskExecutor-1] INFO  com.dongbao.test_demo3.Schedule.ScheduledTasks - 异步任务执行结束 - 15:24:56-taskExecutor-1
15:25:54.872 [main] INFO  com.dongbao.test_demo3.TestMybatisPlus - Starting TestMybatisPlus using Java 1.8.0_151 on IT-013487 with PID 11192 (started by 013487 in E:\javaProject\test_demo3)
15:25:54.873 [main] INFO  com.dongbao.test_demo3.TestMybatisPlus - No active profile set, falling back to 1 default profile: "default"
15:25:55.435 [main] INFO  o.s.d.r.config.RepositoryConfigurationDelegate - Multiple Spring Data modules found, entering strict repository configuration mode
15:25:55.436 [main] INFO  o.s.d.r.config.RepositoryConfigurationDelegate - Bootstrapping Spring Data Redis repositories in DEFAULT mode.
15:25:55.452 [main] INFO  o.s.d.r.config.RepositoryConfigurationDelegate - Finished Spring Data repository scanning in 7 ms. Found 0 Redis repository interfaces.
15:25:55.530 [main] WARN  org.mybatis.spring.mapper.ClassPathMapperScanner - Skipping MapperFactoryBean with name 'attWorkHourDayPlusMapper' and 'com.dongbao.test_demo3.mapper.AttWorkHourDayPlusMapper' mapperInterface. Bean already defined with the same name!
15:25:55.530 [main] WARN  org.mybatis.spring.mapper.ClassPathMapperScanner - Skipping MapperFactoryBean with name 'empInfoMapper' and 'com.dongbao.test_demo3.mapper.EmpInfoMapper' mapperInterface. Bean already defined with the same name!
15:25:55.530 [main] WARN  org.mybatis.spring.mapper.ClassPathMapperScanner - Skipping MapperFactoryBean with name 'empInfoMybatisPlusMapper' and 'com.dongbao.test_demo3.mapper.EmpInfoMybatisPlusMapper' mapperInterface. Bean already defined with the same name!
15:25:55.530 [main] WARN  org.mybatis.spring.mapper.ClassPathMapperScanner - No MyBatis mapper was found in '[com.dongbao.test_demo3.mapper]' package. Please check your configuration.
15:25:56.879 [main] WARN  c.b.mybatisplus.core.injector.DefaultSqlInjector - class com.dongbao.test_demo3.entity.AttWorkHourDay ,Not found @TableId annotation, Cannot use Mybatis-Plus 'xxById' Method.
15:25:57.110 [main] INFO  com.dongbao.test_demo3.config.AsyncConfig - 异步任务执行器已启用
15:25:57.777 [main] INFO  o.s.b.a.web.servlet.WelcomePageHandlerMapping - Adding welcome page: class path resource [static/index.html]
15:25:58.045 [main] WARN  o.s.b.a.t.ThymeleafAutoConfiguration$DefaultTemplateResolverConfiguration - Cannot find template location: classpath:/templates/ (please add some templates, check your Thymeleaf configuration, or set spring.thymeleaf.check-template-location=false)
15:25:58.048 [main] WARN  org.thymeleaf.templatemode.TemplateMode - [THYMELEAF][main] Template Mode 'HTML5' is deprecated. Using Template Mode 'HTML' instead.
15:25:58.527 [main] INFO  com.dongbao.test_demo3.TestMybatisPlus - Started TestMybatisPlus in 3.938 seconds (JVM running for 4.581)
15:25:58.533 [scheduled-task-1] INFO  com.dongbao.test_demo3.Schedule.ScheduledTasks - 固定延迟任务执行 - 15:25:58
15:25:58.533 [taskExecutor-1] INFO  com.dongbao.test_demo3.Schedule.ScheduledTasks - 异步任务执行 - 15:25:58-taskExecutor-1
15:25:58.630 [scheduled-task-1] INFO  com.dongbao.test_demo3.Schedule.ScheduledTasks - 固定延迟任务执行结束 - 15:25:58
15:26:03.539 [taskExecutor-1] INFO  com.dongbao.test_demo3.Schedule.ScheduledTasks - 异步任务执行结束 - 15:26:03-taskExecutor-1
15:27:07.193 [main] INFO  com.dongbao.test_demo3.TestMybatisPlus - Starting TestMybatisPlus using Java 1.8.0_151 on IT-013487 with PID 20804 (started by 013487 in E:\javaProject\test_demo3)
15:27:07.194 [main] INFO  com.dongbao.test_demo3.TestMybatisPlus - No active profile set, falling back to 1 default profile: "default"
15:27:07.720 [main] INFO  o.s.d.r.config.RepositoryConfigurationDelegate - Multiple Spring Data modules found, entering strict repository configuration mode
15:27:07.723 [main] INFO  o.s.d.r.config.RepositoryConfigurationDelegate - Bootstrapping Spring Data Redis repositories in DEFAULT mode.
15:27:07.749 [main] INFO  o.s.d.r.config.RepositoryConfigurationDelegate - Finished Spring Data repository scanning in 11 ms. Found 0 Redis repository interfaces.
15:27:07.858 [main] WARN  org.mybatis.spring.mapper.ClassPathMapperScanner - Skipping MapperFactoryBean with name 'attWorkHourDayPlusMapper' and 'com.dongbao.test_demo3.mapper.AttWorkHourDayPlusMapper' mapperInterface. Bean already defined with the same name!
15:27:07.859 [main] WARN  org.mybatis.spring.mapper.ClassPathMapperScanner - Skipping MapperFactoryBean with name 'empInfoMapper' and 'com.dongbao.test_demo3.mapper.EmpInfoMapper' mapperInterface. Bean already defined with the same name!
15:27:07.859 [main] WARN  org.mybatis.spring.mapper.ClassPathMapperScanner - Skipping MapperFactoryBean with name 'empInfoMybatisPlusMapper' and 'com.dongbao.test_demo3.mapper.EmpInfoMybatisPlusMapper' mapperInterface. Bean already defined with the same name!
15:27:07.859 [main] WARN  org.mybatis.spring.mapper.ClassPathMapperScanner - No MyBatis mapper was found in '[com.dongbao.test_demo3.mapper]' package. Please check your configuration.
15:27:09.084 [main] WARN  c.b.mybatisplus.core.injector.DefaultSqlInjector - class com.dongbao.test_demo3.entity.AttWorkHourDay ,Not found @TableId annotation, Cannot use Mybatis-Plus 'xxById' Method.
15:27:09.289 [main] INFO  com.dongbao.test_demo3.config.AsyncConfig - 异步任务执行器已启用
15:27:09.893 [main] INFO  o.s.b.a.web.servlet.WelcomePageHandlerMapping - Adding welcome page: class path resource [static/index.html]
15:27:10.089 [main] WARN  o.s.b.a.t.ThymeleafAutoConfiguration$DefaultTemplateResolverConfiguration - Cannot find template location: classpath:/templates/ (please add some templates, check your Thymeleaf configuration, or set spring.thymeleaf.check-template-location=false)
15:27:10.092 [main] WARN  org.thymeleaf.templatemode.TemplateMode - [THYMELEAF][main] Template Mode 'HTML5' is deprecated. Using Template Mode 'HTML' instead.
15:27:10.637 [main] INFO  com.dongbao.test_demo3.TestMybatisPlus - Started TestMybatisPlus in 3.723 seconds (JVM running for 4.374)
