08:48:13.821 [main] INFO  com.dongbao.test_demo3.RedisConnectionTest - Starting RedisConnectionTest using Java 1.8.0_151 on IT-013487 with PID 24004 (started by 013487 in E:\javaProject\test_demo3)
08:48:13.826 [main] INFO  com.dongbao.test_demo3.RedisConnectionTest - No active profile set, falling back to 1 default profile: "default"
08:48:14.504 [main] INFO  o.s.d.r.config.RepositoryConfigurationDelegate - Multiple Spring Data modules found, entering strict repository configuration mode
08:48:14.508 [main] INFO  o.s.d.r.config.RepositoryConfigurationDelegate - Bootstrapping Spring Data Redis repositories in DEFAULT mode.
08:48:14.537 [main] INFO  o.s.d.r.config.RepositoryConfigurationDelegate - Finished Spring Data repository scanning in 15 ms. Found 0 Redis repository interfaces.
08:48:15.785 [main] WARN  c.b.mybatisplus.core.injector.DefaultSqlInjector - class com.dongbao.test_demo3.entity.AttWorkHourDay ,Not found @TableId annotation, Cannot use Mybatis-Plus 'xxById' Method.
08:48:16.038 [main] INFO  com.dongbao.test_demo3.config.AsyncConfig - 异步任务执行器已启用
08:48:16.712 [main] INFO  o.s.b.a.web.servlet.WelcomePageHandlerMapping - Adding welcome page: class path resource [static/index.html]
08:48:16.960 [main] WARN  o.s.b.a.t.ThymeleafAutoConfiguration$DefaultTemplateResolverConfiguration - Cannot find template location: classpath:/templates/ (please add some templates, check your Thymeleaf configuration, or set spring.thymeleaf.check-template-location=false)
08:48:16.965 [main] WARN  org.thymeleaf.templatemode.TemplateMode - [THYMELEAF][main] Template Mode 'HTML5' is deprecated. Using Template Mode 'HTML' instead.
08:48:17.374 [main] INFO  com.dongbao.test_demo3.RedisConnectionTest - Started RedisConnectionTest in 3.843 seconds (JVM running for 4.64)
09:03:08.072 [restartedMain] INFO  com.dongbao.test_demo3.TestDemo3Application - Starting TestDemo3Application using Java 1.8.0_151 on IT-013487 with PID 11152 (E:\javaProject\test_demo3\target\classes started by 013487 in E:\javaProject\test_demo3)
09:03:08.073 [restartedMain] INFO  com.dongbao.test_demo3.TestDemo3Application - No active profile set, falling back to 1 default profile: "default"
09:03:08.098 [restartedMain] INFO  o.s.b.d.env.DevToolsPropertyDefaultsPostProcessor - For additional web related logging consider setting the 'logging.level.web' property to 'DEBUG'
09:03:08.518 [restartedMain] INFO  o.s.d.r.config.RepositoryConfigurationDelegate - Multiple Spring Data modules found, entering strict repository configuration mode
09:03:08.520 [restartedMain] INFO  o.s.d.r.config.RepositoryConfigurationDelegate - Bootstrapping Spring Data Redis repositories in DEFAULT mode.
09:03:08.534 [restartedMain] INFO  o.s.d.r.config.RepositoryConfigurationDelegate - Finished Spring Data repository scanning in 6 ms. Found 0 Redis repository interfaces.
09:03:08.840 [restartedMain] INFO  o.s.boot.web.embedded.tomcat.TomcatWebServer - Tomcat initialized with port(s): 8080 (http)
09:03:08.845 [restartedMain] INFO  org.apache.coyote.http11.Http11NioProtocol - Initializing ProtocolHandler ["http-nio-8080"]
09:03:08.845 [restartedMain] INFO  org.apache.catalina.core.StandardService - Starting service [Tomcat]
09:03:08.845 [restartedMain] INFO  org.apache.catalina.core.StandardEngine - Starting Servlet engine: [Apache Tomcat/9.0.69]
09:03:08.925 [restartedMain] INFO  o.a.c.core.ContainerBase.[Tomcat].[localhost].[/] - Initializing Spring embedded WebApplicationContext
09:03:08.925 [restartedMain] INFO  o.s.b.w.s.c.ServletWebServerApplicationContext - Root WebApplicationContext: initialization completed in 826 ms
09:03:09.361 [restartedMain] WARN  c.b.mybatisplus.core.injector.DefaultSqlInjector - class com.dongbao.test_demo3.entity.AttWorkHourDay ,Not found @TableId annotation, Cannot use Mybatis-Plus 'xxById' Method.
09:03:09.528 [restartedMain] INFO  com.dongbao.test_demo3.config.AsyncConfig - 异步任务执行器已启用
09:03:09.640 [restartedMain] INFO  o.s.b.a.web.servlet.WelcomePageHandlerMapping - Adding welcome page: class path resource [static/index.html]
09:03:09.701 [restartedMain] WARN  o.s.b.a.t.ThymeleafAutoConfiguration$DefaultTemplateResolverConfiguration - Cannot find template location: classpath:/templates/ (please add some templates, check your Thymeleaf configuration, or set spring.thymeleaf.check-template-location=false)
09:03:09.702 [restartedMain] WARN  org.thymeleaf.templatemode.TemplateMode - [THYMELEAF][restartedMain] Template Mode 'HTML5' is deprecated. Using Template Mode 'HTML' instead.
09:03:09.832 [restartedMain] INFO  o.s.b.d.autoconfigure.OptionalLiveReloadServer - LiveReload server is running on port 35729
09:03:09.844 [restartedMain] INFO  org.apache.coyote.http11.Http11NioProtocol - Starting ProtocolHandler ["http-nio-8080"]
09:03:09.854 [restartedMain] INFO  o.s.boot.web.embedded.tomcat.TomcatWebServer - Tomcat started on port(s): 8080 (http) with context path ''
09:03:09.861 [restartedMain] INFO  com.dongbao.test_demo3.TestDemo3Application - Started TestDemo3Application in 2.022 seconds (JVM running for 2.47)
09:03:27.837 [http-nio-8080-exec-1] INFO  o.a.c.core.ContainerBase.[Tomcat].[localhost].[/] - Initializing Spring DispatcherServlet 'dispatcherServlet'
09:03:27.837 [http-nio-8080-exec-1] INFO  org.springframework.web.servlet.DispatcherServlet - Initializing Servlet 'dispatcherServlet'
09:03:27.838 [http-nio-8080-exec-1] INFO  org.springframework.web.servlet.DispatcherServlet - Completed initialization in 1 ms
09:04:14.355 [File Watcher] INFO  o.s.b.d.a.LocalDevToolsAutoConfiguration$RestartingClassPathChangeChangedEventListener - Restarting due to 1 class path change (0 additions, 0 deletions, 1 modification)
09:04:14.398 [Thread-9] INFO  org.apache.coyote.http11.Http11NioProtocol - Pausing ProtocolHandler ["http-nio-8080"]
09:04:14.398 [Thread-9] INFO  org.apache.catalina.core.StandardService - Stopping service [Tomcat]
09:04:14.400 [Thread-9] INFO  o.a.c.core.ContainerBase.[Tomcat].[localhost].[/] - Destroying Spring FrameworkServlet 'dispatcherServlet'
09:04:14.404 [Thread-9] WARN  org.apache.catalina.loader.WebappClassLoaderBase - The web application [ROOT] appears to have started a thread named [lettuce-nioEventLoop-4-1] but has failed to stop it. This is very likely to create a memory leak. Stack trace of thread:
 sun.nio.ch.WindowsSelectorImpl$SubSelector.poll0(Native Method)
 sun.nio.ch.WindowsSelectorImpl$SubSelector.poll(WindowsSelectorImpl.java:296)
 sun.nio.ch.WindowsSelectorImpl$SubSelector.access$400(WindowsSelectorImpl.java:278)
 sun.nio.ch.WindowsSelectorImpl.doSelect(WindowsSelectorImpl.java:159)
 sun.nio.ch.SelectorImpl.lockAndDoSelect(SelectorImpl.java:86)
 sun.nio.ch.SelectorImpl.select(SelectorImpl.java:97)
 sun.nio.ch.SelectorImpl.select(SelectorImpl.java:101)
 io.netty.channel.nio.SelectedSelectionKeySetSelector.select(SelectedSelectionKeySetSelector.java:68)
 io.netty.channel.nio.NioEventLoop.select(NioEventLoop.java:879)
 io.netty.channel.nio.NioEventLoop.run(NioEventLoop.java:526)
 io.netty.util.concurrent.SingleThreadEventExecutor$4.run(SingleThreadEventExecutor.java:997)
 io.netty.util.internal.ThreadExecutorMap$2.run(ThreadExecutorMap.java:74)
 io.netty.util.concurrent.FastThreadLocalRunnable.run(FastThreadLocalRunnable.java:30)
 java.lang.Thread.run(Thread.java:748)
09:04:14.405 [Thread-9] WARN  org.apache.catalina.loader.WebappClassLoaderBase - The web application [ROOT] appears to have started a thread named [lettuce-eventExecutorLoop-1-1] but has failed to stop it. This is very likely to create a memory leak. Stack trace of thread:
 sun.misc.Unsafe.park(Native Method)
 java.util.concurrent.locks.LockSupport.park(LockSupport.java:175)
 java.util.concurrent.locks.AbstractQueuedSynchronizer$ConditionObject.await(AbstractQueuedSynchronizer.java:2039)
 java.util.concurrent.LinkedBlockingQueue.take(LinkedBlockingQueue.java:442)
 io.netty.util.concurrent.SingleThreadEventExecutor.takeTask(SingleThreadEventExecutor.java:244)
 io.netty.util.concurrent.DefaultEventExecutor.run(DefaultEventExecutor.java:64)
 io.netty.util.concurrent.SingleThreadEventExecutor$4.run(SingleThreadEventExecutor.java:997)
 io.netty.util.internal.ThreadExecutorMap$2.run(ThreadExecutorMap.java:74)
 io.netty.util.concurrent.FastThreadLocalRunnable.run(FastThreadLocalRunnable.java:30)
 java.lang.Thread.run(Thread.java:748)
09:04:14.405 [Thread-9] WARN  org.apache.catalina.loader.WebappClassLoaderBase - The web application [ROOT] appears to have started a thread named [lettuce-eventExecutorLoop-1-2] but has failed to stop it. This is very likely to create a memory leak. Stack trace of thread:
 sun.misc.Unsafe.park(Native Method)
 java.util.concurrent.locks.LockSupport.park(LockSupport.java:175)
 java.util.concurrent.locks.AbstractQueuedSynchronizer$ConditionObject.await(AbstractQueuedSynchronizer.java:2039)
 java.util.concurrent.LinkedBlockingQueue.take(LinkedBlockingQueue.java:442)
 io.netty.util.concurrent.SingleThreadEventExecutor.takeTask(SingleThreadEventExecutor.java:244)
 io.netty.util.concurrent.DefaultEventExecutor.run(DefaultEventExecutor.java:64)
 io.netty.util.concurrent.SingleThreadEventExecutor$4.run(SingleThreadEventExecutor.java:997)
 io.netty.util.internal.ThreadExecutorMap$2.run(ThreadExecutorMap.java:74)
 io.netty.util.concurrent.FastThreadLocalRunnable.run(FastThreadLocalRunnable.java:30)
 java.lang.Thread.run(Thread.java:748)
09:04:14.406 [Thread-9] WARN  org.apache.catalina.loader.WebappClassLoaderBase - The web application [ROOT] appears to have started a thread named [lettuce-eventExecutorLoop-1-3] but has failed to stop it. This is very likely to create a memory leak. Stack trace of thread:
 sun.misc.Unsafe.park(Native Method)
 java.util.concurrent.locks.LockSupport.park(LockSupport.java:175)
 java.util.concurrent.locks.AbstractQueuedSynchronizer$ConditionObject.await(AbstractQueuedSynchronizer.java:2039)
 java.util.concurrent.LinkedBlockingQueue.take(LinkedBlockingQueue.java:442)
 io.netty.util.concurrent.SingleThreadEventExecutor.takeTask(SingleThreadEventExecutor.java:244)
 io.netty.util.concurrent.DefaultEventExecutor.run(DefaultEventExecutor.java:64)
 io.netty.util.concurrent.SingleThreadEventExecutor$4.run(SingleThreadEventExecutor.java:997)
 io.netty.util.internal.ThreadExecutorMap$2.run(ThreadExecutorMap.java:74)
 io.netty.util.concurrent.FastThreadLocalRunnable.run(FastThreadLocalRunnable.java:30)
 java.lang.Thread.run(Thread.java:748)
09:04:14.406 [Thread-9] WARN  org.apache.catalina.loader.WebappClassLoaderBase - The web application [ROOT] appears to have started a thread named [lettuce-eventExecutorLoop-1-4] but has failed to stop it. This is very likely to create a memory leak. Stack trace of thread:
 sun.misc.Unsafe.park(Native Method)
 java.util.concurrent.locks.LockSupport.park(LockSupport.java:175)
 java.util.concurrent.locks.AbstractQueuedSynchronizer$ConditionObject.await(AbstractQueuedSynchronizer.java:2039)
 java.util.concurrent.LinkedBlockingQueue.take(LinkedBlockingQueue.java:442)
 io.netty.util.concurrent.SingleThreadEventExecutor.takeTask(SingleThreadEventExecutor.java:244)
 io.netty.util.concurrent.DefaultEventExecutor.run(DefaultEventExecutor.java:64)
 io.netty.util.concurrent.SingleThreadEventExecutor$4.run(SingleThreadEventExecutor.java:997)
 io.netty.util.internal.ThreadExecutorMap$2.run(ThreadExecutorMap.java:74)
 io.netty.util.concurrent.FastThreadLocalRunnable.run(FastThreadLocalRunnable.java:30)
 java.lang.Thread.run(Thread.java:748)
09:04:14.407 [Thread-9] WARN  org.apache.catalina.loader.WebappClassLoaderBase - The web application [ROOT] appears to have started a thread named [lettuce-eventExecutorLoop-1-5] but has failed to stop it. This is very likely to create a memory leak. Stack trace of thread:
 sun.misc.Unsafe.park(Native Method)
 java.util.concurrent.locks.LockSupport.park(LockSupport.java:175)
 java.util.concurrent.locks.AbstractQueuedSynchronizer$ConditionObject.await(AbstractQueuedSynchronizer.java:2039)
 java.util.concurrent.LinkedBlockingQueue.take(LinkedBlockingQueue.java:442)
 io.netty.util.concurrent.SingleThreadEventExecutor.takeTask(SingleThreadEventExecutor.java:244)
 io.netty.util.concurrent.DefaultEventExecutor.run(DefaultEventExecutor.java:64)
 io.netty.util.concurrent.SingleThreadEventExecutor$4.run(SingleThreadEventExecutor.java:997)
 io.netty.util.internal.ThreadExecutorMap$2.run(ThreadExecutorMap.java:74)
 io.netty.util.concurrent.FastThreadLocalRunnable.run(FastThreadLocalRunnable.java:30)
 java.lang.Thread.run(Thread.java:748)
09:04:14.407 [Thread-9] WARN  org.apache.catalina.loader.WebappClassLoaderBase - The web application [ROOT] appears to have started a thread named [lettuce-eventExecutorLoop-1-6] but has failed to stop it. This is very likely to create a memory leak. Stack trace of thread:
 sun.misc.Unsafe.park(Native Method)
 java.util.concurrent.locks.LockSupport.park(LockSupport.java:175)
 java.util.concurrent.locks.AbstractQueuedSynchronizer$ConditionObject.await(AbstractQueuedSynchronizer.java:2039)
 java.util.concurrent.LinkedBlockingQueue.take(LinkedBlockingQueue.java:442)
 io.netty.util.concurrent.SingleThreadEventExecutor.takeTask(SingleThreadEventExecutor.java:244)
 io.netty.util.concurrent.DefaultEventExecutor.run(DefaultEventExecutor.java:64)
 io.netty.util.concurrent.SingleThreadEventExecutor$4.run(SingleThreadEventExecutor.java:997)
 io.netty.util.internal.ThreadExecutorMap$2.run(ThreadExecutorMap.java:74)
 io.netty.util.concurrent.FastThreadLocalRunnable.run(FastThreadLocalRunnable.java:30)
 java.lang.Thread.run(Thread.java:748)
09:04:14.407 [Thread-9] WARN  org.apache.catalina.loader.WebappClassLoaderBase - The web application [ROOT] appears to have started a thread named [lettuce-eventExecutorLoop-1-7] but has failed to stop it. This is very likely to create a memory leak. Stack trace of thread:
 sun.misc.Unsafe.park(Native Method)
 java.util.concurrent.locks.LockSupport.park(LockSupport.java:175)
 java.util.concurrent.locks.AbstractQueuedSynchronizer$ConditionObject.await(AbstractQueuedSynchronizer.java:2039)
 java.util.concurrent.LinkedBlockingQueue.take(LinkedBlockingQueue.java:442)
 io.netty.util.concurrent.SingleThreadEventExecutor.takeTask(SingleThreadEventExecutor.java:244)
 io.netty.util.concurrent.DefaultEventExecutor.run(DefaultEventExecutor.java:64)
 io.netty.util.concurrent.SingleThreadEventExecutor$4.run(SingleThreadEventExecutor.java:997)
 io.netty.util.internal.ThreadExecutorMap$2.run(ThreadExecutorMap.java:74)
 io.netty.util.concurrent.FastThreadLocalRunnable.run(FastThreadLocalRunnable.java:30)
 java.lang.Thread.run(Thread.java:748)
09:04:14.407 [Thread-9] WARN  org.apache.catalina.loader.WebappClassLoaderBase - The web application [ROOT] appears to have started a thread named [lettuce-eventExecutorLoop-1-8] but has failed to stop it. This is very likely to create a memory leak. Stack trace of thread:
 sun.misc.Unsafe.park(Native Method)
 java.util.concurrent.locks.LockSupport.park(LockSupport.java:175)
 java.util.concurrent.locks.AbstractQueuedSynchronizer$ConditionObject.await(AbstractQueuedSynchronizer.java:2039)
 java.util.concurrent.LinkedBlockingQueue.take(LinkedBlockingQueue.java:442)
 io.netty.util.concurrent.SingleThreadEventExecutor.takeTask(SingleThreadEventExecutor.java:244)
 io.netty.util.concurrent.DefaultEventExecutor.run(DefaultEventExecutor.java:64)
 io.netty.util.concurrent.SingleThreadEventExecutor$4.run(SingleThreadEventExecutor.java:997)
 io.netty.util.internal.ThreadExecutorMap$2.run(ThreadExecutorMap.java:74)
 io.netty.util.concurrent.FastThreadLocalRunnable.run(FastThreadLocalRunnable.java:30)
 java.lang.Thread.run(Thread.java:748)
09:04:14.408 [Thread-9] WARN  org.apache.catalina.loader.WebappClassLoaderBase - The web application [ROOT] appears to have started a thread named [lettuce-eventExecutorLoop-1-9] but has failed to stop it. This is very likely to create a memory leak. Stack trace of thread:
 sun.misc.Unsafe.park(Native Method)
 java.util.concurrent.locks.LockSupport.park(LockSupport.java:175)
 java.util.concurrent.locks.AbstractQueuedSynchronizer$ConditionObject.await(AbstractQueuedSynchronizer.java:2039)
 java.util.concurrent.LinkedBlockingQueue.take(LinkedBlockingQueue.java:442)
 io.netty.util.concurrent.SingleThreadEventExecutor.takeTask(SingleThreadEventExecutor.java:244)
 io.netty.util.concurrent.DefaultEventExecutor.run(DefaultEventExecutor.java:64)
 io.netty.util.concurrent.SingleThreadEventExecutor$4.run(SingleThreadEventExecutor.java:997)
 io.netty.util.internal.ThreadExecutorMap$2.run(ThreadExecutorMap.java:74)
 io.netty.util.concurrent.FastThreadLocalRunnable.run(FastThreadLocalRunnable.java:30)
 java.lang.Thread.run(Thread.java:748)
09:04:14.408 [Thread-9] WARN  org.apache.catalina.loader.WebappClassLoaderBase - The web application [ROOT] appears to have started a thread named [lettuce-eventExecutorLoop-1-10] but has failed to stop it. This is very likely to create a memory leak. Stack trace of thread:
 sun.misc.Unsafe.park(Native Method)
 java.util.concurrent.locks.LockSupport.park(LockSupport.java:175)
 java.util.concurrent.locks.AbstractQueuedSynchronizer$ConditionObject.await(AbstractQueuedSynchronizer.java:2039)
 java.util.concurrent.LinkedBlockingQueue.take(LinkedBlockingQueue.java:442)
 io.netty.util.concurrent.SingleThreadEventExecutor.takeTask(SingleThreadEventExecutor.java:244)
 io.netty.util.concurrent.DefaultEventExecutor.run(DefaultEventExecutor.java:64)
 io.netty.util.concurrent.SingleThreadEventExecutor$4.run(SingleThreadEventExecutor.java:997)
 io.netty.util.internal.ThreadExecutorMap$2.run(ThreadExecutorMap.java:74)
 io.netty.util.concurrent.FastThreadLocalRunnable.run(FastThreadLocalRunnable.java:30)
 java.lang.Thread.run(Thread.java:748)
09:04:14.409 [Thread-9] WARN  org.apache.catalina.loader.WebappClassLoaderBase - The web application [ROOT] appears to have started a thread named [lettuce-eventExecutorLoop-1-11] but has failed to stop it. This is very likely to create a memory leak. Stack trace of thread:
 sun.misc.Unsafe.park(Native Method)
 java.util.concurrent.locks.LockSupport.park(LockSupport.java:175)
 java.util.concurrent.locks.AbstractQueuedSynchronizer$ConditionObject.await(AbstractQueuedSynchronizer.java:2039)
 java.util.concurrent.LinkedBlockingQueue.take(LinkedBlockingQueue.java:442)
 io.netty.util.concurrent.SingleThreadEventExecutor.takeTask(SingleThreadEventExecutor.java:244)
 io.netty.util.concurrent.DefaultEventExecutor.run(DefaultEventExecutor.java:64)
 io.netty.util.concurrent.SingleThreadEventExecutor$4.run(SingleThreadEventExecutor.java:997)
 io.netty.util.internal.ThreadExecutorMap$2.run(ThreadExecutorMap.java:74)
 io.netty.util.concurrent.FastThreadLocalRunnable.run(FastThreadLocalRunnable.java:30)
 java.lang.Thread.run(Thread.java:748)
09:04:14.409 [Thread-9] WARN  org.apache.catalina.loader.WebappClassLoaderBase - The web application [ROOT] appears to have started a thread named [lettuce-eventExecutorLoop-1-12] but has failed to stop it. This is very likely to create a memory leak. Stack trace of thread:
 sun.misc.Unsafe.park(Native Method)
 java.util.concurrent.locks.LockSupport.park(LockSupport.java:175)
 java.util.concurrent.locks.AbstractQueuedSynchronizer$ConditionObject.await(AbstractQueuedSynchronizer.java:2039)
 java.util.concurrent.LinkedBlockingQueue.take(LinkedBlockingQueue.java:442)
 io.netty.util.concurrent.SingleThreadEventExecutor.takeTask(SingleThreadEventExecutor.java:244)
 io.netty.util.concurrent.DefaultEventExecutor.run(DefaultEventExecutor.java:64)
 io.netty.util.concurrent.SingleThreadEventExecutor$4.run(SingleThreadEventExecutor.java:997)
 io.netty.util.internal.ThreadExecutorMap$2.run(ThreadExecutorMap.java:74)
 io.netty.util.concurrent.FastThreadLocalRunnable.run(FastThreadLocalRunnable.java:30)
 java.lang.Thread.run(Thread.java:748)
09:04:14.409 [Thread-9] WARN  org.apache.catalina.loader.WebappClassLoaderBase - The web application [ROOT] appears to have started a thread named [lettuce-eventExecutorLoop-1-13] but has failed to stop it. This is very likely to create a memory leak. Stack trace of thread:
 sun.misc.Unsafe.park(Native Method)
 java.util.concurrent.locks.LockSupport.park(LockSupport.java:175)
 java.util.concurrent.locks.AbstractQueuedSynchronizer$ConditionObject.await(AbstractQueuedSynchronizer.java:2039)
 java.util.concurrent.LinkedBlockingQueue.take(LinkedBlockingQueue.java:442)
 io.netty.util.concurrent.SingleThreadEventExecutor.takeTask(SingleThreadEventExecutor.java:244)
 io.netty.util.concurrent.DefaultEventExecutor.run(DefaultEventExecutor.java:64)
 io.netty.util.concurrent.SingleThreadEventExecutor$4.run(SingleThreadEventExecutor.java:997)
 io.netty.util.internal.ThreadExecutorMap$2.run(ThreadExecutorMap.java:74)
 io.netty.util.concurrent.FastThreadLocalRunnable.run(FastThreadLocalRunnable.java:30)
 java.lang.Thread.run(Thread.java:748)
09:04:14.409 [Thread-9] WARN  org.apache.catalina.loader.WebappClassLoaderBase - The web application [ROOT] appears to have started a thread named [lettuce-eventExecutorLoop-1-14] but has failed to stop it. This is very likely to create a memory leak. Stack trace of thread:
 sun.misc.Unsafe.park(Native Method)
 java.util.concurrent.locks.LockSupport.park(LockSupport.java:175)
 java.util.concurrent.locks.AbstractQueuedSynchronizer$ConditionObject.await(AbstractQueuedSynchronizer.java:2039)
 java.util.concurrent.LinkedBlockingQueue.take(LinkedBlockingQueue.java:442)
 io.netty.util.concurrent.SingleThreadEventExecutor.takeTask(SingleThreadEventExecutor.java:244)
 io.netty.util.concurrent.DefaultEventExecutor.run(DefaultEventExecutor.java:64)
 io.netty.util.concurrent.SingleThreadEventExecutor$4.run(SingleThreadEventExecutor.java:997)
 io.netty.util.internal.ThreadExecutorMap$2.run(ThreadExecutorMap.java:74)
 io.netty.util.concurrent.FastThreadLocalRunnable.run(FastThreadLocalRunnable.java:30)
 java.lang.Thread.run(Thread.java:748)
09:04:14.410 [Thread-9] WARN  org.apache.catalina.loader.WebappClassLoaderBase - The web application [ROOT] appears to have started a thread named [lettuce-eventExecutorLoop-1-15] but has failed to stop it. This is very likely to create a memory leak. Stack trace of thread:
 sun.misc.Unsafe.park(Native Method)
 java.util.concurrent.locks.LockSupport.park(LockSupport.java:175)
 java.util.concurrent.locks.AbstractQueuedSynchronizer$ConditionObject.await(AbstractQueuedSynchronizer.java:2039)
 java.util.concurrent.LinkedBlockingQueue.take(LinkedBlockingQueue.java:442)
 io.netty.util.concurrent.SingleThreadEventExecutor.takeTask(SingleThreadEventExecutor.java:244)
 io.netty.util.concurrent.DefaultEventExecutor.run(DefaultEventExecutor.java:64)
 io.netty.util.concurrent.SingleThreadEventExecutor$4.run(SingleThreadEventExecutor.java:997)
 io.netty.util.internal.ThreadExecutorMap$2.run(ThreadExecutorMap.java:74)
 io.netty.util.concurrent.FastThreadLocalRunnable.run(FastThreadLocalRunnable.java:30)
 java.lang.Thread.run(Thread.java:748)
09:04:14.410 [Thread-9] WARN  org.apache.catalina.loader.WebappClassLoaderBase - The web application [ROOT] appears to have started a thread named [lettuce-eventExecutorLoop-1-16] but has failed to stop it. This is very likely to create a memory leak. Stack trace of thread:
 sun.misc.Unsafe.park(Native Method)
 java.util.concurrent.locks.LockSupport.park(LockSupport.java:175)
 java.util.concurrent.locks.AbstractQueuedSynchronizer$ConditionObject.await(AbstractQueuedSynchronizer.java:2039)
 java.util.concurrent.LinkedBlockingQueue.take(LinkedBlockingQueue.java:442)
 io.netty.util.concurrent.SingleThreadEventExecutor.takeTask(SingleThreadEventExecutor.java:244)
 io.netty.util.concurrent.DefaultEventExecutor.run(DefaultEventExecutor.java:64)
 io.netty.util.concurrent.SingleThreadEventExecutor$4.run(SingleThreadEventExecutor.java:997)
 io.netty.util.internal.ThreadExecutorMap$2.run(ThreadExecutorMap.java:74)
 io.netty.util.concurrent.FastThreadLocalRunnable.run(FastThreadLocalRunnable.java:30)
 java.lang.Thread.run(Thread.java:748)
09:04:14.410 [Thread-9] WARN  org.apache.catalina.loader.WebappClassLoaderBase - The web application [ROOT] appears to have started a thread named [lettuce-eventExecutorLoop-1-17] but has failed to stop it. This is very likely to create a memory leak. Stack trace of thread:
 sun.misc.Unsafe.park(Native Method)
 java.util.concurrent.locks.LockSupport.park(LockSupport.java:175)
 java.util.concurrent.locks.AbstractQueuedSynchronizer$ConditionObject.await(AbstractQueuedSynchronizer.java:2039)
 java.util.concurrent.LinkedBlockingQueue.take(LinkedBlockingQueue.java:442)
 io.netty.util.concurrent.SingleThreadEventExecutor.takeTask(SingleThreadEventExecutor.java:244)
 io.netty.util.concurrent.DefaultEventExecutor.run(DefaultEventExecutor.java:64)
 io.netty.util.concurrent.SingleThreadEventExecutor$4.run(SingleThreadEventExecutor.java:997)
 io.netty.util.internal.ThreadExecutorMap$2.run(ThreadExecutorMap.java:74)
 io.netty.util.concurrent.FastThreadLocalRunnable.run(FastThreadLocalRunnable.java:30)
 java.lang.Thread.run(Thread.java:748)
09:04:14.410 [Thread-9] WARN  org.apache.catalina.loader.WebappClassLoaderBase - The web application [ROOT] appears to have started a thread named [lettuce-eventExecutorLoop-1-18] but has failed to stop it. This is very likely to create a memory leak. Stack trace of thread:
 sun.misc.Unsafe.park(Native Method)
 java.util.concurrent.locks.LockSupport.park(LockSupport.java:175)
 java.util.concurrent.locks.AbstractQueuedSynchronizer$ConditionObject.await(AbstractQueuedSynchronizer.java:2039)
 java.util.concurrent.LinkedBlockingQueue.take(LinkedBlockingQueue.java:442)
 io.netty.util.concurrent.SingleThreadEventExecutor.takeTask(SingleThreadEventExecutor.java:244)
 io.netty.util.concurrent.DefaultEventExecutor.run(DefaultEventExecutor.java:64)
 io.netty.util.concurrent.SingleThreadEventExecutor$4.run(SingleThreadEventExecutor.java:997)
 io.netty.util.internal.ThreadExecutorMap$2.run(ThreadExecutorMap.java:74)
 io.netty.util.concurrent.FastThreadLocalRunnable.run(FastThreadLocalRunnable.java:30)
 java.lang.Thread.run(Thread.java:748)
09:04:14.410 [Thread-9] WARN  org.apache.catalina.loader.WebappClassLoaderBase - The web application [ROOT] appears to have started a thread named [lettuce-eventExecutorLoop-1-19] but has failed to stop it. This is very likely to create a memory leak. Stack trace of thread:
 sun.misc.Unsafe.park(Native Method)
 java.util.concurrent.locks.LockSupport.park(LockSupport.java:175)
 java.util.concurrent.locks.AbstractQueuedSynchronizer$ConditionObject.await(AbstractQueuedSynchronizer.java:2039)
 java.util.concurrent.LinkedBlockingQueue.take(LinkedBlockingQueue.java:442)
 io.netty.util.concurrent.SingleThreadEventExecutor.takeTask(SingleThreadEventExecutor.java:244)
 io.netty.util.concurrent.DefaultEventExecutor.run(DefaultEventExecutor.java:64)
 io.netty.util.concurrent.SingleThreadEventExecutor$4.run(SingleThreadEventExecutor.java:997)
 io.netty.util.internal.ThreadExecutorMap$2.run(ThreadExecutorMap.java:74)
 io.netty.util.concurrent.FastThreadLocalRunnable.run(FastThreadLocalRunnable.java:30)
 java.lang.Thread.run(Thread.java:748)
09:04:14.411 [Thread-9] WARN  org.apache.catalina.loader.WebappClassLoaderBase - The web application [ROOT] appears to have started a thread named [lettuce-eventExecutorLoop-1-20] but has failed to stop it. This is very likely to create a memory leak. Stack trace of thread:
 sun.misc.Unsafe.park(Native Method)
 java.util.concurrent.locks.LockSupport.park(LockSupport.java:175)
 java.util.concurrent.locks.AbstractQueuedSynchronizer$ConditionObject.await(AbstractQueuedSynchronizer.java:2039)
 java.util.concurrent.LinkedBlockingQueue.take(LinkedBlockingQueue.java:442)
 io.netty.util.concurrent.SingleThreadEventExecutor.takeTask(SingleThreadEventExecutor.java:244)
 io.netty.util.concurrent.DefaultEventExecutor.run(DefaultEventExecutor.java:64)
 io.netty.util.concurrent.SingleThreadEventExecutor$4.run(SingleThreadEventExecutor.java:997)
 io.netty.util.internal.ThreadExecutorMap$2.run(ThreadExecutorMap.java:74)
 io.netty.util.concurrent.FastThreadLocalRunnable.run(FastThreadLocalRunnable.java:30)
 java.lang.Thread.run(Thread.java:748)
09:04:14.411 [Thread-9] INFO  org.apache.coyote.http11.Http11NioProtocol - Stopping ProtocolHandler ["http-nio-8080"]
09:04:14.413 [Thread-9] INFO  org.apache.coyote.http11.Http11NioProtocol - Destroying ProtocolHandler ["http-nio-8080"]
09:04:14.660 [restartedMain] INFO  com.dongbao.test_demo3.TestDemo3Application - Starting TestDemo3Application using Java 1.8.0_151 on IT-013487 with PID 11152 (E:\javaProject\test_demo3\target\classes started by 013487 in E:\javaProject\test_demo3)
09:04:14.661 [restartedMain] INFO  com.dongbao.test_demo3.TestDemo3Application - No active profile set, falling back to 1 default profile: "default"
09:04:14.781 [restartedMain] INFO  o.s.d.r.config.RepositoryConfigurationDelegate - Multiple Spring Data modules found, entering strict repository configuration mode
09:04:14.781 [restartedMain] INFO  o.s.d.r.config.RepositoryConfigurationDelegate - Bootstrapping Spring Data Redis repositories in DEFAULT mode.
09:04:14.785 [restartedMain] INFO  o.s.d.r.config.RepositoryConfigurationDelegate - Finished Spring Data repository scanning in 3 ms. Found 0 Redis repository interfaces.
09:04:14.826 [restartedMain] INFO  o.s.boot.web.embedded.tomcat.TomcatWebServer - Tomcat initialized with port(s): 8080 (http)
09:04:14.827 [restartedMain] INFO  org.apache.coyote.http11.Http11NioProtocol - Initializing ProtocolHandler ["http-nio-8080"]
09:04:14.827 [restartedMain] INFO  org.apache.catalina.core.StandardService - Starting service [Tomcat]
09:04:14.827 [restartedMain] INFO  org.apache.catalina.core.StandardEngine - Starting Servlet engine: [Apache Tomcat/9.0.69]
09:04:14.839 [restartedMain] INFO  o.a.c.core.ContainerBase.[Tomcat].[localhost].[/] - Initializing Spring embedded WebApplicationContext
09:04:14.839 [restartedMain] INFO  o.s.b.w.s.c.ServletWebServerApplicationContext - Root WebApplicationContext: initialization completed in 176 ms
09:04:14.978 [restartedMain] INFO  com.dongbao.test_demo3.config.AsyncConfig - 异步任务执行器已启用
09:04:15.008 [restartedMain] INFO  o.s.b.a.web.servlet.WelcomePageHandlerMapping - Adding welcome page: class path resource [static/index.html]
09:04:15.024 [restartedMain] WARN  o.s.b.a.t.ThymeleafAutoConfiguration$DefaultTemplateResolverConfiguration - Cannot find template location: classpath:/templates/ (please add some templates, check your Thymeleaf configuration, or set spring.thymeleaf.check-template-location=false)
09:04:15.024 [restartedMain] WARN  org.thymeleaf.templatemode.TemplateMode - [THYMELEAF][restartedMain] Template Mode 'HTML5' is deprecated. Using Template Mode 'HTML' instead.
09:04:15.059 [restartedMain] INFO  o.s.b.d.autoconfigure.OptionalLiveReloadServer - LiveReload server is running on port 35729
09:04:15.065 [restartedMain] INFO  org.apache.coyote.http11.Http11NioProtocol - Starting ProtocolHandler ["http-nio-8080"]
09:04:15.067 [restartedMain] INFO  o.s.boot.web.embedded.tomcat.TomcatWebServer - Tomcat started on port(s): 8080 (http) with context path ''
09:04:15.070 [restartedMain] INFO  com.dongbao.test_demo3.TestDemo3Application - Started TestDemo3Application in 0.44 seconds (JVM running for 67.675)
09:04:15.071 [restartedMain] INFO  o.s.b.d.a.ConditionEvaluationDeltaLoggingListener - Condition evaluation unchanged
09:04:18.109 [http-nio-8080-exec-4] INFO  o.a.c.core.ContainerBase.[Tomcat].[localhost].[/] - Initializing Spring DispatcherServlet 'dispatcherServlet'
09:04:18.111 [http-nio-8080-exec-4] INFO  org.springframework.web.servlet.DispatcherServlet - Initializing Servlet 'dispatcherServlet'
09:04:18.113 [http-nio-8080-exec-4] INFO  org.springframework.web.servlet.DispatcherServlet - Completed initialization in 1 ms
09:04:18.157 [http-nio-8080-exec-4] ERROR o.a.c.c.C.[.[localhost].[/].[dispatcherServlet] - Servlet.service() for servlet [dispatcherServlet] in context with path [] threw exception [Request processing failed; nested exception is org.springframework.data.redis.RedisSystemException: Error in execution; nested exception is io.lettuce.core.RedisCommandExecutionException: ERR Error compiling script (new function): user_script:11: 'then' expected near '|'] with root cause
io.lettuce.core.RedisCommandExecutionException: ERR Error compiling script (new function): user_script:11: 'then' expected near '|'
	at io.lettuce.core.internal.ExceptionFactory.createExecutionException(ExceptionFactory.java:147)
	at io.lettuce.core.internal.ExceptionFactory.createExecutionException(ExceptionFactory.java:116)
	at io.lettuce.core.protocol.AsyncCommand.completeResult(AsyncCommand.java:120)
	at io.lettuce.core.protocol.AsyncCommand.complete(AsyncCommand.java:111)
	at io.lettuce.core.protocol.CommandHandler.complete(CommandHandler.java:747)
	at io.lettuce.core.protocol.CommandHandler.decode(CommandHandler.java:682)
	at io.lettuce.core.protocol.CommandHandler.channelRead(CommandHandler.java:599)
	at io.netty.channel.AbstractChannelHandlerContext.invokeChannelRead(AbstractChannelHandlerContext.java:442)
	at io.netty.channel.AbstractChannelHandlerContext.invokeChannelRead(AbstractChannelHandlerContext.java:420)
	at io.netty.channel.AbstractChannelHandlerContext.fireChannelRead(AbstractChannelHandlerContext.java:412)
	at io.netty.channel.DefaultChannelPipeline$HeadContext.channelRead(DefaultChannelPipeline.java:1410)
	at io.netty.channel.AbstractChannelHandlerContext.invokeChannelRead(AbstractChannelHandlerContext.java:440)
	at io.netty.channel.AbstractChannelHandlerContext.invokeChannelRead(AbstractChannelHandlerContext.java:420)
	at io.netty.channel.DefaultChannelPipeline.fireChannelRead(DefaultChannelPipeline.java:919)
	at io.netty.channel.nio.AbstractNioByteChannel$NioByteUnsafe.read(AbstractNioByteChannel.java:166)
	at io.netty.channel.nio.NioEventLoop.processSelectedKey(NioEventLoop.java:788)
	at io.netty.channel.nio.NioEventLoop.processSelectedKeysOptimized(NioEventLoop.java:724)
	at io.netty.channel.nio.NioEventLoop.processSelectedKeys(NioEventLoop.java:650)
	at io.netty.channel.nio.NioEventLoop.run(NioEventLoop.java:562)
	at io.netty.util.concurrent.SingleThreadEventExecutor$4.run(SingleThreadEventExecutor.java:997)
	at io.netty.util.internal.ThreadExecutorMap$2.run(ThreadExecutorMap.java:74)
	at io.netty.util.concurrent.FastThreadLocalRunnable.run(FastThreadLocalRunnable.java:30)
	at java.lang.Thread.run(Thread.java:748)
09:04:19.473 [http-nio-8080-exec-3] ERROR o.a.c.c.C.[.[localhost].[/].[dispatcherServlet] - Servlet.service() for servlet [dispatcherServlet] in context with path [] threw exception [Request processing failed; nested exception is org.springframework.data.redis.RedisSystemException: Error in execution; nested exception is io.lettuce.core.RedisCommandExecutionException: ERR Error compiling script (new function): user_script:11: 'then' expected near '|'] with root cause
io.lettuce.core.RedisCommandExecutionException: ERR Error compiling script (new function): user_script:11: 'then' expected near '|'
	at io.lettuce.core.internal.ExceptionFactory.createExecutionException(ExceptionFactory.java:147)
	at io.lettuce.core.internal.ExceptionFactory.createExecutionException(ExceptionFactory.java:116)
	at io.lettuce.core.protocol.AsyncCommand.completeResult(AsyncCommand.java:120)
	at io.lettuce.core.protocol.AsyncCommand.complete(AsyncCommand.java:111)
	at io.lettuce.core.protocol.CommandHandler.complete(CommandHandler.java:747)
	at io.lettuce.core.protocol.CommandHandler.decode(CommandHandler.java:682)
	at io.lettuce.core.protocol.CommandHandler.channelRead(CommandHandler.java:599)
	at io.netty.channel.AbstractChannelHandlerContext.invokeChannelRead(AbstractChannelHandlerContext.java:442)
	at io.netty.channel.AbstractChannelHandlerContext.invokeChannelRead(AbstractChannelHandlerContext.java:420)
	at io.netty.channel.AbstractChannelHandlerContext.fireChannelRead(AbstractChannelHandlerContext.java:412)
	at io.netty.channel.DefaultChannelPipeline$HeadContext.channelRead(DefaultChannelPipeline.java:1410)
	at io.netty.channel.AbstractChannelHandlerContext.invokeChannelRead(AbstractChannelHandlerContext.java:440)
	at io.netty.channel.AbstractChannelHandlerContext.invokeChannelRead(AbstractChannelHandlerContext.java:420)
	at io.netty.channel.DefaultChannelPipeline.fireChannelRead(DefaultChannelPipeline.java:919)
	at io.netty.channel.nio.AbstractNioByteChannel$NioByteUnsafe.read(AbstractNioByteChannel.java:166)
	at io.netty.channel.nio.NioEventLoop.processSelectedKey(NioEventLoop.java:788)
	at io.netty.channel.nio.NioEventLoop.processSelectedKeysOptimized(NioEventLoop.java:724)
	at io.netty.channel.nio.NioEventLoop.processSelectedKeys(NioEventLoop.java:650)
	at io.netty.channel.nio.NioEventLoop.run(NioEventLoop.java:562)
	at io.netty.util.concurrent.SingleThreadEventExecutor$4.run(SingleThreadEventExecutor.java:997)
	at io.netty.util.internal.ThreadExecutorMap$2.run(ThreadExecutorMap.java:74)
	at io.netty.util.concurrent.FastThreadLocalRunnable.run(FastThreadLocalRunnable.java:30)
	at java.lang.Thread.run(Thread.java:748)
09:04:40.901 [File Watcher] INFO  o.s.b.d.a.LocalDevToolsAutoConfiguration$RestartingClassPathChangeChangedEventListener - Restarting due to 1 class path change (0 additions, 0 deletions, 1 modification)
09:04:40.964 [Thread-15] INFO  org.apache.coyote.http11.Http11NioProtocol - Pausing ProtocolHandler ["http-nio-8080"]
09:04:40.964 [Thread-15] INFO  org.apache.catalina.core.StandardService - Stopping service [Tomcat]
09:04:40.965 [Thread-15] INFO  o.a.c.core.ContainerBase.[Tomcat].[localhost].[/] - Destroying Spring FrameworkServlet 'dispatcherServlet'
09:04:40.968 [Thread-15] WARN  org.apache.catalina.loader.WebappClassLoaderBase - The web application [ROOT] appears to have started a thread named [lettuce-nioEventLoop-7-1] but has failed to stop it. This is very likely to create a memory leak. Stack trace of thread:
 sun.nio.ch.WindowsSelectorImpl$SubSelector.poll0(Native Method)
 sun.nio.ch.WindowsSelectorImpl$SubSelector.poll(WindowsSelectorImpl.java:296)
 sun.nio.ch.WindowsSelectorImpl$SubSelector.access$400(WindowsSelectorImpl.java:278)
 sun.nio.ch.WindowsSelectorImpl.doSelect(WindowsSelectorImpl.java:159)
 sun.nio.ch.SelectorImpl.lockAndDoSelect(SelectorImpl.java:86)
 sun.nio.ch.SelectorImpl.select(SelectorImpl.java:97)
 sun.nio.ch.SelectorImpl.select(SelectorImpl.java:101)
 io.netty.channel.nio.SelectedSelectionKeySetSelector.select(SelectedSelectionKeySetSelector.java:68)
 io.netty.channel.nio.NioEventLoop.select(NioEventLoop.java:879)
 io.netty.channel.nio.NioEventLoop.run(NioEventLoop.java:526)
 io.netty.util.concurrent.SingleThreadEventExecutor$4.run(SingleThreadEventExecutor.java:997)
 io.netty.util.internal.ThreadExecutorMap$2.run(ThreadExecutorMap.java:74)
 io.netty.util.concurrent.FastThreadLocalRunnable.run(FastThreadLocalRunnable.java:30)
 java.lang.Thread.run(Thread.java:748)
09:04:40.968 [Thread-15] WARN  org.apache.catalina.loader.WebappClassLoaderBase - The web application [ROOT] appears to have started a thread named [lettuce-eventExecutorLoop-5-1] but has failed to stop it. This is very likely to create a memory leak. Stack trace of thread:
 sun.misc.Unsafe.park(Native Method)
 java.util.concurrent.locks.LockSupport.park(LockSupport.java:175)
 java.util.concurrent.locks.AbstractQueuedSynchronizer$ConditionObject.await(AbstractQueuedSynchronizer.java:2039)
 java.util.concurrent.LinkedBlockingQueue.take(LinkedBlockingQueue.java:442)
 io.netty.util.concurrent.SingleThreadEventExecutor.takeTask(SingleThreadEventExecutor.java:244)
 io.netty.util.concurrent.DefaultEventExecutor.run(DefaultEventExecutor.java:64)
 io.netty.util.concurrent.SingleThreadEventExecutor$4.run(SingleThreadEventExecutor.java:997)
 io.netty.util.internal.ThreadExecutorMap$2.run(ThreadExecutorMap.java:74)
 io.netty.util.concurrent.FastThreadLocalRunnable.run(FastThreadLocalRunnable.java:30)
 java.lang.Thread.run(Thread.java:748)
09:04:40.968 [Thread-15] WARN  org.apache.catalina.loader.WebappClassLoaderBase - The web application [ROOT] appears to have started a thread named [lettuce-eventExecutorLoop-5-2] but has failed to stop it. This is very likely to create a memory leak. Stack trace of thread:
 sun.misc.Unsafe.park(Native Method)
 java.util.concurrent.locks.LockSupport.park(LockSupport.java:175)
 java.util.concurrent.locks.AbstractQueuedSynchronizer$ConditionObject.await(AbstractQueuedSynchronizer.java:2039)
 java.util.concurrent.LinkedBlockingQueue.take(LinkedBlockingQueue.java:442)
 io.netty.util.concurrent.SingleThreadEventExecutor.takeTask(SingleThreadEventExecutor.java:244)
 io.netty.util.concurrent.DefaultEventExecutor.run(DefaultEventExecutor.java:64)
 io.netty.util.concurrent.SingleThreadEventExecutor$4.run(SingleThreadEventExecutor.java:997)
 io.netty.util.internal.ThreadExecutorMap$2.run(ThreadExecutorMap.java:74)
 io.netty.util.concurrent.FastThreadLocalRunnable.run(FastThreadLocalRunnable.java:30)
 java.lang.Thread.run(Thread.java:748)
09:04:40.968 [Thread-15] WARN  org.apache.catalina.loader.WebappClassLoaderBase - The web application [ROOT] appears to have started a thread named [logback-5] but has failed to stop it. This is very likely to create a memory leak. Stack trace of thread:
 sun.misc.Unsafe.park(Native Method)
 java.util.concurrent.locks.LockSupport.parkNanos(LockSupport.java:215)
 java.util.concurrent.locks.AbstractQueuedSynchronizer$ConditionObject.awaitNanos(AbstractQueuedSynchronizer.java:2078)
 java.util.concurrent.ScheduledThreadPoolExecutor$DelayedWorkQueue.take(ScheduledThreadPoolExecutor.java:1093)
 java.util.concurrent.ScheduledThreadPoolExecutor$DelayedWorkQueue.take(ScheduledThreadPoolExecutor.java:809)
 java.util.concurrent.ThreadPoolExecutor.getTask(ThreadPoolExecutor.java:1074)
 java.util.concurrent.ThreadPoolExecutor.runWorker(ThreadPoolExecutor.java:1134)
 java.util.concurrent.ThreadPoolExecutor$Worker.run(ThreadPoolExecutor.java:624)
 java.lang.Thread.run(Thread.java:748)
09:04:40.969 [Thread-15] WARN  org.apache.catalina.loader.WebappClassLoaderBase - The web application [ROOT] appears to have started a thread named [lettuce-eventExecutorLoop-5-3] but has failed to stop it. This is very likely to create a memory leak. Stack trace of thread:
 sun.misc.Unsafe.park(Native Method)
 java.util.concurrent.locks.LockSupport.park(LockSupport.java:175)
 java.util.concurrent.locks.AbstractQueuedSynchronizer$ConditionObject.await(AbstractQueuedSynchronizer.java:2039)
 java.util.concurrent.LinkedBlockingQueue.take(LinkedBlockingQueue.java:442)
 io.netty.util.concurrent.SingleThreadEventExecutor.takeTask(SingleThreadEventExecutor.java:244)
 io.netty.util.concurrent.DefaultEventExecutor.run(DefaultEventExecutor.java:64)
 io.netty.util.concurrent.SingleThreadEventExecutor$4.run(SingleThreadEventExecutor.java:997)
 io.netty.util.internal.ThreadExecutorMap$2.run(ThreadExecutorMap.java:74)
 io.netty.util.concurrent.FastThreadLocalRunnable.run(FastThreadLocalRunnable.java:30)
 java.lang.Thread.run(Thread.java:748)
09:04:40.969 [Thread-15] WARN  org.apache.catalina.loader.WebappClassLoaderBase - The web application [ROOT] appears to have started a thread named [lettuce-eventExecutorLoop-5-4] but has failed to stop it. This is very likely to create a memory leak. Stack trace of thread:
 sun.misc.Unsafe.park(Native Method)
 java.util.concurrent.locks.LockSupport.park(LockSupport.java:175)
 java.util.concurrent.locks.AbstractQueuedSynchronizer$ConditionObject.await(AbstractQueuedSynchronizer.java:2039)
 java.util.concurrent.LinkedBlockingQueue.take(LinkedBlockingQueue.java:442)
 io.netty.util.concurrent.SingleThreadEventExecutor.takeTask(SingleThreadEventExecutor.java:244)
 io.netty.util.concurrent.DefaultEventExecutor.run(DefaultEventExecutor.java:64)
 io.netty.util.concurrent.SingleThreadEventExecutor$4.run(SingleThreadEventExecutor.java:997)
 io.netty.util.internal.ThreadExecutorMap$2.run(ThreadExecutorMap.java:74)
 io.netty.util.concurrent.FastThreadLocalRunnable.run(FastThreadLocalRunnable.java:30)
 java.lang.Thread.run(Thread.java:748)
09:04:40.969 [Thread-15] INFO  org.apache.coyote.http11.Http11NioProtocol - Stopping ProtocolHandler ["http-nio-8080"]
09:04:40.971 [Thread-15] INFO  org.apache.coyote.http11.Http11NioProtocol - Destroying ProtocolHandler ["http-nio-8080"]
09:04:41.299 [restartedMain] INFO  com.dongbao.test_demo3.TestDemo3Application - Starting TestDemo3Application using Java 1.8.0_151 on IT-013487 with PID 11152 (E:\javaProject\test_demo3\target\classes started by 013487 in E:\javaProject\test_demo3)
09:04:41.299 [restartedMain] INFO  com.dongbao.test_demo3.TestDemo3Application - No active profile set, falling back to 1 default profile: "default"
09:04:41.394 [restartedMain] INFO  o.s.d.r.config.RepositoryConfigurationDelegate - Multiple Spring Data modules found, entering strict repository configuration mode
09:04:41.394 [restartedMain] INFO  o.s.d.r.config.RepositoryConfigurationDelegate - Bootstrapping Spring Data Redis repositories in DEFAULT mode.
09:04:41.397 [restartedMain] INFO  o.s.d.r.config.RepositoryConfigurationDelegate - Finished Spring Data repository scanning in 2 ms. Found 0 Redis repository interfaces.
09:04:41.430 [restartedMain] INFO  o.s.boot.web.embedded.tomcat.TomcatWebServer - Tomcat initialized with port(s): 8080 (http)
09:04:41.430 [restartedMain] INFO  org.apache.coyote.http11.Http11NioProtocol - Initializing ProtocolHandler ["http-nio-8080"]
09:04:41.430 [restartedMain] INFO  org.apache.catalina.core.StandardService - Starting service [Tomcat]
09:04:41.430 [restartedMain] INFO  org.apache.catalina.core.StandardEngine - Starting Servlet engine: [Apache Tomcat/9.0.69]
09:04:41.447 [restartedMain] INFO  o.a.c.core.ContainerBase.[Tomcat].[localhost].[/] - Initializing Spring embedded WebApplicationContext
09:04:41.447 [restartedMain] INFO  o.s.b.w.s.c.ServletWebServerApplicationContext - Root WebApplicationContext: initialization completed in 147 ms
09:04:41.576 [restartedMain] INFO  com.dongbao.test_demo3.config.AsyncConfig - 异步任务执行器已启用
09:04:41.601 [restartedMain] INFO  o.s.b.a.web.servlet.WelcomePageHandlerMapping - Adding welcome page: class path resource [static/index.html]
09:04:41.613 [restartedMain] WARN  o.s.b.a.t.ThymeleafAutoConfiguration$DefaultTemplateResolverConfiguration - Cannot find template location: classpath:/templates/ (please add some templates, check your Thymeleaf configuration, or set spring.thymeleaf.check-template-location=false)
09:04:41.613 [restartedMain] WARN  org.thymeleaf.templatemode.TemplateMode - [THYMELEAF][restartedMain] Template Mode 'HTML5' is deprecated. Using Template Mode 'HTML' instead.
09:04:41.644 [restartedMain] INFO  o.s.b.d.autoconfigure.OptionalLiveReloadServer - LiveReload server is running on port 35729
09:04:41.649 [restartedMain] INFO  org.apache.coyote.http11.Http11NioProtocol - Starting ProtocolHandler ["http-nio-8080"]
09:04:41.651 [restartedMain] INFO  o.s.boot.web.embedded.tomcat.TomcatWebServer - Tomcat started on port(s): 8080 (http) with context path ''
09:04:41.654 [restartedMain] INFO  com.dongbao.test_demo3.TestDemo3Application - Started TestDemo3Application in 0.372 seconds (JVM running for 94.26)
09:04:41.655 [restartedMain] INFO  o.s.b.d.a.ConditionEvaluationDeltaLoggingListener - Condition evaluation unchanged
09:04:41.927 [http-nio-8080-exec-1] INFO  o.a.c.core.ContainerBase.[Tomcat].[localhost].[/] - Initializing Spring DispatcherServlet 'dispatcherServlet'
09:04:41.928 [http-nio-8080-exec-1] INFO  org.springframework.web.servlet.DispatcherServlet - Initializing Servlet 'dispatcherServlet'
09:04:41.929 [http-nio-8080-exec-1] INFO  org.springframework.web.servlet.DispatcherServlet - Completed initialization in 1 ms
09:04:41.969 [http-nio-8080-exec-1] ERROR o.a.c.c.C.[.[localhost].[/].[dispatcherServlet] - Servlet.service() for servlet [dispatcherServlet] in context with path [] threw exception [Request processing failed; nested exception is org.springframework.data.redis.RedisSystemException: Error in execution; nested exception is io.lettuce.core.RedisCommandExecutionException: ERR Error compiling script (new function): user_script:11: ')' expected near '|'] with root cause
io.lettuce.core.RedisCommandExecutionException: ERR Error compiling script (new function): user_script:11: ')' expected near '|'
	at io.lettuce.core.internal.ExceptionFactory.createExecutionException(ExceptionFactory.java:147)
	at io.lettuce.core.internal.ExceptionFactory.createExecutionException(ExceptionFactory.java:116)
	at io.lettuce.core.protocol.AsyncCommand.completeResult(AsyncCommand.java:120)
	at io.lettuce.core.protocol.AsyncCommand.complete(AsyncCommand.java:111)
	at io.lettuce.core.protocol.CommandHandler.complete(CommandHandler.java:747)
	at io.lettuce.core.protocol.CommandHandler.decode(CommandHandler.java:682)
	at io.lettuce.core.protocol.CommandHandler.channelRead(CommandHandler.java:599)
	at io.netty.channel.AbstractChannelHandlerContext.invokeChannelRead(AbstractChannelHandlerContext.java:442)
	at io.netty.channel.AbstractChannelHandlerContext.invokeChannelRead(AbstractChannelHandlerContext.java:420)
	at io.netty.channel.AbstractChannelHandlerContext.fireChannelRead(AbstractChannelHandlerContext.java:412)
	at io.netty.channel.DefaultChannelPipeline$HeadContext.channelRead(DefaultChannelPipeline.java:1410)
	at io.netty.channel.AbstractChannelHandlerContext.invokeChannelRead(AbstractChannelHandlerContext.java:440)
	at io.netty.channel.AbstractChannelHandlerContext.invokeChannelRead(AbstractChannelHandlerContext.java:420)
	at io.netty.channel.DefaultChannelPipeline.fireChannelRead(DefaultChannelPipeline.java:919)
	at io.netty.channel.nio.AbstractNioByteChannel$NioByteUnsafe.read(AbstractNioByteChannel.java:166)
	at io.netty.channel.nio.NioEventLoop.processSelectedKey(NioEventLoop.java:788)
	at io.netty.channel.nio.NioEventLoop.processSelectedKeysOptimized(NioEventLoop.java:724)
	at io.netty.channel.nio.NioEventLoop.processSelectedKeys(NioEventLoop.java:650)
	at io.netty.channel.nio.NioEventLoop.run(NioEventLoop.java:562)
	at io.netty.util.concurrent.SingleThreadEventExecutor$4.run(SingleThreadEventExecutor.java:997)
	at io.netty.util.internal.ThreadExecutorMap$2.run(ThreadExecutorMap.java:74)
	at io.netty.util.concurrent.FastThreadLocalRunnable.run(FastThreadLocalRunnable.java:30)
	at java.lang.Thread.run(Thread.java:748)
09:04:43.324 [http-nio-8080-exec-2] ERROR o.a.c.c.C.[.[localhost].[/].[dispatcherServlet] - Servlet.service() for servlet [dispatcherServlet] in context with path [] threw exception [Request processing failed; nested exception is org.springframework.data.redis.RedisSystemException: Error in execution; nested exception is io.lettuce.core.RedisCommandExecutionException: ERR Error compiling script (new function): user_script:11: ')' expected near '|'] with root cause
io.lettuce.core.RedisCommandExecutionException: ERR Error compiling script (new function): user_script:11: ')' expected near '|'
	at io.lettuce.core.internal.ExceptionFactory.createExecutionException(ExceptionFactory.java:147)
	at io.lettuce.core.internal.ExceptionFactory.createExecutionException(ExceptionFactory.java:116)
	at io.lettuce.core.protocol.AsyncCommand.completeResult(AsyncCommand.java:120)
	at io.lettuce.core.protocol.AsyncCommand.complete(AsyncCommand.java:111)
	at io.lettuce.core.protocol.CommandHandler.complete(CommandHandler.java:747)
	at io.lettuce.core.protocol.CommandHandler.decode(CommandHandler.java:682)
	at io.lettuce.core.protocol.CommandHandler.channelRead(CommandHandler.java:599)
	at io.netty.channel.AbstractChannelHandlerContext.invokeChannelRead(AbstractChannelHandlerContext.java:442)
	at io.netty.channel.AbstractChannelHandlerContext.invokeChannelRead(AbstractChannelHandlerContext.java:420)
	at io.netty.channel.AbstractChannelHandlerContext.fireChannelRead(AbstractChannelHandlerContext.java:412)
	at io.netty.channel.DefaultChannelPipeline$HeadContext.channelRead(DefaultChannelPipeline.java:1410)
	at io.netty.channel.AbstractChannelHandlerContext.invokeChannelRead(AbstractChannelHandlerContext.java:440)
	at io.netty.channel.AbstractChannelHandlerContext.invokeChannelRead(AbstractChannelHandlerContext.java:420)
	at io.netty.channel.DefaultChannelPipeline.fireChannelRead(DefaultChannelPipeline.java:919)
	at io.netty.channel.nio.AbstractNioByteChannel$NioByteUnsafe.read(AbstractNioByteChannel.java:166)
	at io.netty.channel.nio.NioEventLoop.processSelectedKey(NioEventLoop.java:788)
	at io.netty.channel.nio.NioEventLoop.processSelectedKeysOptimized(NioEventLoop.java:724)
	at io.netty.channel.nio.NioEventLoop.processSelectedKeys(NioEventLoop.java:650)
	at io.netty.channel.nio.NioEventLoop.run(NioEventLoop.java:562)
	at io.netty.util.concurrent.SingleThreadEventExecutor$4.run(SingleThreadEventExecutor.java:997)
	at io.netty.util.internal.ThreadExecutorMap$2.run(ThreadExecutorMap.java:74)
	at io.netty.util.concurrent.FastThreadLocalRunnable.run(FastThreadLocalRunnable.java:30)
	at java.lang.Thread.run(Thread.java:748)
09:04:55.530 [restartedMain] INFO  com.dongbao.test_demo3.TestDemo3Application - Starting TestDemo3Application using Java 1.8.0_151 on IT-013487 with PID 5740 (E:\javaProject\test_demo3\target\classes started by 013487 in E:\javaProject\test_demo3)
09:04:55.533 [restartedMain] INFO  com.dongbao.test_demo3.TestDemo3Application - No active profile set, falling back to 1 default profile: "default"
09:04:55.567 [restartedMain] INFO  o.s.b.d.env.DevToolsPropertyDefaultsPostProcessor - For additional web related logging consider setting the 'logging.level.web' property to 'DEBUG'
09:04:55.995 [restartedMain] INFO  o.s.d.r.config.RepositoryConfigurationDelegate - Multiple Spring Data modules found, entering strict repository configuration mode
09:04:55.997 [restartedMain] INFO  o.s.d.r.config.RepositoryConfigurationDelegate - Bootstrapping Spring Data Redis repositories in DEFAULT mode.
09:04:56.014 [restartedMain] INFO  o.s.d.r.config.RepositoryConfigurationDelegate - Finished Spring Data repository scanning in 7 ms. Found 0 Redis repository interfaces.
09:04:56.287 [restartedMain] INFO  o.s.boot.web.embedded.tomcat.TomcatWebServer - Tomcat initialized with port(s): 8080 (http)
09:04:56.293 [restartedMain] INFO  org.apache.coyote.http11.Http11NioProtocol - Initializing ProtocolHandler ["http-nio-8080"]
09:04:56.294 [restartedMain] INFO  org.apache.catalina.core.StandardService - Starting service [Tomcat]
09:04:56.294 [restartedMain] INFO  org.apache.catalina.core.StandardEngine - Starting Servlet engine: [Apache Tomcat/9.0.69]
09:04:56.366 [restartedMain] INFO  o.a.c.core.ContainerBase.[Tomcat].[localhost].[/] - Initializing Spring embedded WebApplicationContext
09:04:56.366 [restartedMain] INFO  o.s.b.w.s.c.ServletWebServerApplicationContext - Root WebApplicationContext: initialization completed in 798 ms
09:04:56.700 [restartedMain] WARN  c.b.mybatisplus.core.injector.DefaultSqlInjector - class com.dongbao.test_demo3.entity.AttWorkHourDay ,Not found @TableId annotation, Cannot use Mybatis-Plus 'xxById' Method.
09:04:56.837 [restartedMain] INFO  com.dongbao.test_demo3.config.AsyncConfig - 异步任务执行器已启用
09:04:56.960 [restartedMain] INFO  o.s.b.a.web.servlet.WelcomePageHandlerMapping - Adding welcome page: class path resource [static/index.html]
09:04:57.012 [restartedMain] WARN  o.s.b.a.t.ThymeleafAutoConfiguration$DefaultTemplateResolverConfiguration - Cannot find template location: classpath:/templates/ (please add some templates, check your Thymeleaf configuration, or set spring.thymeleaf.check-template-location=false)
09:04:57.013 [restartedMain] WARN  org.thymeleaf.templatemode.TemplateMode - [THYMELEAF][restartedMain] Template Mode 'HTML5' is deprecated. Using Template Mode 'HTML' instead.
09:04:57.127 [restartedMain] INFO  o.s.b.d.autoconfigure.OptionalLiveReloadServer - LiveReload server is running on port 35729
09:04:57.136 [restartedMain] INFO  org.apache.coyote.http11.Http11NioProtocol - Starting ProtocolHandler ["http-nio-8080"]
09:04:57.145 [restartedMain] INFO  o.s.boot.web.embedded.tomcat.TomcatWebServer - Tomcat started on port(s): 8080 (http) with context path ''
09:04:57.151 [restartedMain] INFO  com.dongbao.test_demo3.TestDemo3Application - Started TestDemo3Application in 1.855 seconds (JVM running for 2.219)
09:05:02.117 [http-nio-8080-exec-1] INFO  o.a.c.core.ContainerBase.[Tomcat].[localhost].[/] - Initializing Spring DispatcherServlet 'dispatcherServlet'
09:05:02.118 [http-nio-8080-exec-1] INFO  org.springframework.web.servlet.DispatcherServlet - Initializing Servlet 'dispatcherServlet'
09:05:02.119 [http-nio-8080-exec-1] INFO  org.springframework.web.servlet.DispatcherServlet - Completed initialization in 1 ms
09:05:02.560 [http-nio-8080-exec-1] ERROR o.a.c.c.C.[.[localhost].[/].[dispatcherServlet] - Servlet.service() for servlet [dispatcherServlet] in context with path [] threw exception [Request processing failed; nested exception is org.springframework.data.redis.RedisSystemException: Error in execution; nested exception is io.lettuce.core.RedisCommandExecutionException: ERR Error compiling script (new function): user_script:11: ')' expected near '|'] with root cause
io.lettuce.core.RedisCommandExecutionException: ERR Error compiling script (new function): user_script:11: ')' expected near '|'
	at io.lettuce.core.internal.ExceptionFactory.createExecutionException(ExceptionFactory.java:147)
	at io.lettuce.core.internal.ExceptionFactory.createExecutionException(ExceptionFactory.java:116)
	at io.lettuce.core.protocol.AsyncCommand.completeResult(AsyncCommand.java:120)
	at io.lettuce.core.protocol.AsyncCommand.complete(AsyncCommand.java:111)
	at io.lettuce.core.protocol.CommandHandler.complete(CommandHandler.java:747)
	at io.lettuce.core.protocol.CommandHandler.decode(CommandHandler.java:682)
	at io.lettuce.core.protocol.CommandHandler.channelRead(CommandHandler.java:599)
	at io.netty.channel.AbstractChannelHandlerContext.invokeChannelRead(AbstractChannelHandlerContext.java:442)
	at io.netty.channel.AbstractChannelHandlerContext.invokeChannelRead(AbstractChannelHandlerContext.java:420)
	at io.netty.channel.AbstractChannelHandlerContext.fireChannelRead(AbstractChannelHandlerContext.java:412)
	at io.netty.channel.DefaultChannelPipeline$HeadContext.channelRead(DefaultChannelPipeline.java:1410)
	at io.netty.channel.AbstractChannelHandlerContext.invokeChannelRead(AbstractChannelHandlerContext.java:440)
	at io.netty.channel.AbstractChannelHandlerContext.invokeChannelRead(AbstractChannelHandlerContext.java:420)
	at io.netty.channel.DefaultChannelPipeline.fireChannelRead(DefaultChannelPipeline.java:919)
	at io.netty.channel.nio.AbstractNioByteChannel$NioByteUnsafe.read(AbstractNioByteChannel.java:166)
	at io.netty.channel.nio.NioEventLoop.processSelectedKey(NioEventLoop.java:788)
	at io.netty.channel.nio.NioEventLoop.processSelectedKeysOptimized(NioEventLoop.java:724)
	at io.netty.channel.nio.NioEventLoop.processSelectedKeys(NioEventLoop.java:650)
	at io.netty.channel.nio.NioEventLoop.run(NioEventLoop.java:562)
	at io.netty.util.concurrent.SingleThreadEventExecutor$4.run(SingleThreadEventExecutor.java:997)
	at io.netty.util.internal.ThreadExecutorMap$2.run(ThreadExecutorMap.java:74)
	at io.netty.util.concurrent.FastThreadLocalRunnable.run(FastThreadLocalRunnable.java:30)
	at java.lang.Thread.run(Thread.java:748)
09:05:51.576 [File Watcher] INFO  o.s.b.d.a.LocalDevToolsAutoConfiguration$RestartingClassPathChangeChangedEventListener - Restarting due to 1 class path change (0 additions, 0 deletions, 1 modification)
09:05:51.617 [Thread-9] INFO  org.apache.coyote.http11.Http11NioProtocol - Pausing ProtocolHandler ["http-nio-8080"]
09:05:51.617 [Thread-9] INFO  org.apache.catalina.core.StandardService - Stopping service [Tomcat]
09:05:51.618 [Thread-9] INFO  o.a.c.core.ContainerBase.[Tomcat].[localhost].[/] - Destroying Spring FrameworkServlet 'dispatcherServlet'
09:05:51.620 [Thread-9] WARN  org.apache.catalina.loader.WebappClassLoaderBase - The web application [ROOT] appears to have started a thread named [lettuce-nioEventLoop-4-1] but has failed to stop it. This is very likely to create a memory leak. Stack trace of thread:
 sun.nio.ch.WindowsSelectorImpl$SubSelector.poll0(Native Method)
 sun.nio.ch.WindowsSelectorImpl$SubSelector.poll(WindowsSelectorImpl.java:296)
 sun.nio.ch.WindowsSelectorImpl$SubSelector.access$400(WindowsSelectorImpl.java:278)
 sun.nio.ch.WindowsSelectorImpl.doSelect(WindowsSelectorImpl.java:159)
 sun.nio.ch.SelectorImpl.lockAndDoSelect(SelectorImpl.java:86)
 sun.nio.ch.SelectorImpl.select(SelectorImpl.java:97)
 sun.nio.ch.SelectorImpl.select(SelectorImpl.java:101)
 io.netty.channel.nio.SelectedSelectionKeySetSelector.select(SelectedSelectionKeySetSelector.java:68)
 io.netty.channel.nio.NioEventLoop.select(NioEventLoop.java:879)
 io.netty.channel.nio.NioEventLoop.run(NioEventLoop.java:526)
 io.netty.util.concurrent.SingleThreadEventExecutor$4.run(SingleThreadEventExecutor.java:997)
 io.netty.util.internal.ThreadExecutorMap$2.run(ThreadExecutorMap.java:74)
 io.netty.util.concurrent.FastThreadLocalRunnable.run(FastThreadLocalRunnable.java:30)
 java.lang.Thread.run(Thread.java:748)
09:05:51.621 [Thread-9] WARN  org.apache.catalina.loader.WebappClassLoaderBase - The web application [ROOT] appears to have started a thread named [lettuce-eventExecutorLoop-1-1] but has failed to stop it. This is very likely to create a memory leak. Stack trace of thread:
 sun.misc.Unsafe.park(Native Method)
 java.util.concurrent.locks.LockSupport.park(LockSupport.java:175)
 java.util.concurrent.locks.AbstractQueuedSynchronizer$ConditionObject.await(AbstractQueuedSynchronizer.java:2039)
 java.util.concurrent.LinkedBlockingQueue.take(LinkedBlockingQueue.java:442)
 io.netty.util.concurrent.SingleThreadEventExecutor.takeTask(SingleThreadEventExecutor.java:244)
 io.netty.util.concurrent.DefaultEventExecutor.run(DefaultEventExecutor.java:64)
 io.netty.util.concurrent.SingleThreadEventExecutor$4.run(SingleThreadEventExecutor.java:997)
 io.netty.util.internal.ThreadExecutorMap$2.run(ThreadExecutorMap.java:74)
 io.netty.util.concurrent.FastThreadLocalRunnable.run(FastThreadLocalRunnable.java:30)
 java.lang.Thread.run(Thread.java:748)
09:05:51.621 [Thread-9] WARN  org.apache.catalina.loader.WebappClassLoaderBase - The web application [ROOT] appears to have started a thread named [lettuce-eventExecutorLoop-1-2] but has failed to stop it. This is very likely to create a memory leak. Stack trace of thread:
 sun.misc.Unsafe.park(Native Method)
 java.util.concurrent.locks.LockSupport.park(LockSupport.java:175)
 java.util.concurrent.locks.AbstractQueuedSynchronizer$ConditionObject.await(AbstractQueuedSynchronizer.java:2039)
 java.util.concurrent.LinkedBlockingQueue.take(LinkedBlockingQueue.java:442)
 io.netty.util.concurrent.SingleThreadEventExecutor.takeTask(SingleThreadEventExecutor.java:244)
 io.netty.util.concurrent.DefaultEventExecutor.run(DefaultEventExecutor.java:64)
 io.netty.util.concurrent.SingleThreadEventExecutor$4.run(SingleThreadEventExecutor.java:997)
 io.netty.util.internal.ThreadExecutorMap$2.run(ThreadExecutorMap.java:74)
 io.netty.util.concurrent.FastThreadLocalRunnable.run(FastThreadLocalRunnable.java:30)
 java.lang.Thread.run(Thread.java:748)
09:05:51.621 [Thread-9] INFO  org.apache.coyote.http11.Http11NioProtocol - Stopping ProtocolHandler ["http-nio-8080"]
09:05:51.624 [Thread-9] INFO  org.apache.coyote.http11.Http11NioProtocol - Destroying ProtocolHandler ["http-nio-8080"]
09:05:51.881 [restartedMain] INFO  com.dongbao.test_demo3.TestDemo3Application - Starting TestDemo3Application using Java 1.8.0_151 on IT-013487 with PID 5740 (E:\javaProject\test_demo3\target\classes started by 013487 in E:\javaProject\test_demo3)
09:05:51.882 [restartedMain] INFO  com.dongbao.test_demo3.TestDemo3Application - No active profile set, falling back to 1 default profile: "default"
09:05:51.985 [restartedMain] INFO  o.s.d.r.config.RepositoryConfigurationDelegate - Multiple Spring Data modules found, entering strict repository configuration mode
09:05:51.985 [restartedMain] INFO  o.s.d.r.config.RepositoryConfigurationDelegate - Bootstrapping Spring Data Redis repositories in DEFAULT mode.
09:05:51.989 [restartedMain] INFO  o.s.d.r.config.RepositoryConfigurationDelegate - Finished Spring Data repository scanning in 3 ms. Found 0 Redis repository interfaces.
09:05:52.025 [restartedMain] INFO  o.s.boot.web.embedded.tomcat.TomcatWebServer - Tomcat initialized with port(s): 8080 (http)
09:05:52.025 [restartedMain] INFO  org.apache.coyote.http11.Http11NioProtocol - Initializing ProtocolHandler ["http-nio-8080"]
09:05:52.025 [restartedMain] INFO  org.apache.catalina.core.StandardService - Starting service [Tomcat]
09:05:52.025 [restartedMain] INFO  org.apache.catalina.core.StandardEngine - Starting Servlet engine: [Apache Tomcat/9.0.69]
09:05:52.035 [restartedMain] INFO  o.a.c.core.ContainerBase.[Tomcat].[localhost].[/] - Initializing Spring embedded WebApplicationContext
09:05:52.035 [restartedMain] INFO  o.s.b.w.s.c.ServletWebServerApplicationContext - Root WebApplicationContext: initialization completed in 152 ms
09:05:52.153 [restartedMain] INFO  com.dongbao.test_demo3.config.AsyncConfig - 异步任务执行器已启用
09:05:52.178 [restartedMain] INFO  o.s.b.a.web.servlet.WelcomePageHandlerMapping - Adding welcome page: class path resource [static/index.html]
09:05:52.195 [restartedMain] WARN  o.s.b.a.t.ThymeleafAutoConfiguration$DefaultTemplateResolverConfiguration - Cannot find template location: classpath:/templates/ (please add some templates, check your Thymeleaf configuration, or set spring.thymeleaf.check-template-location=false)
09:05:52.195 [restartedMain] WARN  org.thymeleaf.templatemode.TemplateMode - [THYMELEAF][restartedMain] Template Mode 'HTML5' is deprecated. Using Template Mode 'HTML' instead.
09:05:52.233 [restartedMain] INFO  o.s.b.d.autoconfigure.OptionalLiveReloadServer - LiveReload server is running on port 35729
09:05:52.239 [restartedMain] INFO  org.apache.coyote.http11.Http11NioProtocol - Starting ProtocolHandler ["http-nio-8080"]
09:05:52.240 [restartedMain] INFO  o.s.boot.web.embedded.tomcat.TomcatWebServer - Tomcat started on port(s): 8080 (http) with context path ''
09:05:52.243 [restartedMain] INFO  com.dongbao.test_demo3.TestDemo3Application - Started TestDemo3Application in 0.38 seconds (JVM running for 57.31)
09:05:52.244 [restartedMain] INFO  o.s.b.d.a.ConditionEvaluationDeltaLoggingListener - Condition evaluation unchanged
09:05:53.039 [http-nio-8080-exec-1] INFO  o.a.c.core.ContainerBase.[Tomcat].[localhost].[/] - Initializing Spring DispatcherServlet 'dispatcherServlet'
09:05:53.042 [http-nio-8080-exec-1] INFO  org.springframework.web.servlet.DispatcherServlet - Initializing Servlet 'dispatcherServlet'
09:05:53.043 [http-nio-8080-exec-1] INFO  org.springframework.web.servlet.DispatcherServlet - Completed initialization in 1 ms
09:06:24.187 [File Watcher] INFO  o.s.b.d.a.LocalDevToolsAutoConfiguration$RestartingClassPathChangeChangedEventListener - Restarting due to 1 class path change (0 additions, 0 deletions, 1 modification)
09:06:24.223 [Thread-15] INFO  org.apache.coyote.http11.Http11NioProtocol - Pausing ProtocolHandler ["http-nio-8080"]
09:06:24.223 [Thread-15] INFO  org.apache.catalina.core.StandardService - Stopping service [Tomcat]
09:06:24.224 [Thread-15] INFO  o.a.c.core.ContainerBase.[Tomcat].[localhost].[/] - Destroying Spring FrameworkServlet 'dispatcherServlet'
09:06:24.226 [Thread-15] WARN  org.apache.catalina.loader.WebappClassLoaderBase - The web application [ROOT] appears to have started a thread named [lettuce-nioEventLoop-7-1] but has failed to stop it. This is very likely to create a memory leak. Stack trace of thread:
 sun.nio.ch.WindowsSelectorImpl$SubSelector.poll0(Native Method)
 sun.nio.ch.WindowsSelectorImpl$SubSelector.poll(WindowsSelectorImpl.java:296)
 sun.nio.ch.WindowsSelectorImpl$SubSelector.access$400(WindowsSelectorImpl.java:278)
 sun.nio.ch.WindowsSelectorImpl.doSelect(WindowsSelectorImpl.java:159)
 sun.nio.ch.SelectorImpl.lockAndDoSelect(SelectorImpl.java:86)
 sun.nio.ch.SelectorImpl.select(SelectorImpl.java:97)
 sun.nio.ch.SelectorImpl.select(SelectorImpl.java:101)
 io.netty.channel.nio.SelectedSelectionKeySetSelector.select(SelectedSelectionKeySetSelector.java:68)
 io.netty.channel.nio.NioEventLoop.select(NioEventLoop.java:879)
 io.netty.channel.nio.NioEventLoop.run(NioEventLoop.java:526)
 io.netty.util.concurrent.SingleThreadEventExecutor$4.run(SingleThreadEventExecutor.java:997)
 io.netty.util.internal.ThreadExecutorMap$2.run(ThreadExecutorMap.java:74)
 io.netty.util.concurrent.FastThreadLocalRunnable.run(FastThreadLocalRunnable.java:30)
 java.lang.Thread.run(Thread.java:748)
09:06:24.226 [Thread-15] WARN  org.apache.catalina.loader.WebappClassLoaderBase - The web application [ROOT] appears to have started a thread named [lettuce-eventExecutorLoop-5-1] but has failed to stop it. This is very likely to create a memory leak. Stack trace of thread:
 sun.misc.Unsafe.park(Native Method)
 java.util.concurrent.locks.LockSupport.park(LockSupport.java:175)
 java.util.concurrent.locks.AbstractQueuedSynchronizer$ConditionObject.await(AbstractQueuedSynchronizer.java:2039)
 java.util.concurrent.LinkedBlockingQueue.take(LinkedBlockingQueue.java:442)
 io.netty.util.concurrent.SingleThreadEventExecutor.takeTask(SingleThreadEventExecutor.java:244)
 io.netty.util.concurrent.DefaultEventExecutor.run(DefaultEventExecutor.java:64)
 io.netty.util.concurrent.SingleThreadEventExecutor$4.run(SingleThreadEventExecutor.java:997)
 io.netty.util.internal.ThreadExecutorMap$2.run(ThreadExecutorMap.java:74)
 io.netty.util.concurrent.FastThreadLocalRunnable.run(FastThreadLocalRunnable.java:30)
 java.lang.Thread.run(Thread.java:748)
09:06:24.227 [Thread-15] WARN  org.apache.catalina.loader.WebappClassLoaderBase - The web application [ROOT] appears to have started a thread named [lettuce-eventExecutorLoop-5-2] but has failed to stop it. This is very likely to create a memory leak. Stack trace of thread:
 sun.misc.Unsafe.park(Native Method)
 java.util.concurrent.locks.LockSupport.park(LockSupport.java:175)
 java.util.concurrent.locks.AbstractQueuedSynchronizer$ConditionObject.await(AbstractQueuedSynchronizer.java:2039)
 java.util.concurrent.LinkedBlockingQueue.take(LinkedBlockingQueue.java:442)
 io.netty.util.concurrent.SingleThreadEventExecutor.takeTask(SingleThreadEventExecutor.java:244)
 io.netty.util.concurrent.DefaultEventExecutor.run(DefaultEventExecutor.java:64)
 io.netty.util.concurrent.SingleThreadEventExecutor$4.run(SingleThreadEventExecutor.java:997)
 io.netty.util.internal.ThreadExecutorMap$2.run(ThreadExecutorMap.java:74)
 io.netty.util.concurrent.FastThreadLocalRunnable.run(FastThreadLocalRunnable.java:30)
 java.lang.Thread.run(Thread.java:748)
09:06:24.227 [Thread-15] WARN  org.apache.catalina.loader.WebappClassLoaderBase - The web application [ROOT] appears to have started a thread named [lettuce-eventExecutorLoop-5-3] but has failed to stop it. This is very likely to create a memory leak. Stack trace of thread:
 sun.misc.Unsafe.park(Native Method)
 java.util.concurrent.locks.LockSupport.park(LockSupport.java:175)
 java.util.concurrent.locks.AbstractQueuedSynchronizer$ConditionObject.await(AbstractQueuedSynchronizer.java:2039)
 java.util.concurrent.LinkedBlockingQueue.take(LinkedBlockingQueue.java:442)
 io.netty.util.concurrent.SingleThreadEventExecutor.takeTask(SingleThreadEventExecutor.java:244)
 io.netty.util.concurrent.DefaultEventExecutor.run(DefaultEventExecutor.java:64)
 io.netty.util.concurrent.SingleThreadEventExecutor$4.run(SingleThreadEventExecutor.java:997)
 io.netty.util.internal.ThreadExecutorMap$2.run(ThreadExecutorMap.java:74)
 io.netty.util.concurrent.FastThreadLocalRunnable.run(FastThreadLocalRunnable.java:30)
 java.lang.Thread.run(Thread.java:748)
09:06:24.227 [Thread-15] WARN  org.apache.catalina.loader.WebappClassLoaderBase - The web application [ROOT] appears to have started a thread named [lettuce-eventExecutorLoop-5-4] but has failed to stop it. This is very likely to create a memory leak. Stack trace of thread:
 sun.misc.Unsafe.park(Native Method)
 java.util.concurrent.locks.LockSupport.park(LockSupport.java:175)
 java.util.concurrent.locks.AbstractQueuedSynchronizer$ConditionObject.await(AbstractQueuedSynchronizer.java:2039)
 java.util.concurrent.LinkedBlockingQueue.take(LinkedBlockingQueue.java:442)
 io.netty.util.concurrent.SingleThreadEventExecutor.takeTask(SingleThreadEventExecutor.java:244)
 io.netty.util.concurrent.DefaultEventExecutor.run(DefaultEventExecutor.java:64)
 io.netty.util.concurrent.SingleThreadEventExecutor$4.run(SingleThreadEventExecutor.java:997)
 io.netty.util.internal.ThreadExecutorMap$2.run(ThreadExecutorMap.java:74)
 io.netty.util.concurrent.FastThreadLocalRunnable.run(FastThreadLocalRunnable.java:30)
 java.lang.Thread.run(Thread.java:748)
09:06:24.228 [Thread-15] WARN  org.apache.catalina.loader.WebappClassLoaderBase - The web application [ROOT] appears to have started a thread named [lettuce-eventExecutorLoop-5-5] but has failed to stop it. This is very likely to create a memory leak. Stack trace of thread:
 sun.misc.Unsafe.park(Native Method)
 java.util.concurrent.locks.LockSupport.park(LockSupport.java:175)
 java.util.concurrent.locks.AbstractQueuedSynchronizer$ConditionObject.await(AbstractQueuedSynchronizer.java:2039)
 java.util.concurrent.LinkedBlockingQueue.take(LinkedBlockingQueue.java:442)
 io.netty.util.concurrent.SingleThreadEventExecutor.takeTask(SingleThreadEventExecutor.java:244)
 io.netty.util.concurrent.DefaultEventExecutor.run(DefaultEventExecutor.java:64)
 io.netty.util.concurrent.SingleThreadEventExecutor$4.run(SingleThreadEventExecutor.java:997)
 io.netty.util.internal.ThreadExecutorMap$2.run(ThreadExecutorMap.java:74)
 io.netty.util.concurrent.FastThreadLocalRunnable.run(FastThreadLocalRunnable.java:30)
 java.lang.Thread.run(Thread.java:748)
09:06:24.228 [Thread-15] WARN  org.apache.catalina.loader.WebappClassLoaderBase - The web application [ROOT] appears to have started a thread named [lettuce-eventExecutorLoop-5-6] but has failed to stop it. This is very likely to create a memory leak. Stack trace of thread:
 sun.misc.Unsafe.park(Native Method)
 java.util.concurrent.locks.LockSupport.park(LockSupport.java:175)
 java.util.concurrent.locks.AbstractQueuedSynchronizer$ConditionObject.await(AbstractQueuedSynchronizer.java:2039)
 java.util.concurrent.LinkedBlockingQueue.take(LinkedBlockingQueue.java:442)
 io.netty.util.concurrent.SingleThreadEventExecutor.takeTask(SingleThreadEventExecutor.java:244)
 io.netty.util.concurrent.DefaultEventExecutor.run(DefaultEventExecutor.java:64)
 io.netty.util.concurrent.SingleThreadEventExecutor$4.run(SingleThreadEventExecutor.java:997)
 io.netty.util.internal.ThreadExecutorMap$2.run(ThreadExecutorMap.java:74)
 io.netty.util.concurrent.FastThreadLocalRunnable.run(FastThreadLocalRunnable.java:30)
 java.lang.Thread.run(Thread.java:748)
09:06:24.229 [Thread-15] WARN  org.apache.catalina.loader.WebappClassLoaderBase - The web application [ROOT] appears to have started a thread named [lettuce-eventExecutorLoop-5-7] but has failed to stop it. This is very likely to create a memory leak. Stack trace of thread:
 sun.misc.Unsafe.park(Native Method)
 java.util.concurrent.locks.LockSupport.park(LockSupport.java:175)
 java.util.concurrent.locks.AbstractQueuedSynchronizer$ConditionObject.await(AbstractQueuedSynchronizer.java:2039)
 java.util.concurrent.LinkedBlockingQueue.take(LinkedBlockingQueue.java:442)
 io.netty.util.concurrent.SingleThreadEventExecutor.takeTask(SingleThreadEventExecutor.java:244)
 io.netty.util.concurrent.DefaultEventExecutor.run(DefaultEventExecutor.java:64)
 io.netty.util.concurrent.SingleThreadEventExecutor$4.run(SingleThreadEventExecutor.java:997)
 io.netty.util.internal.ThreadExecutorMap$2.run(ThreadExecutorMap.java:74)
 io.netty.util.concurrent.FastThreadLocalRunnable.run(FastThreadLocalRunnable.java:30)
 java.lang.Thread.run(Thread.java:748)
09:06:24.229 [Thread-15] WARN  org.apache.catalina.loader.WebappClassLoaderBase - The web application [ROOT] appears to have started a thread named [lettuce-eventExecutorLoop-5-8] but has failed to stop it. This is very likely to create a memory leak. Stack trace of thread:
 sun.misc.Unsafe.park(Native Method)
 java.util.concurrent.locks.LockSupport.park(LockSupport.java:175)
 java.util.concurrent.locks.AbstractQueuedSynchronizer$ConditionObject.await(AbstractQueuedSynchronizer.java:2039)
 java.util.concurrent.LinkedBlockingQueue.take(LinkedBlockingQueue.java:442)
 io.netty.util.concurrent.SingleThreadEventExecutor.takeTask(SingleThreadEventExecutor.java:244)
 io.netty.util.concurrent.DefaultEventExecutor.run(DefaultEventExecutor.java:64)
 io.netty.util.concurrent.SingleThreadEventExecutor$4.run(SingleThreadEventExecutor.java:997)
 io.netty.util.internal.ThreadExecutorMap$2.run(ThreadExecutorMap.java:74)
 io.netty.util.concurrent.FastThreadLocalRunnable.run(FastThreadLocalRunnable.java:30)
 java.lang.Thread.run(Thread.java:748)
09:06:24.229 [Thread-15] WARN  org.apache.catalina.loader.WebappClassLoaderBase - The web application [ROOT] appears to have started a thread named [lettuce-eventExecutorLoop-5-9] but has failed to stop it. This is very likely to create a memory leak. Stack trace of thread:
 sun.misc.Unsafe.park(Native Method)
 java.util.concurrent.locks.LockSupport.park(LockSupport.java:175)
 java.util.concurrent.locks.AbstractQueuedSynchronizer$ConditionObject.await(AbstractQueuedSynchronizer.java:2039)
 java.util.concurrent.LinkedBlockingQueue.take(LinkedBlockingQueue.java:442)
 io.netty.util.concurrent.SingleThreadEventExecutor.takeTask(SingleThreadEventExecutor.java:244)
 io.netty.util.concurrent.DefaultEventExecutor.run(DefaultEventExecutor.java:64)
 io.netty.util.concurrent.SingleThreadEventExecutor$4.run(SingleThreadEventExecutor.java:997)
 io.netty.util.internal.ThreadExecutorMap$2.run(ThreadExecutorMap.java:74)
 io.netty.util.concurrent.FastThreadLocalRunnable.run(FastThreadLocalRunnable.java:30)
 java.lang.Thread.run(Thread.java:748)
09:06:24.229 [Thread-15] WARN  org.apache.catalina.loader.WebappClassLoaderBase - The web application [ROOT] appears to have started a thread named [lettuce-eventExecutorLoop-5-10] but has failed to stop it. This is very likely to create a memory leak. Stack trace of thread:
 sun.misc.Unsafe.park(Native Method)
 java.util.concurrent.locks.LockSupport.park(LockSupport.java:175)
 java.util.concurrent.locks.AbstractQueuedSynchronizer$ConditionObject.await(AbstractQueuedSynchronizer.java:2039)
 java.util.concurrent.LinkedBlockingQueue.take(LinkedBlockingQueue.java:442)
 io.netty.util.concurrent.SingleThreadEventExecutor.takeTask(SingleThreadEventExecutor.java:244)
 io.netty.util.concurrent.DefaultEventExecutor.run(DefaultEventExecutor.java:64)
 io.netty.util.concurrent.SingleThreadEventExecutor$4.run(SingleThreadEventExecutor.java:997)
 io.netty.util.internal.ThreadExecutorMap$2.run(ThreadExecutorMap.java:74)
 io.netty.util.concurrent.FastThreadLocalRunnable.run(FastThreadLocalRunnable.java:30)
 java.lang.Thread.run(Thread.java:748)
09:06:24.230 [Thread-15] WARN  org.apache.catalina.loader.WebappClassLoaderBase - The web application [ROOT] appears to have started a thread named [lettuce-eventExecutorLoop-5-11] but has failed to stop it. This is very likely to create a memory leak. Stack trace of thread:
 sun.misc.Unsafe.park(Native Method)
 java.util.concurrent.locks.LockSupport.park(LockSupport.java:175)
 java.util.concurrent.locks.AbstractQueuedSynchronizer$ConditionObject.await(AbstractQueuedSynchronizer.java:2039)
 java.util.concurrent.LinkedBlockingQueue.take(LinkedBlockingQueue.java:442)
 io.netty.util.concurrent.SingleThreadEventExecutor.takeTask(SingleThreadEventExecutor.java:244)
 io.netty.util.concurrent.DefaultEventExecutor.run(DefaultEventExecutor.java:64)
 io.netty.util.concurrent.SingleThreadEventExecutor$4.run(SingleThreadEventExecutor.java:997)
 io.netty.util.internal.ThreadExecutorMap$2.run(ThreadExecutorMap.java:74)
 io.netty.util.concurrent.FastThreadLocalRunnable.run(FastThreadLocalRunnable.java:30)
 java.lang.Thread.run(Thread.java:748)
09:06:24.230 [Thread-15] WARN  org.apache.catalina.loader.WebappClassLoaderBase - The web application [ROOT] appears to have started a thread named [lettuce-eventExecutorLoop-5-12] but has failed to stop it. This is very likely to create a memory leak. Stack trace of thread:
 sun.misc.Unsafe.park(Native Method)
 java.util.concurrent.locks.LockSupport.park(LockSupport.java:175)
 java.util.concurrent.locks.AbstractQueuedSynchronizer$ConditionObject.await(AbstractQueuedSynchronizer.java:2039)
 java.util.concurrent.LinkedBlockingQueue.take(LinkedBlockingQueue.java:442)
 io.netty.util.concurrent.SingleThreadEventExecutor.takeTask(SingleThreadEventExecutor.java:244)
 io.netty.util.concurrent.DefaultEventExecutor.run(DefaultEventExecutor.java:64)
 io.netty.util.concurrent.SingleThreadEventExecutor$4.run(SingleThreadEventExecutor.java:997)
 io.netty.util.internal.ThreadExecutorMap$2.run(ThreadExecutorMap.java:74)
 io.netty.util.concurrent.FastThreadLocalRunnable.run(FastThreadLocalRunnable.java:30)
 java.lang.Thread.run(Thread.java:748)
09:06:24.230 [Thread-15] WARN  org.apache.catalina.loader.WebappClassLoaderBase - The web application [ROOT] appears to have started a thread named [lettuce-eventExecutorLoop-5-13] but has failed to stop it. This is very likely to create a memory leak. Stack trace of thread:
 sun.misc.Unsafe.park(Native Method)
 java.util.concurrent.locks.LockSupport.park(LockSupport.java:175)
 java.util.concurrent.locks.AbstractQueuedSynchronizer$ConditionObject.await(AbstractQueuedSynchronizer.java:2039)
 java.util.concurrent.LinkedBlockingQueue.take(LinkedBlockingQueue.java:442)
 io.netty.util.concurrent.SingleThreadEventExecutor.takeTask(SingleThreadEventExecutor.java:244)
 io.netty.util.concurrent.DefaultEventExecutor.run(DefaultEventExecutor.java:64)
 io.netty.util.concurrent.SingleThreadEventExecutor$4.run(SingleThreadEventExecutor.java:997)
 io.netty.util.internal.ThreadExecutorMap$2.run(ThreadExecutorMap.java:74)
 io.netty.util.concurrent.FastThreadLocalRunnable.run(FastThreadLocalRunnable.java:30)
 java.lang.Thread.run(Thread.java:748)
09:06:24.230 [Thread-15] WARN  org.apache.catalina.loader.WebappClassLoaderBase - The web application [ROOT] appears to have started a thread named [lettuce-eventExecutorLoop-5-14] but has failed to stop it. This is very likely to create a memory leak. Stack trace of thread:
 sun.misc.Unsafe.park(Native Method)
 java.util.concurrent.locks.LockSupport.park(LockSupport.java:175)
 java.util.concurrent.locks.AbstractQueuedSynchronizer$ConditionObject.await(AbstractQueuedSynchronizer.java:2039)
 java.util.concurrent.LinkedBlockingQueue.take(LinkedBlockingQueue.java:442)
 io.netty.util.concurrent.SingleThreadEventExecutor.takeTask(SingleThreadEventExecutor.java:244)
 io.netty.util.concurrent.DefaultEventExecutor.run(DefaultEventExecutor.java:64)
 io.netty.util.concurrent.SingleThreadEventExecutor$4.run(SingleThreadEventExecutor.java:997)
 io.netty.util.internal.ThreadExecutorMap$2.run(ThreadExecutorMap.java:74)
 io.netty.util.concurrent.FastThreadLocalRunnable.run(FastThreadLocalRunnable.java:30)
 java.lang.Thread.run(Thread.java:748)
09:06:24.230 [Thread-15] WARN  org.apache.catalina.loader.WebappClassLoaderBase - The web application [ROOT] appears to have started a thread named [lettuce-eventExecutorLoop-5-15] but has failed to stop it. This is very likely to create a memory leak. Stack trace of thread:
 sun.misc.Unsafe.park(Native Method)
 java.util.concurrent.locks.LockSupport.park(LockSupport.java:175)
 java.util.concurrent.locks.AbstractQueuedSynchronizer$ConditionObject.await(AbstractQueuedSynchronizer.java:2039)
 java.util.concurrent.LinkedBlockingQueue.take(LinkedBlockingQueue.java:442)
 io.netty.util.concurrent.SingleThreadEventExecutor.takeTask(SingleThreadEventExecutor.java:244)
 io.netty.util.concurrent.DefaultEventExecutor.run(DefaultEventExecutor.java:64)
 io.netty.util.concurrent.SingleThreadEventExecutor$4.run(SingleThreadEventExecutor.java:997)
 io.netty.util.internal.ThreadExecutorMap$2.run(ThreadExecutorMap.java:74)
 io.netty.util.concurrent.FastThreadLocalRunnable.run(FastThreadLocalRunnable.java:30)
 java.lang.Thread.run(Thread.java:748)
09:06:24.231 [Thread-15] WARN  org.apache.catalina.loader.WebappClassLoaderBase - The web application [ROOT] appears to have started a thread named [lettuce-eventExecutorLoop-5-16] but has failed to stop it. This is very likely to create a memory leak. Stack trace of thread:
 sun.misc.Unsafe.park(Native Method)
 java.util.concurrent.locks.LockSupport.park(LockSupport.java:175)
 java.util.concurrent.locks.AbstractQueuedSynchronizer$ConditionObject.await(AbstractQueuedSynchronizer.java:2039)
 java.util.concurrent.LinkedBlockingQueue.take(LinkedBlockingQueue.java:442)
 io.netty.util.concurrent.SingleThreadEventExecutor.takeTask(SingleThreadEventExecutor.java:244)
 io.netty.util.concurrent.DefaultEventExecutor.run(DefaultEventExecutor.java:64)
 io.netty.util.concurrent.SingleThreadEventExecutor$4.run(SingleThreadEventExecutor.java:997)
 io.netty.util.internal.ThreadExecutorMap$2.run(ThreadExecutorMap.java:74)
 io.netty.util.concurrent.FastThreadLocalRunnable.run(FastThreadLocalRunnable.java:30)
 java.lang.Thread.run(Thread.java:748)
09:06:24.231 [Thread-15] WARN  org.apache.catalina.loader.WebappClassLoaderBase - The web application [ROOT] appears to have started a thread named [lettuce-eventExecutorLoop-5-17] but has failed to stop it. This is very likely to create a memory leak. Stack trace of thread:
 sun.misc.Unsafe.park(Native Method)
 java.util.concurrent.locks.LockSupport.park(LockSupport.java:175)
 java.util.concurrent.locks.AbstractQueuedSynchronizer$ConditionObject.await(AbstractQueuedSynchronizer.java:2039)
 java.util.concurrent.LinkedBlockingQueue.take(LinkedBlockingQueue.java:442)
 io.netty.util.concurrent.SingleThreadEventExecutor.takeTask(SingleThreadEventExecutor.java:244)
 io.netty.util.concurrent.DefaultEventExecutor.run(DefaultEventExecutor.java:64)
 io.netty.util.concurrent.SingleThreadEventExecutor$4.run(SingleThreadEventExecutor.java:997)
 io.netty.util.internal.ThreadExecutorMap$2.run(ThreadExecutorMap.java:74)
 io.netty.util.concurrent.FastThreadLocalRunnable.run(FastThreadLocalRunnable.java:30)
 java.lang.Thread.run(Thread.java:748)
09:06:24.231 [Thread-15] WARN  org.apache.catalina.loader.WebappClassLoaderBase - The web application [ROOT] appears to have started a thread named [lettuce-eventExecutorLoop-5-18] but has failed to stop it. This is very likely to create a memory leak. Stack trace of thread:
 sun.misc.Unsafe.park(Native Method)
 java.util.concurrent.locks.LockSupport.park(LockSupport.java:175)
 java.util.concurrent.locks.AbstractQueuedSynchronizer$ConditionObject.await(AbstractQueuedSynchronizer.java:2039)
 java.util.concurrent.LinkedBlockingQueue.take(LinkedBlockingQueue.java:442)
 io.netty.util.concurrent.SingleThreadEventExecutor.takeTask(SingleThreadEventExecutor.java:244)
 io.netty.util.concurrent.DefaultEventExecutor.run(DefaultEventExecutor.java:64)
 io.netty.util.concurrent.SingleThreadEventExecutor$4.run(SingleThreadEventExecutor.java:997)
 io.netty.util.internal.ThreadExecutorMap$2.run(ThreadExecutorMap.java:74)
 io.netty.util.concurrent.FastThreadLocalRunnable.run(FastThreadLocalRunnable.java:30)
 java.lang.Thread.run(Thread.java:748)
09:06:24.232 [Thread-15] INFO  org.apache.coyote.http11.Http11NioProtocol - Stopping ProtocolHandler ["http-nio-8080"]
09:06:24.233 [Thread-15] INFO  org.apache.coyote.http11.Http11NioProtocol - Destroying ProtocolHandler ["http-nio-8080"]
09:06:24.461 [restartedMain] INFO  com.dongbao.test_demo3.TestDemo3Application - Starting TestDemo3Application using Java 1.8.0_151 on IT-013487 with PID 5740 (E:\javaProject\test_demo3\target\classes started by 013487 in E:\javaProject\test_demo3)
09:06:24.461 [restartedMain] INFO  com.dongbao.test_demo3.TestDemo3Application - No active profile set, falling back to 1 default profile: "default"
09:06:24.561 [restartedMain] INFO  o.s.d.r.config.RepositoryConfigurationDelegate - Multiple Spring Data modules found, entering strict repository configuration mode
09:06:24.561 [restartedMain] INFO  o.s.d.r.config.RepositoryConfigurationDelegate - Bootstrapping Spring Data Redis repositories in DEFAULT mode.
09:06:24.567 [restartedMain] INFO  o.s.d.r.config.RepositoryConfigurationDelegate - Finished Spring Data repository scanning in 5 ms. Found 0 Redis repository interfaces.
09:06:24.602 [restartedMain] INFO  o.s.boot.web.embedded.tomcat.TomcatWebServer - Tomcat initialized with port(s): 8080 (http)
09:06:24.603 [restartedMain] INFO  org.apache.coyote.http11.Http11NioProtocol - Initializing ProtocolHandler ["http-nio-8080"]
09:06:24.603 [restartedMain] INFO  org.apache.catalina.core.StandardService - Starting service [Tomcat]
09:06:24.603 [restartedMain] INFO  org.apache.catalina.core.StandardEngine - Starting Servlet engine: [Apache Tomcat/9.0.69]
09:06:24.612 [restartedMain] INFO  o.a.c.core.ContainerBase.[Tomcat].[localhost].[/] - Initializing Spring embedded WebApplicationContext
09:06:24.612 [restartedMain] INFO  o.s.b.w.s.c.ServletWebServerApplicationContext - Root WebApplicationContext: initialization completed in 150 ms
09:06:24.715 [restartedMain] INFO  com.dongbao.test_demo3.config.AsyncConfig - 异步任务执行器已启用
09:06:24.740 [restartedMain] INFO  o.s.b.a.web.servlet.WelcomePageHandlerMapping - Adding welcome page: class path resource [static/index.html]
09:06:24.755 [restartedMain] WARN  o.s.b.a.t.ThymeleafAutoConfiguration$DefaultTemplateResolverConfiguration - Cannot find template location: classpath:/templates/ (please add some templates, check your Thymeleaf configuration, or set spring.thymeleaf.check-template-location=false)
09:06:24.755 [restartedMain] WARN  org.thymeleaf.templatemode.TemplateMode - [THYMELEAF][restartedMain] Template Mode 'HTML5' is deprecated. Using Template Mode 'HTML' instead.
09:06:24.784 [restartedMain] INFO  o.s.b.d.autoconfigure.OptionalLiveReloadServer - LiveReload server is running on port 35729
09:06:24.789 [restartedMain] INFO  org.apache.coyote.http11.Http11NioProtocol - Starting ProtocolHandler ["http-nio-8080"]
09:06:24.791 [restartedMain] INFO  o.s.boot.web.embedded.tomcat.TomcatWebServer - Tomcat started on port(s): 8080 (http) with context path ''
09:06:24.793 [restartedMain] INFO  com.dongbao.test_demo3.TestDemo3Application - Started TestDemo3Application in 0.347 seconds (JVM running for 89.858)
09:06:24.794 [restartedMain] INFO  o.s.b.d.a.ConditionEvaluationDeltaLoggingListener - Condition evaluation unchanged
10:50:52.496 [File Watcher] INFO  o.s.b.d.a.LocalDevToolsAutoConfiguration$RestartingClassPathChangeChangedEventListener - Restarting due to 1 class path change (0 additions, 1 deletion, 0 modifications)
10:50:52.591 [Thread-19] INFO  org.apache.coyote.http11.Http11NioProtocol - Pausing ProtocolHandler ["http-nio-8080"]
10:50:52.591 [Thread-19] INFO  org.apache.catalina.core.StandardService - Stopping service [Tomcat]
10:50:52.606 [Thread-19] INFO  org.apache.coyote.http11.Http11NioProtocol - Stopping ProtocolHandler ["http-nio-8080"]
10:50:52.611 [Thread-19] INFO  org.apache.coyote.http11.Http11NioProtocol - Destroying ProtocolHandler ["http-nio-8080"]
10:50:52.845 [restartedMain] INFO  com.dongbao.test_demo3.TestDemo3Application - Starting TestDemo3Application using Java 1.8.0_151 on IT-013487 with PID 5740 (E:\javaProject\test_demo3\target\classes started by 013487 in E:\javaProject\test_demo3)
10:50:52.845 [restartedMain] INFO  com.dongbao.test_demo3.TestDemo3Application - No active profile set, falling back to 1 default profile: "default"
10:50:53.087 [restartedMain] INFO  o.s.d.r.config.RepositoryConfigurationDelegate - Multiple Spring Data modules found, entering strict repository configuration mode
10:50:53.087 [restartedMain] INFO  o.s.d.r.config.RepositoryConfigurationDelegate - Bootstrapping Spring Data Redis repositories in DEFAULT mode.
10:50:53.091 [restartedMain] INFO  o.s.d.r.config.RepositoryConfigurationDelegate - Finished Spring Data repository scanning in 3 ms. Found 0 Redis repository interfaces.
10:50:53.128 [restartedMain] INFO  o.s.boot.web.embedded.tomcat.TomcatWebServer - Tomcat initialized with port(s): 8080 (http)
10:50:53.128 [restartedMain] INFO  org.apache.coyote.http11.Http11NioProtocol - Initializing ProtocolHandler ["http-nio-8080"]
10:50:53.128 [restartedMain] INFO  org.apache.catalina.core.StandardService - Starting service [Tomcat]
10:50:53.128 [restartedMain] INFO  org.apache.catalina.core.StandardEngine - Starting Servlet engine: [Apache Tomcat/9.0.69]
10:50:53.138 [restartedMain] INFO  o.a.c.core.ContainerBase.[Tomcat].[localhost].[/] - Initializing Spring embedded WebApplicationContext
10:50:53.139 [restartedMain] INFO  o.s.b.w.s.c.ServletWebServerApplicationContext - Root WebApplicationContext: initialization completed in 292 ms
10:50:53.262 [restartedMain] WARN  o.s.b.w.s.c.AnnotationConfigServletWebServerApplicationContext - Exception encountered during context initialization - cancelling refresh attempt: org.springframework.beans.factory.BeanCreationException: Error creating bean with name 'helloController' defined in file [E:\javaProject\test_demo3\target\classes\com\dongbao\test_demo3\controller\HelloController.class]: Post-processing of merged bean definition failed; nested exception is java.lang.IllegalStateException: Failed to introspect Class [com.dongbao.test_demo3.controller.HelloController] from ClassLoader [org.springframework.boot.devtools.restart.classloader.RestartClassLoader@2d6b02ce]
10:50:53.266 [restartedMain] INFO  org.apache.catalina.core.StandardService - Stopping service [Tomcat]
10:50:53.270 [restartedMain] INFO  o.s.b.a.l.ConditionEvaluationReportLoggingListener - 

Error starting ApplicationContext. To display the conditions report re-run your application with 'debug' enabled.
10:50:53.288 [restartedMain] ERROR org.springframework.boot.SpringApplication - Application run failed
org.springframework.beans.factory.BeanCreationException: Error creating bean with name 'helloController' defined in file [E:\javaProject\test_demo3\target\classes\com\dongbao\test_demo3\controller\HelloController.class]: Post-processing of merged bean definition failed; nested exception is java.lang.IllegalStateException: Failed to introspect Class [com.dongbao.test_demo3.controller.HelloController] from ClassLoader [org.springframework.boot.devtools.restart.classloader.RestartClassLoader@2d6b02ce]
	at org.springframework.beans.factory.support.AbstractAutowireCapableBeanFactory.doCreateBean(AbstractAutowireCapableBeanFactory.java:597)
	at org.springframework.beans.factory.support.AbstractAutowireCapableBeanFactory.createBean(AbstractAutowireCapableBeanFactory.java:542)
	at org.springframework.beans.factory.support.AbstractBeanFactory.lambda$doGetBean$0(AbstractBeanFactory.java:335)
	at org.springframework.beans.factory.support.DefaultSingletonBeanRegistry.getSingleton(DefaultSingletonBeanRegistry.java:234)
	at org.springframework.beans.factory.support.AbstractBeanFactory.doGetBean(AbstractBeanFactory.java:333)
	at org.springframework.beans.factory.support.AbstractBeanFactory.getBean(AbstractBeanFactory.java:208)
	at org.springframework.beans.factory.support.DefaultListableBeanFactory.preInstantiateSingletons(DefaultListableBeanFactory.java:955)
	at org.springframework.context.support.AbstractApplicationContext.finishBeanFactoryInitialization(AbstractApplicationContext.java:918)
	at org.springframework.context.support.AbstractApplicationContext.refresh(AbstractApplicationContext.java:583)
	at org.springframework.boot.web.servlet.context.ServletWebServerApplicationContext.refresh(ServletWebServerApplicationContext.java:147)
	at org.springframework.boot.SpringApplication.refresh(SpringApplication.java:731)
	at org.springframework.boot.SpringApplication.refreshContext(SpringApplication.java:408)
	at org.springframework.boot.SpringApplication.run(SpringApplication.java:307)
	at org.springframework.boot.SpringApplication.run(SpringApplication.java:1303)
	at org.springframework.boot.SpringApplication.run(SpringApplication.java:1292)
	at com.dongbao.test_demo3.TestDemo3Application.main(TestDemo3Application.java:14)
	at sun.reflect.NativeMethodAccessorImpl.invoke0(Native Method)
	at sun.reflect.NativeMethodAccessorImpl.invoke(NativeMethodAccessorImpl.java:62)
	at sun.reflect.DelegatingMethodAccessorImpl.invoke(DelegatingMethodAccessorImpl.java:43)
	at java.lang.reflect.Method.invoke(Method.java:498)
	at org.springframework.boot.devtools.restart.RestartLauncher.run(RestartLauncher.java:49)
Caused by: java.lang.IllegalStateException: Failed to introspect Class [com.dongbao.test_demo3.controller.HelloController] from ClassLoader [org.springframework.boot.devtools.restart.classloader.RestartClassLoader@2d6b02ce]
	at org.springframework.util.ReflectionUtils.getDeclaredFields(ReflectionUtils.java:743)
	at org.springframework.util.ReflectionUtils.doWithLocalFields(ReflectionUtils.java:675)
	at org.springframework.context.annotation.CommonAnnotationBeanPostProcessor.buildResourceMetadata(CommonAnnotationBeanPostProcessor.java:377)
	at org.springframework.context.annotation.CommonAnnotationBeanPostProcessor.findResourceMetadata(CommonAnnotationBeanPostProcessor.java:358)
	at org.springframework.context.annotation.CommonAnnotationBeanPostProcessor.postProcessMergedBeanDefinition(CommonAnnotationBeanPostProcessor.java:306)
	at org.springframework.beans.factory.support.AbstractAutowireCapableBeanFactory.applyMergedBeanDefinitionPostProcessors(AbstractAutowireCapableBeanFactory.java:1116)
	at org.springframework.beans.factory.support.AbstractAutowireCapableBeanFactory.doCreateBean(AbstractAutowireCapableBeanFactory.java:594)
	... 20 common frames omitted
Caused by: java.lang.NoClassDefFoundError: Lcom/dongbao/test_demo3/ulits/IsAcquire;
	at java.lang.Class.getDeclaredFields0(Native Method)
	at java.lang.Class.privateGetDeclaredFields(Class.java:2583)
	at java.lang.Class.getDeclaredFields(Class.java:1916)
	at org.springframework.util.ReflectionUtils.getDeclaredFields(ReflectionUtils.java:738)
	... 26 common frames omitted
Caused by: java.lang.ClassNotFoundException: com.dongbao.test_demo3.ulits.IsAcquire
	at java.net.URLClassLoader.findClass(URLClassLoader.java:381)
	at java.lang.ClassLoader.loadClass(ClassLoader.java:424)
	at sun.misc.Launcher$AppClassLoader.loadClass(Launcher.java:335)
	at java.lang.ClassLoader.loadClass(ClassLoader.java:357)
	at java.lang.Class.forName0(Native Method)
	at java.lang.Class.forName(Class.java:348)
	at org.springframework.boot.devtools.restart.classloader.RestartClassLoader.loadClass(RestartClassLoader.java:145)
	at java.lang.ClassLoader.loadClass(ClassLoader.java:357)
	... 30 common frames omitted
10:50:55.757 [restartedMain] INFO  com.dongbao.test_demo3.TestDemo3Application - Starting TestDemo3Application using Java 1.8.0_151 on IT-013487 with PID 5740 (E:\javaProject\test_demo3\target\classes started by 013487 in E:\javaProject\test_demo3)
10:50:55.757 [restartedMain] INFO  com.dongbao.test_demo3.TestDemo3Application - No active profile set, falling back to 1 default profile: "default"
10:50:55.852 [restartedMain] INFO  o.s.d.r.config.RepositoryConfigurationDelegate - Multiple Spring Data modules found, entering strict repository configuration mode
10:50:55.852 [restartedMain] INFO  o.s.d.r.config.RepositoryConfigurationDelegate - Bootstrapping Spring Data Redis repositories in DEFAULT mode.
10:50:55.855 [restartedMain] INFO  o.s.d.r.config.RepositoryConfigurationDelegate - Finished Spring Data repository scanning in 2 ms. Found 0 Redis repository interfaces.
10:50:55.893 [restartedMain] INFO  o.s.boot.web.embedded.tomcat.TomcatWebServer - Tomcat initialized with port(s): 8080 (http)
10:50:55.895 [restartedMain] INFO  org.apache.coyote.http11.Http11NioProtocol - Initializing ProtocolHandler ["http-nio-8080"]
10:50:55.896 [restartedMain] INFO  org.apache.catalina.core.StandardService - Starting service [Tomcat]
10:50:55.896 [restartedMain] INFO  org.apache.catalina.core.StandardEngine - Starting Servlet engine: [Apache Tomcat/9.0.69]
10:50:55.906 [restartedMain] INFO  o.a.c.c.ContainerBase.[Tomcat-1].[localhost].[/] - Initializing Spring embedded WebApplicationContext
10:50:55.907 [restartedMain] INFO  o.s.b.w.s.c.ServletWebServerApplicationContext - Root WebApplicationContext: initialization completed in 148 ms
10:50:56.024 [restartedMain] INFO  com.dongbao.test_demo3.config.AsyncConfig - 异步任务执行器已启用
10:50:56.064 [restartedMain] INFO  o.s.b.a.web.servlet.WelcomePageHandlerMapping - Adding welcome page: class path resource [static/index.html]
10:50:56.084 [restartedMain] WARN  o.s.b.a.t.ThymeleafAutoConfiguration$DefaultTemplateResolverConfiguration - Cannot find template location: classpath:/templates/ (please add some templates, check your Thymeleaf configuration, or set spring.thymeleaf.check-template-location=false)
10:50:56.084 [restartedMain] WARN  org.thymeleaf.templatemode.TemplateMode - [THYMELEAF][restartedMain] Template Mode 'HTML5' is deprecated. Using Template Mode 'HTML' instead.
10:50:56.128 [restartedMain] INFO  o.s.b.d.autoconfigure.OptionalLiveReloadServer - LiveReload server is running on port 35729
10:50:56.135 [restartedMain] INFO  org.apache.coyote.http11.Http11NioProtocol - Starting ProtocolHandler ["http-nio-8080"]
10:50:56.136 [restartedMain] INFO  o.s.boot.web.embedded.tomcat.TomcatWebServer - Tomcat started on port(s): 8080 (http) with context path ''
10:50:56.139 [restartedMain] INFO  com.dongbao.test_demo3.TestDemo3Application - Started TestDemo3Application in 0.4 seconds (JVM running for 6361.095)
10:50:56.140 [restartedMain] INFO  o.s.b.d.a.ConditionEvaluationDeltaLoggingListener - Condition evaluation unchanged
10:51:20.990 [File Watcher] INFO  o.s.b.d.a.LocalDevToolsAutoConfiguration$RestartingClassPathChangeChangedEventListener - Restarting due to 2 class path changes (0 additions, 2 deletions, 0 modifications)
10:51:21.053 [Thread-23] INFO  org.apache.coyote.http11.Http11NioProtocol - Pausing ProtocolHandler ["http-nio-8080"]
10:51:21.053 [Thread-23] INFO  org.apache.catalina.core.StandardService - Stopping service [Tomcat]
10:51:21.056 [Thread-23] INFO  org.apache.coyote.http11.Http11NioProtocol - Stopping ProtocolHandler ["http-nio-8080"]
10:51:21.058 [Thread-23] INFO  org.apache.coyote.http11.Http11NioProtocol - Destroying ProtocolHandler ["http-nio-8080"]
10:51:21.208 [restartedMain] INFO  com.dongbao.test_demo3.TestDemo3Application - Starting TestDemo3Application using Java 1.8.0_151 on IT-013487 with PID 5740 (E:\javaProject\test_demo3\target\classes started by 013487 in E:\javaProject\test_demo3)
10:51:21.208 [restartedMain] INFO  com.dongbao.test_demo3.TestDemo3Application - No active profile set, falling back to 1 default profile: "default"
10:51:21.300 [restartedMain] INFO  o.s.d.r.config.RepositoryConfigurationDelegate - Multiple Spring Data modules found, entering strict repository configuration mode
10:51:21.301 [restartedMain] INFO  o.s.d.r.config.RepositoryConfigurationDelegate - Bootstrapping Spring Data Redis repositories in DEFAULT mode.
10:51:21.303 [restartedMain] INFO  o.s.d.r.config.RepositoryConfigurationDelegate - Finished Spring Data repository scanning in 2 ms. Found 0 Redis repository interfaces.
10:51:21.335 [restartedMain] INFO  o.s.boot.web.embedded.tomcat.TomcatWebServer - Tomcat initialized with port(s): 8080 (http)
10:51:21.336 [restartedMain] INFO  org.apache.coyote.http11.Http11NioProtocol - Initializing ProtocolHandler ["http-nio-8080"]
10:51:21.336 [restartedMain] INFO  org.apache.catalina.core.StandardService - Starting service [Tomcat]
10:51:21.336 [restartedMain] INFO  org.apache.catalina.core.StandardEngine - Starting Servlet engine: [Apache Tomcat/9.0.69]
10:51:21.343 [restartedMain] INFO  o.a.c.c.ContainerBase.[Tomcat-1].[localhost].[/] - Initializing Spring embedded WebApplicationContext
10:51:21.343 [restartedMain] INFO  o.s.b.w.s.c.ServletWebServerApplicationContext - Root WebApplicationContext: initialization completed in 133 ms
10:51:21.348 [restartedMain] WARN  o.s.b.w.s.c.AnnotationConfigServletWebServerApplicationContext - Exception encountered during context initialization - cancelling refresh attempt: org.springframework.beans.factory.BeanCreationException: Error creating bean with name 'attWorkHourDayCacheService' defined in file [E:\javaProject\test_demo3\target\classes\com\dongbao\test_demo3\CacheService\AttWorkHourDayCacheService.class]: Post-processing of merged bean definition failed; nested exception is java.lang.IllegalStateException: Failed to introspect Class [com.dongbao.test_demo3.CacheService.AttWorkHourDayCacheService] from ClassLoader [org.springframework.boot.devtools.restart.classloader.RestartClassLoader@38a18c9b]
10:51:21.348 [restartedMain] INFO  org.apache.catalina.core.StandardService - Stopping service [Tomcat]
10:51:21.351 [restartedMain] INFO  o.s.b.a.l.ConditionEvaluationReportLoggingListener - 

Error starting ApplicationContext. To display the conditions report re-run your application with 'debug' enabled.
10:51:21.352 [restartedMain] ERROR org.springframework.boot.SpringApplication - Application run failed
org.springframework.beans.factory.BeanCreationException: Error creating bean with name 'attWorkHourDayCacheService' defined in file [E:\javaProject\test_demo3\target\classes\com\dongbao\test_demo3\CacheService\AttWorkHourDayCacheService.class]: Post-processing of merged bean definition failed; nested exception is java.lang.IllegalStateException: Failed to introspect Class [com.dongbao.test_demo3.CacheService.AttWorkHourDayCacheService] from ClassLoader [org.springframework.boot.devtools.restart.classloader.RestartClassLoader@38a18c9b]
	at org.springframework.beans.factory.support.AbstractAutowireCapableBeanFactory.doCreateBean(AbstractAutowireCapableBeanFactory.java:597)
	at org.springframework.beans.factory.support.AbstractAutowireCapableBeanFactory.createBean(AbstractAutowireCapableBeanFactory.java:542)
	at org.springframework.beans.factory.support.AbstractBeanFactory.lambda$doGetBean$0(AbstractBeanFactory.java:335)
	at org.springframework.beans.factory.support.DefaultSingletonBeanRegistry.getSingleton(DefaultSingletonBeanRegistry.java:234)
	at org.springframework.beans.factory.support.AbstractBeanFactory.doGetBean(AbstractBeanFactory.java:333)
	at org.springframework.beans.factory.support.AbstractBeanFactory.getBean(AbstractBeanFactory.java:208)
	at org.springframework.beans.factory.support.DefaultListableBeanFactory.preInstantiateSingletons(DefaultListableBeanFactory.java:955)
	at org.springframework.context.support.AbstractApplicationContext.finishBeanFactoryInitialization(AbstractApplicationContext.java:918)
	at org.springframework.context.support.AbstractApplicationContext.refresh(AbstractApplicationContext.java:583)
	at org.springframework.boot.web.servlet.context.ServletWebServerApplicationContext.refresh(ServletWebServerApplicationContext.java:147)
	at org.springframework.boot.SpringApplication.refresh(SpringApplication.java:731)
	at org.springframework.boot.SpringApplication.refreshContext(SpringApplication.java:408)
	at org.springframework.boot.SpringApplication.run(SpringApplication.java:307)
	at org.springframework.boot.SpringApplication.run(SpringApplication.java:1303)
	at org.springframework.boot.SpringApplication.run(SpringApplication.java:1292)
	at com.dongbao.test_demo3.TestDemo3Application.main(TestDemo3Application.java:14)
	at sun.reflect.NativeMethodAccessorImpl.invoke0(Native Method)
	at sun.reflect.NativeMethodAccessorImpl.invoke(NativeMethodAccessorImpl.java:62)
	at sun.reflect.DelegatingMethodAccessorImpl.invoke(DelegatingMethodAccessorImpl.java:43)
	at java.lang.reflect.Method.invoke(Method.java:498)
	at org.springframework.boot.devtools.restart.RestartLauncher.run(RestartLauncher.java:49)
Caused by: java.lang.IllegalStateException: Failed to introspect Class [com.dongbao.test_demo3.CacheService.AttWorkHourDayCacheService] from ClassLoader [org.springframework.boot.devtools.restart.classloader.RestartClassLoader@38a18c9b]
	at org.springframework.util.ReflectionUtils.getDeclaredFields(ReflectionUtils.java:743)
	at org.springframework.util.ReflectionUtils.doWithLocalFields(ReflectionUtils.java:675)
	at org.springframework.context.annotation.CommonAnnotationBeanPostProcessor.buildResourceMetadata(CommonAnnotationBeanPostProcessor.java:377)
	at org.springframework.context.annotation.CommonAnnotationBeanPostProcessor.findResourceMetadata(CommonAnnotationBeanPostProcessor.java:358)
	at org.springframework.context.annotation.CommonAnnotationBeanPostProcessor.postProcessMergedBeanDefinition(CommonAnnotationBeanPostProcessor.java:306)
	at org.springframework.beans.factory.support.AbstractAutowireCapableBeanFactory.applyMergedBeanDefinitionPostProcessors(AbstractAutowireCapableBeanFactory.java:1116)
	at org.springframework.beans.factory.support.AbstractAutowireCapableBeanFactory.doCreateBean(AbstractAutowireCapableBeanFactory.java:594)
	... 20 common frames omitted
Caused by: java.lang.NoClassDefFoundError: Lcom/dongbao/test_demo3/CacheService/RedisService;
	at java.lang.Class.getDeclaredFields0(Native Method)
	at java.lang.Class.privateGetDeclaredFields(Class.java:2583)
	at java.lang.Class.getDeclaredFields(Class.java:1916)
	at org.springframework.util.ReflectionUtils.getDeclaredFields(ReflectionUtils.java:738)
	... 26 common frames omitted
Caused by: java.lang.ClassNotFoundException: com.dongbao.test_demo3.CacheService.RedisService
	at java.net.URLClassLoader.findClass(URLClassLoader.java:381)
	at java.lang.ClassLoader.loadClass(ClassLoader.java:424)
	at sun.misc.Launcher$AppClassLoader.loadClass(Launcher.java:335)
	at java.lang.ClassLoader.loadClass(ClassLoader.java:357)
	at java.lang.Class.forName0(Native Method)
	at java.lang.Class.forName(Class.java:348)
	at org.springframework.boot.devtools.restart.classloader.RestartClassLoader.loadClass(RestartClassLoader.java:145)
	at java.lang.ClassLoader.loadClass(ClassLoader.java:357)
	... 30 common frames omitted
10:51:23.806 [restartedMain] INFO  com.dongbao.test_demo3.TestDemo3Application - Starting TestDemo3Application using Java 1.8.0_151 on IT-013487 with PID 5740 (E:\javaProject\test_demo3\target\classes started by 013487 in E:\javaProject\test_demo3)
10:51:23.806 [restartedMain] INFO  com.dongbao.test_demo3.TestDemo3Application - No active profile set, falling back to 1 default profile: "default"
10:51:23.909 [restartedMain] INFO  o.s.d.r.config.RepositoryConfigurationDelegate - Multiple Spring Data modules found, entering strict repository configuration mode
10:51:23.909 [restartedMain] INFO  o.s.d.r.config.RepositoryConfigurationDelegate - Bootstrapping Spring Data Redis repositories in DEFAULT mode.
10:51:23.912 [restartedMain] INFO  o.s.d.r.config.RepositoryConfigurationDelegate - Finished Spring Data repository scanning in 2 ms. Found 0 Redis repository interfaces.
10:51:23.945 [restartedMain] INFO  o.s.boot.web.embedded.tomcat.TomcatWebServer - Tomcat initialized with port(s): 8080 (http)
10:51:23.945 [restartedMain] INFO  org.apache.coyote.http11.Http11NioProtocol - Initializing ProtocolHandler ["http-nio-8080"]
10:51:23.945 [restartedMain] INFO  org.apache.catalina.core.StandardService - Starting service [Tomcat]
10:51:23.945 [restartedMain] INFO  org.apache.catalina.core.StandardEngine - Starting Servlet engine: [Apache Tomcat/9.0.69]
10:51:23.953 [restartedMain] INFO  o.a.c.c.ContainerBase.[Tomcat-2].[localhost].[/] - Initializing Spring embedded WebApplicationContext
10:51:23.953 [restartedMain] INFO  o.s.b.w.s.c.ServletWebServerApplicationContext - Root WebApplicationContext: initialization completed in 146 ms
10:51:24.061 [restartedMain] INFO  com.dongbao.test_demo3.config.AsyncConfig - 异步任务执行器已启用
10:51:24.086 [restartedMain] INFO  o.s.b.a.web.servlet.WelcomePageHandlerMapping - Adding welcome page: class path resource [static/index.html]
10:51:24.099 [restartedMain] WARN  o.s.b.a.t.ThymeleafAutoConfiguration$DefaultTemplateResolverConfiguration - Cannot find template location: classpath:/templates/ (please add some templates, check your Thymeleaf configuration, or set spring.thymeleaf.check-template-location=false)
10:51:24.099 [restartedMain] WARN  org.thymeleaf.templatemode.TemplateMode - [THYMELEAF][restartedMain] Template Mode 'HTML5' is deprecated. Using Template Mode 'HTML' instead.
10:51:24.130 [restartedMain] INFO  o.s.b.d.autoconfigure.OptionalLiveReloadServer - LiveReload server is running on port 35729
10:51:24.135 [restartedMain] INFO  org.apache.coyote.http11.Http11NioProtocol - Starting ProtocolHandler ["http-nio-8080"]
10:51:24.136 [restartedMain] INFO  o.s.boot.web.embedded.tomcat.TomcatWebServer - Tomcat started on port(s): 8080 (http) with context path ''
10:51:24.139 [restartedMain] INFO  com.dongbao.test_demo3.TestDemo3Application - Started TestDemo3Application in 0.352 seconds (JVM running for 6389.094)
10:51:24.140 [restartedMain] INFO  o.s.b.d.a.ConditionEvaluationDeltaLoggingListener - Condition evaluation unchanged
10:52:13.460 [File Watcher] INFO  o.s.b.d.a.LocalDevToolsAutoConfiguration$RestartingClassPathChangeChangedEventListener - Restarting due to 1 class path change (0 additions, 1 deletion, 0 modifications)
10:52:13.507 [Thread-30] INFO  org.apache.coyote.http11.Http11NioProtocol - Pausing ProtocolHandler ["http-nio-8080"]
10:52:13.507 [Thread-30] INFO  org.apache.catalina.core.StandardService - Stopping service [Tomcat]
10:52:13.509 [Thread-30] INFO  org.apache.coyote.http11.Http11NioProtocol - Stopping ProtocolHandler ["http-nio-8080"]
10:52:13.511 [Thread-30] INFO  org.apache.coyote.http11.Http11NioProtocol - Destroying ProtocolHandler ["http-nio-8080"]
10:52:13.667 [restartedMain] INFO  com.dongbao.test_demo3.TestDemo3Application - Starting TestDemo3Application using Java 1.8.0_151 on IT-013487 with PID 5740 (E:\javaProject\test_demo3\target\classes started by 013487 in E:\javaProject\test_demo3)
10:52:13.668 [restartedMain] INFO  com.dongbao.test_demo3.TestDemo3Application - No active profile set, falling back to 1 default profile: "default"
10:52:13.782 [restartedMain] INFO  o.s.d.r.config.RepositoryConfigurationDelegate - Multiple Spring Data modules found, entering strict repository configuration mode
10:52:13.783 [restartedMain] INFO  o.s.d.r.config.RepositoryConfigurationDelegate - Bootstrapping Spring Data Redis repositories in DEFAULT mode.
10:52:13.785 [restartedMain] INFO  o.s.d.r.config.RepositoryConfigurationDelegate - Finished Spring Data repository scanning in 2 ms. Found 0 Redis repository interfaces.
10:52:13.816 [restartedMain] INFO  o.s.boot.web.embedded.tomcat.TomcatWebServer - Tomcat initialized with port(s): 8080 (http)
10:52:13.816 [restartedMain] INFO  org.apache.coyote.http11.Http11NioProtocol - Initializing ProtocolHandler ["http-nio-8080"]
10:52:13.816 [restartedMain] INFO  org.apache.catalina.core.StandardService - Starting service [Tomcat]
10:52:13.817 [restartedMain] INFO  org.apache.catalina.core.StandardEngine - Starting Servlet engine: [Apache Tomcat/9.0.69]
10:52:13.824 [restartedMain] INFO  o.a.c.c.ContainerBase.[Tomcat-2].[localhost].[/] - Initializing Spring embedded WebApplicationContext
10:52:13.825 [restartedMain] INFO  o.s.b.w.s.c.ServletWebServerApplicationContext - Root WebApplicationContext: initialization completed in 156 ms
10:52:13.830 [restartedMain] WARN  o.s.b.w.s.c.AnnotationConfigServletWebServerApplicationContext - Exception encountered during context initialization - cancelling refresh attempt: org.springframework.beans.factory.BeanCreationException: Error creating bean with name 'attWorkHourDayCacheService' defined in file [E:\javaProject\test_demo3\target\classes\com\dongbao\test_demo3\CacheService\AttWorkHourDayCacheService.class]: Post-processing of merged bean definition failed; nested exception is java.lang.IllegalStateException: Failed to introspect Class [com.dongbao.test_demo3.CacheService.AttWorkHourDayCacheService] from ClassLoader [org.springframework.boot.devtools.restart.classloader.RestartClassLoader@739c0c86]
10:52:13.830 [restartedMain] INFO  org.apache.catalina.core.StandardService - Stopping service [Tomcat]
10:52:13.833 [restartedMain] INFO  o.s.b.a.l.ConditionEvaluationReportLoggingListener - 

Error starting ApplicationContext. To display the conditions report re-run your application with 'debug' enabled.
10:52:13.835 [restartedMain] ERROR org.springframework.boot.SpringApplication - Application run failed
org.springframework.beans.factory.BeanCreationException: Error creating bean with name 'attWorkHourDayCacheService' defined in file [E:\javaProject\test_demo3\target\classes\com\dongbao\test_demo3\CacheService\AttWorkHourDayCacheService.class]: Post-processing of merged bean definition failed; nested exception is java.lang.IllegalStateException: Failed to introspect Class [com.dongbao.test_demo3.CacheService.AttWorkHourDayCacheService] from ClassLoader [org.springframework.boot.devtools.restart.classloader.RestartClassLoader@739c0c86]
	at org.springframework.beans.factory.support.AbstractAutowireCapableBeanFactory.doCreateBean(AbstractAutowireCapableBeanFactory.java:597)
	at org.springframework.beans.factory.support.AbstractAutowireCapableBeanFactory.createBean(AbstractAutowireCapableBeanFactory.java:542)
	at org.springframework.beans.factory.support.AbstractBeanFactory.lambda$doGetBean$0(AbstractBeanFactory.java:335)
	at org.springframework.beans.factory.support.DefaultSingletonBeanRegistry.getSingleton(DefaultSingletonBeanRegistry.java:234)
	at org.springframework.beans.factory.support.AbstractBeanFactory.doGetBean(AbstractBeanFactory.java:333)
	at org.springframework.beans.factory.support.AbstractBeanFactory.getBean(AbstractBeanFactory.java:208)
	at org.springframework.beans.factory.support.DefaultListableBeanFactory.preInstantiateSingletons(DefaultListableBeanFactory.java:955)
	at org.springframework.context.support.AbstractApplicationContext.finishBeanFactoryInitialization(AbstractApplicationContext.java:918)
	at org.springframework.context.support.AbstractApplicationContext.refresh(AbstractApplicationContext.java:583)
	at org.springframework.boot.web.servlet.context.ServletWebServerApplicationContext.refresh(ServletWebServerApplicationContext.java:147)
	at org.springframework.boot.SpringApplication.refresh(SpringApplication.java:731)
	at org.springframework.boot.SpringApplication.refreshContext(SpringApplication.java:408)
	at org.springframework.boot.SpringApplication.run(SpringApplication.java:307)
	at org.springframework.boot.SpringApplication.run(SpringApplication.java:1303)
	at org.springframework.boot.SpringApplication.run(SpringApplication.java:1292)
	at com.dongbao.test_demo3.TestDemo3Application.main(TestDemo3Application.java:14)
	at sun.reflect.NativeMethodAccessorImpl.invoke0(Native Method)
	at sun.reflect.NativeMethodAccessorImpl.invoke(NativeMethodAccessorImpl.java:62)
	at sun.reflect.DelegatingMethodAccessorImpl.invoke(DelegatingMethodAccessorImpl.java:43)
	at java.lang.reflect.Method.invoke(Method.java:498)
	at org.springframework.boot.devtools.restart.RestartLauncher.run(RestartLauncher.java:49)
Caused by: java.lang.IllegalStateException: Failed to introspect Class [com.dongbao.test_demo3.CacheService.AttWorkHourDayCacheService] from ClassLoader [org.springframework.boot.devtools.restart.classloader.RestartClassLoader@739c0c86]
	at org.springframework.util.ReflectionUtils.getDeclaredFields(ReflectionUtils.java:743)
	at org.springframework.util.ReflectionUtils.doWithLocalFields(ReflectionUtils.java:675)
	at org.springframework.context.annotation.CommonAnnotationBeanPostProcessor.buildResourceMetadata(CommonAnnotationBeanPostProcessor.java:377)
	at org.springframework.context.annotation.CommonAnnotationBeanPostProcessor.findResourceMetadata(CommonAnnotationBeanPostProcessor.java:358)
	at org.springframework.context.annotation.CommonAnnotationBeanPostProcessor.postProcessMergedBeanDefinition(CommonAnnotationBeanPostProcessor.java:306)
	at org.springframework.beans.factory.support.AbstractAutowireCapableBeanFactory.applyMergedBeanDefinitionPostProcessors(AbstractAutowireCapableBeanFactory.java:1116)
	at org.springframework.beans.factory.support.AbstractAutowireCapableBeanFactory.doCreateBean(AbstractAutowireCapableBeanFactory.java:594)
	... 20 common frames omitted
Caused by: java.lang.NoClassDefFoundError: Lcom/dongbao/test_demo3/CacheService/RedisService;
	at java.lang.Class.getDeclaredFields0(Native Method)
	at java.lang.Class.privateGetDeclaredFields(Class.java:2583)
	at java.lang.Class.getDeclaredFields(Class.java:1916)
	at org.springframework.util.ReflectionUtils.getDeclaredFields(ReflectionUtils.java:738)
	... 26 common frames omitted
Caused by: java.lang.ClassNotFoundException: com.dongbao.test_demo3.CacheService.RedisService
	at java.net.URLClassLoader.findClass(URLClassLoader.java:381)
	at java.lang.ClassLoader.loadClass(ClassLoader.java:424)
	at sun.misc.Launcher$AppClassLoader.loadClass(Launcher.java:335)
	at java.lang.ClassLoader.loadClass(ClassLoader.java:357)
	at java.lang.Class.forName0(Native Method)
	at java.lang.Class.forName(Class.java:348)
	at org.springframework.boot.devtools.restart.classloader.RestartClassLoader.loadClass(RestartClassLoader.java:145)
	at java.lang.ClassLoader.loadClass(ClassLoader.java:357)
	... 30 common frames omitted
10:52:17.332 [restartedMain] INFO  com.dongbao.test_demo3.TestDemo3Application - Starting TestDemo3Application using Java 1.8.0_151 on IT-013487 with PID 5740 (E:\javaProject\test_demo3\target\classes started by 013487 in E:\javaProject\test_demo3)
10:52:17.332 [restartedMain] INFO  com.dongbao.test_demo3.TestDemo3Application - No active profile set, falling back to 1 default profile: "default"
10:52:17.430 [restartedMain] INFO  o.s.d.r.config.RepositoryConfigurationDelegate - Multiple Spring Data modules found, entering strict repository configuration mode
10:52:17.431 [restartedMain] INFO  o.s.d.r.config.RepositoryConfigurationDelegate - Bootstrapping Spring Data Redis repositories in DEFAULT mode.
10:52:17.434 [restartedMain] INFO  o.s.d.r.config.RepositoryConfigurationDelegate - Finished Spring Data repository scanning in 3 ms. Found 0 Redis repository interfaces.
10:52:17.474 [restartedMain] INFO  o.s.boot.web.embedded.tomcat.TomcatWebServer - Tomcat initialized with port(s): 8080 (http)
10:52:17.474 [restartedMain] INFO  org.apache.coyote.http11.Http11NioProtocol - Initializing ProtocolHandler ["http-nio-8080"]
10:52:17.474 [restartedMain] INFO  org.apache.catalina.core.StandardService - Starting service [Tomcat]
10:52:17.474 [restartedMain] INFO  org.apache.catalina.core.StandardEngine - Starting Servlet engine: [Apache Tomcat/9.0.69]
10:52:17.485 [restartedMain] INFO  o.a.c.c.ContainerBase.[Tomcat-3].[localhost].[/] - Initializing Spring embedded WebApplicationContext
10:52:17.485 [restartedMain] INFO  o.s.b.w.s.c.ServletWebServerApplicationContext - Root WebApplicationContext: initialization completed in 152 ms
10:52:17.628 [restartedMain] INFO  com.dongbao.test_demo3.config.AsyncConfig - 异步任务执行器已启用
10:52:17.685 [restartedMain] INFO  o.s.b.a.web.servlet.WelcomePageHandlerMapping - Adding welcome page: class path resource [static/index.html]
10:52:17.703 [restartedMain] WARN  o.s.b.a.t.ThymeleafAutoConfiguration$DefaultTemplateResolverConfiguration - Cannot find template location: classpath:/templates/ (please add some templates, check your Thymeleaf configuration, or set spring.thymeleaf.check-template-location=false)
10:52:17.704 [restartedMain] WARN  org.thymeleaf.templatemode.TemplateMode - [THYMELEAF][restartedMain] Template Mode 'HTML5' is deprecated. Using Template Mode 'HTML' instead.
10:52:17.738 [restartedMain] INFO  o.s.b.d.autoconfigure.OptionalLiveReloadServer - LiveReload server is running on port 35729
10:52:17.743 [restartedMain] INFO  org.apache.coyote.http11.Http11NioProtocol - Starting ProtocolHandler ["http-nio-8080"]
10:52:17.745 [restartedMain] INFO  o.s.boot.web.embedded.tomcat.TomcatWebServer - Tomcat started on port(s): 8080 (http) with context path ''
10:52:17.748 [restartedMain] INFO  com.dongbao.test_demo3.TestDemo3Application - Started TestDemo3Application in 0.43 seconds (JVM running for 6442.702)
10:52:17.748 [restartedMain] INFO  o.s.b.d.a.ConditionEvaluationDeltaLoggingListener - Condition evaluation unchanged
10:53:45.796 [File Watcher] INFO  o.s.b.d.a.LocalDevToolsAutoConfiguration$RestartingClassPathChangeChangedEventListener - Restarting due to 2 class path changes (0 additions, 2 deletions, 0 modifications)
10:53:45.836 [Thread-37] INFO  org.apache.coyote.http11.Http11NioProtocol - Pausing ProtocolHandler ["http-nio-8080"]
10:53:45.837 [Thread-37] INFO  org.apache.catalina.core.StandardService - Stopping service [Tomcat]
10:53:45.839 [Thread-37] INFO  org.apache.coyote.http11.Http11NioProtocol - Stopping ProtocolHandler ["http-nio-8080"]
10:53:45.840 [Thread-37] INFO  org.apache.coyote.http11.Http11NioProtocol - Destroying ProtocolHandler ["http-nio-8080"]
10:53:45.938 [restartedMain] INFO  com.dongbao.test_demo3.TestDemo3Application - Starting TestDemo3Application using Java 1.8.0_151 on IT-013487 with PID 5740 (E:\javaProject\test_demo3\target\classes started by 013487 in E:\javaProject\test_demo3)
10:53:45.938 [restartedMain] INFO  com.dongbao.test_demo3.TestDemo3Application - No active profile set, falling back to 1 default profile: "default"
10:53:46.023 [restartedMain] INFO  o.s.d.r.config.RepositoryConfigurationDelegate - Multiple Spring Data modules found, entering strict repository configuration mode
10:53:46.023 [restartedMain] INFO  o.s.d.r.config.RepositoryConfigurationDelegate - Bootstrapping Spring Data Redis repositories in DEFAULT mode.
10:53:46.025 [restartedMain] INFO  o.s.d.r.config.RepositoryConfigurationDelegate - Finished Spring Data repository scanning in 2 ms. Found 0 Redis repository interfaces.
10:53:46.057 [restartedMain] INFO  o.s.boot.web.embedded.tomcat.TomcatWebServer - Tomcat initialized with port(s): 8080 (http)
10:53:46.057 [restartedMain] INFO  org.apache.coyote.http11.Http11NioProtocol - Initializing ProtocolHandler ["http-nio-8080"]
10:53:46.057 [restartedMain] INFO  org.apache.catalina.core.StandardService - Starting service [Tomcat]
10:53:46.057 [restartedMain] INFO  org.apache.catalina.core.StandardEngine - Starting Servlet engine: [Apache Tomcat/9.0.69]
10:53:46.064 [restartedMain] INFO  o.a.c.c.ContainerBase.[Tomcat-3].[localhost].[/] - Initializing Spring embedded WebApplicationContext
10:53:46.064 [restartedMain] INFO  o.s.b.w.s.c.ServletWebServerApplicationContext - Root WebApplicationContext: initialization completed in 125 ms
10:53:46.160 [restartedMain] WARN  o.s.b.w.s.c.AnnotationConfigServletWebServerApplicationContext - Exception encountered during context initialization - cancelling refresh attempt: org.springframework.beans.factory.BeanCreationException: Error creating bean with name 'helloController' defined in file [E:\javaProject\test_demo3\target\classes\com\dongbao\test_demo3\controller\HelloController.class]: Post-processing of merged bean definition failed; nested exception is java.lang.IllegalStateException: Failed to introspect Class [com.dongbao.test_demo3.controller.HelloController] from ClassLoader [org.springframework.boot.devtools.restart.classloader.RestartClassLoader@353d702e]
10:53:46.165 [restartedMain] INFO  org.apache.catalina.core.StandardService - Stopping service [Tomcat]
10:53:46.169 [restartedMain] INFO  o.s.b.a.l.ConditionEvaluationReportLoggingListener - 

Error starting ApplicationContext. To display the conditions report re-run your application with 'debug' enabled.
10:53:46.171 [restartedMain] ERROR org.springframework.boot.SpringApplication - Application run failed
org.springframework.beans.factory.BeanCreationException: Error creating bean with name 'helloController' defined in file [E:\javaProject\test_demo3\target\classes\com\dongbao\test_demo3\controller\HelloController.class]: Post-processing of merged bean definition failed; nested exception is java.lang.IllegalStateException: Failed to introspect Class [com.dongbao.test_demo3.controller.HelloController] from ClassLoader [org.springframework.boot.devtools.restart.classloader.RestartClassLoader@353d702e]
	at org.springframework.beans.factory.support.AbstractAutowireCapableBeanFactory.doCreateBean(AbstractAutowireCapableBeanFactory.java:597)
	at org.springframework.beans.factory.support.AbstractAutowireCapableBeanFactory.createBean(AbstractAutowireCapableBeanFactory.java:542)
	at org.springframework.beans.factory.support.AbstractBeanFactory.lambda$doGetBean$0(AbstractBeanFactory.java:335)
	at org.springframework.beans.factory.support.DefaultSingletonBeanRegistry.getSingleton(DefaultSingletonBeanRegistry.java:234)
	at org.springframework.beans.factory.support.AbstractBeanFactory.doGetBean(AbstractBeanFactory.java:333)
	at org.springframework.beans.factory.support.AbstractBeanFactory.getBean(AbstractBeanFactory.java:208)
	at org.springframework.beans.factory.support.DefaultListableBeanFactory.preInstantiateSingletons(DefaultListableBeanFactory.java:955)
	at org.springframework.context.support.AbstractApplicationContext.finishBeanFactoryInitialization(AbstractApplicationContext.java:918)
	at org.springframework.context.support.AbstractApplicationContext.refresh(AbstractApplicationContext.java:583)
	at org.springframework.boot.web.servlet.context.ServletWebServerApplicationContext.refresh(ServletWebServerApplicationContext.java:147)
	at org.springframework.boot.SpringApplication.refresh(SpringApplication.java:731)
	at org.springframework.boot.SpringApplication.refreshContext(SpringApplication.java:408)
	at org.springframework.boot.SpringApplication.run(SpringApplication.java:307)
	at org.springframework.boot.SpringApplication.run(SpringApplication.java:1303)
	at org.springframework.boot.SpringApplication.run(SpringApplication.java:1292)
	at com.dongbao.test_demo3.TestDemo3Application.main(TestDemo3Application.java:14)
	at sun.reflect.NativeMethodAccessorImpl.invoke0(Native Method)
	at sun.reflect.NativeMethodAccessorImpl.invoke(NativeMethodAccessorImpl.java:62)
	at sun.reflect.DelegatingMethodAccessorImpl.invoke(DelegatingMethodAccessorImpl.java:43)
	at java.lang.reflect.Method.invoke(Method.java:498)
	at org.springframework.boot.devtools.restart.RestartLauncher.run(RestartLauncher.java:49)
Caused by: java.lang.IllegalStateException: Failed to introspect Class [com.dongbao.test_demo3.controller.HelloController] from ClassLoader [org.springframework.boot.devtools.restart.classloader.RestartClassLoader@353d702e]
	at org.springframework.util.ReflectionUtils.getDeclaredFields(ReflectionUtils.java:743)
	at org.springframework.util.ReflectionUtils.doWithLocalFields(ReflectionUtils.java:675)
	at org.springframework.context.annotation.CommonAnnotationBeanPostProcessor.buildResourceMetadata(CommonAnnotationBeanPostProcessor.java:377)
	at org.springframework.context.annotation.CommonAnnotationBeanPostProcessor.findResourceMetadata(CommonAnnotationBeanPostProcessor.java:358)
	at org.springframework.context.annotation.CommonAnnotationBeanPostProcessor.postProcessMergedBeanDefinition(CommonAnnotationBeanPostProcessor.java:306)
	at org.springframework.beans.factory.support.AbstractAutowireCapableBeanFactory.applyMergedBeanDefinitionPostProcessors(AbstractAutowireCapableBeanFactory.java:1116)
	at org.springframework.beans.factory.support.AbstractAutowireCapableBeanFactory.doCreateBean(AbstractAutowireCapableBeanFactory.java:594)
	... 20 common frames omitted
Caused by: java.lang.NoClassDefFoundError: Lcom/dongbao/test_demo3/ulits/IsAcquire;
	at java.lang.Class.getDeclaredFields0(Native Method)
	at java.lang.Class.privateGetDeclaredFields(Class.java:2583)
	at java.lang.Class.getDeclaredFields(Class.java:1916)
	at org.springframework.util.ReflectionUtils.getDeclaredFields(ReflectionUtils.java:738)
	... 26 common frames omitted
Caused by: java.lang.ClassNotFoundException: com.dongbao.test_demo3.ulits.IsAcquire
	at java.net.URLClassLoader.findClass(URLClassLoader.java:381)
	at java.lang.ClassLoader.loadClass(ClassLoader.java:424)
	at sun.misc.Launcher$AppClassLoader.loadClass(Launcher.java:335)
	at java.lang.ClassLoader.loadClass(ClassLoader.java:357)
	at java.lang.Class.forName0(Native Method)
	at java.lang.Class.forName(Class.java:348)
	at org.springframework.boot.devtools.restart.classloader.RestartClassLoader.loadClass(RestartClassLoader.java:145)
	at java.lang.ClassLoader.loadClass(ClassLoader.java:357)
	... 30 common frames omitted
10:53:48.627 [restartedMain] INFO  com.dongbao.test_demo3.TestDemo3Application - Starting TestDemo3Application using Java 1.8.0_151 on IT-013487 with PID 5740 (E:\javaProject\test_demo3\target\classes started by 013487 in E:\javaProject\test_demo3)
10:53:48.628 [restartedMain] INFO  com.dongbao.test_demo3.TestDemo3Application - No active profile set, falling back to 1 default profile: "default"
10:53:48.710 [restartedMain] INFO  o.s.d.r.config.RepositoryConfigurationDelegate - Multiple Spring Data modules found, entering strict repository configuration mode
10:53:48.710 [restartedMain] INFO  o.s.d.r.config.RepositoryConfigurationDelegate - Bootstrapping Spring Data Redis repositories in DEFAULT mode.
10:53:48.712 [restartedMain] INFO  o.s.d.r.config.RepositoryConfigurationDelegate - Finished Spring Data repository scanning in 2 ms. Found 0 Redis repository interfaces.
10:53:48.744 [restartedMain] INFO  o.s.boot.web.embedded.tomcat.TomcatWebServer - Tomcat initialized with port(s): 8080 (http)
10:53:48.744 [restartedMain] INFO  org.apache.coyote.http11.Http11NioProtocol - Initializing ProtocolHandler ["http-nio-8080"]
10:53:48.744 [restartedMain] INFO  org.apache.catalina.core.StandardService - Starting service [Tomcat]
10:53:48.744 [restartedMain] INFO  org.apache.catalina.core.StandardEngine - Starting Servlet engine: [Apache Tomcat/9.0.69]
10:53:48.752 [restartedMain] INFO  o.a.c.c.ContainerBase.[Tomcat-4].[localhost].[/] - Initializing Spring embedded WebApplicationContext
10:53:48.752 [restartedMain] INFO  o.s.b.w.s.c.ServletWebServerApplicationContext - Root WebApplicationContext: initialization completed in 124 ms
10:53:48.860 [restartedMain] INFO  com.dongbao.test_demo3.config.AsyncConfig - 异步任务执行器已启用
10:53:48.889 [restartedMain] INFO  o.s.b.a.web.servlet.WelcomePageHandlerMapping - Adding welcome page: class path resource [static/index.html]
10:53:48.905 [restartedMain] WARN  o.s.b.a.t.ThymeleafAutoConfiguration$DefaultTemplateResolverConfiguration - Cannot find template location: classpath:/templates/ (please add some templates, check your Thymeleaf configuration, or set spring.thymeleaf.check-template-location=false)
10:53:48.905 [restartedMain] WARN  org.thymeleaf.templatemode.TemplateMode - [THYMELEAF][restartedMain] Template Mode 'HTML5' is deprecated. Using Template Mode 'HTML' instead.
10:53:48.936 [restartedMain] INFO  o.s.b.d.autoconfigure.OptionalLiveReloadServer - LiveReload server is running on port 35729
10:53:48.942 [restartedMain] INFO  org.apache.coyote.http11.Http11NioProtocol - Starting ProtocolHandler ["http-nio-8080"]
10:53:48.944 [restartedMain] INFO  o.s.boot.web.embedded.tomcat.TomcatWebServer - Tomcat started on port(s): 8080 (http) with context path ''
10:53:48.946 [restartedMain] INFO  com.dongbao.test_demo3.TestDemo3Application - Started TestDemo3Application in 0.331 seconds (JVM running for 6533.902)
10:53:48.947 [restartedMain] INFO  o.s.b.d.a.ConditionEvaluationDeltaLoggingListener - Condition evaluation unchanged
10:56:17.889 [File Watcher] INFO  o.s.b.d.a.LocalDevToolsAutoConfiguration$RestartingClassPathChangeChangedEventListener - Restarting due to 5 class path changes (0 additions, 5 deletions, 0 modifications)
10:56:17.928 [Thread-44] INFO  org.apache.coyote.http11.Http11NioProtocol - Pausing ProtocolHandler ["http-nio-8080"]
10:56:17.928 [Thread-44] INFO  org.apache.catalina.core.StandardService - Stopping service [Tomcat]
10:56:17.931 [Thread-44] INFO  org.apache.coyote.http11.Http11NioProtocol - Stopping ProtocolHandler ["http-nio-8080"]
10:56:17.932 [Thread-44] INFO  org.apache.coyote.http11.Http11NioProtocol - Destroying ProtocolHandler ["http-nio-8080"]
10:56:18.029 [restartedMain] INFO  com.dongbao.test_demo3.TestDemo3Application - Starting TestDemo3Application using Java 1.8.0_151 on IT-013487 with PID 5740 (E:\javaProject\test_demo3\target\classes started by 013487 in E:\javaProject\test_demo3)
10:56:18.029 [restartedMain] INFO  com.dongbao.test_demo3.TestDemo3Application - No active profile set, falling back to 1 default profile: "default"
10:56:18.132 [restartedMain] INFO  o.s.d.r.config.RepositoryConfigurationDelegate - Multiple Spring Data modules found, entering strict repository configuration mode
10:56:18.132 [restartedMain] INFO  o.s.d.r.config.RepositoryConfigurationDelegate - Bootstrapping Spring Data Redis repositories in DEFAULT mode.
10:56:18.135 [restartedMain] INFO  o.s.d.r.config.RepositoryConfigurationDelegate - Finished Spring Data repository scanning in 2 ms. Found 0 Redis repository interfaces.
10:56:18.166 [restartedMain] INFO  o.s.boot.web.embedded.tomcat.TomcatWebServer - Tomcat initialized with port(s): 8080 (http)
10:56:18.167 [restartedMain] INFO  org.apache.coyote.http11.Http11NioProtocol - Initializing ProtocolHandler ["http-nio-8080"]
10:56:18.167 [restartedMain] INFO  org.apache.catalina.core.StandardService - Starting service [Tomcat]
10:56:18.167 [restartedMain] INFO  org.apache.catalina.core.StandardEngine - Starting Servlet engine: [Apache Tomcat/9.0.69]
10:56:18.174 [restartedMain] INFO  o.a.c.c.ContainerBase.[Tomcat-4].[localhost].[/] - Initializing Spring embedded WebApplicationContext
10:56:18.174 [restartedMain] INFO  o.s.b.w.s.c.ServletWebServerApplicationContext - Root WebApplicationContext: initialization completed in 144 ms
10:56:18.182 [restartedMain] WARN  o.s.b.w.s.c.AnnotationConfigServletWebServerApplicationContext - Exception encountered during context initialization - cancelling refresh attempt: org.springframework.beans.factory.BeanCreationException: Error creating bean with name 'attWorkHourDayServiceImpl' defined in file [E:\javaProject\test_demo3\target\classes\com\dongbao\test_demo3\Service\impl\AttWorkHourDayServiceImpl.class]: Post-processing of merged bean definition failed; nested exception is java.lang.IllegalStateException: Failed to introspect Class [com.dongbao.test_demo3.Service.impl.AttWorkHourDayServiceImpl] from ClassLoader [org.springframework.boot.devtools.restart.classloader.RestartClassLoader@37079edd]
10:56:18.182 [restartedMain] INFO  org.apache.catalina.core.StandardService - Stopping service [Tomcat]
10:56:18.185 [restartedMain] INFO  o.s.b.a.l.ConditionEvaluationReportLoggingListener - 

Error starting ApplicationContext. To display the conditions report re-run your application with 'debug' enabled.
10:56:18.186 [restartedMain] ERROR org.springframework.boot.SpringApplication - Application run failed
org.springframework.beans.factory.BeanCreationException: Error creating bean with name 'attWorkHourDayServiceImpl' defined in file [E:\javaProject\test_demo3\target\classes\com\dongbao\test_demo3\Service\impl\AttWorkHourDayServiceImpl.class]: Post-processing of merged bean definition failed; nested exception is java.lang.IllegalStateException: Failed to introspect Class [com.dongbao.test_demo3.Service.impl.AttWorkHourDayServiceImpl] from ClassLoader [org.springframework.boot.devtools.restart.classloader.RestartClassLoader@37079edd]
	at org.springframework.beans.factory.support.AbstractAutowireCapableBeanFactory.doCreateBean(AbstractAutowireCapableBeanFactory.java:597)
	at org.springframework.beans.factory.support.AbstractAutowireCapableBeanFactory.createBean(AbstractAutowireCapableBeanFactory.java:542)
	at org.springframework.beans.factory.support.AbstractBeanFactory.lambda$doGetBean$0(AbstractBeanFactory.java:335)
	at org.springframework.beans.factory.support.DefaultSingletonBeanRegistry.getSingleton(DefaultSingletonBeanRegistry.java:234)
	at org.springframework.beans.factory.support.AbstractBeanFactory.doGetBean(AbstractBeanFactory.java:333)
	at org.springframework.beans.factory.support.AbstractBeanFactory.getBean(AbstractBeanFactory.java:208)
	at org.springframework.beans.factory.support.DefaultListableBeanFactory.preInstantiateSingletons(DefaultListableBeanFactory.java:955)
	at org.springframework.context.support.AbstractApplicationContext.finishBeanFactoryInitialization(AbstractApplicationContext.java:918)
	at org.springframework.context.support.AbstractApplicationContext.refresh(AbstractApplicationContext.java:583)
	at org.springframework.boot.web.servlet.context.ServletWebServerApplicationContext.refresh(ServletWebServerApplicationContext.java:147)
	at org.springframework.boot.SpringApplication.refresh(SpringApplication.java:731)
	at org.springframework.boot.SpringApplication.refreshContext(SpringApplication.java:408)
	at org.springframework.boot.SpringApplication.run(SpringApplication.java:307)
	at org.springframework.boot.SpringApplication.run(SpringApplication.java:1303)
	at org.springframework.boot.SpringApplication.run(SpringApplication.java:1292)
	at com.dongbao.test_demo3.TestDemo3Application.main(TestDemo3Application.java:14)
	at sun.reflect.NativeMethodAccessorImpl.invoke0(Native Method)
	at sun.reflect.NativeMethodAccessorImpl.invoke(NativeMethodAccessorImpl.java:62)
	at sun.reflect.DelegatingMethodAccessorImpl.invoke(DelegatingMethodAccessorImpl.java:43)
	at java.lang.reflect.Method.invoke(Method.java:498)
	at org.springframework.boot.devtools.restart.RestartLauncher.run(RestartLauncher.java:49)
Caused by: java.lang.IllegalStateException: Failed to introspect Class [com.dongbao.test_demo3.Service.impl.AttWorkHourDayServiceImpl] from ClassLoader [org.springframework.boot.devtools.restart.classloader.RestartClassLoader@37079edd]
	at org.springframework.util.ReflectionUtils.getDeclaredFields(ReflectionUtils.java:743)
	at org.springframework.util.ReflectionUtils.doWithLocalFields(ReflectionUtils.java:675)
	at org.springframework.context.annotation.CommonAnnotationBeanPostProcessor.buildResourceMetadata(CommonAnnotationBeanPostProcessor.java:377)
	at org.springframework.context.annotation.CommonAnnotationBeanPostProcessor.findResourceMetadata(CommonAnnotationBeanPostProcessor.java:358)
	at org.springframework.context.annotation.CommonAnnotationBeanPostProcessor.postProcessMergedBeanDefinition(CommonAnnotationBeanPostProcessor.java:306)
	at org.springframework.beans.factory.support.AbstractAutowireCapableBeanFactory.applyMergedBeanDefinitionPostProcessors(AbstractAutowireCapableBeanFactory.java:1116)
	at org.springframework.beans.factory.support.AbstractAutowireCapableBeanFactory.doCreateBean(AbstractAutowireCapableBeanFactory.java:594)
	... 20 common frames omitted
Caused by: java.lang.NoClassDefFoundError: Lcom/dongbao/test_demo3/CacheService/AttWorkHourDayCacheService;
	at java.lang.Class.getDeclaredFields0(Native Method)
	at java.lang.Class.privateGetDeclaredFields(Class.java:2583)
	at java.lang.Class.getDeclaredFields(Class.java:1916)
	at org.springframework.util.ReflectionUtils.getDeclaredFields(ReflectionUtils.java:738)
	... 26 common frames omitted
Caused by: java.lang.ClassNotFoundException: com.dongbao.test_demo3.CacheService.AttWorkHourDayCacheService
	at java.net.URLClassLoader.findClass(URLClassLoader.java:381)
	at java.lang.ClassLoader.loadClass(ClassLoader.java:424)
	at sun.misc.Launcher$AppClassLoader.loadClass(Launcher.java:335)
	at java.lang.ClassLoader.loadClass(ClassLoader.java:357)
	at java.lang.Class.forName0(Native Method)
	at java.lang.Class.forName(Class.java:348)
	at org.springframework.boot.devtools.restart.classloader.RestartClassLoader.loadClass(RestartClassLoader.java:145)
	at java.lang.ClassLoader.loadClass(ClassLoader.java:357)
	... 30 common frames omitted
10:56:21.665 [restartedMain] INFO  com.dongbao.test_demo3.TestDemo3Application - Starting TestDemo3Application using Java 1.8.0_151 on IT-013487 with PID 5740 (E:\javaProject\test_demo3\target\classes started by 013487 in E:\javaProject\test_demo3)
10:56:21.666 [restartedMain] INFO  com.dongbao.test_demo3.TestDemo3Application - No active profile set, falling back to 1 default profile: "default"
10:56:21.751 [restartedMain] INFO  o.s.d.r.config.RepositoryConfigurationDelegate - Multiple Spring Data modules found, entering strict repository configuration mode
10:56:21.751 [restartedMain] INFO  o.s.d.r.config.RepositoryConfigurationDelegate - Bootstrapping Spring Data Redis repositories in DEFAULT mode.
10:56:21.754 [restartedMain] INFO  o.s.d.r.config.RepositoryConfigurationDelegate - Finished Spring Data repository scanning in 2 ms. Found 0 Redis repository interfaces.
10:56:21.782 [restartedMain] INFO  o.s.boot.web.embedded.tomcat.TomcatWebServer - Tomcat initialized with port(s): 8080 (http)
10:56:21.782 [restartedMain] INFO  org.apache.coyote.http11.Http11NioProtocol - Initializing ProtocolHandler ["http-nio-8080"]
10:56:21.782 [restartedMain] INFO  org.apache.catalina.core.StandardService - Starting service [Tomcat]
10:56:21.782 [restartedMain] INFO  org.apache.catalina.core.StandardEngine - Starting Servlet engine: [Apache Tomcat/9.0.69]
10:56:21.790 [restartedMain] INFO  o.a.c.c.ContainerBase.[Tomcat-5].[localhost].[/] - Initializing Spring embedded WebApplicationContext
10:56:21.790 [restartedMain] INFO  o.s.b.w.s.c.ServletWebServerApplicationContext - Root WebApplicationContext: initialization completed in 124 ms
10:56:21.897 [restartedMain] INFO  com.dongbao.test_demo3.config.AsyncConfig - 异步任务执行器已启用
10:56:21.920 [restartedMain] INFO  o.s.b.a.web.servlet.WelcomePageHandlerMapping - Adding welcome page: class path resource [static/index.html]
10:56:21.934 [restartedMain] WARN  o.s.b.a.t.ThymeleafAutoConfiguration$DefaultTemplateResolverConfiguration - Cannot find template location: classpath:/templates/ (please add some templates, check your Thymeleaf configuration, or set spring.thymeleaf.check-template-location=false)
10:56:21.934 [restartedMain] WARN  org.thymeleaf.templatemode.TemplateMode - [THYMELEAF][restartedMain] Template Mode 'HTML5' is deprecated. Using Template Mode 'HTML' instead.
10:56:21.964 [restartedMain] INFO  o.s.b.d.autoconfigure.OptionalLiveReloadServer - LiveReload server is running on port 35729
10:56:21.969 [restartedMain] INFO  org.apache.coyote.http11.Http11NioProtocol - Starting ProtocolHandler ["http-nio-8080"]
10:56:21.971 [restartedMain] INFO  o.s.boot.web.embedded.tomcat.TomcatWebServer - Tomcat started on port(s): 8080 (http) with context path ''
10:56:21.973 [restartedMain] INFO  com.dongbao.test_demo3.TestDemo3Application - Started TestDemo3Application in 0.319 seconds (JVM running for 6686.923)
10:56:21.974 [restartedMain] INFO  o.s.b.d.a.ConditionEvaluationDeltaLoggingListener - Condition evaluation unchanged
15:16:55.723 [main] INFO  com.dongbao.test_demo3.RedisConnectionTest - Starting RedisConnectionTest using Java 1.8.0_151 on IT-013487 with PID 24336 (started by 013487 in E:\javaProject\test_demo3)
15:16:55.743 [main] INFO  com.dongbao.test_demo3.RedisConnectionTest - No active profile set, falling back to 1 default profile: "default"
15:16:56.612 [main] INFO  o.s.d.r.config.RepositoryConfigurationDelegate - Multiple Spring Data modules found, entering strict repository configuration mode
15:16:56.614 [main] INFO  o.s.d.r.config.RepositoryConfigurationDelegate - Bootstrapping Spring Data Redis repositories in DEFAULT mode.
15:16:56.636 [main] INFO  o.s.d.r.config.RepositoryConfigurationDelegate - Finished Spring Data repository scanning in 10 ms. Found 0 Redis repository interfaces.
15:16:57.970 [main] WARN  c.b.mybatisplus.core.injector.DefaultSqlInjector - class com.dongbao.test_demo3.entity.AttWorkHourDay ,Not found @TableId annotation, Cannot use Mybatis-Plus 'xxById' Method.
15:16:58.233 [main] INFO  com.dongbao.test_demo3.config.AsyncConfig - 异步任务执行器已启用
15:16:59.021 [main] INFO  o.s.b.a.web.servlet.WelcomePageHandlerMapping - Adding welcome page: class path resource [static/index.html]
15:16:59.299 [main] WARN  o.s.b.a.t.ThymeleafAutoConfiguration$DefaultTemplateResolverConfiguration - Cannot find template location: classpath:/templates/ (please add some templates, check your Thymeleaf configuration, or set spring.thymeleaf.check-template-location=false)
15:16:59.305 [main] WARN  org.thymeleaf.templatemode.TemplateMode - [THYMELEAF][main] Template Mode 'HTML5' is deprecated. Using Template Mode 'HTML' instead.
15:16:59.829 [main] INFO  com.dongbao.test_demo3.RedisConnectionTest - Started RedisConnectionTest in 4.401 seconds (JVM running for 5.179)
15:17:47.649 [main] INFO  com.dongbao.test_demo3.RedisConnectionTest - Starting RedisConnectionTest using Java 1.8.0_151 on IT-013487 with PID 8820 (started by 013487 in E:\javaProject\test_demo3)
15:17:47.650 [main] INFO  com.dongbao.test_demo3.RedisConnectionTest - No active profile set, falling back to 1 default profile: "default"
15:17:48.177 [main] INFO  o.s.d.r.config.RepositoryConfigurationDelegate - Multiple Spring Data modules found, entering strict repository configuration mode
15:17:48.180 [main] INFO  o.s.d.r.config.RepositoryConfigurationDelegate - Bootstrapping Spring Data Redis repositories in DEFAULT mode.
15:17:48.199 [main] INFO  o.s.d.r.config.RepositoryConfigurationDelegate - Finished Spring Data repository scanning in 9 ms. Found 0 Redis repository interfaces.
15:17:49.317 [main] WARN  c.b.mybatisplus.core.injector.DefaultSqlInjector - class com.dongbao.test_demo3.entity.AttWorkHourDay ,Not found @TableId annotation, Cannot use Mybatis-Plus 'xxById' Method.
15:17:49.571 [main] INFO  com.dongbao.test_demo3.config.AsyncConfig - 异步任务执行器已启用
15:17:50.284 [main] INFO  o.s.b.a.web.servlet.WelcomePageHandlerMapping - Adding welcome page: class path resource [static/index.html]
15:17:50.520 [main] WARN  o.s.b.a.t.ThymeleafAutoConfiguration$DefaultTemplateResolverConfiguration - Cannot find template location: classpath:/templates/ (please add some templates, check your Thymeleaf configuration, or set spring.thymeleaf.check-template-location=false)
15:17:50.523 [main] WARN  org.thymeleaf.templatemode.TemplateMode - [THYMELEAF][main] Template Mode 'HTML5' is deprecated. Using Template Mode 'HTML' instead.
15:17:50.921 [main] INFO  com.dongbao.test_demo3.RedisConnectionTest - Started RedisConnectionTest in 3.561 seconds (JVM running for 4.182)
15:20:02.508 [main] INFO  com.dongbao.test_demo3.RedisConnectionTest - Starting RedisConnectionTest using Java 1.8.0_151 on IT-013487 with PID 25956 (started by 013487 in E:\javaProject\test_demo3)
15:20:02.509 [main] INFO  com.dongbao.test_demo3.RedisConnectionTest - No active profile set, falling back to 1 default profile: "default"
15:20:03.055 [main] INFO  o.s.d.r.config.RepositoryConfigurationDelegate - Multiple Spring Data modules found, entering strict repository configuration mode
15:20:03.058 [main] INFO  o.s.d.r.config.RepositoryConfigurationDelegate - Bootstrapping Spring Data Redis repositories in DEFAULT mode.
15:20:03.076 [main] INFO  o.s.d.r.config.RepositoryConfigurationDelegate - Finished Spring Data repository scanning in 8 ms. Found 0 Redis repository interfaces.
15:20:04.272 [main] WARN  c.b.mybatisplus.core.injector.DefaultSqlInjector - class com.dongbao.test_demo3.entity.AttWorkHourDay ,Not found @TableId annotation, Cannot use Mybatis-Plus 'xxById' Method.
15:20:04.502 [main] INFO  com.dongbao.test_demo3.config.AsyncConfig - 异步任务执行器已启用
15:20:05.188 [main] INFO  o.s.b.a.web.servlet.WelcomePageHandlerMapping - Adding welcome page: class path resource [static/index.html]
15:20:05.427 [main] WARN  o.s.b.a.t.ThymeleafAutoConfiguration$DefaultTemplateResolverConfiguration - Cannot find template location: classpath:/templates/ (please add some templates, check your Thymeleaf configuration, or set spring.thymeleaf.check-template-location=false)
15:20:05.430 [main] WARN  org.thymeleaf.templatemode.TemplateMode - [THYMELEAF][main] Template Mode 'HTML5' is deprecated. Using Template Mode 'HTML' instead.
15:20:05.809 [main] INFO  com.dongbao.test_demo3.RedisConnectionTest - Started RedisConnectionTest in 3.572 seconds (JVM running for 4.191)
15:20:43.881 [main] INFO  com.dongbao.test_demo3.RedisConnectionTest - Starting RedisConnectionTest using Java 1.8.0_151 on IT-013487 with PID 7232 (started by 013487 in E:\javaProject\test_demo3)
15:20:43.882 [main] INFO  com.dongbao.test_demo3.RedisConnectionTest - No active profile set, falling back to 1 default profile: "default"
15:20:44.414 [main] INFO  o.s.d.r.config.RepositoryConfigurationDelegate - Multiple Spring Data modules found, entering strict repository configuration mode
15:20:44.417 [main] INFO  o.s.d.r.config.RepositoryConfigurationDelegate - Bootstrapping Spring Data Redis repositories in DEFAULT mode.
15:20:44.442 [main] INFO  o.s.d.r.config.RepositoryConfigurationDelegate - Finished Spring Data repository scanning in 8 ms. Found 0 Redis repository interfaces.
15:20:45.500 [main] WARN  c.b.mybatisplus.core.injector.DefaultSqlInjector - class com.dongbao.test_demo3.entity.AttWorkHourDay ,Not found @TableId annotation, Cannot use Mybatis-Plus 'xxById' Method.
15:20:45.709 [main] INFO  com.dongbao.test_demo3.config.AsyncConfig - 异步任务执行器已启用
15:20:46.352 [main] INFO  o.s.b.a.web.servlet.WelcomePageHandlerMapping - Adding welcome page: class path resource [static/index.html]
15:20:46.544 [main] WARN  o.s.b.a.t.ThymeleafAutoConfiguration$DefaultTemplateResolverConfiguration - Cannot find template location: classpath:/templates/ (please add some templates, check your Thymeleaf configuration, or set spring.thymeleaf.check-template-location=false)
15:20:46.547 [main] WARN  org.thymeleaf.templatemode.TemplateMode - [THYMELEAF][main] Template Mode 'HTML5' is deprecated. Using Template Mode 'HTML' instead.
15:20:46.894 [main] INFO  com.dongbao.test_demo3.RedisConnectionTest - Started RedisConnectionTest in 3.272 seconds (JVM running for 3.977)
15:20:59.097 [main] INFO  com.dongbao.test_demo3.RedisConnectionTest - Starting RedisConnectionTest using Java 1.8.0_151 on IT-013487 with PID 18200 (started by 013487 in E:\javaProject\test_demo3)
15:20:59.098 [main] INFO  com.dongbao.test_demo3.RedisConnectionTest - No active profile set, falling back to 1 default profile: "default"
15:20:59.638 [main] INFO  o.s.d.r.config.RepositoryConfigurationDelegate - Multiple Spring Data modules found, entering strict repository configuration mode
15:20:59.640 [main] INFO  o.s.d.r.config.RepositoryConfigurationDelegate - Bootstrapping Spring Data Redis repositories in DEFAULT mode.
15:20:59.659 [main] INFO  o.s.d.r.config.RepositoryConfigurationDelegate - Finished Spring Data repository scanning in 10 ms. Found 0 Redis repository interfaces.
15:21:00.685 [main] WARN  c.b.mybatisplus.core.injector.DefaultSqlInjector - class com.dongbao.test_demo3.entity.AttWorkHourDay ,Not found @TableId annotation, Cannot use Mybatis-Plus 'xxById' Method.
15:21:00.915 [main] INFO  com.dongbao.test_demo3.config.AsyncConfig - 异步任务执行器已启用
15:21:01.572 [main] INFO  o.s.b.a.web.servlet.WelcomePageHandlerMapping - Adding welcome page: class path resource [static/index.html]
15:21:01.738 [main] WARN  o.s.b.a.t.ThymeleafAutoConfiguration$DefaultTemplateResolverConfiguration - Cannot find template location: classpath:/templates/ (please add some templates, check your Thymeleaf configuration, or set spring.thymeleaf.check-template-location=false)
15:21:01.741 [main] WARN  org.thymeleaf.templatemode.TemplateMode - [THYMELEAF][main] Template Mode 'HTML5' is deprecated. Using Template Mode 'HTML' instead.
15:21:02.088 [main] INFO  com.dongbao.test_demo3.RedisConnectionTest - Started RedisConnectionTest in 3.279 seconds (JVM running for 3.913)
15:22:14.350 [main] INFO  com.dongbao.test_demo3.RedisConnectionTest - Starting RedisConnectionTest using Java 1.8.0_151 on IT-013487 with PID 1632 (started by 013487 in E:\javaProject\test_demo3)
15:22:14.351 [main] INFO  com.dongbao.test_demo3.RedisConnectionTest - No active profile set, falling back to 1 default profile: "default"
15:22:14.887 [main] INFO  o.s.d.r.config.RepositoryConfigurationDelegate - Multiple Spring Data modules found, entering strict repository configuration mode
15:22:14.890 [main] INFO  o.s.d.r.config.RepositoryConfigurationDelegate - Bootstrapping Spring Data Redis repositories in DEFAULT mode.
15:22:14.916 [main] INFO  o.s.d.r.config.RepositoryConfigurationDelegate - Finished Spring Data repository scanning in 9 ms. Found 0 Redis repository interfaces.
15:22:16.087 [main] WARN  c.b.mybatisplus.core.injector.DefaultSqlInjector - class com.dongbao.test_demo3.entity.AttWorkHourDay ,Not found @TableId annotation, Cannot use Mybatis-Plus 'xxById' Method.
15:22:16.344 [main] INFO  com.dongbao.test_demo3.config.AsyncConfig - 异步任务执行器已启用
15:22:16.934 [main] INFO  o.s.b.a.web.servlet.WelcomePageHandlerMapping - Adding welcome page: class path resource [static/index.html]
15:22:17.166 [main] WARN  o.s.b.a.t.ThymeleafAutoConfiguration$DefaultTemplateResolverConfiguration - Cannot find template location: classpath:/templates/ (please add some templates, check your Thymeleaf configuration, or set spring.thymeleaf.check-template-location=false)
15:22:17.168 [main] WARN  org.thymeleaf.templatemode.TemplateMode - [THYMELEAF][main] Template Mode 'HTML5' is deprecated. Using Template Mode 'HTML' instead.
15:22:17.577 [main] INFO  com.dongbao.test_demo3.RedisConnectionTest - Started RedisConnectionTest in 3.498 seconds (JVM running for 4.106)
15:29:47.109 [main] INFO  com.dongbao.test_demo3.RedisConnectionTest - Starting RedisConnectionTest using Java 1.8.0_151 on IT-013487 with PID 10856 (started by 013487 in E:\javaProject\test_demo3)
15:29:47.110 [main] INFO  com.dongbao.test_demo3.RedisConnectionTest - No active profile set, falling back to 1 default profile: "default"
15:29:47.667 [main] INFO  o.s.d.r.config.RepositoryConfigurationDelegate - Multiple Spring Data modules found, entering strict repository configuration mode
15:29:47.669 [main] INFO  o.s.d.r.config.RepositoryConfigurationDelegate - Bootstrapping Spring Data Redis repositories in DEFAULT mode.
15:29:47.689 [main] INFO  o.s.d.r.config.RepositoryConfigurationDelegate - Finished Spring Data repository scanning in 9 ms. Found 0 Redis repository interfaces.
15:29:48.911 [main] WARN  c.b.mybatisplus.core.injector.DefaultSqlInjector - class com.dongbao.test_demo3.entity.AttWorkHourDay ,Not found @TableId annotation, Cannot use Mybatis-Plus 'xxById' Method.
15:29:49.136 [main] INFO  com.dongbao.test_demo3.config.AsyncConfig - 异步任务执行器已启用
15:29:49.865 [main] INFO  o.s.b.a.web.servlet.WelcomePageHandlerMapping - Adding welcome page: class path resource [static/index.html]
15:29:50.103 [main] WARN  o.s.b.a.t.ThymeleafAutoConfiguration$DefaultTemplateResolverConfiguration - Cannot find template location: classpath:/templates/ (please add some templates, check your Thymeleaf configuration, or set spring.thymeleaf.check-template-location=false)
15:29:50.107 [main] WARN  org.thymeleaf.templatemode.TemplateMode - [THYMELEAF][main] Template Mode 'HTML5' is deprecated. Using Template Mode 'HTML' instead.
15:29:50.463 [main] INFO  com.dongbao.test_demo3.RedisConnectionTest - Started RedisConnectionTest in 3.616 seconds (JVM running for 4.238)
15:30:19.022 [main] INFO  com.dongbao.test_demo3.RedisConnectionTest - Starting RedisConnectionTest using Java 1.8.0_151 on IT-013487 with PID 18732 (started by 013487 in E:\javaProject\test_demo3)
15:30:19.023 [main] INFO  com.dongbao.test_demo3.RedisConnectionTest - No active profile set, falling back to 1 default profile: "default"
15:30:19.597 [main] INFO  o.s.d.r.config.RepositoryConfigurationDelegate - Multiple Spring Data modules found, entering strict repository configuration mode
15:30:19.600 [main] INFO  o.s.d.r.config.RepositoryConfigurationDelegate - Bootstrapping Spring Data Redis repositories in DEFAULT mode.
15:30:19.623 [main] INFO  o.s.d.r.config.RepositoryConfigurationDelegate - Finished Spring Data repository scanning in 10 ms. Found 0 Redis repository interfaces.
15:30:20.726 [main] WARN  c.b.mybatisplus.core.injector.DefaultSqlInjector - class com.dongbao.test_demo3.entity.AttWorkHourDay ,Not found @TableId annotation, Cannot use Mybatis-Plus 'xxById' Method.
15:30:20.975 [main] INFO  com.dongbao.test_demo3.config.AsyncConfig - 异步任务执行器已启用
15:30:21.730 [main] INFO  o.s.b.a.web.servlet.WelcomePageHandlerMapping - Adding welcome page: class path resource [static/index.html]
15:30:21.984 [main] WARN  o.s.b.a.t.ThymeleafAutoConfiguration$DefaultTemplateResolverConfiguration - Cannot find template location: classpath:/templates/ (please add some templates, check your Thymeleaf configuration, or set spring.thymeleaf.check-template-location=false)
15:30:21.987 [main] WARN  org.thymeleaf.templatemode.TemplateMode - [THYMELEAF][main] Template Mode 'HTML5' is deprecated. Using Template Mode 'HTML' instead.
15:30:22.457 [main] INFO  com.dongbao.test_demo3.RedisConnectionTest - Started RedisConnectionTest in 3.695 seconds (JVM running for 4.309)
15:33:58.802 [main] INFO  com.dongbao.test_demo3.RedisConnectionTest - Starting RedisConnectionTest using Java 1.8.0_151 on IT-013487 with PID 20864 (started by 013487 in E:\javaProject\test_demo3)
15:33:58.803 [main] INFO  com.dongbao.test_demo3.RedisConnectionTest - No active profile set, falling back to 1 default profile: "default"
15:33:59.390 [main] INFO  o.s.d.r.config.RepositoryConfigurationDelegate - Multiple Spring Data modules found, entering strict repository configuration mode
15:33:59.392 [main] INFO  o.s.d.r.config.RepositoryConfigurationDelegate - Bootstrapping Spring Data Redis repositories in DEFAULT mode.
15:33:59.412 [main] INFO  o.s.d.r.config.RepositoryConfigurationDelegate - Finished Spring Data repository scanning in 8 ms. Found 0 Redis repository interfaces.
15:34:00.517 [main] WARN  c.b.mybatisplus.core.injector.DefaultSqlInjector - class com.dongbao.test_demo3.entity.AttWorkHourDay ,Not found @TableId annotation, Cannot use Mybatis-Plus 'xxById' Method.
15:34:00.775 [main] INFO  com.dongbao.test_demo3.config.AsyncConfig - 异步任务执行器已启用
15:34:01.450 [main] INFO  o.s.b.a.web.servlet.WelcomePageHandlerMapping - Adding welcome page: class path resource [static/index.html]
15:34:01.673 [main] WARN  o.s.b.a.t.ThymeleafAutoConfiguration$DefaultTemplateResolverConfiguration - Cannot find template location: classpath:/templates/ (please add some templates, check your Thymeleaf configuration, or set spring.thymeleaf.check-template-location=false)
15:34:01.675 [main] WARN  org.thymeleaf.templatemode.TemplateMode - [THYMELEAF][main] Template Mode 'HTML5' is deprecated. Using Template Mode 'HTML' instead.
15:34:02.076 [main] INFO  com.dongbao.test_demo3.RedisConnectionTest - Started RedisConnectionTest in 3.554 seconds (JVM running for 4.243)
15:34:30.022 [main] INFO  com.dongbao.test_demo3.RedisConnectionTest - Starting RedisConnectionTest using Java 1.8.0_151 on IT-013487 with PID 25168 (started by 013487 in E:\javaProject\test_demo3)
15:34:30.023 [main] INFO  com.dongbao.test_demo3.RedisConnectionTest - No active profile set, falling back to 1 default profile: "default"
15:34:30.591 [main] INFO  o.s.d.r.config.RepositoryConfigurationDelegate - Multiple Spring Data modules found, entering strict repository configuration mode
15:34:30.595 [main] INFO  o.s.d.r.config.RepositoryConfigurationDelegate - Bootstrapping Spring Data Redis repositories in DEFAULT mode.
15:34:30.616 [main] INFO  o.s.d.r.config.RepositoryConfigurationDelegate - Finished Spring Data repository scanning in 8 ms. Found 0 Redis repository interfaces.
15:34:31.740 [main] WARN  c.b.mybatisplus.core.injector.DefaultSqlInjector - class com.dongbao.test_demo3.entity.AttWorkHourDay ,Not found @TableId annotation, Cannot use Mybatis-Plus 'xxById' Method.
15:34:31.982 [main] INFO  com.dongbao.test_demo3.config.AsyncConfig - 异步任务执行器已启用
15:34:32.686 [main] INFO  o.s.b.a.web.servlet.WelcomePageHandlerMapping - Adding welcome page: class path resource [static/index.html]
15:34:32.871 [main] WARN  o.s.b.a.t.ThymeleafAutoConfiguration$DefaultTemplateResolverConfiguration - Cannot find template location: classpath:/templates/ (please add some templates, check your Thymeleaf configuration, or set spring.thymeleaf.check-template-location=false)
15:34:32.874 [main] WARN  org.thymeleaf.templatemode.TemplateMode - [THYMELEAF][main] Template Mode 'HTML5' is deprecated. Using Template Mode 'HTML' instead.
15:34:33.215 [main] INFO  com.dongbao.test_demo3.RedisConnectionTest - Started RedisConnectionTest in 3.465 seconds (JVM running for 4.077)
15:35:54.697 [main] INFO  com.dongbao.test_demo3.RedisConnectionTest - Starting RedisConnectionTest using Java 1.8.0_151 on IT-013487 with PID 26504 (started by 013487 in E:\javaProject\test_demo3)
15:35:54.698 [main] INFO  com.dongbao.test_demo3.RedisConnectionTest - No active profile set, falling back to 1 default profile: "default"
15:35:55.270 [main] INFO  o.s.d.r.config.RepositoryConfigurationDelegate - Multiple Spring Data modules found, entering strict repository configuration mode
15:35:55.273 [main] INFO  o.s.d.r.config.RepositoryConfigurationDelegate - Bootstrapping Spring Data Redis repositories in DEFAULT mode.
15:35:55.297 [main] INFO  o.s.d.r.config.RepositoryConfigurationDelegate - Finished Spring Data repository scanning in 12 ms. Found 0 Redis repository interfaces.
15:35:56.475 [main] WARN  c.b.mybatisplus.core.injector.DefaultSqlInjector - class com.dongbao.test_demo3.entity.AttWorkHourDay ,Not found @TableId annotation, Cannot use Mybatis-Plus 'xxById' Method.
15:35:56.727 [main] INFO  com.dongbao.test_demo3.config.AsyncConfig - 异步任务执行器已启用
15:35:57.404 [main] INFO  o.s.b.a.web.servlet.WelcomePageHandlerMapping - Adding welcome page: class path resource [static/index.html]
15:35:57.645 [main] WARN  o.s.b.a.t.ThymeleafAutoConfiguration$DefaultTemplateResolverConfiguration - Cannot find template location: classpath:/templates/ (please add some templates, check your Thymeleaf configuration, or set spring.thymeleaf.check-template-location=false)
15:35:57.649 [main] WARN  org.thymeleaf.templatemode.TemplateMode - [THYMELEAF][main] Template Mode 'HTML5' is deprecated. Using Template Mode 'HTML' instead.
15:35:58.064 [main] INFO  com.dongbao.test_demo3.RedisConnectionTest - Started RedisConnectionTest in 3.64 seconds (JVM running for 4.264)
15:36:06.968 [main] INFO  com.dongbao.test_demo3.RedisConnectionTest - Starting RedisConnectionTest using Java 1.8.0_151 on IT-013487 with PID 21752 (started by 013487 in E:\javaProject\test_demo3)
15:36:06.969 [main] INFO  com.dongbao.test_demo3.RedisConnectionTest - No active profile set, falling back to 1 default profile: "default"
15:36:07.553 [main] INFO  o.s.d.r.config.RepositoryConfigurationDelegate - Multiple Spring Data modules found, entering strict repository configuration mode
15:36:07.555 [main] INFO  o.s.d.r.config.RepositoryConfigurationDelegate - Bootstrapping Spring Data Redis repositories in DEFAULT mode.
15:36:07.575 [main] INFO  o.s.d.r.config.RepositoryConfigurationDelegate - Finished Spring Data repository scanning in 10 ms. Found 0 Redis repository interfaces.
15:36:08.692 [main] WARN  c.b.mybatisplus.core.injector.DefaultSqlInjector - class com.dongbao.test_demo3.entity.AttWorkHourDay ,Not found @TableId annotation, Cannot use Mybatis-Plus 'xxById' Method.
15:36:08.928 [main] INFO  com.dongbao.test_demo3.config.AsyncConfig - 异步任务执行器已启用
15:36:09.539 [main] INFO  o.s.b.a.web.servlet.WelcomePageHandlerMapping - Adding welcome page: class path resource [static/index.html]
15:36:09.745 [main] WARN  o.s.b.a.t.ThymeleafAutoConfiguration$DefaultTemplateResolverConfiguration - Cannot find template location: classpath:/templates/ (please add some templates, check your Thymeleaf configuration, or set spring.thymeleaf.check-template-location=false)
15:36:09.750 [main] WARN  org.thymeleaf.templatemode.TemplateMode - [THYMELEAF][main] Template Mode 'HTML5' is deprecated. Using Template Mode 'HTML' instead.
15:36:10.112 [main] INFO  com.dongbao.test_demo3.RedisConnectionTest - Started RedisConnectionTest in 3.469 seconds (JVM running for 4.187)
20:09:46.165 [main] INFO  com.dongbao.test_demo3.RedisConnectionTest - Starting RedisConnectionTest using Java 1.8.0_151 on IT-013487 with PID 23644 (started by 013487 in E:\javaProject\test_demo3)
20:09:46.179 [main] INFO  com.dongbao.test_demo3.RedisConnectionTest - No active profile set, falling back to 1 default profile: "default"
20:09:46.892 [main] INFO  o.s.d.r.config.RepositoryConfigurationDelegate - Multiple Spring Data modules found, entering strict repository configuration mode
20:09:46.895 [main] INFO  o.s.d.r.config.RepositoryConfigurationDelegate - Bootstrapping Spring Data Redis repositories in DEFAULT mode.
20:09:46.913 [main] INFO  o.s.d.r.config.RepositoryConfigurationDelegate - Finished Spring Data repository scanning in 7 ms. Found 0 Redis repository interfaces.
20:09:48.105 [main] WARN  c.b.mybatisplus.core.injector.DefaultSqlInjector - class com.dongbao.test_demo3.entity.AttWorkHourDay ,Not found @TableId annotation, Cannot use Mybatis-Plus 'xxById' Method.
20:09:48.361 [main] INFO  com.dongbao.test_demo3.config.AsyncConfig - 异步任务执行器已启用
20:09:48.973 [main] INFO  o.s.b.a.web.servlet.WelcomePageHandlerMapping - Adding welcome page: class path resource [static/index.html]
20:09:49.186 [main] WARN  o.s.b.a.t.ThymeleafAutoConfiguration$DefaultTemplateResolverConfiguration - Cannot find template location: classpath:/templates/ (please add some templates, check your Thymeleaf configuration, or set spring.thymeleaf.check-template-location=false)
20:09:49.190 [main] WARN  org.thymeleaf.templatemode.TemplateMode - [THYMELEAF][main] Template Mode 'HTML5' is deprecated. Using Template Mode 'HTML' instead.
20:09:49.579 [main] INFO  com.dongbao.test_demo3.RedisConnectionTest - Started RedisConnectionTest in 3.723 seconds (JVM running for 4.452)
20:32:01.448 [main] INFO  com.dongbao.test_demo3.RedisConnectionTest - Starting RedisConnectionTest using Java 1.8.0_151 on IT-013487 with PID 20148 (started by 013487 in E:\javaProject\test_demo3)
20:32:01.449 [main] INFO  com.dongbao.test_demo3.RedisConnectionTest - No active profile set, falling back to 1 default profile: "default"
20:32:02.001 [main] INFO  o.s.d.r.config.RepositoryConfigurationDelegate - Multiple Spring Data modules found, entering strict repository configuration mode
20:32:02.003 [main] INFO  o.s.d.r.config.RepositoryConfigurationDelegate - Bootstrapping Spring Data Redis repositories in DEFAULT mode.
20:32:02.019 [main] INFO  o.s.d.r.config.RepositoryConfigurationDelegate - Finished Spring Data repository scanning in 7 ms. Found 0 Redis repository interfaces.
20:32:03.049 [main] WARN  c.b.mybatisplus.core.injector.DefaultSqlInjector - class com.dongbao.test_demo3.entity.AttWorkHourDay ,Not found @TableId annotation, Cannot use Mybatis-Plus 'xxById' Method.
20:32:03.276 [main] INFO  com.dongbao.test_demo3.config.AsyncConfig - 异步任务执行器已启用
20:32:04.052 [main] INFO  o.s.b.a.web.servlet.WelcomePageHandlerMapping - Adding welcome page: class path resource [static/index.html]
20:32:04.244 [main] WARN  o.s.b.a.t.ThymeleafAutoConfiguration$DefaultTemplateResolverConfiguration - Cannot find template location: classpath:/templates/ (please add some templates, check your Thymeleaf configuration, or set spring.thymeleaf.check-template-location=false)
20:32:04.247 [main] WARN  org.thymeleaf.templatemode.TemplateMode - [THYMELEAF][main] Template Mode 'HTML5' is deprecated. Using Template Mode 'HTML' instead.
20:32:04.607 [main] INFO  com.dongbao.test_demo3.RedisConnectionTest - Started RedisConnectionTest in 3.424 seconds (JVM running for 4.028)
20:38:45.122 [main] INFO  com.dongbao.test_demo3.RedisConnectionTest - Starting RedisConnectionTest using Java 1.8.0_151 on IT-013487 with PID 4920 (started by 013487 in E:\javaProject\test_demo3)
20:38:45.124 [main] INFO  com.dongbao.test_demo3.RedisConnectionTest - No active profile set, falling back to 1 default profile: "default"
20:38:45.646 [main] INFO  o.s.d.r.config.RepositoryConfigurationDelegate - Multiple Spring Data modules found, entering strict repository configuration mode
20:38:45.648 [main] INFO  o.s.d.r.config.RepositoryConfigurationDelegate - Bootstrapping Spring Data Redis repositories in DEFAULT mode.
20:38:45.668 [main] INFO  o.s.d.r.config.RepositoryConfigurationDelegate - Finished Spring Data repository scanning in 9 ms. Found 0 Redis repository interfaces.
20:38:46.761 [main] WARN  c.b.mybatisplus.core.injector.DefaultSqlInjector - class com.dongbao.test_demo3.entity.AttWorkHourDay ,Not found @TableId annotation, Cannot use Mybatis-Plus 'xxById' Method.
20:38:46.990 [main] INFO  com.dongbao.test_demo3.config.AsyncConfig - 异步任务执行器已启用
20:38:47.666 [main] INFO  o.s.b.a.web.servlet.WelcomePageHandlerMapping - Adding welcome page: class path resource [static/index.html]
20:38:47.855 [main] WARN  o.s.b.a.t.ThymeleafAutoConfiguration$DefaultTemplateResolverConfiguration - Cannot find template location: classpath:/templates/ (please add some templates, check your Thymeleaf configuration, or set spring.thymeleaf.check-template-location=false)
20:38:47.857 [main] WARN  org.thymeleaf.templatemode.TemplateMode - [THYMELEAF][main] Template Mode 'HTML5' is deprecated. Using Template Mode 'HTML' instead.
20:38:48.282 [main] INFO  com.dongbao.test_demo3.RedisConnectionTest - Started RedisConnectionTest in 3.453 seconds (JVM running for 4.041)
