10:32:38.833 [main] INFO  com.dongbao.test_demo3.TestMybatisPlus - Starting TestMybatisPlus using Java 1.8.0_151 on IT-013487 with PID 8116 (started by 013487 in E:\javaProject\test_demo3)
10:32:38.836 [main] INFO  com.dongbao.test_demo3.TestMybatisPlus - No active profile set, falling back to 1 default profile: "default"
10:32:39.730 [main] INFO  o.s.d.r.config.RepositoryConfigurationDelegate - Multiple Spring Data modules found, entering strict repository configuration mode
10:32:39.733 [main] INFO  o.s.d.r.config.RepositoryConfigurationDelegate - Bootstrapping Spring Data Redis repositories in DEFAULT mode.
10:32:39.754 [main] INFO  o.s.d.r.config.RepositoryConfigurationDelegate - Finished Spring Data repository scanning in 9 ms. Found 0 Redis repository interfaces.
10:32:39.859 [main] WARN  org.mybatis.spring.mapper.ClassPathMapperScanner - Skipping MapperFactoryBean with name 'attWorkHourDayPlusMapper' and 'com.dongbao.test_demo3.mapper.AttWorkHourDayPlusMapper' mapperInterface. Bean already defined with the same name!
10:32:39.859 [main] WARN  org.mybatis.spring.mapper.ClassPathMapperScanner - Skipping MapperFactoryBean with name 'empInfoMapper' and 'com.dongbao.test_demo3.mapper.EmpInfoMapper' mapperInterface. Bean already defined with the same name!
10:32:39.859 [main] WARN  org.mybatis.spring.mapper.ClassPathMapperScanner - Skipping MapperFactoryBean with name 'empInfoMybatisPlusMapper' and 'com.dongbao.test_demo3.mapper.EmpInfoMybatisPlusMapper' mapperInterface. Bean already defined with the same name!
10:32:39.859 [main] WARN  org.mybatis.spring.mapper.ClassPathMapperScanner - No MyBatis mapper was found in '[com.dongbao.test_demo3.mapper]' package. Please check your configuration.
10:32:41.422 [main] WARN  c.b.mybatisplus.core.injector.DefaultSqlInjector - class com.dongbao.test_demo3.entity.AttWorkHourDay ,Not found @TableId annotation, Cannot use Mybatis-Plus 'xxById' Method.
10:32:41.640 [main] INFO  com.dongbao.test_demo3.config.AsyncConfig - 异步任务执行器已启用
10:32:42.191 [main] INFO  o.s.b.a.web.servlet.WelcomePageHandlerMapping - Adding welcome page: class path resource [static/index.html]
10:32:42.375 [main] WARN  o.s.b.a.t.ThymeleafAutoConfiguration$DefaultTemplateResolverConfiguration - Cannot find template location: classpath:/templates/ (please add some templates, check your Thymeleaf configuration, or set spring.thymeleaf.check-template-location=false)
10:32:42.379 [main] WARN  org.thymeleaf.templatemode.TemplateMode - [THYMELEAF][main] Template Mode 'HTML5' is deprecated. Using Template Mode 'HTML' instead.
10:32:42.815 [main] INFO  com.dongbao.test_demo3.TestMybatisPlus - Started TestMybatisPlus in 4.312 seconds (JVM running for 5.125)
10:32:43.478 [main] ERROR c.d.test_demo3.CacheService.EmpInfoCacheService - 已删除缓存员工信息，key: empInfo:013487
10:32:43.479 [main] INFO  c.d.test_demo3.Service.impl.EmpInfoServiceImpl - 删除缓存中的员工信息，员工编号: 013487
10:32:43.488 [main] INFO  c.d.test_demo3.Service.impl.EmpInfoServiceImpl - 数据库删除员工信息，员工编号: 013487
10:32:43.503 [main] INFO  com.zaxxer.hikari.HikariDataSource - HikariPool-1 - Starting...
10:32:43.818 [main] INFO  com.zaxxer.hikari.HikariDataSource - HikariPool-1 - Start completed.
10:32:43.855 [main] INFO  c.d.test_demo3.Service.impl.EmpInfoServiceImpl - 数据库插入员工信息，员工编号: 013487
10:32:43.861 [main] INFO  c.d.test_demo3.Service.impl.EmpInfoServiceImpl - 从缓存中获取的员工信息: null
10:32:43.861 [main] INFO  c.d.test_demo3.Service.impl.EmpInfoServiceImpl - 缓存未命中，查询数据库，员工编号: 013487
10:32:43.869 [main] INFO  c.d.test_demo3.Service.impl.EmpInfoServiceImpl - 从数据库中查询到的员工信息: null
10:32:43.874 [main] INFO  c.d.test_demo3.Service.impl.EmpInfoServiceImpl - 将员工信息缓存起来，员工编号: 013487
10:32:43.876 [main] INFO  c.d.test_demo3.Service.impl.EmpInfoServiceImpl - 更新缓存中的员工信息，员工编号: 013487
10:32:43.889 [SpringApplicationShutdownHook] INFO  com.zaxxer.hikari.HikariDataSource - HikariPool-1 - Shutdown initiated...
10:32:43.891 [SpringApplicationShutdownHook] INFO  com.zaxxer.hikari.HikariDataSource - HikariPool-1 - Shutdown completed.
13:17:01.304 [main] INFO  com.dongbao.test_demo3.RedisConnectionTest - Starting RedisConnectionTest using Java 1.8.0_151 on IT-013487 with PID 17660 (started by 013487 in E:\javaProject\test_demo3)
13:17:01.319 [main] INFO  com.dongbao.test_demo3.RedisConnectionTest - No active profile set, falling back to 1 default profile: "default"
13:17:02.055 [main] INFO  o.s.d.r.config.RepositoryConfigurationDelegate - Multiple Spring Data modules found, entering strict repository configuration mode
13:17:02.058 [main] INFO  o.s.d.r.config.RepositoryConfigurationDelegate - Bootstrapping Spring Data Redis repositories in DEFAULT mode.
13:17:02.085 [main] INFO  o.s.d.r.config.RepositoryConfigurationDelegate - Finished Spring Data repository scanning in 15 ms. Found 0 Redis repository interfaces.
13:17:03.308 [main] WARN  c.b.mybatisplus.core.injector.DefaultSqlInjector - class com.dongbao.test_demo3.entity.AttWorkHourDay ,Not found @TableId annotation, Cannot use Mybatis-Plus 'xxById' Method.
13:17:03.577 [main] INFO  com.dongbao.test_demo3.config.AsyncConfig - 异步任务执行器已启用
13:17:04.292 [main] INFO  o.s.b.a.web.servlet.WelcomePageHandlerMapping - Adding welcome page: class path resource [static/index.html]
13:17:04.517 [main] WARN  o.s.b.a.t.ThymeleafAutoConfiguration$DefaultTemplateResolverConfiguration - Cannot find template location: classpath:/templates/ (please add some templates, check your Thymeleaf configuration, or set spring.thymeleaf.check-template-location=false)
13:17:04.519 [main] WARN  org.thymeleaf.templatemode.TemplateMode - [THYMELEAF][main] Template Mode 'HTML5' is deprecated. Using Template Mode 'HTML' instead.
13:17:04.924 [main] INFO  com.dongbao.test_demo3.RedisConnectionTest - Started RedisConnectionTest in 3.954 seconds (JVM running for 4.803)
13:18:59.409 [main] INFO  com.dongbao.test_demo3.TestMybatisPlus - Starting TestMybatisPlus using Java 1.8.0_151 on IT-013487 with PID 15516 (started by 013487 in E:\javaProject\test_demo3)
13:18:59.420 [main] INFO  com.dongbao.test_demo3.TestMybatisPlus - No active profile set, falling back to 1 default profile: "default"
13:18:59.946 [main] INFO  o.s.d.r.config.RepositoryConfigurationDelegate - Multiple Spring Data modules found, entering strict repository configuration mode
13:18:59.948 [main] INFO  o.s.d.r.config.RepositoryConfigurationDelegate - Bootstrapping Spring Data Redis repositories in DEFAULT mode.
13:18:59.969 [main] INFO  o.s.d.r.config.RepositoryConfigurationDelegate - Finished Spring Data repository scanning in 9 ms. Found 0 Redis repository interfaces.
13:19:00.059 [main] WARN  org.mybatis.spring.mapper.ClassPathMapperScanner - Skipping MapperFactoryBean with name 'attWorkHourDayPlusMapper' and 'com.dongbao.test_demo3.mapper.AttWorkHourDayPlusMapper' mapperInterface. Bean already defined with the same name!
13:19:00.059 [main] WARN  org.mybatis.spring.mapper.ClassPathMapperScanner - Skipping MapperFactoryBean with name 'empInfoMapper' and 'com.dongbao.test_demo3.mapper.EmpInfoMapper' mapperInterface. Bean already defined with the same name!
13:19:00.059 [main] WARN  org.mybatis.spring.mapper.ClassPathMapperScanner - Skipping MapperFactoryBean with name 'empInfoMybatisPlusMapper' and 'com.dongbao.test_demo3.mapper.EmpInfoMybatisPlusMapper' mapperInterface. Bean already defined with the same name!
13:19:00.059 [main] WARN  org.mybatis.spring.mapper.ClassPathMapperScanner - No MyBatis mapper was found in '[com.dongbao.test_demo3.mapper]' package. Please check your configuration.
13:19:01.322 [main] WARN  c.b.mybatisplus.core.injector.DefaultSqlInjector - class com.dongbao.test_demo3.entity.AttWorkHourDay ,Not found @TableId annotation, Cannot use Mybatis-Plus 'xxById' Method.
13:19:01.495 [main] INFO  com.dongbao.test_demo3.config.AsyncConfig - 异步任务执行器已启用
13:19:02.102 [main] INFO  o.s.b.a.web.servlet.WelcomePageHandlerMapping - Adding welcome page: class path resource [static/index.html]
13:19:02.297 [main] WARN  o.s.b.a.t.ThymeleafAutoConfiguration$DefaultTemplateResolverConfiguration - Cannot find template location: classpath:/templates/ (please add some templates, check your Thymeleaf configuration, or set spring.thymeleaf.check-template-location=false)
13:19:02.299 [main] WARN  org.thymeleaf.templatemode.TemplateMode - [THYMELEAF][main] Template Mode 'HTML5' is deprecated. Using Template Mode 'HTML' instead.
13:19:02.744 [main] INFO  com.dongbao.test_demo3.TestMybatisPlus - Started TestMybatisPlus in 3.606 seconds (JVM running for 4.252)
13:19:03.297 [main] ERROR c.d.test_demo3.CacheService.EmpInfoCacheService - 已删除缓存员工信息，key: empInfo:013487
13:19:03.297 [main] INFO  c.d.test_demo3.Service.impl.EmpInfoServiceImpl - 删除缓存中的员工信息，员工编号: 013487
13:19:03.306 [main] INFO  c.d.test_demo3.Service.impl.EmpInfoServiceImpl - 数据库删除员工信息，员工编号: 013487
13:19:03.321 [main] INFO  com.zaxxer.hikari.HikariDataSource - HikariPool-1 - Starting...
13:19:03.631 [main] INFO  com.zaxxer.hikari.HikariDataSource - HikariPool-1 - Start completed.
13:19:03.720 [SpringApplicationShutdownHook] INFO  com.zaxxer.hikari.HikariDataSource - HikariPool-1 - Shutdown initiated...
13:19:03.732 [SpringApplicationShutdownHook] INFO  com.zaxxer.hikari.HikariDataSource - HikariPool-1 - Shutdown completed.
13:27:28.888 [main] INFO  com.dongbao.test_demo3.TestMybatisPlus - Starting TestMybatisPlus using Java 1.8.0_151 on IT-013487 with PID 3304 (started by 013487 in E:\javaProject\test_demo3)
13:27:28.889 [main] INFO  com.dongbao.test_demo3.TestMybatisPlus - No active profile set, falling back to 1 default profile: "default"
13:27:29.447 [main] INFO  o.s.d.r.config.RepositoryConfigurationDelegate - Multiple Spring Data modules found, entering strict repository configuration mode
13:27:29.451 [main] INFO  o.s.d.r.config.RepositoryConfigurationDelegate - Bootstrapping Spring Data Redis repositories in DEFAULT mode.
13:27:29.473 [main] INFO  o.s.d.r.config.RepositoryConfigurationDelegate - Finished Spring Data repository scanning in 10 ms. Found 0 Redis repository interfaces.
13:27:29.565 [main] WARN  org.mybatis.spring.mapper.ClassPathMapperScanner - Skipping MapperFactoryBean with name 'attWorkHourDayPlusMapper' and 'com.dongbao.test_demo3.mapper.AttWorkHourDayPlusMapper' mapperInterface. Bean already defined with the same name!
13:27:29.566 [main] WARN  org.mybatis.spring.mapper.ClassPathMapperScanner - Skipping MapperFactoryBean with name 'empInfoMapper' and 'com.dongbao.test_demo3.mapper.EmpInfoMapper' mapperInterface. Bean already defined with the same name!
13:27:29.566 [main] WARN  org.mybatis.spring.mapper.ClassPathMapperScanner - Skipping MapperFactoryBean with name 'empInfoMybatisPlusMapper' and 'com.dongbao.test_demo3.mapper.EmpInfoMybatisPlusMapper' mapperInterface. Bean already defined with the same name!
13:27:29.566 [main] WARN  org.mybatis.spring.mapper.ClassPathMapperScanner - No MyBatis mapper was found in '[com.dongbao.test_demo3.mapper]' package. Please check your configuration.
13:27:31.057 [main] WARN  c.b.mybatisplus.core.injector.DefaultSqlInjector - class com.dongbao.test_demo3.entity.AttWorkHourDay ,Not found @TableId annotation, Cannot use Mybatis-Plus 'xxById' Method.
13:27:31.274 [main] INFO  com.dongbao.test_demo3.config.AsyncConfig - 异步任务执行器已启用
13:27:32.092 [main] INFO  o.s.b.a.web.servlet.WelcomePageHandlerMapping - Adding welcome page: class path resource [static/index.html]
13:27:32.352 [main] WARN  o.s.b.a.t.ThymeleafAutoConfiguration$DefaultTemplateResolverConfiguration - Cannot find template location: classpath:/templates/ (please add some templates, check your Thymeleaf configuration, or set spring.thymeleaf.check-template-location=false)
13:27:32.357 [main] WARN  org.thymeleaf.templatemode.TemplateMode - [THYMELEAF][main] Template Mode 'HTML5' is deprecated. Using Template Mode 'HTML' instead.
13:27:32.817 [main] INFO  com.dongbao.test_demo3.TestMybatisPlus - Started TestMybatisPlus in 4.221 seconds (JVM running for 4.9)
13:27:33.560 [main] ERROR c.d.test_demo3.CacheService.EmpInfoCacheService - 已删除缓存员工信息，key: empInfo:013487
13:27:33.560 [main] INFO  c.d.test_demo3.Service.impl.EmpInfoServiceImpl - 删除缓存中的员工信息，员工编号: 013487
13:27:33.570 [main] INFO  c.d.test_demo3.Service.impl.EmpInfoServiceImpl - 数据库删除员工信息，员工编号: 013487
13:27:33.584 [main] INFO  com.zaxxer.hikari.HikariDataSource - HikariPool-1 - Starting...
13:27:33.858 [main] INFO  com.zaxxer.hikari.HikariDataSource - HikariPool-1 - Start completed.
13:27:33.892 [main] INFO  c.d.test_demo3.Service.impl.EmpInfoServiceImpl - 数据库插入员工信息，员工编号: 013487
13:27:33.899 [main] INFO  c.d.test_demo3.Service.impl.EmpInfoServiceImpl - 从缓存中获取的员工信息: null
13:27:33.899 [main] INFO  c.d.test_demo3.Service.impl.EmpInfoServiceImpl - 缓存未命中，查询数据库，员工编号: 013487
13:27:33.906 [main] INFO  c.d.test_demo3.Service.impl.EmpInfoServiceImpl - 从数据库中查询到的员工信息: null
13:27:33.911 [main] INFO  c.d.test_demo3.Service.impl.EmpInfoServiceImpl - 将员工信息缓存起来，员工编号: 013487
13:27:33.914 [main] INFO  c.d.test_demo3.Service.impl.EmpInfoServiceImpl - 更新缓存中的员工信息，员工编号: 013487
13:27:33.924 [SpringApplicationShutdownHook] INFO  com.zaxxer.hikari.HikariDataSource - HikariPool-1 - Shutdown initiated...
13:27:33.928 [SpringApplicationShutdownHook] INFO  com.zaxxer.hikari.HikariDataSource - HikariPool-1 - Shutdown completed.
13:30:21.013 [main] INFO  com.dongbao.test_demo3.TestMybatisPlus - Starting TestMybatisPlus using Java 1.8.0_151 on IT-013487 with PID 16088 (started by 013487 in E:\javaProject\test_demo3)
13:30:21.014 [main] INFO  com.dongbao.test_demo3.TestMybatisPlus - No active profile set, falling back to 1 default profile: "default"
13:30:21.525 [main] INFO  o.s.d.r.config.RepositoryConfigurationDelegate - Multiple Spring Data modules found, entering strict repository configuration mode
13:30:21.527 [main] INFO  o.s.d.r.config.RepositoryConfigurationDelegate - Bootstrapping Spring Data Redis repositories in DEFAULT mode.
13:30:21.548 [main] INFO  o.s.d.r.config.RepositoryConfigurationDelegate - Finished Spring Data repository scanning in 9 ms. Found 0 Redis repository interfaces.
13:30:21.638 [main] WARN  org.mybatis.spring.mapper.ClassPathMapperScanner - Skipping MapperFactoryBean with name 'attWorkHourDayPlusMapper' and 'com.dongbao.test_demo3.mapper.AttWorkHourDayPlusMapper' mapperInterface. Bean already defined with the same name!
13:30:21.638 [main] WARN  org.mybatis.spring.mapper.ClassPathMapperScanner - Skipping MapperFactoryBean with name 'empInfoMapper' and 'com.dongbao.test_demo3.mapper.EmpInfoMapper' mapperInterface. Bean already defined with the same name!
13:30:21.638 [main] WARN  org.mybatis.spring.mapper.ClassPathMapperScanner - Skipping MapperFactoryBean with name 'empInfoMybatisPlusMapper' and 'com.dongbao.test_demo3.mapper.EmpInfoMybatisPlusMapper' mapperInterface. Bean already defined with the same name!
13:30:21.638 [main] WARN  org.mybatis.spring.mapper.ClassPathMapperScanner - No MyBatis mapper was found in '[com.dongbao.test_demo3.mapper]' package. Please check your configuration.
13:30:22.874 [main] WARN  c.b.mybatisplus.core.injector.DefaultSqlInjector - class com.dongbao.test_demo3.entity.AttWorkHourDay ,Not found @TableId annotation, Cannot use Mybatis-Plus 'xxById' Method.
13:30:23.064 [main] INFO  com.dongbao.test_demo3.config.AsyncConfig - 异步任务执行器已启用
13:30:23.689 [main] INFO  o.s.b.a.web.servlet.WelcomePageHandlerMapping - Adding welcome page: class path resource [static/index.html]
13:30:23.872 [main] WARN  o.s.b.a.t.ThymeleafAutoConfiguration$DefaultTemplateResolverConfiguration - Cannot find template location: classpath:/templates/ (please add some templates, check your Thymeleaf configuration, or set spring.thymeleaf.check-template-location=false)
13:30:23.875 [main] WARN  org.thymeleaf.templatemode.TemplateMode - [THYMELEAF][main] Template Mode 'HTML5' is deprecated. Using Template Mode 'HTML' instead.
13:30:24.300 [main] INFO  com.dongbao.test_demo3.TestMybatisPlus - Started TestMybatisPlus in 3.558 seconds (JVM running for 4.173)
13:30:24.880 [main] ERROR c.d.test_demo3.CacheService.EmpInfoCacheService - 已删除缓存员工信息，key: empInfo:013487
13:30:24.880 [main] INFO  c.d.test_demo3.Service.impl.EmpInfoServiceImpl - 删除缓存中的员工信息，员工编号: 013487
13:30:24.886 [main] INFO  c.d.test_demo3.Service.impl.EmpInfoServiceImpl - 数据库删除员工信息，员工编号: 013487
14:34:56.144 [main] INFO  com.dongbao.test_demo3.TestMybatisPlus - Starting TestMybatisPlus using Java 1.8.0_151 on IT-013487 with PID 18352 (started by 013487 in E:\javaProject\test_demo3)
14:34:56.166 [main] INFO  com.dongbao.test_demo3.TestMybatisPlus - No active profile set, falling back to 1 default profile: "default"
14:34:56.879 [main] INFO  o.s.d.r.config.RepositoryConfigurationDelegate - Multiple Spring Data modules found, entering strict repository configuration mode
14:34:56.881 [main] INFO  o.s.d.r.config.RepositoryConfigurationDelegate - Bootstrapping Spring Data Redis repositories in DEFAULT mode.
14:34:56.900 [main] INFO  o.s.d.r.config.RepositoryConfigurationDelegate - Finished Spring Data repository scanning in 7 ms. Found 0 Redis repository interfaces.
14:34:56.994 [main] WARN  org.mybatis.spring.mapper.ClassPathMapperScanner - Skipping MapperFactoryBean with name 'attWorkHourDayPlusMapper' and 'com.dongbao.test_demo3.mapper.AttWorkHourDayPlusMapper' mapperInterface. Bean already defined with the same name!
14:34:56.994 [main] WARN  org.mybatis.spring.mapper.ClassPathMapperScanner - Skipping MapperFactoryBean with name 'empInfoMapper' and 'com.dongbao.test_demo3.mapper.EmpInfoMapper' mapperInterface. Bean already defined with the same name!
14:34:56.994 [main] WARN  org.mybatis.spring.mapper.ClassPathMapperScanner - Skipping MapperFactoryBean with name 'empInfoMybatisPlusMapper' and 'com.dongbao.test_demo3.mapper.EmpInfoMybatisPlusMapper' mapperInterface. Bean already defined with the same name!
14:34:56.995 [main] WARN  org.mybatis.spring.mapper.ClassPathMapperScanner - No MyBatis mapper was found in '[com.dongbao.test_demo3.mapper]' package. Please check your configuration.
14:34:58.444 [main] WARN  c.b.mybatisplus.core.injector.DefaultSqlInjector - class com.dongbao.test_demo3.entity.AttWorkHourDay ,Not found @TableId annotation, Cannot use Mybatis-Plus 'xxById' Method.
14:34:58.660 [main] INFO  com.dongbao.test_demo3.config.AsyncConfig - 异步任务执行器已启用
14:34:59.332 [main] INFO  o.s.b.a.web.servlet.WelcomePageHandlerMapping - Adding welcome page: class path resource [static/index.html]
14:34:59.553 [main] WARN  o.s.b.a.t.ThymeleafAutoConfiguration$DefaultTemplateResolverConfiguration - Cannot find template location: classpath:/templates/ (please add some templates, check your Thymeleaf configuration, or set spring.thymeleaf.check-template-location=false)
14:34:59.556 [main] WARN  org.thymeleaf.templatemode.TemplateMode - [THYMELEAF][main] Template Mode 'HTML5' is deprecated. Using Template Mode 'HTML' instead.
14:35:00.099 [main] INFO  com.dongbao.test_demo3.TestMybatisPlus - Started TestMybatisPlus in 4.288 seconds (JVM running for 5.1)
14:35:00.761 [main] ERROR c.d.test_demo3.CacheService.EmpInfoCacheService - 已删除缓存员工信息，key: empInfo:013487
14:35:00.762 [main] INFO  c.d.test_demo3.Service.impl.EmpInfoServiceImpl - 删除缓存中的员工信息，员工编号: 013487
14:35:00.770 [main] INFO  c.d.test_demo3.Service.impl.EmpInfoServiceImpl - 数据库删除员工信息，员工编号: 013487
14:35:00.787 [main] INFO  com.zaxxer.hikari.HikariDataSource - HikariPool-1 - Starting...
14:35:01.098 [main] INFO  com.zaxxer.hikari.HikariDataSource - HikariPool-1 - Start completed.
14:35:01.141 [main] INFO  c.d.test_demo3.Service.impl.EmpInfoServiceImpl - 数据库插入员工信息，员工编号: 013487
14:35:01.153 [SpringApplicationShutdownHook] INFO  com.zaxxer.hikari.HikariDataSource - HikariPool-1 - Shutdown initiated...
14:35:01.157 [SpringApplicationShutdownHook] INFO  com.zaxxer.hikari.HikariDataSource - HikariPool-1 - Shutdown completed.
14:36:51.718 [main] INFO  com.dongbao.test_demo3.TestMybatisPlus - Starting TestMybatisPlus using Java 1.8.0_151 on IT-013487 with PID 24600 (started by 013487 in E:\javaProject\test_demo3)
14:36:51.719 [main] INFO  com.dongbao.test_demo3.TestMybatisPlus - No active profile set, falling back to 1 default profile: "default"
14:36:52.273 [main] INFO  o.s.d.r.config.RepositoryConfigurationDelegate - Multiple Spring Data modules found, entering strict repository configuration mode
14:36:52.275 [main] INFO  o.s.d.r.config.RepositoryConfigurationDelegate - Bootstrapping Spring Data Redis repositories in DEFAULT mode.
14:36:52.293 [main] INFO  o.s.d.r.config.RepositoryConfigurationDelegate - Finished Spring Data repository scanning in 8 ms. Found 0 Redis repository interfaces.
14:36:52.390 [main] WARN  org.mybatis.spring.mapper.ClassPathMapperScanner - Skipping MapperFactoryBean with name 'attWorkHourDayPlusMapper' and 'com.dongbao.test_demo3.mapper.AttWorkHourDayPlusMapper' mapperInterface. Bean already defined with the same name!
14:36:52.390 [main] WARN  org.mybatis.spring.mapper.ClassPathMapperScanner - Skipping MapperFactoryBean with name 'empInfoMapper' and 'com.dongbao.test_demo3.mapper.EmpInfoMapper' mapperInterface. Bean already defined with the same name!
14:36:52.390 [main] WARN  org.mybatis.spring.mapper.ClassPathMapperScanner - Skipping MapperFactoryBean with name 'empInfoMybatisPlusMapper' and 'com.dongbao.test_demo3.mapper.EmpInfoMybatisPlusMapper' mapperInterface. Bean already defined with the same name!
14:36:52.390 [main] WARN  org.mybatis.spring.mapper.ClassPathMapperScanner - No MyBatis mapper was found in '[com.dongbao.test_demo3.mapper]' package. Please check your configuration.
14:36:53.702 [main] WARN  c.b.mybatisplus.core.injector.DefaultSqlInjector - class com.dongbao.test_demo3.entity.AttWorkHourDay ,Not found @TableId annotation, Cannot use Mybatis-Plus 'xxById' Method.
14:36:53.879 [main] INFO  com.dongbao.test_demo3.config.AsyncConfig - 异步任务执行器已启用
14:36:54.576 [main] INFO  o.s.b.a.web.servlet.WelcomePageHandlerMapping - Adding welcome page: class path resource [static/index.html]
14:36:54.833 [main] WARN  o.s.b.a.t.ThymeleafAutoConfiguration$DefaultTemplateResolverConfiguration - Cannot find template location: classpath:/templates/ (please add some templates, check your Thymeleaf configuration, or set spring.thymeleaf.check-template-location=false)
14:36:54.836 [main] WARN  org.thymeleaf.templatemode.TemplateMode - [THYMELEAF][main] Template Mode 'HTML5' is deprecated. Using Template Mode 'HTML' instead.
14:36:55.291 [main] INFO  com.dongbao.test_demo3.TestMybatisPlus - Started TestMybatisPlus in 3.854 seconds (JVM running for 4.491)
14:36:55.320 [main] INFO  com.zaxxer.hikari.HikariDataSource - HikariPool-1 - Starting...
14:36:55.914 [main] INFO  com.zaxxer.hikari.HikariDataSource - HikariPool-1 - Start completed.
14:36:55.923 [main] INFO  o.s.test.context.transaction.TransactionContext - Began transaction (1) for test context [DefaultTestContext@1b919693 testClass = TestMybatisPlus, testInstance = com.dongbao.test_demo3.TestMybatisPlus@39afe59f, testMethod = testUpdateByEmpNo@TestMybatisPlus, testException = [null], mergedContextConfiguration = [WebMergedContextConfiguration@7fb4f2a9 testClass = TestMybatisPlus, locations = '{}', classes = '{class com.dongbao.test_demo3.TestDemo3Application}', contextInitializerClasses = '[]', activeProfiles = '{}', propertySourceLocations = '{}', propertySourceProperties = '{org.springframework.boot.test.context.SpringBootTestContextBootstrapper=true}', contextCustomizers = set[[ImportsContextCustomizer@4dc27487 key = [@org.springframework.transaction.annotation.Transactional(propagation=REQUIRED, rollbackForClassName=[], readOnly=false, isolation=DEFAULT, timeoutString=, transactionManager=, label=[], noRollbackFor=[], noRollbackForClassName=[], value=, timeout=-1, rollbackFor=[]), @org.springframework.context.annotation.Import(value=[class com.dongbao.test_demo3.config.MybatisPlusConfig]), @org.springframework.boot.test.context.SpringBootTest(args=[], webEnvironment=MOCK, value=[], properties=[], classes=[]), @org.springframework.test.context.BootstrapWith(value=class org.springframework.boot.test.context.SpringBootTestContextBootstrapper), @org.mybatis.spring.annotation.MapperScan(sqlSessionFactoryRef=, sqlSessionTemplateRef=, lazyInitialization=, annotationClass=interface java.lang.annotation.Annotation, basePackageClasses=[], markerInterface=class java.lang.Class, nameGenerator=interface org.springframework.beans.factory.support.BeanNameGenerator, basePackages=[], value=[com.dongbao.test_demo3.mapper], factoryBean=class org.mybatis.spring.mapper.MapperFactoryBean, defaultScope=), @org.springframework.context.annotation.Import(value=[class org.mybatis.spring.annotation.MapperScannerRegistrar])]], org.springframework.boot.test.context.filter.ExcludeFilterContextCustomizer@3c46e67a, org.springframework.boot.test.json.DuplicateJsonObjectContextCustomizerFactory$DuplicateJsonObjectContextCustomizer@36ebc363, org.springframework.boot.test.mock.mockito.MockitoContextCustomizer@996471b6, org.springframework.boot.test.web.client.TestRestTemplateContextCustomizer@6f03482, org.springframework.boot.test.autoconfigure.actuate.metrics.MetricsExportContextCustomizerFactory$DisableMetricExportContextCustomizer@4116aac9, org.springframework.boot.test.autoconfigure.properties.PropertyMappingContextCustomizer@0, org.springframework.boot.test.autoconfigure.web.servlet.WebDriverContextCustomizerFactory$Customizer@5dda768f, org.springframework.boot.test.context.SpringBootTestArgs@1, org.springframework.boot.test.context.SpringBootTestWebEnvironment@146ba0ac], resourceBasePath = 'src/main/webapp', contextLoader = 'org.springframework.boot.test.context.SpringBootContextLoader', parent = [null]], attributes = map['org.springframework.test.context.web.ServletTestExecutionListener.activateListener' -> true, 'org.springframework.test.context.web.ServletTestExecutionListener.populatedRequestContextHolder' -> true, 'org.springframework.test.context.web.ServletTestExecutionListener.resetRequestContextHolder' -> true, 'org.springframework.test.context.event.ApplicationEventsTestExecutionListener.recordApplicationEvents' -> false]]; transaction manager [org.springframework.jdbc.support.JdbcTransactionManager@16f34376]; rollback [true]
14:36:56.316 [main] ERROR c.d.test_demo3.CacheService.EmpInfoCacheService - 已删除缓存员工信息，key: empInfo:013487
14:36:56.317 [main] INFO  c.d.test_demo3.Service.impl.EmpInfoServiceImpl - 删除缓存中的员工信息，员工编号: 013487
14:36:56.325 [main] INFO  c.d.test_demo3.Service.impl.EmpInfoServiceImpl - 数据库删除员工信息，员工编号: 013487
14:36:56.336 [main] INFO  o.s.test.context.transaction.TransactionContext - Rolled back transaction for test: [DefaultTestContext@1b919693 testClass = TestMybatisPlus, testInstance = com.dongbao.test_demo3.TestMybatisPlus@39afe59f, testMethod = testUpdateByEmpNo@TestMybatisPlus, testException = [null], mergedContextConfiguration = [WebMergedContextConfiguration@7fb4f2a9 testClass = TestMybatisPlus, locations = '{}', classes = '{class com.dongbao.test_demo3.TestDemo3Application}', contextInitializerClasses = '[]', activeProfiles = '{}', propertySourceLocations = '{}', propertySourceProperties = '{org.springframework.boot.test.context.SpringBootTestContextBootstrapper=true}', contextCustomizers = set[[ImportsContextCustomizer@4dc27487 key = [@org.springframework.transaction.annotation.Transactional(propagation=REQUIRED, rollbackForClassName=[], readOnly=false, isolation=DEFAULT, timeoutString=, transactionManager=, label=[], noRollbackFor=[], noRollbackForClassName=[], value=, timeout=-1, rollbackFor=[]), @org.springframework.context.annotation.Import(value=[class com.dongbao.test_demo3.config.MybatisPlusConfig]), @org.springframework.boot.test.context.SpringBootTest(args=[], webEnvironment=MOCK, value=[], properties=[], classes=[]), @org.springframework.test.context.BootstrapWith(value=class org.springframework.boot.test.context.SpringBootTestContextBootstrapper), @org.mybatis.spring.annotation.MapperScan(sqlSessionFactoryRef=, sqlSessionTemplateRef=, lazyInitialization=, annotationClass=interface java.lang.annotation.Annotation, basePackageClasses=[], markerInterface=class java.lang.Class, nameGenerator=interface org.springframework.beans.factory.support.BeanNameGenerator, basePackages=[], value=[com.dongbao.test_demo3.mapper], factoryBean=class org.mybatis.spring.mapper.MapperFactoryBean, defaultScope=), @org.springframework.context.annotation.Import(value=[class org.mybatis.spring.annotation.MapperScannerRegistrar])]], org.springframework.boot.test.context.filter.ExcludeFilterContextCustomizer@3c46e67a, org.springframework.boot.test.json.DuplicateJsonObjectContextCustomizerFactory$DuplicateJsonObjectContextCustomizer@36ebc363, org.springframework.boot.test.mock.mockito.MockitoContextCustomizer@996471b6, org.springframework.boot.test.web.client.TestRestTemplateContextCustomizer@6f03482, org.springframework.boot.test.autoconfigure.actuate.metrics.MetricsExportContextCustomizerFactory$DisableMetricExportContextCustomizer@4116aac9, org.springframework.boot.test.autoconfigure.properties.PropertyMappingContextCustomizer@0, org.springframework.boot.test.autoconfigure.web.servlet.WebDriverContextCustomizerFactory$Customizer@5dda768f, org.springframework.boot.test.context.SpringBootTestArgs@1, org.springframework.boot.test.context.SpringBootTestWebEnvironment@146ba0ac], resourceBasePath = 'src/main/webapp', contextLoader = 'org.springframework.boot.test.context.SpringBootContextLoader', parent = [null]], attributes = map['org.springframework.test.context.web.ServletTestExecutionListener.activateListener' -> true, 'org.springframework.test.context.web.ServletTestExecutionListener.populatedRequestContextHolder' -> true, 'org.springframework.test.context.web.ServletTestExecutionListener.resetRequestContextHolder' -> true, 'org.springframework.test.context.event.ApplicationEventsTestExecutionListener.recordApplicationEvents' -> false]]
14:36:56.344 [SpringApplicationShutdownHook] INFO  com.zaxxer.hikari.HikariDataSource - HikariPool-1 - Shutdown initiated...
14:36:56.381 [SpringApplicationShutdownHook] INFO  com.zaxxer.hikari.HikariDataSource - HikariPool-1 - Shutdown completed.
14:49:17.359 [main] INFO  com.dongbao.test_demo3.TestMybatisPlus - Starting TestMybatisPlus using Java 1.8.0_151 on IT-013487 with PID 11992 (started by 013487 in E:\javaProject\test_demo3)
14:49:17.360 [main] INFO  com.dongbao.test_demo3.TestMybatisPlus - No active profile set, falling back to 1 default profile: "default"
14:49:17.911 [main] INFO  o.s.d.r.config.RepositoryConfigurationDelegate - Multiple Spring Data modules found, entering strict repository configuration mode
14:49:17.913 [main] INFO  o.s.d.r.config.RepositoryConfigurationDelegate - Bootstrapping Spring Data Redis repositories in DEFAULT mode.
14:49:17.932 [main] INFO  o.s.d.r.config.RepositoryConfigurationDelegate - Finished Spring Data repository scanning in 10 ms. Found 0 Redis repository interfaces.
14:49:18.013 [main] WARN  org.mybatis.spring.mapper.ClassPathMapperScanner - Skipping MapperFactoryBean with name 'attWorkHourDayPlusMapper' and 'com.dongbao.test_demo3.mapper.AttWorkHourDayPlusMapper' mapperInterface. Bean already defined with the same name!
14:49:18.013 [main] WARN  org.mybatis.spring.mapper.ClassPathMapperScanner - Skipping MapperFactoryBean with name 'empInfoMapper' and 'com.dongbao.test_demo3.mapper.EmpInfoMapper' mapperInterface. Bean already defined with the same name!
14:49:18.013 [main] WARN  org.mybatis.spring.mapper.ClassPathMapperScanner - Skipping MapperFactoryBean with name 'empInfoMybatisPlusMapper' and 'com.dongbao.test_demo3.mapper.EmpInfoMybatisPlusMapper' mapperInterface. Bean already defined with the same name!
14:49:18.013 [main] WARN  org.mybatis.spring.mapper.ClassPathMapperScanner - No MyBatis mapper was found in '[com.dongbao.test_demo3.mapper]' package. Please check your configuration.
14:49:19.275 [main] WARN  c.b.mybatisplus.core.injector.DefaultSqlInjector - class com.dongbao.test_demo3.entity.AttWorkHourDay ,Not found @TableId annotation, Cannot use Mybatis-Plus 'xxById' Method.
14:49:19.480 [main] INFO  com.dongbao.test_demo3.config.AsyncConfig - 异步任务执行器已启用
14:49:19.983 [main] INFO  o.s.b.a.web.servlet.WelcomePageHandlerMapping - Adding welcome page: class path resource [static/index.html]
14:49:20.203 [main] WARN  o.s.b.a.t.ThymeleafAutoConfiguration$DefaultTemplateResolverConfiguration - Cannot find template location: classpath:/templates/ (please add some templates, check your Thymeleaf configuration, or set spring.thymeleaf.check-template-location=false)
14:49:20.208 [main] WARN  org.thymeleaf.templatemode.TemplateMode - [THYMELEAF][main] Template Mode 'HTML5' is deprecated. Using Template Mode 'HTML' instead.
14:49:20.733 [main] INFO  com.dongbao.test_demo3.TestMybatisPlus - Started TestMybatisPlus in 3.646 seconds (JVM running for 4.264)
14:49:20.763 [main] INFO  com.zaxxer.hikari.HikariDataSource - HikariPool-1 - Starting...
14:49:21.307 [main] INFO  com.zaxxer.hikari.HikariDataSource - HikariPool-1 - Start completed.
14:49:21.314 [main] INFO  o.s.test.context.transaction.TransactionContext - Began transaction (1) for test context [DefaultTestContext@1b919693 testClass = TestMybatisPlus, testInstance = com.dongbao.test_demo3.TestMybatisPlus@54387873, testMethod = testUpdateByEmpNo@TestMybatisPlus, testException = [null], mergedContextConfiguration = [WebMergedContextConfiguration@7fb4f2a9 testClass = TestMybatisPlus, locations = '{}', classes = '{class com.dongbao.test_demo3.TestDemo3Application}', contextInitializerClasses = '[]', activeProfiles = '{}', propertySourceLocations = '{}', propertySourceProperties = '{org.springframework.boot.test.context.SpringBootTestContextBootstrapper=true}', contextCustomizers = set[[ImportsContextCustomizer@4dc27487 key = [@org.springframework.transaction.annotation.Transactional(propagation=REQUIRED, rollbackForClassName=[], readOnly=false, isolation=DEFAULT, timeoutString=, transactionManager=, label=[], noRollbackFor=[], noRollbackForClassName=[], value=, timeout=-1, rollbackFor=[]), @org.springframework.context.annotation.Import(value=[class com.dongbao.test_demo3.config.MybatisPlusConfig]), @org.springframework.boot.test.context.SpringBootTest(args=[], webEnvironment=MOCK, value=[], properties=[], classes=[]), @org.springframework.test.context.BootstrapWith(value=class org.springframework.boot.test.context.SpringBootTestContextBootstrapper), @org.mybatis.spring.annotation.MapperScan(sqlSessionFactoryRef=, sqlSessionTemplateRef=, lazyInitialization=, annotationClass=interface java.lang.annotation.Annotation, basePackageClasses=[], markerInterface=class java.lang.Class, nameGenerator=interface org.springframework.beans.factory.support.BeanNameGenerator, basePackages=[], value=[com.dongbao.test_demo3.mapper], factoryBean=class org.mybatis.spring.mapper.MapperFactoryBean, defaultScope=), @org.springframework.context.annotation.Import(value=[class org.mybatis.spring.annotation.MapperScannerRegistrar])]], org.springframework.boot.test.context.filter.ExcludeFilterContextCustomizer@3c46e67a, org.springframework.boot.test.json.DuplicateJsonObjectContextCustomizerFactory$DuplicateJsonObjectContextCustomizer@36ebc363, org.springframework.boot.test.mock.mockito.MockitoContextCustomizer@996471b6, org.springframework.boot.test.web.client.TestRestTemplateContextCustomizer@6f03482, org.springframework.boot.test.autoconfigure.actuate.metrics.MetricsExportContextCustomizerFactory$DisableMetricExportContextCustomizer@4116aac9, org.springframework.boot.test.autoconfigure.properties.PropertyMappingContextCustomizer@0, org.springframework.boot.test.autoconfigure.web.servlet.WebDriverContextCustomizerFactory$Customizer@5dda768f, org.springframework.boot.test.context.SpringBootTestArgs@1, org.springframework.boot.test.context.SpringBootTestWebEnvironment@146ba0ac], resourceBasePath = 'src/main/webapp', contextLoader = 'org.springframework.boot.test.context.SpringBootContextLoader', parent = [null]], attributes = map['org.springframework.test.context.web.ServletTestExecutionListener.activateListener' -> true, 'org.springframework.test.context.web.ServletTestExecutionListener.populatedRequestContextHolder' -> true, 'org.springframework.test.context.web.ServletTestExecutionListener.resetRequestContextHolder' -> true, 'org.springframework.test.context.event.ApplicationEventsTestExecutionListener.recordApplicationEvents' -> false]]; transaction manager [org.springframework.jdbc.support.JdbcTransactionManager@3a80c534]; rollback [true]
14:49:21.711 [main] ERROR c.d.test_demo3.CacheService.EmpInfoCacheService - 已删除缓存员工信息，key: empInfo:013487
14:49:21.711 [main] INFO  c.d.test_demo3.Service.impl.EmpInfoServiceImpl - 删除缓存中的员工信息，员工编号: 013487
14:49:21.719 [main] INFO  c.d.test_demo3.Service.impl.EmpInfoServiceImpl - 删除员工记录数: 0
14:49:21.719 [main] INFO  c.d.test_demo3.Service.impl.EmpInfoServiceImpl - 数据库删除员工信息，员工编号: 0
14:49:21.758 [main] INFO  c.d.test_demo3.Service.impl.EmpInfoServiceImpl - 数据库插入员工信息，员工编号: 013487
14:49:21.775 [main] INFO  o.s.test.context.transaction.TransactionContext - Rolled back transaction for test: [DefaultTestContext@1b919693 testClass = TestMybatisPlus, testInstance = com.dongbao.test_demo3.TestMybatisPlus@54387873, testMethod = testUpdateByEmpNo@TestMybatisPlus, testException = [null], mergedContextConfiguration = [WebMergedContextConfiguration@7fb4f2a9 testClass = TestMybatisPlus, locations = '{}', classes = '{class com.dongbao.test_demo3.TestDemo3Application}', contextInitializerClasses = '[]', activeProfiles = '{}', propertySourceLocations = '{}', propertySourceProperties = '{org.springframework.boot.test.context.SpringBootTestContextBootstrapper=true}', contextCustomizers = set[[ImportsContextCustomizer@4dc27487 key = [@org.springframework.transaction.annotation.Transactional(propagation=REQUIRED, rollbackForClassName=[], readOnly=false, isolation=DEFAULT, timeoutString=, transactionManager=, label=[], noRollbackFor=[], noRollbackForClassName=[], value=, timeout=-1, rollbackFor=[]), @org.springframework.context.annotation.Import(value=[class com.dongbao.test_demo3.config.MybatisPlusConfig]), @org.springframework.boot.test.context.SpringBootTest(args=[], webEnvironment=MOCK, value=[], properties=[], classes=[]), @org.springframework.test.context.BootstrapWith(value=class org.springframework.boot.test.context.SpringBootTestContextBootstrapper), @org.mybatis.spring.annotation.MapperScan(sqlSessionFactoryRef=, sqlSessionTemplateRef=, lazyInitialization=, annotationClass=interface java.lang.annotation.Annotation, basePackageClasses=[], markerInterface=class java.lang.Class, nameGenerator=interface org.springframework.beans.factory.support.BeanNameGenerator, basePackages=[], value=[com.dongbao.test_demo3.mapper], factoryBean=class org.mybatis.spring.mapper.MapperFactoryBean, defaultScope=), @org.springframework.context.annotation.Import(value=[class org.mybatis.spring.annotation.MapperScannerRegistrar])]], org.springframework.boot.test.context.filter.ExcludeFilterContextCustomizer@3c46e67a, org.springframework.boot.test.json.DuplicateJsonObjectContextCustomizerFactory$DuplicateJsonObjectContextCustomizer@36ebc363, org.springframework.boot.test.mock.mockito.MockitoContextCustomizer@996471b6, org.springframework.boot.test.web.client.TestRestTemplateContextCustomizer@6f03482, org.springframework.boot.test.autoconfigure.actuate.metrics.MetricsExportContextCustomizerFactory$DisableMetricExportContextCustomizer@4116aac9, org.springframework.boot.test.autoconfigure.properties.PropertyMappingContextCustomizer@0, org.springframework.boot.test.autoconfigure.web.servlet.WebDriverContextCustomizerFactory$Customizer@5dda768f, org.springframework.boot.test.context.SpringBootTestArgs@1, org.springframework.boot.test.context.SpringBootTestWebEnvironment@146ba0ac], resourceBasePath = 'src/main/webapp', contextLoader = 'org.springframework.boot.test.context.SpringBootContextLoader', parent = [null]], attributes = map['org.springframework.test.context.web.ServletTestExecutionListener.activateListener' -> true, 'org.springframework.test.context.web.ServletTestExecutionListener.populatedRequestContextHolder' -> true, 'org.springframework.test.context.web.ServletTestExecutionListener.resetRequestContextHolder' -> true, 'org.springframework.test.context.event.ApplicationEventsTestExecutionListener.recordApplicationEvents' -> false]]
14:49:21.784 [SpringApplicationShutdownHook] INFO  com.zaxxer.hikari.HikariDataSource - HikariPool-1 - Shutdown initiated...
14:49:21.803 [SpringApplicationShutdownHook] INFO  com.zaxxer.hikari.HikariDataSource - HikariPool-1 - Shutdown completed.
14:50:17.867 [main] INFO  com.dongbao.test_demo3.TestMybatisPlus - Starting TestMybatisPlus using Java 1.8.0_151 on IT-013487 with PID 20408 (started by 013487 in E:\javaProject\test_demo3)
14:50:17.868 [main] INFO  com.dongbao.test_demo3.TestMybatisPlus - No active profile set, falling back to 1 default profile: "default"
14:50:18.362 [main] INFO  o.s.d.r.config.RepositoryConfigurationDelegate - Multiple Spring Data modules found, entering strict repository configuration mode
14:50:18.365 [main] INFO  o.s.d.r.config.RepositoryConfigurationDelegate - Bootstrapping Spring Data Redis repositories in DEFAULT mode.
14:50:18.389 [main] INFO  o.s.d.r.config.RepositoryConfigurationDelegate - Finished Spring Data repository scanning in 8 ms. Found 0 Redis repository interfaces.
14:50:18.478 [main] WARN  org.mybatis.spring.mapper.ClassPathMapperScanner - Skipping MapperFactoryBean with name 'attWorkHourDayPlusMapper' and 'com.dongbao.test_demo3.mapper.AttWorkHourDayPlusMapper' mapperInterface. Bean already defined with the same name!
14:50:18.479 [main] WARN  org.mybatis.spring.mapper.ClassPathMapperScanner - Skipping MapperFactoryBean with name 'empInfoMapper' and 'com.dongbao.test_demo3.mapper.EmpInfoMapper' mapperInterface. Bean already defined with the same name!
14:50:18.479 [main] WARN  org.mybatis.spring.mapper.ClassPathMapperScanner - Skipping MapperFactoryBean with name 'empInfoMybatisPlusMapper' and 'com.dongbao.test_demo3.mapper.EmpInfoMybatisPlusMapper' mapperInterface. Bean already defined with the same name!
14:50:18.479 [main] WARN  org.mybatis.spring.mapper.ClassPathMapperScanner - No MyBatis mapper was found in '[com.dongbao.test_demo3.mapper]' package. Please check your configuration.
14:50:19.722 [main] WARN  c.b.mybatisplus.core.injector.DefaultSqlInjector - class com.dongbao.test_demo3.entity.AttWorkHourDay ,Not found @TableId annotation, Cannot use Mybatis-Plus 'xxById' Method.
14:50:19.906 [main] INFO  com.dongbao.test_demo3.config.AsyncConfig - 异步任务执行器已启用
14:50:20.578 [main] INFO  o.s.b.a.web.servlet.WelcomePageHandlerMapping - Adding welcome page: class path resource [static/index.html]
14:50:20.800 [main] WARN  o.s.b.a.t.ThymeleafAutoConfiguration$DefaultTemplateResolverConfiguration - Cannot find template location: classpath:/templates/ (please add some templates, check your Thymeleaf configuration, or set spring.thymeleaf.check-template-location=false)
14:50:20.803 [main] WARN  org.thymeleaf.templatemode.TemplateMode - [THYMELEAF][main] Template Mode 'HTML5' is deprecated. Using Template Mode 'HTML' instead.
14:50:21.216 [main] INFO  com.dongbao.test_demo3.TestMybatisPlus - Started TestMybatisPlus in 3.613 seconds (JVM running for 4.229)
14:50:21.249 [main] INFO  com.zaxxer.hikari.HikariDataSource - HikariPool-1 - Starting...
14:50:21.778 [main] INFO  com.zaxxer.hikari.HikariDataSource - HikariPool-1 - Start completed.
14:50:21.785 [main] INFO  o.s.test.context.transaction.TransactionContext - Began transaction (1) for test context [DefaultTestContext@1b919693 testClass = TestMybatisPlus, testInstance = com.dongbao.test_demo3.TestMybatisPlus@39afe59f, testMethod = testUpdateByEmpNo@TestMybatisPlus, testException = [null], mergedContextConfiguration = [WebMergedContextConfiguration@7fb4f2a9 testClass = TestMybatisPlus, locations = '{}', classes = '{class com.dongbao.test_demo3.TestDemo3Application}', contextInitializerClasses = '[]', activeProfiles = '{}', propertySourceLocations = '{}', propertySourceProperties = '{org.springframework.boot.test.context.SpringBootTestContextBootstrapper=true}', contextCustomizers = set[[ImportsContextCustomizer@4dc27487 key = [@org.springframework.transaction.annotation.Transactional(propagation=REQUIRED, rollbackForClassName=[], readOnly=false, timeoutString=, isolation=DEFAULT, transactionManager=, label=[], noRollbackFor=[], noRollbackForClassName=[], value=, timeout=-1, rollbackFor=[]), @org.springframework.context.annotation.Import(value=[class com.dongbao.test_demo3.config.MybatisPlusConfig]), @org.springframework.boot.test.context.SpringBootTest(args=[], webEnvironment=MOCK, value=[], properties=[], classes=[]), @org.springframework.test.context.BootstrapWith(value=class org.springframework.boot.test.context.SpringBootTestContextBootstrapper), @org.mybatis.spring.annotation.MapperScan(sqlSessionFactoryRef=, sqlSessionTemplateRef=, lazyInitialization=, annotationClass=interface java.lang.annotation.Annotation, basePackageClasses=[], markerInterface=class java.lang.Class, nameGenerator=interface org.springframework.beans.factory.support.BeanNameGenerator, basePackages=[], value=[com.dongbao.test_demo3.mapper], factoryBean=class org.mybatis.spring.mapper.MapperFactoryBean, defaultScope=), @org.springframework.context.annotation.Import(value=[class org.mybatis.spring.annotation.MapperScannerRegistrar])]], org.springframework.boot.test.context.filter.ExcludeFilterContextCustomizer@3c46e67a, org.springframework.boot.test.json.DuplicateJsonObjectContextCustomizerFactory$DuplicateJsonObjectContextCustomizer@36ebc363, org.springframework.boot.test.mock.mockito.MockitoContextCustomizer@996471b6, org.springframework.boot.test.web.client.TestRestTemplateContextCustomizer@6f03482, org.springframework.boot.test.autoconfigure.actuate.metrics.MetricsExportContextCustomizerFactory$DisableMetricExportContextCustomizer@4116aac9, org.springframework.boot.test.autoconfigure.properties.PropertyMappingContextCustomizer@0, org.springframework.boot.test.autoconfigure.web.servlet.WebDriverContextCustomizerFactory$Customizer@5dda768f, org.springframework.boot.test.context.SpringBootTestArgs@1, org.springframework.boot.test.context.SpringBootTestWebEnvironment@146ba0ac], resourceBasePath = 'src/main/webapp', contextLoader = 'org.springframework.boot.test.context.SpringBootContextLoader', parent = [null]], attributes = map['org.springframework.test.context.web.ServletTestExecutionListener.activateListener' -> true, 'org.springframework.test.context.web.ServletTestExecutionListener.populatedRequestContextHolder' -> true, 'org.springframework.test.context.web.ServletTestExecutionListener.resetRequestContextHolder' -> true, 'org.springframework.test.context.event.ApplicationEventsTestExecutionListener.recordApplicationEvents' -> false]]; transaction manager [org.springframework.jdbc.support.JdbcTransactionManager@16f34376]; rollback [true]
14:50:22.165 [main] ERROR c.d.test_demo3.CacheService.EmpInfoCacheService - 已删除缓存员工信息，key: empInfo:013487
14:50:22.165 [main] INFO  c.d.test_demo3.Service.impl.EmpInfoServiceImpl - 删除缓存中的员工信息，员工编号: 013487
14:50:22.172 [main] INFO  c.d.test_demo3.Service.impl.EmpInfoServiceImpl - 删除员工记录数: 0
14:50:22.172 [main] INFO  c.d.test_demo3.Service.impl.EmpInfoServiceImpl - 数据库删除员工信息，员工编号: 0
14:50:22.209 [main] INFO  c.d.test_demo3.Service.impl.EmpInfoServiceImpl - 数据库插入员工信息，员工编号: 013487
14:50:22.225 [main] INFO  o.s.test.context.transaction.TransactionContext - Rolled back transaction for test: [DefaultTestContext@1b919693 testClass = TestMybatisPlus, testInstance = com.dongbao.test_demo3.TestMybatisPlus@39afe59f, testMethod = testUpdateByEmpNo@TestMybatisPlus, testException = [null], mergedContextConfiguration = [WebMergedContextConfiguration@7fb4f2a9 testClass = TestMybatisPlus, locations = '{}', classes = '{class com.dongbao.test_demo3.TestDemo3Application}', contextInitializerClasses = '[]', activeProfiles = '{}', propertySourceLocations = '{}', propertySourceProperties = '{org.springframework.boot.test.context.SpringBootTestContextBootstrapper=true}', contextCustomizers = set[[ImportsContextCustomizer@4dc27487 key = [@org.springframework.transaction.annotation.Transactional(propagation=REQUIRED, rollbackForClassName=[], readOnly=false, timeoutString=, isolation=DEFAULT, transactionManager=, label=[], noRollbackFor=[], noRollbackForClassName=[], value=, timeout=-1, rollbackFor=[]), @org.springframework.context.annotation.Import(value=[class com.dongbao.test_demo3.config.MybatisPlusConfig]), @org.springframework.boot.test.context.SpringBootTest(args=[], webEnvironment=MOCK, value=[], properties=[], classes=[]), @org.springframework.test.context.BootstrapWith(value=class org.springframework.boot.test.context.SpringBootTestContextBootstrapper), @org.mybatis.spring.annotation.MapperScan(sqlSessionFactoryRef=, sqlSessionTemplateRef=, lazyInitialization=, annotationClass=interface java.lang.annotation.Annotation, basePackageClasses=[], markerInterface=class java.lang.Class, nameGenerator=interface org.springframework.beans.factory.support.BeanNameGenerator, basePackages=[], value=[com.dongbao.test_demo3.mapper], factoryBean=class org.mybatis.spring.mapper.MapperFactoryBean, defaultScope=), @org.springframework.context.annotation.Import(value=[class org.mybatis.spring.annotation.MapperScannerRegistrar])]], org.springframework.boot.test.context.filter.ExcludeFilterContextCustomizer@3c46e67a, org.springframework.boot.test.json.DuplicateJsonObjectContextCustomizerFactory$DuplicateJsonObjectContextCustomizer@36ebc363, org.springframework.boot.test.mock.mockito.MockitoContextCustomizer@996471b6, org.springframework.boot.test.web.client.TestRestTemplateContextCustomizer@6f03482, org.springframework.boot.test.autoconfigure.actuate.metrics.MetricsExportContextCustomizerFactory$DisableMetricExportContextCustomizer@4116aac9, org.springframework.boot.test.autoconfigure.properties.PropertyMappingContextCustomizer@0, org.springframework.boot.test.autoconfigure.web.servlet.WebDriverContextCustomizerFactory$Customizer@5dda768f, org.springframework.boot.test.context.SpringBootTestArgs@1, org.springframework.boot.test.context.SpringBootTestWebEnvironment@146ba0ac], resourceBasePath = 'src/main/webapp', contextLoader = 'org.springframework.boot.test.context.SpringBootContextLoader', parent = [null]], attributes = map['org.springframework.test.context.web.ServletTestExecutionListener.activateListener' -> true, 'org.springframework.test.context.web.ServletTestExecutionListener.populatedRequestContextHolder' -> true, 'org.springframework.test.context.web.ServletTestExecutionListener.resetRequestContextHolder' -> true, 'org.springframework.test.context.event.ApplicationEventsTestExecutionListener.recordApplicationEvents' -> false]]
14:50:22.233 [SpringApplicationShutdownHook] INFO  com.zaxxer.hikari.HikariDataSource - HikariPool-1 - Shutdown initiated...
14:50:22.244 [SpringApplicationShutdownHook] INFO  com.zaxxer.hikari.HikariDataSource - HikariPool-1 - Shutdown completed.
14:52:45.825 [main] INFO  com.dongbao.test_demo3.TestMybatisPlus - Starting TestMybatisPlus using Java 1.8.0_151 on IT-013487 with PID 7684 (started by 013487 in E:\javaProject\test_demo3)
14:52:45.826 [main] INFO  com.dongbao.test_demo3.TestMybatisPlus - No active profile set, falling back to 1 default profile: "default"
14:52:46.332 [main] INFO  o.s.d.r.config.RepositoryConfigurationDelegate - Multiple Spring Data modules found, entering strict repository configuration mode
14:52:46.334 [main] INFO  o.s.d.r.config.RepositoryConfigurationDelegate - Bootstrapping Spring Data Redis repositories in DEFAULT mode.
14:52:46.351 [main] INFO  o.s.d.r.config.RepositoryConfigurationDelegate - Finished Spring Data repository scanning in 7 ms. Found 0 Redis repository interfaces.
14:52:46.483 [main] WARN  org.mybatis.spring.mapper.ClassPathMapperScanner - Skipping MapperFactoryBean with name 'attWorkHourDayPlusMapper' and 'com.dongbao.test_demo3.mapper.AttWorkHourDayPlusMapper' mapperInterface. Bean already defined with the same name!
14:52:46.483 [main] WARN  org.mybatis.spring.mapper.ClassPathMapperScanner - Skipping MapperFactoryBean with name 'empInfoMapper' and 'com.dongbao.test_demo3.mapper.EmpInfoMapper' mapperInterface. Bean already defined with the same name!
14:52:46.483 [main] WARN  org.mybatis.spring.mapper.ClassPathMapperScanner - Skipping MapperFactoryBean with name 'empInfoMybatisPlusMapper' and 'com.dongbao.test_demo3.mapper.EmpInfoMybatisPlusMapper' mapperInterface. Bean already defined with the same name!
14:52:46.484 [main] WARN  org.mybatis.spring.mapper.ClassPathMapperScanner - No MyBatis mapper was found in '[com.dongbao.test_demo3.mapper]' package. Please check your configuration.
14:52:47.808 [main] WARN  c.b.mybatisplus.core.injector.DefaultSqlInjector - class com.dongbao.test_demo3.entity.AttWorkHourDay ,Not found @TableId annotation, Cannot use Mybatis-Plus 'xxById' Method.
14:52:48.000 [main] INFO  com.dongbao.test_demo3.config.AsyncConfig - 异步任务执行器已启用
14:52:48.692 [main] INFO  o.s.b.a.web.servlet.WelcomePageHandlerMapping - Adding welcome page: class path resource [static/index.html]
14:52:48.883 [main] WARN  o.s.b.a.t.ThymeleafAutoConfiguration$DefaultTemplateResolverConfiguration - Cannot find template location: classpath:/templates/ (please add some templates, check your Thymeleaf configuration, or set spring.thymeleaf.check-template-location=false)
14:52:48.885 [main] WARN  org.thymeleaf.templatemode.TemplateMode - [THYMELEAF][main] Template Mode 'HTML5' is deprecated. Using Template Mode 'HTML' instead.
14:52:49.325 [main] INFO  com.dongbao.test_demo3.TestMybatisPlus - Started TestMybatisPlus in 3.768 seconds (JVM running for 4.388)
14:52:49.354 [main] INFO  com.zaxxer.hikari.HikariDataSource - HikariPool-1 - Starting...
14:52:49.850 [main] INFO  com.zaxxer.hikari.HikariDataSource - HikariPool-1 - Start completed.
14:52:49.856 [main] INFO  o.s.test.context.transaction.TransactionContext - Began transaction (1) for test context [DefaultTestContext@1b919693 testClass = TestMybatisPlus, testInstance = com.dongbao.test_demo3.TestMybatisPlus@70ecf57b, testMethod = testUpdateByEmpNo@TestMybatisPlus, testException = [null], mergedContextConfiguration = [WebMergedContextConfiguration@7fb4f2a9 testClass = TestMybatisPlus, locations = '{}', classes = '{class com.dongbao.test_demo3.TestDemo3Application}', contextInitializerClasses = '[]', activeProfiles = '{}', propertySourceLocations = '{}', propertySourceProperties = '{org.springframework.boot.test.context.SpringBootTestContextBootstrapper=true}', contextCustomizers = set[[ImportsContextCustomizer@4dc27487 key = [@org.springframework.transaction.annotation.Transactional(propagation=REQUIRED, rollbackForClassName=[], readOnly=false, isolation=DEFAULT, timeoutString=, transactionManager=, label=[], noRollbackFor=[], noRollbackForClassName=[], value=, timeout=-1, rollbackFor=[]), @org.springframework.context.annotation.Import(value=[class com.dongbao.test_demo3.config.MybatisPlusConfig]), @org.springframework.boot.test.context.SpringBootTest(args=[], webEnvironment=MOCK, value=[], properties=[], classes=[]), @org.springframework.test.context.BootstrapWith(value=class org.springframework.boot.test.context.SpringBootTestContextBootstrapper), @org.mybatis.spring.annotation.MapperScan(sqlSessionFactoryRef=, sqlSessionTemplateRef=, lazyInitialization=, annotationClass=interface java.lang.annotation.Annotation, basePackageClasses=[], nameGenerator=interface org.springframework.beans.factory.support.BeanNameGenerator, markerInterface=class java.lang.Class, basePackages=[], value=[com.dongbao.test_demo3.mapper], factoryBean=class org.mybatis.spring.mapper.MapperFactoryBean, defaultScope=), @org.springframework.context.annotation.Import(value=[class org.mybatis.spring.annotation.MapperScannerRegistrar])]], org.springframework.boot.test.context.filter.ExcludeFilterContextCustomizer@3c46e67a, org.springframework.boot.test.json.DuplicateJsonObjectContextCustomizerFactory$DuplicateJsonObjectContextCustomizer@36ebc363, org.springframework.boot.test.mock.mockito.MockitoContextCustomizer@996471b6, org.springframework.boot.test.web.client.TestRestTemplateContextCustomizer@6f03482, org.springframework.boot.test.autoconfigure.actuate.metrics.MetricsExportContextCustomizerFactory$DisableMetricExportContextCustomizer@4116aac9, org.springframework.boot.test.autoconfigure.properties.PropertyMappingContextCustomizer@0, org.springframework.boot.test.autoconfigure.web.servlet.WebDriverContextCustomizerFactory$Customizer@5dda768f, org.springframework.boot.test.context.SpringBootTestArgs@1, org.springframework.boot.test.context.SpringBootTestWebEnvironment@146ba0ac], resourceBasePath = 'src/main/webapp', contextLoader = 'org.springframework.boot.test.context.SpringBootContextLoader', parent = [null]], attributes = map['org.springframework.test.context.web.ServletTestExecutionListener.activateListener' -> true, 'org.springframework.test.context.web.ServletTestExecutionListener.populatedRequestContextHolder' -> true, 'org.springframework.test.context.web.ServletTestExecutionListener.resetRequestContextHolder' -> true, 'org.springframework.test.context.event.ApplicationEventsTestExecutionListener.recordApplicationEvents' -> false]]; transaction manager [org.springframework.jdbc.support.JdbcTransactionManager@4e5364a3]; rollback [true]
14:52:50.233 [main] ERROR c.d.test_demo3.CacheService.EmpInfoCacheService - 已删除缓存员工信息，key: empInfo:013487
14:52:50.233 [main] INFO  c.d.test_demo3.Service.impl.EmpInfoServiceImpl - 删除缓存中的员工信息，员工编号: 013487
14:52:50.239 [main] INFO  c.d.test_demo3.Service.impl.EmpInfoServiceImpl - 删除员工记录数: 0
14:52:50.239 [main] INFO  c.d.test_demo3.Service.impl.EmpInfoServiceImpl - 数据库删除员工信息，员工编号: 0
14:52:50.278 [main] INFO  c.d.test_demo3.Service.impl.EmpInfoServiceImpl - 数据库插入员工信息，员工编号: 013487
14:52:50.302 [main] INFO  o.s.test.context.transaction.TransactionContext - Rolled back transaction for test: [DefaultTestContext@1b919693 testClass = TestMybatisPlus, testInstance = com.dongbao.test_demo3.TestMybatisPlus@70ecf57b, testMethod = testUpdateByEmpNo@TestMybatisPlus, testException = [null], mergedContextConfiguration = [WebMergedContextConfiguration@7fb4f2a9 testClass = TestMybatisPlus, locations = '{}', classes = '{class com.dongbao.test_demo3.TestDemo3Application}', contextInitializerClasses = '[]', activeProfiles = '{}', propertySourceLocations = '{}', propertySourceProperties = '{org.springframework.boot.test.context.SpringBootTestContextBootstrapper=true}', contextCustomizers = set[[ImportsContextCustomizer@4dc27487 key = [@org.springframework.transaction.annotation.Transactional(propagation=REQUIRED, rollbackForClassName=[], readOnly=false, isolation=DEFAULT, timeoutString=, transactionManager=, label=[], noRollbackFor=[], noRollbackForClassName=[], value=, timeout=-1, rollbackFor=[]), @org.springframework.context.annotation.Import(value=[class com.dongbao.test_demo3.config.MybatisPlusConfig]), @org.springframework.boot.test.context.SpringBootTest(args=[], webEnvironment=MOCK, value=[], properties=[], classes=[]), @org.springframework.test.context.BootstrapWith(value=class org.springframework.boot.test.context.SpringBootTestContextBootstrapper), @org.mybatis.spring.annotation.MapperScan(sqlSessionFactoryRef=, sqlSessionTemplateRef=, lazyInitialization=, annotationClass=interface java.lang.annotation.Annotation, basePackageClasses=[], nameGenerator=interface org.springframework.beans.factory.support.BeanNameGenerator, markerInterface=class java.lang.Class, basePackages=[], value=[com.dongbao.test_demo3.mapper], factoryBean=class org.mybatis.spring.mapper.MapperFactoryBean, defaultScope=), @org.springframework.context.annotation.Import(value=[class org.mybatis.spring.annotation.MapperScannerRegistrar])]], org.springframework.boot.test.context.filter.ExcludeFilterContextCustomizer@3c46e67a, org.springframework.boot.test.json.DuplicateJsonObjectContextCustomizerFactory$DuplicateJsonObjectContextCustomizer@36ebc363, org.springframework.boot.test.mock.mockito.MockitoContextCustomizer@996471b6, org.springframework.boot.test.web.client.TestRestTemplateContextCustomizer@6f03482, org.springframework.boot.test.autoconfigure.actuate.metrics.MetricsExportContextCustomizerFactory$DisableMetricExportContextCustomizer@4116aac9, org.springframework.boot.test.autoconfigure.properties.PropertyMappingContextCustomizer@0, org.springframework.boot.test.autoconfigure.web.servlet.WebDriverContextCustomizerFactory$Customizer@5dda768f, org.springframework.boot.test.context.SpringBootTestArgs@1, org.springframework.boot.test.context.SpringBootTestWebEnvironment@146ba0ac], resourceBasePath = 'src/main/webapp', contextLoader = 'org.springframework.boot.test.context.SpringBootContextLoader', parent = [null]], attributes = map['org.springframework.test.context.web.ServletTestExecutionListener.activateListener' -> true, 'org.springframework.test.context.web.ServletTestExecutionListener.populatedRequestContextHolder' -> true, 'org.springframework.test.context.web.ServletTestExecutionListener.resetRequestContextHolder' -> true, 'org.springframework.test.context.event.ApplicationEventsTestExecutionListener.recordApplicationEvents' -> false]]
14:52:50.309 [SpringApplicationShutdownHook] INFO  com.zaxxer.hikari.HikariDataSource - HikariPool-1 - Shutdown initiated...
14:52:50.321 [SpringApplicationShutdownHook] INFO  com.zaxxer.hikari.HikariDataSource - HikariPool-1 - Shutdown completed.
14:55:42.670 [main] INFO  com.dongbao.test_demo3.TestMybatisPlus - Starting TestMybatisPlus using Java 1.8.0_151 on IT-013487 with PID 6152 (started by 013487 in E:\javaProject\test_demo3)
14:55:42.672 [main] INFO  com.dongbao.test_demo3.TestMybatisPlus - No active profile set, falling back to 1 default profile: "default"
14:55:43.210 [main] INFO  o.s.d.r.config.RepositoryConfigurationDelegate - Multiple Spring Data modules found, entering strict repository configuration mode
14:55:43.212 [main] INFO  o.s.d.r.config.RepositoryConfigurationDelegate - Bootstrapping Spring Data Redis repositories in DEFAULT mode.
14:55:43.232 [main] INFO  o.s.d.r.config.RepositoryConfigurationDelegate - Finished Spring Data repository scanning in 8 ms. Found 0 Redis repository interfaces.
14:55:43.346 [main] WARN  org.mybatis.spring.mapper.ClassPathMapperScanner - Skipping MapperFactoryBean with name 'attWorkHourDayPlusMapper' and 'com.dongbao.test_demo3.mapper.AttWorkHourDayPlusMapper' mapperInterface. Bean already defined with the same name!
14:55:43.347 [main] WARN  org.mybatis.spring.mapper.ClassPathMapperScanner - Skipping MapperFactoryBean with name 'empInfoMapper' and 'com.dongbao.test_demo3.mapper.EmpInfoMapper' mapperInterface. Bean already defined with the same name!
14:55:43.347 [main] WARN  org.mybatis.spring.mapper.ClassPathMapperScanner - Skipping MapperFactoryBean with name 'empInfoMybatisPlusMapper' and 'com.dongbao.test_demo3.mapper.EmpInfoMybatisPlusMapper' mapperInterface. Bean already defined with the same name!
14:55:43.347 [main] WARN  org.mybatis.spring.mapper.ClassPathMapperScanner - No MyBatis mapper was found in '[com.dongbao.test_demo3.mapper]' package. Please check your configuration.
14:55:44.781 [main] WARN  c.b.mybatisplus.core.injector.DefaultSqlInjector - class com.dongbao.test_demo3.entity.AttWorkHourDay ,Not found @TableId annotation, Cannot use Mybatis-Plus 'xxById' Method.
14:55:45.060 [main] INFO  com.dongbao.test_demo3.config.AsyncConfig - 异步任务执行器已启用
14:55:45.733 [main] INFO  o.s.b.a.web.servlet.WelcomePageHandlerMapping - Adding welcome page: class path resource [static/index.html]
14:55:46.002 [main] WARN  o.s.b.a.t.ThymeleafAutoConfiguration$DefaultTemplateResolverConfiguration - Cannot find template location: classpath:/templates/ (please add some templates, check your Thymeleaf configuration, or set spring.thymeleaf.check-template-location=false)
14:55:46.007 [main] WARN  org.thymeleaf.templatemode.TemplateMode - [THYMELEAF][main] Template Mode 'HTML5' is deprecated. Using Template Mode 'HTML' instead.
14:55:46.455 [main] INFO  com.dongbao.test_demo3.TestMybatisPlus - Started TestMybatisPlus in 4.05 seconds (JVM running for 4.667)
14:55:46.489 [main] INFO  com.zaxxer.hikari.HikariDataSource - HikariPool-1 - Starting...
14:55:47.096 [main] INFO  com.zaxxer.hikari.HikariDataSource - HikariPool-1 - Start completed.
14:55:47.113 [main] INFO  o.s.test.context.transaction.TransactionContext - Began transaction (1) for test context [DefaultTestContext@4dc27487 testClass = TestMybatisPlus, testInstance = com.dongbao.test_demo3.TestMybatisPlus@39afe59f, testMethod = checkRecordStatus@TestMybatisPlus, testException = [null], mergedContextConfiguration = [WebMergedContextConfiguration@6a4f1a55 testClass = TestMybatisPlus, locations = '{}', classes = '{class com.dongbao.test_demo3.TestDemo3Application}', contextInitializerClasses = '[]', activeProfiles = '{}', propertySourceLocations = '{}', propertySourceProperties = '{org.springframework.boot.test.context.SpringBootTestContextBootstrapper=true}', contextCustomizers = set[[ImportsContextCustomizer@7dfd3c81 key = [@org.springframework.context.annotation.Import(value=[class com.dongbao.test_demo3.config.MybatisPlusConfig]), @org.springframework.boot.test.context.SpringBootTest(args=[], webEnvironment=MOCK, value=[], properties=[], classes=[]), @org.springframework.test.context.BootstrapWith(value=class org.springframework.boot.test.context.SpringBootTestContextBootstrapper), @org.springframework.transaction.annotation.Transactional(propagation=REQUIRED, rollbackForClassName=[], readOnly=false, isolation=DEFAULT, timeoutString=, transactionManager=, label=[], noRollbackFor=[], noRollbackForClassName=[], value=, timeout=-1, rollbackFor=[]), @org.mybatis.spring.annotation.MapperScan(sqlSessionFactoryRef=, sqlSessionTemplateRef=, lazyInitialization=, annotationClass=interface java.lang.annotation.Annotation, basePackageClasses=[], markerInterface=class java.lang.Class, nameGenerator=interface org.springframework.beans.factory.support.BeanNameGenerator, basePackages=[], value=[com.dongbao.test_demo3.mapper], factoryBean=class org.mybatis.spring.mapper.MapperFactoryBean, defaultScope=), @org.springframework.context.annotation.Import(value=[class org.mybatis.spring.annotation.MapperScannerRegistrar])]], org.springframework.boot.test.context.filter.ExcludeFilterContextCustomizer@206a70ef, org.springframework.boot.test.json.DuplicateJsonObjectContextCustomizerFactory$DuplicateJsonObjectContextCustomizer@34e9fd99, org.springframework.boot.test.mock.mockito.MockitoContextCustomizer@411acc16, org.springframework.boot.test.web.client.TestRestTemplateContextCustomizer@179ece50, org.springframework.boot.test.autoconfigure.actuate.metrics.MetricsExportContextCustomizerFactory$DisableMetricExportContextCustomizer@74e52ef6, org.springframework.boot.test.autoconfigure.properties.PropertyMappingContextCustomizer@0, org.springframework.boot.test.autoconfigure.web.servlet.WebDriverContextCustomizerFactory$Customizer@24269709, org.springframework.boot.test.context.SpringBootTestArgs@1, org.springframework.boot.test.context.SpringBootTestWebEnvironment@6737fd8f], resourceBasePath = 'src/main/webapp', contextLoader = 'org.springframework.boot.test.context.SpringBootContextLoader', parent = [null]], attributes = map['org.springframework.test.context.web.ServletTestExecutionListener.activateListener' -> true, 'org.springframework.test.context.web.ServletTestExecutionListener.populatedRequestContextHolder' -> true, 'org.springframework.test.context.web.ServletTestExecutionListener.resetRequestContextHolder' -> true, 'org.springframework.test.context.event.ApplicationEventsTestExecutionListener.recordApplicationEvents' -> false]]; transaction manager [org.springframework.jdbc.support.JdbcTransactionManager@16f34376]; rollback [true]
14:55:47.131 [main] ERROR com.dongbao.test_demo3.TestMybatisPlus - ❌ 记录不存在 - ID: 1839563230621540353
14:55:47.163 [main] INFO  o.s.test.context.transaction.TransactionContext - Rolled back transaction for test: [DefaultTestContext@4dc27487 testClass = TestMybatisPlus, testInstance = com.dongbao.test_demo3.TestMybatisPlus@39afe59f, testMethod = checkRecordStatus@TestMybatisPlus, testException = [null], mergedContextConfiguration = [WebMergedContextConfiguration@6a4f1a55 testClass = TestMybatisPlus, locations = '{}', classes = '{class com.dongbao.test_demo3.TestDemo3Application}', contextInitializerClasses = '[]', activeProfiles = '{}', propertySourceLocations = '{}', propertySourceProperties = '{org.springframework.boot.test.context.SpringBootTestContextBootstrapper=true}', contextCustomizers = set[[ImportsContextCustomizer@7dfd3c81 key = [@org.springframework.context.annotation.Import(value=[class com.dongbao.test_demo3.config.MybatisPlusConfig]), @org.springframework.boot.test.context.SpringBootTest(args=[], webEnvironment=MOCK, value=[], properties=[], classes=[]), @org.springframework.test.context.BootstrapWith(value=class org.springframework.boot.test.context.SpringBootTestContextBootstrapper), @org.springframework.transaction.annotation.Transactional(propagation=REQUIRED, rollbackForClassName=[], readOnly=false, isolation=DEFAULT, timeoutString=, transactionManager=, label=[], noRollbackFor=[], noRollbackForClassName=[], value=, timeout=-1, rollbackFor=[]), @org.mybatis.spring.annotation.MapperScan(sqlSessionFactoryRef=, sqlSessionTemplateRef=, lazyInitialization=, annotationClass=interface java.lang.annotation.Annotation, basePackageClasses=[], markerInterface=class java.lang.Class, nameGenerator=interface org.springframework.beans.factory.support.BeanNameGenerator, basePackages=[], value=[com.dongbao.test_demo3.mapper], factoryBean=class org.mybatis.spring.mapper.MapperFactoryBean, defaultScope=), @org.springframework.context.annotation.Import(value=[class org.mybatis.spring.annotation.MapperScannerRegistrar])]], org.springframework.boot.test.context.filter.ExcludeFilterContextCustomizer@206a70ef, org.springframework.boot.test.json.DuplicateJsonObjectContextCustomizerFactory$DuplicateJsonObjectContextCustomizer@34e9fd99, org.springframework.boot.test.mock.mockito.MockitoContextCustomizer@411acc16, org.springframework.boot.test.web.client.TestRestTemplateContextCustomizer@179ece50, org.springframework.boot.test.autoconfigure.actuate.metrics.MetricsExportContextCustomizerFactory$DisableMetricExportContextCustomizer@74e52ef6, org.springframework.boot.test.autoconfigure.properties.PropertyMappingContextCustomizer@0, org.springframework.boot.test.autoconfigure.web.servlet.WebDriverContextCustomizerFactory$Customizer@24269709, org.springframework.boot.test.context.SpringBootTestArgs@1, org.springframework.boot.test.context.SpringBootTestWebEnvironment@6737fd8f], resourceBasePath = 'src/main/webapp', contextLoader = 'org.springframework.boot.test.context.SpringBootContextLoader', parent = [null]], attributes = map['org.springframework.test.context.web.ServletTestExecutionListener.activateListener' -> true, 'org.springframework.test.context.web.ServletTestExecutionListener.populatedRequestContextHolder' -> true, 'org.springframework.test.context.web.ServletTestExecutionListener.resetRequestContextHolder' -> true, 'org.springframework.test.context.event.ApplicationEventsTestExecutionListener.recordApplicationEvents' -> false]]
14:55:47.173 [SpringApplicationShutdownHook] INFO  com.zaxxer.hikari.HikariDataSource - HikariPool-1 - Shutdown initiated...
14:55:47.177 [SpringApplicationShutdownHook] INFO  com.zaxxer.hikari.HikariDataSource - HikariPool-1 - Shutdown completed.
15:02:27.102 [main] INFO  com.dongbao.test_demo3.TestMybatisPlus - Starting TestMybatisPlus using Java 1.8.0_151 on IT-013487 with PID 20512 (started by 013487 in E:\javaProject\test_demo3)
15:02:27.103 [main] INFO  com.dongbao.test_demo3.TestMybatisPlus - No active profile set, falling back to 1 default profile: "default"
15:02:27.682 [main] INFO  o.s.d.r.config.RepositoryConfigurationDelegate - Multiple Spring Data modules found, entering strict repository configuration mode
15:02:27.685 [main] INFO  o.s.d.r.config.RepositoryConfigurationDelegate - Bootstrapping Spring Data Redis repositories in DEFAULT mode.
15:02:27.703 [main] INFO  o.s.d.r.config.RepositoryConfigurationDelegate - Finished Spring Data repository scanning in 9 ms. Found 0 Redis repository interfaces.
15:02:27.797 [main] WARN  org.mybatis.spring.mapper.ClassPathMapperScanner - Skipping MapperFactoryBean with name 'attWorkHourDayPlusMapper' and 'com.dongbao.test_demo3.mapper.AttWorkHourDayPlusMapper' mapperInterface. Bean already defined with the same name!
15:02:27.797 [main] WARN  org.mybatis.spring.mapper.ClassPathMapperScanner - Skipping MapperFactoryBean with name 'empInfoMapper' and 'com.dongbao.test_demo3.mapper.EmpInfoMapper' mapperInterface. Bean already defined with the same name!
15:02:27.797 [main] WARN  org.mybatis.spring.mapper.ClassPathMapperScanner - Skipping MapperFactoryBean with name 'empInfoMybatisPlusMapper' and 'com.dongbao.test_demo3.mapper.EmpInfoMybatisPlusMapper' mapperInterface. Bean already defined with the same name!
15:02:27.797 [main] WARN  org.mybatis.spring.mapper.ClassPathMapperScanner - No MyBatis mapper was found in '[com.dongbao.test_demo3.mapper]' package. Please check your configuration.
15:02:29.196 [main] WARN  c.b.mybatisplus.core.injector.DefaultSqlInjector - class com.dongbao.test_demo3.entity.AttWorkHourDay ,Not found @TableId annotation, Cannot use Mybatis-Plus 'xxById' Method.
15:02:29.390 [main] INFO  com.dongbao.test_demo3.config.AsyncConfig - 异步任务执行器已启用
15:02:30.042 [main] INFO  o.s.b.a.web.servlet.WelcomePageHandlerMapping - Adding welcome page: class path resource [static/index.html]
15:02:30.238 [main] WARN  o.s.b.a.t.ThymeleafAutoConfiguration$DefaultTemplateResolverConfiguration - Cannot find template location: classpath:/templates/ (please add some templates, check your Thymeleaf configuration, or set spring.thymeleaf.check-template-location=false)
15:02:30.240 [main] WARN  org.thymeleaf.templatemode.TemplateMode - [THYMELEAF][main] Template Mode 'HTML5' is deprecated. Using Template Mode 'HTML' instead.
15:02:30.629 [main] INFO  com.dongbao.test_demo3.TestMybatisPlus - Started TestMybatisPlus in 3.793 seconds (JVM running for 4.393)
15:02:30.674 [main] ERROR com.dongbao.test_demo3.TestMybatisPlus - ❌ 记录不存在 - ID: 1839563230621540353
15:04:41.138 [main] INFO  com.dongbao.test_demo3.TestMybatisPlus - Starting TestMybatisPlus using Java 1.8.0_151 on IT-013487 with PID 20384 (started by 013487 in E:\javaProject\test_demo3)
15:04:41.140 [main] INFO  com.dongbao.test_demo3.TestMybatisPlus - No active profile set, falling back to 1 default profile: "default"
15:04:41.673 [main] INFO  o.s.d.r.config.RepositoryConfigurationDelegate - Multiple Spring Data modules found, entering strict repository configuration mode
15:04:41.676 [main] INFO  o.s.d.r.config.RepositoryConfigurationDelegate - Bootstrapping Spring Data Redis repositories in DEFAULT mode.
15:04:41.707 [main] INFO  o.s.d.r.config.RepositoryConfigurationDelegate - Finished Spring Data repository scanning in 13 ms. Found 0 Redis repository interfaces.
15:04:41.807 [main] WARN  org.mybatis.spring.mapper.ClassPathMapperScanner - Skipping MapperFactoryBean with name 'attWorkHourDayPlusMapper' and 'com.dongbao.test_demo3.mapper.AttWorkHourDayPlusMapper' mapperInterface. Bean already defined with the same name!
15:04:41.807 [main] WARN  org.mybatis.spring.mapper.ClassPathMapperScanner - Skipping MapperFactoryBean with name 'empInfoMapper' and 'com.dongbao.test_demo3.mapper.EmpInfoMapper' mapperInterface. Bean already defined with the same name!
15:04:41.808 [main] WARN  org.mybatis.spring.mapper.ClassPathMapperScanner - Skipping MapperFactoryBean with name 'empInfoMybatisPlusMapper' and 'com.dongbao.test_demo3.mapper.EmpInfoMybatisPlusMapper' mapperInterface. Bean already defined with the same name!
15:04:41.808 [main] WARN  org.mybatis.spring.mapper.ClassPathMapperScanner - No MyBatis mapper was found in '[com.dongbao.test_demo3.mapper]' package. Please check your configuration.
15:04:43.128 [main] WARN  c.b.mybatisplus.core.injector.DefaultSqlInjector - class com.dongbao.test_demo3.entity.AttWorkHourDay ,Not found @TableId annotation, Cannot use Mybatis-Plus 'xxById' Method.
15:04:43.311 [main] INFO  com.dongbao.test_demo3.config.AsyncConfig - 异步任务执行器已启用
15:04:44.024 [main] INFO  o.s.b.a.web.servlet.WelcomePageHandlerMapping - Adding welcome page: class path resource [static/index.html]
15:04:44.227 [main] WARN  o.s.b.a.t.ThymeleafAutoConfiguration$DefaultTemplateResolverConfiguration - Cannot find template location: classpath:/templates/ (please add some templates, check your Thymeleaf configuration, or set spring.thymeleaf.check-template-location=false)
15:04:44.230 [main] WARN  org.thymeleaf.templatemode.TemplateMode - [THYMELEAF][main] Template Mode 'HTML5' is deprecated. Using Template Mode 'HTML' instead.
15:04:44.724 [main] INFO  com.dongbao.test_demo3.TestMybatisPlus - Started TestMybatisPlus in 3.848 seconds (JVM running for 4.465)
15:04:44.762 [main] INFO  com.zaxxer.hikari.HikariDataSource - HikariPool-1 - Starting...
15:04:45.428 [main] INFO  com.zaxxer.hikari.HikariDataSource - HikariPool-1 - Start completed.
15:04:45.451 [main] INFO  com.dongbao.test_demo3.TestMybatisPlus - 🔍 直接SQL查询结果: 记录数 = 1
15:04:45.460 [main] INFO  com.dongbao.test_demo3.TestMybatisPlus - 🔍 MyBatis查询结果: null
15:04:45.472 [SpringApplicationShutdownHook] INFO  com.zaxxer.hikari.HikariDataSource - HikariPool-1 - Shutdown initiated...
15:04:45.475 [SpringApplicationShutdownHook] INFO  com.zaxxer.hikari.HikariDataSource - HikariPool-1 - Shutdown completed.
15:06:54.090 [main] INFO  com.dongbao.test_demo3.TestMybatisPlus - Starting TestMybatisPlus using Java 1.8.0_151 on IT-013487 with PID 15992 (started by 013487 in E:\javaProject\test_demo3)
15:06:54.091 [main] INFO  com.dongbao.test_demo3.TestMybatisPlus - No active profile set, falling back to 1 default profile: "default"
15:06:54.601 [main] INFO  o.s.d.r.config.RepositoryConfigurationDelegate - Multiple Spring Data modules found, entering strict repository configuration mode
15:06:54.604 [main] INFO  o.s.d.r.config.RepositoryConfigurationDelegate - Bootstrapping Spring Data Redis repositories in DEFAULT mode.
15:06:54.621 [main] INFO  o.s.d.r.config.RepositoryConfigurationDelegate - Finished Spring Data repository scanning in 8 ms. Found 0 Redis repository interfaces.
15:06:54.709 [main] WARN  org.mybatis.spring.mapper.ClassPathMapperScanner - Skipping MapperFactoryBean with name 'attWorkHourDayPlusMapper' and 'com.dongbao.test_demo3.mapper.AttWorkHourDayPlusMapper' mapperInterface. Bean already defined with the same name!
15:06:54.709 [main] WARN  org.mybatis.spring.mapper.ClassPathMapperScanner - Skipping MapperFactoryBean with name 'empInfoMapper' and 'com.dongbao.test_demo3.mapper.EmpInfoMapper' mapperInterface. Bean already defined with the same name!
15:06:54.709 [main] WARN  org.mybatis.spring.mapper.ClassPathMapperScanner - Skipping MapperFactoryBean with name 'empInfoMybatisPlusMapper' and 'com.dongbao.test_demo3.mapper.EmpInfoMybatisPlusMapper' mapperInterface. Bean already defined with the same name!
15:06:54.710 [main] WARN  org.mybatis.spring.mapper.ClassPathMapperScanner - No MyBatis mapper was found in '[com.dongbao.test_demo3.mapper]' package. Please check your configuration.
15:06:56.066 [main] WARN  c.b.mybatisplus.core.injector.DefaultSqlInjector - class com.dongbao.test_demo3.entity.AttWorkHourDay ,Not found @TableId annotation, Cannot use Mybatis-Plus 'xxById' Method.
15:06:56.253 [main] INFO  com.dongbao.test_demo3.config.AsyncConfig - 异步任务执行器已启用
15:06:56.930 [main] INFO  o.s.b.a.web.servlet.WelcomePageHandlerMapping - Adding welcome page: class path resource [static/index.html]
15:06:57.107 [main] WARN  o.s.b.a.t.ThymeleafAutoConfiguration$DefaultTemplateResolverConfiguration - Cannot find template location: classpath:/templates/ (please add some templates, check your Thymeleaf configuration, or set spring.thymeleaf.check-template-location=false)
15:06:57.109 [main] WARN  org.thymeleaf.templatemode.TemplateMode - [THYMELEAF][main] Template Mode 'HTML5' is deprecated. Using Template Mode 'HTML' instead.
15:06:57.614 [main] INFO  com.dongbao.test_demo3.TestMybatisPlus - Started TestMybatisPlus in 3.811 seconds (JVM running for 4.425)
15:06:57.662 [main] INFO  com.zaxxer.hikari.HikariDataSource - HikariPool-1 - Starting...
15:06:58.229 [main] INFO  com.zaxxer.hikari.HikariDataSource - HikariPool-1 - Start completed.
15:06:58.231 [main] INFO  com.dongbao.test_demo3.TestMybatisPlus - === 精确诊断开始 ===
15:06:58.248 [main] INFO  com.dongbao.test_demo3.TestMybatisPlus - ✅ 找到记录:
15:06:58.248 [main] INFO  com.dongbao.test_demo3.TestMybatisPlus -   数据库中的ID(Long): 1839563230621540353
15:06:58.248 [main] INFO  com.dongbao.test_demo3.TestMybatisPlus -   数据库中的ID(String): 1839563230621540353
15:06:58.248 [main] INFO  com.dongbao.test_demo3.TestMybatisPlus -   硬编码ID: 1839563230621540353
15:06:58.248 [main] INFO  com.dongbao.test_demo3.TestMybatisPlus -   是否精确匹配: true
15:06:58.248 [main] INFO  com.dongbao.test_demo3.TestMybatisPlus -   is_delete: 0
15:06:58.249 [main] INFO  com.dongbao.test_demo3.TestMybatisPlus -   enable_date: 2024-09-19
15:06:58.249 [main] INFO  com.dongbao.test_demo3.TestMybatisPlus -   unable_date: 8024-06-19
15:06:58.249 [main] INFO  com.dongbao.test_demo3.TestMybatisPlus - --- MyBatis查询测试 ---
15:06:58.255 [main] INFO  com.dongbao.test_demo3.TestMybatisPlus - MyBatis查询结果: null
15:06:58.255 [main] INFO  com.dongbao.test_demo3.TestMybatisPlus - --- 字符串查询测试 ---
15:06:58.257 [main] INFO  com.dongbao.test_demo3.TestMybatisPlus - === 诊断结束 ===
15:06:58.270 [SpringApplicationShutdownHook] INFO  com.zaxxer.hikari.HikariDataSource - HikariPool-1 - Shutdown initiated...
15:06:58.273 [SpringApplicationShutdownHook] INFO  com.zaxxer.hikari.HikariDataSource - HikariPool-1 - Shutdown completed.
15:34:50.019 [main] INFO  com.dongbao.test_demo3.TestMybatisPlus - Starting TestMybatisPlus using Java 1.8.0_151 on IT-013487 with PID 26620 (started by 013487 in E:\javaProject\test_demo3)
15:34:50.020 [main] INFO  com.dongbao.test_demo3.TestMybatisPlus - No active profile set, falling back to 1 default profile: "default"
15:34:50.530 [main] INFO  o.s.d.r.config.RepositoryConfigurationDelegate - Multiple Spring Data modules found, entering strict repository configuration mode
15:34:50.539 [main] INFO  o.s.d.r.config.RepositoryConfigurationDelegate - Bootstrapping Spring Data Redis repositories in DEFAULT mode.
15:34:50.559 [main] INFO  o.s.d.r.config.RepositoryConfigurationDelegate - Finished Spring Data repository scanning in 10 ms. Found 0 Redis repository interfaces.
15:34:50.646 [main] WARN  org.mybatis.spring.mapper.ClassPathMapperScanner - Skipping MapperFactoryBean with name 'attWorkHourDayPlusMapper' and 'com.dongbao.test_demo3.mapper.AttWorkHourDayPlusMapper' mapperInterface. Bean already defined with the same name!
15:34:50.646 [main] WARN  org.mybatis.spring.mapper.ClassPathMapperScanner - Skipping MapperFactoryBean with name 'empInfoMapper' and 'com.dongbao.test_demo3.mapper.EmpInfoMapper' mapperInterface. Bean already defined with the same name!
15:34:50.647 [main] WARN  org.mybatis.spring.mapper.ClassPathMapperScanner - Skipping MapperFactoryBean with name 'empInfoMybatisPlusMapper' and 'com.dongbao.test_demo3.mapper.EmpInfoMybatisPlusMapper' mapperInterface. Bean already defined with the same name!
15:34:50.647 [main] WARN  org.mybatis.spring.mapper.ClassPathMapperScanner - No MyBatis mapper was found in '[com.dongbao.test_demo3.mapper]' package. Please check your configuration.
15:34:51.890 [main] WARN  c.b.mybatisplus.core.injector.DefaultSqlInjector - class com.dongbao.test_demo3.entity.AttWorkHourDay ,Not found @TableId annotation, Cannot use Mybatis-Plus 'xxById' Method.
15:34:52.077 [main] INFO  com.dongbao.test_demo3.config.AsyncConfig - 异步任务执行器已启用
15:34:52.757 [main] INFO  o.s.b.a.web.servlet.WelcomePageHandlerMapping - Adding welcome page: class path resource [static/index.html]
15:34:52.977 [main] WARN  o.s.b.a.t.ThymeleafAutoConfiguration$DefaultTemplateResolverConfiguration - Cannot find template location: classpath:/templates/ (please add some templates, check your Thymeleaf configuration, or set spring.thymeleaf.check-template-location=false)
15:34:52.979 [main] WARN  org.thymeleaf.templatemode.TemplateMode - [THYMELEAF][main] Template Mode 'HTML5' is deprecated. Using Template Mode 'HTML' instead.
15:34:53.423 [main] INFO  com.dongbao.test_demo3.TestMybatisPlus - Started TestMybatisPlus in 3.668 seconds (JVM running for 4.274)
15:34:53.458 [main] INFO  com.zaxxer.hikari.HikariDataSource - HikariPool-1 - Starting...
15:34:54.111 [main] INFO  com.zaxxer.hikari.HikariDataSource - HikariPool-1 - Start completed.
15:34:54.129 [main] INFO  com.dongbao.test_demo3.TestMybatisPlus - 🔍 直接SQL查询结果: 记录数 = 1
15:34:54.137 [main] INFO  com.dongbao.test_demo3.TestMybatisPlus - 🔍 MyBatis查询结果: null
15:34:54.149 [SpringApplicationShutdownHook] INFO  com.zaxxer.hikari.HikariDataSource - HikariPool-1 - Shutdown initiated...
15:34:54.152 [SpringApplicationShutdownHook] INFO  com.zaxxer.hikari.HikariDataSource - HikariPool-1 - Shutdown completed.
15:35:02.979 [main] INFO  com.dongbao.test_demo3.TestMybatisPlus - Starting TestMybatisPlus using Java 1.8.0_151 on IT-013487 with PID 10400 (started by 013487 in E:\javaProject\test_demo3)
15:35:02.980 [main] INFO  com.dongbao.test_demo3.TestMybatisPlus - No active profile set, falling back to 1 default profile: "default"
15:35:03.624 [main] INFO  o.s.d.r.config.RepositoryConfigurationDelegate - Multiple Spring Data modules found, entering strict repository configuration mode
15:35:03.628 [main] INFO  o.s.d.r.config.RepositoryConfigurationDelegate - Bootstrapping Spring Data Redis repositories in DEFAULT mode.
15:35:03.652 [main] INFO  o.s.d.r.config.RepositoryConfigurationDelegate - Finished Spring Data repository scanning in 11 ms. Found 0 Redis repository interfaces.
15:35:03.775 [main] WARN  org.mybatis.spring.mapper.ClassPathMapperScanner - Skipping MapperFactoryBean with name 'attWorkHourDayPlusMapper' and 'com.dongbao.test_demo3.mapper.AttWorkHourDayPlusMapper' mapperInterface. Bean already defined with the same name!
15:35:03.775 [main] WARN  org.mybatis.spring.mapper.ClassPathMapperScanner - Skipping MapperFactoryBean with name 'empInfoMapper' and 'com.dongbao.test_demo3.mapper.EmpInfoMapper' mapperInterface. Bean already defined with the same name!
15:35:03.775 [main] WARN  org.mybatis.spring.mapper.ClassPathMapperScanner - Skipping MapperFactoryBean with name 'empInfoMybatisPlusMapper' and 'com.dongbao.test_demo3.mapper.EmpInfoMybatisPlusMapper' mapperInterface. Bean already defined with the same name!
15:35:03.775 [main] WARN  org.mybatis.spring.mapper.ClassPathMapperScanner - No MyBatis mapper was found in '[com.dongbao.test_demo3.mapper]' package. Please check your configuration.
15:35:05.065 [main] WARN  c.b.mybatisplus.core.injector.DefaultSqlInjector - class com.dongbao.test_demo3.entity.AttWorkHourDay ,Not found @TableId annotation, Cannot use Mybatis-Plus 'xxById' Method.
15:35:05.248 [main] INFO  com.dongbao.test_demo3.config.AsyncConfig - 异步任务执行器已启用
15:35:05.869 [main] INFO  o.s.b.a.web.servlet.WelcomePageHandlerMapping - Adding welcome page: class path resource [static/index.html]
15:35:06.031 [main] WARN  o.s.b.a.t.ThymeleafAutoConfiguration$DefaultTemplateResolverConfiguration - Cannot find template location: classpath:/templates/ (please add some templates, check your Thymeleaf configuration, or set spring.thymeleaf.check-template-location=false)
15:35:06.034 [main] WARN  org.thymeleaf.templatemode.TemplateMode - [THYMELEAF][main] Template Mode 'HTML5' is deprecated. Using Template Mode 'HTML' instead.
15:35:06.470 [main] INFO  com.dongbao.test_demo3.TestMybatisPlus - Started TestMybatisPlus in 3.819 seconds (JVM running for 4.49)
15:35:06.513 [main] INFO  com.zaxxer.hikari.HikariDataSource - HikariPool-1 - Starting...
15:35:07.182 [main] INFO  com.zaxxer.hikari.HikariDataSource - HikariPool-1 - Start completed.
15:35:07.184 [main] INFO  com.dongbao.test_demo3.TestMybatisPlus - === 精确诊断开始 ===
15:35:07.200 [main] INFO  com.dongbao.test_demo3.TestMybatisPlus - ✅ 找到记录:
15:35:07.200 [main] INFO  com.dongbao.test_demo3.TestMybatisPlus -   数据库中的ID(Long): 1839563230621540353
15:35:07.200 [main] INFO  com.dongbao.test_demo3.TestMybatisPlus -   数据库中的ID(String): 1839563230621540353
15:35:07.201 [main] INFO  com.dongbao.test_demo3.TestMybatisPlus -   硬编码ID: 1839563230621540353
15:35:07.201 [main] INFO  com.dongbao.test_demo3.TestMybatisPlus -   是否精确匹配: true
15:35:07.201 [main] INFO  com.dongbao.test_demo3.TestMybatisPlus -   is_delete: 0
15:35:07.201 [main] INFO  com.dongbao.test_demo3.TestMybatisPlus -   enable_date: 2024-09-19
15:35:07.201 [main] INFO  com.dongbao.test_demo3.TestMybatisPlus -   unable_date: 8024-06-19
15:35:07.202 [main] INFO  com.dongbao.test_demo3.TestMybatisPlus - --- MyBatis查询测试 ---
15:35:07.207 [main] INFO  com.dongbao.test_demo3.TestMybatisPlus - MyBatis查询结果: null
15:35:07.207 [main] INFO  com.dongbao.test_demo3.TestMybatisPlus - --- 字符串查询测试 ---
15:35:07.209 [main] INFO  com.dongbao.test_demo3.TestMybatisPlus - === 诊断结束 ===
15:35:07.220 [SpringApplicationShutdownHook] INFO  com.zaxxer.hikari.HikariDataSource - HikariPool-1 - Shutdown initiated...
15:35:07.223 [SpringApplicationShutdownHook] INFO  com.zaxxer.hikari.HikariDataSource - HikariPool-1 - Shutdown completed.
15:37:33.362 [main] INFO  com.dongbao.test_demo3.TestMybatisPlus - Starting TestMybatisPlus using Java 1.8.0_151 on IT-013487 with PID 26148 (started by 013487 in E:\javaProject\test_demo3)
15:37:33.363 [main] INFO  com.dongbao.test_demo3.TestMybatisPlus - No active profile set, falling back to 1 default profile: "default"
15:37:33.893 [main] INFO  o.s.d.r.config.RepositoryConfigurationDelegate - Multiple Spring Data modules found, entering strict repository configuration mode
15:37:33.896 [main] INFO  o.s.d.r.config.RepositoryConfigurationDelegate - Bootstrapping Spring Data Redis repositories in DEFAULT mode.
15:37:33.915 [main] INFO  o.s.d.r.config.RepositoryConfigurationDelegate - Finished Spring Data repository scanning in 9 ms. Found 0 Redis repository interfaces.
15:37:34.018 [main] WARN  org.mybatis.spring.mapper.ClassPathMapperScanner - Skipping MapperFactoryBean with name 'attWorkHourDayPlusMapper' and 'com.dongbao.test_demo3.mapper.AttWorkHourDayPlusMapper' mapperInterface. Bean already defined with the same name!
15:37:34.018 [main] WARN  org.mybatis.spring.mapper.ClassPathMapperScanner - Skipping MapperFactoryBean with name 'empInfoMapper' and 'com.dongbao.test_demo3.mapper.EmpInfoMapper' mapperInterface. Bean already defined with the same name!
15:37:34.018 [main] WARN  org.mybatis.spring.mapper.ClassPathMapperScanner - Skipping MapperFactoryBean with name 'empInfoMybatisPlusMapper' and 'com.dongbao.test_demo3.mapper.EmpInfoMybatisPlusMapper' mapperInterface. Bean already defined with the same name!
15:37:34.018 [main] WARN  org.mybatis.spring.mapper.ClassPathMapperScanner - No MyBatis mapper was found in '[com.dongbao.test_demo3.mapper]' package. Please check your configuration.
15:37:35.420 [main] WARN  c.b.mybatisplus.core.injector.DefaultSqlInjector - class com.dongbao.test_demo3.entity.AttWorkHourDay ,Not found @TableId annotation, Cannot use Mybatis-Plus 'xxById' Method.
15:37:35.654 [main] INFO  com.dongbao.test_demo3.config.AsyncConfig - 异步任务执行器已启用
15:37:36.235 [main] INFO  o.s.b.a.web.servlet.WelcomePageHandlerMapping - Adding welcome page: class path resource [static/index.html]
15:37:36.446 [main] WARN  o.s.b.a.t.ThymeleafAutoConfiguration$DefaultTemplateResolverConfiguration - Cannot find template location: classpath:/templates/ (please add some templates, check your Thymeleaf configuration, or set spring.thymeleaf.check-template-location=false)
15:37:36.449 [main] WARN  org.thymeleaf.templatemode.TemplateMode - [THYMELEAF][main] Template Mode 'HTML5' is deprecated. Using Template Mode 'HTML' instead.
15:37:36.789 [main] INFO  com.dongbao.test_demo3.TestMybatisPlus - Started TestMybatisPlus in 3.714 seconds (JVM running for 4.332)
15:37:36.818 [main] INFO  com.zaxxer.hikari.HikariDataSource - HikariPool-1 - Starting...
15:37:37.355 [main] INFO  com.zaxxer.hikari.HikariDataSource - HikariPool-1 - Start completed.
15:37:37.374 [main] INFO  com.dongbao.test_demo3.TestMybatisPlus - 🔍 直接SQL查询结果: 记录数 = 1
15:37:37.383 [main] INFO  com.dongbao.test_demo3.TestMybatisPlus - 🔍 MyBatis查询结果: null
15:37:37.395 [SpringApplicationShutdownHook] INFO  com.zaxxer.hikari.HikariDataSource - HikariPool-1 - Shutdown initiated...
15:37:37.398 [SpringApplicationShutdownHook] INFO  com.zaxxer.hikari.HikariDataSource - HikariPool-1 - Shutdown completed.
15:37:46.375 [main] INFO  com.dongbao.test_demo3.TestMybatisPlus - Starting TestMybatisPlus using Java 1.8.0_151 on IT-013487 with PID 19012 (started by 013487 in E:\javaProject\test_demo3)
15:37:46.376 [main] INFO  com.dongbao.test_demo3.TestMybatisPlus - No active profile set, falling back to 1 default profile: "default"
15:37:46.936 [main] INFO  o.s.d.r.config.RepositoryConfigurationDelegate - Multiple Spring Data modules found, entering strict repository configuration mode
15:37:46.939 [main] INFO  o.s.d.r.config.RepositoryConfigurationDelegate - Bootstrapping Spring Data Redis repositories in DEFAULT mode.
15:37:46.964 [main] INFO  o.s.d.r.config.RepositoryConfigurationDelegate - Finished Spring Data repository scanning in 12 ms. Found 0 Redis repository interfaces.
15:37:47.096 [main] WARN  org.mybatis.spring.mapper.ClassPathMapperScanner - Skipping MapperFactoryBean with name 'attWorkHourDayPlusMapper' and 'com.dongbao.test_demo3.mapper.AttWorkHourDayPlusMapper' mapperInterface. Bean already defined with the same name!
15:37:47.096 [main] WARN  org.mybatis.spring.mapper.ClassPathMapperScanner - Skipping MapperFactoryBean with name 'empInfoMapper' and 'com.dongbao.test_demo3.mapper.EmpInfoMapper' mapperInterface. Bean already defined with the same name!
15:37:47.096 [main] WARN  org.mybatis.spring.mapper.ClassPathMapperScanner - Skipping MapperFactoryBean with name 'empInfoMybatisPlusMapper' and 'com.dongbao.test_demo3.mapper.EmpInfoMybatisPlusMapper' mapperInterface. Bean already defined with the same name!
15:37:47.096 [main] WARN  org.mybatis.spring.mapper.ClassPathMapperScanner - No MyBatis mapper was found in '[com.dongbao.test_demo3.mapper]' package. Please check your configuration.
15:37:48.548 [main] WARN  c.b.mybatisplus.core.injector.DefaultSqlInjector - class com.dongbao.test_demo3.entity.AttWorkHourDay ,Not found @TableId annotation, Cannot use Mybatis-Plus 'xxById' Method.
15:37:48.829 [main] INFO  com.dongbao.test_demo3.config.AsyncConfig - 异步任务执行器已启用
15:37:49.459 [main] INFO  o.s.b.a.web.servlet.WelcomePageHandlerMapping - Adding welcome page: class path resource [static/index.html]
15:37:49.669 [main] WARN  o.s.b.a.t.ThymeleafAutoConfiguration$DefaultTemplateResolverConfiguration - Cannot find template location: classpath:/templates/ (please add some templates, check your Thymeleaf configuration, or set spring.thymeleaf.check-template-location=false)
15:37:49.675 [main] WARN  org.thymeleaf.templatemode.TemplateMode - [THYMELEAF][main] Template Mode 'HTML5' is deprecated. Using Template Mode 'HTML' instead.
15:37:50.285 [main] INFO  com.dongbao.test_demo3.TestMybatisPlus - Started TestMybatisPlus in 4.208 seconds (JVM running for 4.822)
15:37:50.341 [main] INFO  com.zaxxer.hikari.HikariDataSource - HikariPool-1 - Starting...
15:37:51.056 [main] INFO  com.zaxxer.hikari.HikariDataSource - HikariPool-1 - Start completed.
15:37:51.058 [main] INFO  com.dongbao.test_demo3.TestMybatisPlus - === 精确诊断开始 ===
15:37:51.078 [main] INFO  com.dongbao.test_demo3.TestMybatisPlus - ✅ 找到记录:
15:37:51.078 [main] INFO  com.dongbao.test_demo3.TestMybatisPlus -   数据库中的ID(Long): 1839563230621540353
15:37:51.078 [main] INFO  com.dongbao.test_demo3.TestMybatisPlus -   数据库中的ID(String): 1839563230621540353
15:37:51.078 [main] INFO  com.dongbao.test_demo3.TestMybatisPlus -   硬编码ID: 1839563230621540353
15:37:51.079 [main] INFO  com.dongbao.test_demo3.TestMybatisPlus -   是否精确匹配: true
15:37:51.079 [main] INFO  com.dongbao.test_demo3.TestMybatisPlus -   is_delete: 0
15:37:51.080 [main] INFO  com.dongbao.test_demo3.TestMybatisPlus -   enable_date: 2024-09-19
15:37:51.081 [main] INFO  com.dongbao.test_demo3.TestMybatisPlus -   unable_date: 8024-06-19
15:37:51.081 [main] INFO  com.dongbao.test_demo3.TestMybatisPlus - --- MyBatis查询测试 ---
15:37:51.088 [main] INFO  com.dongbao.test_demo3.TestMybatisPlus - MyBatis查询结果: null
15:37:51.088 [main] INFO  com.dongbao.test_demo3.TestMybatisPlus - --- 字符串查询测试 ---
15:37:51.090 [main] INFO  com.dongbao.test_demo3.TestMybatisPlus - === 诊断结束 ===
15:37:51.104 [SpringApplicationShutdownHook] INFO  com.zaxxer.hikari.HikariDataSource - HikariPool-1 - Shutdown initiated...
15:37:51.106 [SpringApplicationShutdownHook] INFO  com.zaxxer.hikari.HikariDataSource - HikariPool-1 - Shutdown completed.
15:38:34.846 [main] INFO  com.dongbao.test_demo3.TestMybatisPlus - Starting TestMybatisPlus using Java 1.8.0_151 on IT-013487 with PID 25272 (started by 013487 in E:\javaProject\test_demo3)
15:38:34.849 [main] INFO  com.dongbao.test_demo3.TestMybatisPlus - No active profile set, falling back to 1 default profile: "default"
15:38:35.461 [main] INFO  o.s.d.r.config.RepositoryConfigurationDelegate - Multiple Spring Data modules found, entering strict repository configuration mode
15:38:35.464 [main] INFO  o.s.d.r.config.RepositoryConfigurationDelegate - Bootstrapping Spring Data Redis repositories in DEFAULT mode.
15:38:35.487 [main] INFO  o.s.d.r.config.RepositoryConfigurationDelegate - Finished Spring Data repository scanning in 10 ms. Found 0 Redis repository interfaces.
15:38:35.589 [main] WARN  org.mybatis.spring.mapper.ClassPathMapperScanner - Skipping MapperFactoryBean with name 'attWorkHourDayPlusMapper' and 'com.dongbao.test_demo3.mapper.AttWorkHourDayPlusMapper' mapperInterface. Bean already defined with the same name!
15:38:35.590 [main] WARN  org.mybatis.spring.mapper.ClassPathMapperScanner - Skipping MapperFactoryBean with name 'empInfoMapper' and 'com.dongbao.test_demo3.mapper.EmpInfoMapper' mapperInterface. Bean already defined with the same name!
15:38:35.590 [main] WARN  org.mybatis.spring.mapper.ClassPathMapperScanner - Skipping MapperFactoryBean with name 'empInfoMybatisPlusMapper' and 'com.dongbao.test_demo3.mapper.EmpInfoMybatisPlusMapper' mapperInterface. Bean already defined with the same name!
15:38:35.590 [main] WARN  org.mybatis.spring.mapper.ClassPathMapperScanner - No MyBatis mapper was found in '[com.dongbao.test_demo3.mapper]' package. Please check your configuration.
15:38:36.900 [main] WARN  c.b.mybatisplus.core.injector.DefaultSqlInjector - class com.dongbao.test_demo3.entity.AttWorkHourDay ,Not found @TableId annotation, Cannot use Mybatis-Plus 'xxById' Method.
15:38:37.096 [main] INFO  com.dongbao.test_demo3.config.AsyncConfig - 异步任务执行器已启用
15:38:37.820 [main] INFO  o.s.b.a.web.servlet.WelcomePageHandlerMapping - Adding welcome page: class path resource [static/index.html]
15:38:38.072 [main] WARN  o.s.b.a.t.ThymeleafAutoConfiguration$DefaultTemplateResolverConfiguration - Cannot find template location: classpath:/templates/ (please add some templates, check your Thymeleaf configuration, or set spring.thymeleaf.check-template-location=false)
15:38:38.075 [main] WARN  org.thymeleaf.templatemode.TemplateMode - [THYMELEAF][main] Template Mode 'HTML5' is deprecated. Using Template Mode 'HTML' instead.
15:38:38.495 [main] INFO  com.dongbao.test_demo3.TestMybatisPlus - Started TestMybatisPlus in 3.948 seconds (JVM running for 4.652)
15:38:38.528 [main] INFO  com.dongbao.test_demo3.TestMybatisPlus - === 终极诊断开始 ===
15:38:38.529 [main] INFO  com.zaxxer.hikari.HikariDataSource - HikariPool-1 - Starting...
15:38:39.179 [main] INFO  com.zaxxer.hikari.HikariDataSource - HikariPool-1 - Start completed.
15:38:39.181 [main] INFO  com.dongbao.test_demo3.TestMybatisPlus - --- 检查MP配置 ---
15:38:39.197 [main] INFO  com.dongbao.test_demo3.TestMybatisPlus - ✅ 原生SQL查询成功
15:38:39.198 [main] INFO  com.dongbao.test_demo3.TestMybatisPlus -   原生查询结果 - id: 1839563230621540353, name: 王浚玥, emp_no: 013487, is_delete: 0
15:38:39.204 [main] INFO  com.dongbao.test_demo3.TestMybatisPlus - ❌ MyBatis查询结果: null
15:38:39.204 [main] INFO  com.dongbao.test_demo3.TestMybatisPlus - --- 测试MyBatis基础功能 ---
15:38:39.204 [main] INFO  com.dongbao.test_demo3.TestMybatisPlus - MyBatis查询所有记录数: 0
15:38:39.204 [main] INFO  com.dongbao.test_demo3.TestMybatisPlus - --- 检查实体类映射 ---
15:38:39.204 [main] INFO  com.dongbao.test_demo3.TestMybatisPlus - 使用的实体类: com.dongbao.test_demo3.entity.EmpInfo
15:38:39.204 [main] INFO  com.dongbao.test_demo3.TestMybatisPlus - 实体类加载器: sun.misc.Launcher$AppClassLoader@18b4aac2
15:38:39.204 [main] INFO  com.dongbao.test_demo3.TestMybatisPlus - --- 测试QueryWrapper查询 ---
15:38:39.211 [main] INFO  com.dongbao.test_demo3.TestMybatisPlus - QueryWrapper查询结果: null
15:38:39.211 [main] INFO  com.dongbao.test_demo3.TestMybatisPlus - --- 测试插入查询 ---
15:38:39.211 [main] INFO  com.dongbao.test_demo3.TestMybatisPlus - 插入测试数据结果: 0
15:38:39.211 [main] INFO  com.dongbao.test_demo3.TestMybatisPlus - 查询刚插入的数据: null
15:38:39.213 [main] INFO  com.dongbao.test_demo3.TestMybatisPlus - === 终极诊断结束 ===
15:38:39.230 [SpringApplicationShutdownHook] INFO  com.zaxxer.hikari.HikariDataSource - HikariPool-1 - Shutdown initiated...
15:38:39.232 [SpringApplicationShutdownHook] INFO  com.zaxxer.hikari.HikariDataSource - HikariPool-1 - Shutdown completed.
15:40:18.398 [main] INFO  com.dongbao.test_demo3.TestMybatisPlus - Starting TestMybatisPlus using Java 1.8.0_151 on IT-013487 with PID 13180 (started by 013487 in E:\javaProject\test_demo3)
15:40:18.400 [main] INFO  com.dongbao.test_demo3.TestMybatisPlus - No active profile set, falling back to 1 default profile: "default"
15:40:18.936 [main] INFO  o.s.d.r.config.RepositoryConfigurationDelegate - Multiple Spring Data modules found, entering strict repository configuration mode
15:40:18.938 [main] INFO  o.s.d.r.config.RepositoryConfigurationDelegate - Bootstrapping Spring Data Redis repositories in DEFAULT mode.
15:40:18.955 [main] INFO  o.s.d.r.config.RepositoryConfigurationDelegate - Finished Spring Data repository scanning in 8 ms. Found 0 Redis repository interfaces.
15:40:19.041 [main] WARN  org.mybatis.spring.mapper.ClassPathMapperScanner - Skipping MapperFactoryBean with name 'attWorkHourDayPlusMapper' and 'com.dongbao.test_demo3.mapper.AttWorkHourDayPlusMapper' mapperInterface. Bean already defined with the same name!
15:40:19.042 [main] WARN  org.mybatis.spring.mapper.ClassPathMapperScanner - Skipping MapperFactoryBean with name 'empInfoMapper' and 'com.dongbao.test_demo3.mapper.EmpInfoMapper' mapperInterface. Bean already defined with the same name!
15:40:19.042 [main] WARN  org.mybatis.spring.mapper.ClassPathMapperScanner - Skipping MapperFactoryBean with name 'empInfoMybatisPlusMapper' and 'com.dongbao.test_demo3.mapper.EmpInfoMybatisPlusMapper' mapperInterface. Bean already defined with the same name!
15:40:19.042 [main] WARN  org.mybatis.spring.mapper.ClassPathMapperScanner - No MyBatis mapper was found in '[com.dongbao.test_demo3.mapper]' package. Please check your configuration.
15:40:20.281 [main] WARN  c.b.mybatisplus.core.injector.DefaultSqlInjector - class com.dongbao.test_demo3.entity.AttWorkHourDay ,Not found @TableId annotation, Cannot use Mybatis-Plus 'xxById' Method.
15:40:20.480 [main] INFO  com.dongbao.test_demo3.config.AsyncConfig - 异步任务执行器已启用
15:40:21.077 [main] INFO  o.s.b.a.web.servlet.WelcomePageHandlerMapping - Adding welcome page: class path resource [static/index.html]
15:40:21.299 [main] WARN  o.s.b.a.t.ThymeleafAutoConfiguration$DefaultTemplateResolverConfiguration - Cannot find template location: classpath:/templates/ (please add some templates, check your Thymeleaf configuration, or set spring.thymeleaf.check-template-location=false)
15:40:21.302 [main] WARN  org.thymeleaf.templatemode.TemplateMode - [THYMELEAF][main] Template Mode 'HTML5' is deprecated. Using Template Mode 'HTML' instead.
15:40:21.790 [main] INFO  com.dongbao.test_demo3.TestMybatisPlus - Started TestMybatisPlus in 3.686 seconds (JVM running for 4.303)
15:40:21.843 [main] ERROR com.dongbao.test_demo3.TestMybatisPlus - ❌ 记录不存在 - ID: 1839563230621540353
15:40:25.002 [main] INFO  com.dongbao.test_demo3.TestMybatisPlus - Starting TestMybatisPlus using Java 1.8.0_151 on IT-013487 with PID 23576 (started by 013487 in E:\javaProject\test_demo3)
15:40:25.003 [main] INFO  com.dongbao.test_demo3.TestMybatisPlus - No active profile set, falling back to 1 default profile: "default"
15:40:25.529 [main] INFO  o.s.d.r.config.RepositoryConfigurationDelegate - Multiple Spring Data modules found, entering strict repository configuration mode
15:40:25.531 [main] INFO  o.s.d.r.config.RepositoryConfigurationDelegate - Bootstrapping Spring Data Redis repositories in DEFAULT mode.
15:40:25.548 [main] INFO  o.s.d.r.config.RepositoryConfigurationDelegate - Finished Spring Data repository scanning in 7 ms. Found 0 Redis repository interfaces.
15:40:25.634 [main] WARN  org.mybatis.spring.mapper.ClassPathMapperScanner - Skipping MapperFactoryBean with name 'attWorkHourDayPlusMapper' and 'com.dongbao.test_demo3.mapper.AttWorkHourDayPlusMapper' mapperInterface. Bean already defined with the same name!
15:40:25.635 [main] WARN  org.mybatis.spring.mapper.ClassPathMapperScanner - Skipping MapperFactoryBean with name 'empInfoMapper' and 'com.dongbao.test_demo3.mapper.EmpInfoMapper' mapperInterface. Bean already defined with the same name!
15:40:25.635 [main] WARN  org.mybatis.spring.mapper.ClassPathMapperScanner - Skipping MapperFactoryBean with name 'empInfoMybatisPlusMapper' and 'com.dongbao.test_demo3.mapper.EmpInfoMybatisPlusMapper' mapperInterface. Bean already defined with the same name!
15:40:25.635 [main] WARN  org.mybatis.spring.mapper.ClassPathMapperScanner - No MyBatis mapper was found in '[com.dongbao.test_demo3.mapper]' package. Please check your configuration.
15:40:26.907 [main] WARN  c.b.mybatisplus.core.injector.DefaultSqlInjector - class com.dongbao.test_demo3.entity.AttWorkHourDay ,Not found @TableId annotation, Cannot use Mybatis-Plus 'xxById' Method.
15:40:27.092 [main] INFO  com.dongbao.test_demo3.config.AsyncConfig - 异步任务执行器已启用
15:40:27.691 [main] INFO  o.s.b.a.web.servlet.WelcomePageHandlerMapping - Adding welcome page: class path resource [static/index.html]
15:40:27.873 [main] WARN  o.s.b.a.t.ThymeleafAutoConfiguration$DefaultTemplateResolverConfiguration - Cannot find template location: classpath:/templates/ (please add some templates, check your Thymeleaf configuration, or set spring.thymeleaf.check-template-location=false)
15:40:27.875 [main] WARN  org.thymeleaf.templatemode.TemplateMode - [THYMELEAF][main] Template Mode 'HTML5' is deprecated. Using Template Mode 'HTML' instead.
15:40:28.369 [main] INFO  com.dongbao.test_demo3.TestMybatisPlus - Started TestMybatisPlus in 3.65 seconds (JVM running for 4.279)
15:40:28.428 [main] INFO  com.zaxxer.hikari.HikariDataSource - HikariPool-1 - Starting...
15:40:29.189 [main] INFO  com.zaxxer.hikari.HikariDataSource - HikariPool-1 - Start completed.
15:40:29.208 [main] INFO  com.dongbao.test_demo3.TestMybatisPlus - 🔍 直接SQL查询结果: 记录数 = 1
15:40:29.219 [main] INFO  com.dongbao.test_demo3.TestMybatisPlus - 🔍 MyBatis查询结果: null
15:40:29.233 [SpringApplicationShutdownHook] INFO  com.zaxxer.hikari.HikariDataSource - HikariPool-1 - Shutdown initiated...
15:40:29.241 [SpringApplicationShutdownHook] INFO  com.zaxxer.hikari.HikariDataSource - HikariPool-1 - Shutdown completed.
15:41:22.120 [main] INFO  com.dongbao.test_demo3.TestMybatisPlus - Starting TestMybatisPlus using Java 1.8.0_151 on IT-013487 with PID 19628 (started by 013487 in E:\javaProject\test_demo3)
15:41:22.122 [main] INFO  com.dongbao.test_demo3.TestMybatisPlus - No active profile set, falling back to 1 default profile: "default"
15:41:22.663 [main] INFO  o.s.d.r.config.RepositoryConfigurationDelegate - Multiple Spring Data modules found, entering strict repository configuration mode
15:41:22.665 [main] INFO  o.s.d.r.config.RepositoryConfigurationDelegate - Bootstrapping Spring Data Redis repositories in DEFAULT mode.
15:41:22.682 [main] INFO  o.s.d.r.config.RepositoryConfigurationDelegate - Finished Spring Data repository scanning in 8 ms. Found 0 Redis repository interfaces.
15:41:22.783 [main] WARN  org.mybatis.spring.mapper.ClassPathMapperScanner - Skipping MapperFactoryBean with name 'attWorkHourDayPlusMapper' and 'com.dongbao.test_demo3.mapper.AttWorkHourDayPlusMapper' mapperInterface. Bean already defined with the same name!
15:41:22.783 [main] WARN  org.mybatis.spring.mapper.ClassPathMapperScanner - Skipping MapperFactoryBean with name 'empInfoMapper' and 'com.dongbao.test_demo3.mapper.EmpInfoMapper' mapperInterface. Bean already defined with the same name!
15:41:22.783 [main] WARN  org.mybatis.spring.mapper.ClassPathMapperScanner - Skipping MapperFactoryBean with name 'empInfoMybatisPlusMapper' and 'com.dongbao.test_demo3.mapper.EmpInfoMybatisPlusMapper' mapperInterface. Bean already defined with the same name!
15:41:22.783 [main] WARN  org.mybatis.spring.mapper.ClassPathMapperScanner - No MyBatis mapper was found in '[com.dongbao.test_demo3.mapper]' package. Please check your configuration.
15:41:24.025 [main] WARN  c.b.mybatisplus.core.injector.DefaultSqlInjector - class com.dongbao.test_demo3.entity.AttWorkHourDay ,Not found @TableId annotation, Cannot use Mybatis-Plus 'xxById' Method.
15:41:24.252 [main] INFO  com.dongbao.test_demo3.config.AsyncConfig - 异步任务执行器已启用
15:41:24.860 [main] INFO  o.s.b.a.web.servlet.WelcomePageHandlerMapping - Adding welcome page: class path resource [static/index.html]
15:41:25.049 [main] WARN  o.s.b.a.t.ThymeleafAutoConfiguration$DefaultTemplateResolverConfiguration - Cannot find template location: classpath:/templates/ (please add some templates, check your Thymeleaf configuration, or set spring.thymeleaf.check-template-location=false)
15:41:25.052 [main] WARN  org.thymeleaf.templatemode.TemplateMode - [THYMELEAF][main] Template Mode 'HTML5' is deprecated. Using Template Mode 'HTML' instead.
15:41:25.462 [main] INFO  com.dongbao.test_demo3.TestMybatisPlus - Started TestMybatisPlus in 3.608 seconds (JVM running for 4.234)
15:41:25.497 [main] INFO  com.dongbao.test_demo3.TestMybatisPlus - === 修复后验证测试 ===
15:41:25.506 [main] INFO  com.dongbao.test_demo3.TestMybatisPlus - 1. 查询所有记录数: 0
15:41:25.507 [main] INFO  com.dongbao.test_demo3.TestMybatisPlus - 2. 查询特定ID结果: null
15:41:25.507 [main] INFO  com.dongbao.test_demo3.TestMybatisPlus - 5. 插入测试结果: 0
15:41:25.508 [main] INFO  com.dongbao.test_demo3.TestMybatisPlus - === 验证结束 ===
15:43:11.498 [main] INFO  com.dongbao.test_demo3.TestMybatisPlus - Starting TestMybatisPlus using Java 1.8.0_151 on IT-013487 with PID 13188 (started by 013487 in E:\javaProject\test_demo3)
15:43:11.499 [main] INFO  com.dongbao.test_demo3.TestMybatisPlus - No active profile set, falling back to 1 default profile: "default"
15:43:12.042 [main] INFO  o.s.d.r.config.RepositoryConfigurationDelegate - Multiple Spring Data modules found, entering strict repository configuration mode
15:43:12.045 [main] INFO  o.s.d.r.config.RepositoryConfigurationDelegate - Bootstrapping Spring Data Redis repositories in DEFAULT mode.
15:43:12.065 [main] INFO  o.s.d.r.config.RepositoryConfigurationDelegate - Finished Spring Data repository scanning in 9 ms. Found 0 Redis repository interfaces.
15:43:12.183 [main] WARN  org.mybatis.spring.mapper.ClassPathMapperScanner - Skipping MapperFactoryBean with name 'attWorkHourDayPlusMapper' and 'com.dongbao.test_demo3.mapper.AttWorkHourDayPlusMapper' mapperInterface. Bean already defined with the same name!
15:43:12.183 [main] WARN  org.mybatis.spring.mapper.ClassPathMapperScanner - Skipping MapperFactoryBean with name 'empInfoMapper' and 'com.dongbao.test_demo3.mapper.EmpInfoMapper' mapperInterface. Bean already defined with the same name!
15:43:12.183 [main] WARN  org.mybatis.spring.mapper.ClassPathMapperScanner - Skipping MapperFactoryBean with name 'empInfoMybatisPlusMapper' and 'com.dongbao.test_demo3.mapper.EmpInfoMybatisPlusMapper' mapperInterface. Bean already defined with the same name!
15:43:12.183 [main] WARN  org.mybatis.spring.mapper.ClassPathMapperScanner - No MyBatis mapper was found in '[com.dongbao.test_demo3.mapper]' package. Please check your configuration.
15:43:13.454 [main] WARN  c.b.mybatisplus.core.injector.DefaultSqlInjector - class com.dongbao.test_demo3.entity.AttWorkHourDay ,Not found @TableId annotation, Cannot use Mybatis-Plus 'xxById' Method.
15:43:13.657 [main] INFO  com.dongbao.test_demo3.config.AsyncConfig - 异步任务执行器已启用
15:43:14.316 [main] INFO  o.s.b.a.web.servlet.WelcomePageHandlerMapping - Adding welcome page: class path resource [static/index.html]
15:43:14.516 [main] WARN  o.s.b.a.t.ThymeleafAutoConfiguration$DefaultTemplateResolverConfiguration - Cannot find template location: classpath:/templates/ (please add some templates, check your Thymeleaf configuration, or set spring.thymeleaf.check-template-location=false)
15:43:14.520 [main] WARN  org.thymeleaf.templatemode.TemplateMode - [THYMELEAF][main] Template Mode 'HTML5' is deprecated. Using Template Mode 'HTML' instead.
15:43:14.911 [main] INFO  com.dongbao.test_demo3.TestMybatisPlus - Started TestMybatisPlus in 3.687 seconds (JVM running for 4.291)
15:43:14.943 [main] INFO  com.dongbao.test_demo3.TestMybatisPlus - === 数据库连接和配置检查 ===
15:43:14.944 [main] INFO  com.zaxxer.hikari.HikariDataSource - HikariPool-1 - Starting...
15:43:15.527 [main] INFO  com.zaxxer.hikari.HikariDataSource - HikariPool-1 - Start completed.
15:43:15.529 [main] INFO  com.dongbao.test_demo3.TestMybatisPlus - 1. 当前数据库: dhg
15:43:15.579 [main] INFO  com.dongbao.test_demo3.TestMybatisPlus - 2. emp_info表存在
15:43:15.600 [main] INFO  com.dongbao.test_demo3.TestMybatisPlus - 3. 实际数据记录数: 65742
15:43:15.600 [main] INFO  com.dongbao.test_demo3.TestMybatisPlus - 4. 数据库URL: jdbc:mysql://172.10.10.115:3306/dhg?useUnicode=true&characterEncoding=UTF-8&serverTimezone=Asia/Shanghai
15:43:15.600 [main] INFO  com.dongbao.test_demo3.TestMybatisPlus - 5. 数据源类: com.zaxxer.hikari.HikariDataSource
15:43:15.602 [main] INFO  com.dongbao.test_demo3.TestMybatisPlus - 6. Spring容器中的Mapper Bean数量: 1
15:43:15.602 [main] INFO  com.dongbao.test_demo3.TestMybatisPlus -    - empInfoMybatisPlusMapper
15:43:15.602 [main] INFO  com.dongbao.test_demo3.TestMybatisPlus - === 检查结束 ===
15:43:15.612 [SpringApplicationShutdownHook] INFO  com.zaxxer.hikari.HikariDataSource - HikariPool-1 - Shutdown initiated...
15:43:15.616 [SpringApplicationShutdownHook] INFO  com.zaxxer.hikari.HikariDataSource - HikariPool-1 - Shutdown completed.
15:44:29.461 [main] INFO  com.dongbao.test_demo3.TestMybatisPlus - Starting TestMybatisPlus using Java 1.8.0_151 on IT-013487 with PID 18304 (started by 013487 in E:\javaProject\test_demo3)
15:44:29.463 [main] INFO  com.dongbao.test_demo3.TestMybatisPlus - No active profile set, falling back to 1 default profile: "default"
15:44:30.183 [main] INFO  o.s.d.r.config.RepositoryConfigurationDelegate - Multiple Spring Data modules found, entering strict repository configuration mode
15:44:30.186 [main] INFO  o.s.d.r.config.RepositoryConfigurationDelegate - Bootstrapping Spring Data Redis repositories in DEFAULT mode.
15:44:30.207 [main] INFO  o.s.d.r.config.RepositoryConfigurationDelegate - Finished Spring Data repository scanning in 11 ms. Found 0 Redis repository interfaces.
15:44:30.300 [main] WARN  org.mybatis.spring.mapper.ClassPathMapperScanner - Skipping MapperFactoryBean with name 'attWorkHourDayPlusMapper' and 'com.dongbao.test_demo3.mapper.AttWorkHourDayPlusMapper' mapperInterface. Bean already defined with the same name!
15:44:30.300 [main] WARN  org.mybatis.spring.mapper.ClassPathMapperScanner - Skipping MapperFactoryBean with name 'empInfoMapper' and 'com.dongbao.test_demo3.mapper.EmpInfoMapper' mapperInterface. Bean already defined with the same name!
15:44:30.300 [main] WARN  org.mybatis.spring.mapper.ClassPathMapperScanner - Skipping MapperFactoryBean with name 'empInfoMybatisPlusMapper' and 'com.dongbao.test_demo3.mapper.EmpInfoMybatisPlusMapper' mapperInterface. Bean already defined with the same name!
15:44:30.301 [main] WARN  org.mybatis.spring.mapper.ClassPathMapperScanner - No MyBatis mapper was found in '[com.dongbao.test_demo3.mapper]' package. Please check your configuration.
15:44:31.676 [main] WARN  c.b.mybatisplus.core.injector.DefaultSqlInjector - class com.dongbao.test_demo3.entity.AttWorkHourDay ,Not found @TableId annotation, Cannot use Mybatis-Plus 'xxById' Method.
15:44:31.893 [main] INFO  com.dongbao.test_demo3.config.AsyncConfig - 异步任务执行器已启用
15:44:32.578 [main] INFO  o.s.b.a.web.servlet.WelcomePageHandlerMapping - Adding welcome page: class path resource [static/index.html]
15:44:32.819 [main] WARN  o.s.b.a.t.ThymeleafAutoConfiguration$DefaultTemplateResolverConfiguration - Cannot find template location: classpath:/templates/ (please add some templates, check your Thymeleaf configuration, or set spring.thymeleaf.check-template-location=false)
15:44:32.822 [main] WARN  org.thymeleaf.templatemode.TemplateMode - [THYMELEAF][main] Template Mode 'HTML5' is deprecated. Using Template Mode 'HTML' instead.
15:44:33.219 [main] INFO  com.dongbao.test_demo3.TestMybatisPlus - Started TestMybatisPlus in 4.094 seconds (JVM running for 4.765)
15:44:33.261 [main] INFO  com.dongbao.test_demo3.TestMybatisPlus - === 字段映射诊断 ===
15:44:33.262 [main] INFO  com.zaxxer.hikari.HikariDataSource - HikariPool-1 - Starting...
15:44:33.965 [main] INFO  com.zaxxer.hikari.HikariDataSource - HikariPool-1 - Start completed.
15:44:34.081 [main] INFO  com.dongbao.test_demo3.TestMybatisPlus - 📋 数据库表结构:
15:44:34.083 [main] INFO  com.dongbao.test_demo3.TestMybatisPlus -   列: id , 类型: BIGINT UNSIGNED
15:44:34.083 [main] INFO  com.dongbao.test_demo3.TestMybatisPlus -   列: origin_id , 类型: BIGINT
15:44:34.084 [main] INFO  com.dongbao.test_demo3.TestMybatisPlus -   列: head_portrait , 类型: VARCHAR
15:44:34.084 [main] INFO  com.dongbao.test_demo3.TestMybatisPlus -   列: name , 类型: VARCHAR
15:44:34.084 [main] INFO  com.dongbao.test_demo3.TestMybatisPlus -   列: short_name , 类型: VARCHAR
15:44:34.084 [main] INFO  com.dongbao.test_demo3.TestMybatisPlus -   列: english_name , 类型: VARCHAR
15:44:34.084 [main] INFO  com.dongbao.test_demo3.TestMybatisPlus -   列: education , 类型: VARCHAR
15:44:34.084 [main] INFO  com.dongbao.test_demo3.TestMybatisPlus -   列: sex , 类型: VARCHAR
15:44:34.084 [main] INFO  com.dongbao.test_demo3.TestMybatisPlus -   列: mobile , 类型: VARCHAR
15:44:34.084 [main] INFO  com.dongbao.test_demo3.TestMybatisPlus -   列: marital_status , 类型: VARCHAR
15:44:34.084 [main] INFO  com.dongbao.test_demo3.TestMybatisPlus -   列: email , 类型: VARCHAR
15:44:34.084 [main] INFO  com.dongbao.test_demo3.TestMybatisPlus -   列: certificate_type , 类型: VARCHAR
15:44:34.084 [main] INFO  com.dongbao.test_demo3.TestMybatisPlus -   列: certificate_no , 类型: VARCHAR
15:44:34.084 [main] INFO  com.dongbao.test_demo3.TestMybatisPlus -   列: certificate_start_date , 类型: DATETIME
15:44:34.084 [main] INFO  com.dongbao.test_demo3.TestMybatisPlus -   列: certificate_end_date , 类型: DATETIME
15:44:34.084 [main] INFO  com.dongbao.test_demo3.TestMybatisPlus -   列: id_card_address , 类型: VARCHAR
15:44:34.084 [main] INFO  com.dongbao.test_demo3.TestMybatisPlus -   列: birth_date_type , 类型: VARCHAR
15:44:34.084 [main] INFO  com.dongbao.test_demo3.TestMybatisPlus -   列: birth_date , 类型: DATETIME
15:44:34.085 [main] INFO  com.dongbao.test_demo3.TestMybatisPlus -   列: nation , 类型: VARCHAR
15:44:34.085 [main] INFO  com.dongbao.test_demo3.TestMybatisPlus -   列: nationality_id , 类型: VARCHAR
15:44:34.085 [main] INFO  com.dongbao.test_demo3.TestMybatisPlus -   列: nationality , 类型: VARCHAR
15:44:34.085 [main] INFO  com.dongbao.test_demo3.TestMybatisPlus -   列: native_place , 类型: VARCHAR
15:44:34.085 [main] INFO  com.dongbao.test_demo3.TestMybatisPlus -   列: domicile_type , 类型: VARCHAR
15:44:34.085 [main] INFO  com.dongbao.test_demo3.TestMybatisPlus -   列: politics_status , 类型: VARCHAR
15:44:34.085 [main] INFO  com.dongbao.test_demo3.TestMybatisPlus -   列: address , 类型: LONGTEXT
15:44:34.085 [main] INFO  com.dongbao.test_demo3.TestMybatisPlus -   列: blood_type , 类型: VARCHAR
15:44:34.085 [main] INFO  com.dongbao.test_demo3.TestMybatisPlus -   列: height , 类型: DECIMAL
15:44:34.085 [main] INFO  com.dongbao.test_demo3.TestMybatisPlus -   列: constellation , 类型: VARCHAR
15:44:34.085 [main] INFO  com.dongbao.test_demo3.TestMybatisPlus -   列: handedness , 类型: VARCHAR
15:44:34.085 [main] INFO  com.dongbao.test_demo3.TestMybatisPlus -   列: smoke , 类型: VARCHAR
15:44:34.085 [main] INFO  com.dongbao.test_demo3.TestMybatisPlus -   列: speciality , 类型: VARCHAR
15:44:34.086 [main] INFO  com.dongbao.test_demo3.TestMybatisPlus -   列: religion , 类型: VARCHAR
15:44:34.086 [main] INFO  com.dongbao.test_demo3.TestMybatisPlus -   列: health , 类型: VARCHAR
15:44:34.086 [main] INFO  com.dongbao.test_demo3.TestMybatisPlus -   列: remark , 类型: LONGTEXT
15:44:34.086 [main] INFO  com.dongbao.test_demo3.TestMybatisPlus -   列: emp_no , 类型: VARCHAR
15:44:34.086 [main] INFO  com.dongbao.test_demo3.TestMybatisPlus -   列: entry_date , 类型: DATETIME
15:44:34.086 [main] INFO  com.dongbao.test_demo3.TestMybatisPlus -   列: company_id , 类型: BIGINT
15:44:34.086 [main] INFO  com.dongbao.test_demo3.TestMybatisPlus -   列: company_name , 类型: VARCHAR
15:44:34.086 [main] INFO  com.dongbao.test_demo3.TestMybatisPlus -   列: attach , 类型: VARCHAR
15:44:34.086 [main] INFO  com.dongbao.test_demo3.TestMybatisPlus -   列: org_name , 类型: VARCHAR
15:44:34.086 [main] INFO  com.dongbao.test_demo3.TestMybatisPlus -   列: emp_type , 类型: VARCHAR
15:44:34.086 [main] INFO  com.dongbao.test_demo3.TestMybatisPlus -   列: post_name , 类型: VARCHAR
15:44:34.086 [main] INFO  com.dongbao.test_demo3.TestMybatisPlus -   列: duty_id , 类型: BIGINT
15:44:34.086 [main] INFO  com.dongbao.test_demo3.TestMybatisPlus -   列: duty_name , 类型: VARCHAR
15:44:34.087 [main] INFO  com.dongbao.test_demo3.TestMybatisPlus -   列: employment_nature , 类型: VARCHAR
15:44:34.087 [main] INFO  com.dongbao.test_demo3.TestMybatisPlus -   列: entry_source , 类型: VARCHAR
15:44:34.087 [main] INFO  com.dongbao.test_demo3.TestMybatisPlus -   列: probation_start_date , 类型: DATETIME
15:44:34.088 [main] INFO  com.dongbao.test_demo3.TestMybatisPlus -   列: probation_end_date , 类型: DATETIME
15:44:34.088 [main] INFO  com.dongbao.test_demo3.TestMybatisPlus -   列: work_months , 类型: INT
15:44:34.088 [main] INFO  com.dongbao.test_demo3.TestMybatisPlus -   列: leader_name , 类型: VARCHAR
15:44:34.088 [main] INFO  com.dongbao.test_demo3.TestMybatisPlus -   列: logic_no , 类型: VARCHAR
15:44:34.089 [main] INFO  com.dongbao.test_demo3.TestMybatisPlus -   列: archive_no , 类型: VARCHAR
15:44:34.089 [main] INFO  com.dongbao.test_demo3.TestMybatisPlus -   列: dispatch_company , 类型: VARCHAR
15:44:34.089 [main] INFO  com.dongbao.test_demo3.TestMybatisPlus -   列: ext_tel , 类型: VARCHAR
15:44:34.089 [main] INFO  com.dongbao.test_demo3.TestMybatisPlus -   列: first_post_intention , 类型: VARCHAR
15:44:34.089 [main] INFO  com.dongbao.test_demo3.TestMybatisPlus -   列: second_post_intention , 类型: VARCHAR
15:44:34.089 [main] INFO  com.dongbao.test_demo3.TestMybatisPlus -   列: status , 类型: VARCHAR
15:44:34.089 [main] INFO  com.dongbao.test_demo3.TestMybatisPlus -   列: third_post_intention , 类型: VARCHAR
15:44:34.089 [main] INFO  com.dongbao.test_demo3.TestMybatisPlus -   列: work_email , 类型: VARCHAR
15:44:34.089 [main] INFO  com.dongbao.test_demo3.TestMybatisPlus -   列: work_tel , 类型: VARCHAR
15:44:34.089 [main] INFO  com.dongbao.test_demo3.TestMybatisPlus -   列: physics_no , 类型: VARCHAR
15:44:34.089 [main] INFO  com.dongbao.test_demo3.TestMybatisPlus -   列: card_dept , 类型: VARCHAR
15:44:34.089 [main] INFO  com.dongbao.test_demo3.TestMybatisPlus -   列: is_probation , 类型: VARCHAR
15:44:34.089 [main] INFO  com.dongbao.test_demo3.TestMybatisPlus -   列: create_id , 类型: BIGINT
15:44:34.089 [main] INFO  com.dongbao.test_demo3.TestMybatisPlus -   列: create_name , 类型: VARCHAR
15:44:34.090 [main] INFO  com.dongbao.test_demo3.TestMybatisPlus -   列: create_date , 类型: DATETIME
15:44:34.090 [main] INFO  com.dongbao.test_demo3.TestMybatisPlus -   列: modify_id , 类型: BIGINT
15:44:34.090 [main] INFO  com.dongbao.test_demo3.TestMybatisPlus -   列: modify_name , 类型: VARCHAR
15:44:34.090 [main] INFO  com.dongbao.test_demo3.TestMybatisPlus -   列: modify_date , 类型: DATETIME
15:44:34.090 [main] INFO  com.dongbao.test_demo3.TestMybatisPlus -   列: is_delete , 类型: TINYINT
15:44:34.090 [main] INFO  com.dongbao.test_demo3.TestMybatisPlus -   列: entry_status , 类型: VARCHAR
15:44:34.090 [main] INFO  com.dongbao.test_demo3.TestMybatisPlus -   列: info_employ_id , 类型: BIGINT
15:44:34.090 [main] INFO  com.dongbao.test_demo3.TestMybatisPlus -   列: enable_date , 类型: DATETIME
15:44:34.090 [main] INFO  com.dongbao.test_demo3.TestMybatisPlus -   列: unable_date , 类型: DATETIME
15:44:34.090 [main] INFO  com.dongbao.test_demo3.TestMybatisPlus -   列: org_origin_id , 类型: BIGINT
15:44:34.090 [main] INFO  com.dongbao.test_demo3.TestMybatisPlus -   列: post_origin_id , 类型: BIGINT
15:44:34.090 [main] INFO  com.dongbao.test_demo3.TestMybatisPlus -   列: user_id , 类型: BIGINT
15:44:34.090 [main] INFO  com.dongbao.test_demo3.TestMybatisPlus -   列: audit_status , 类型: TINYINT
15:44:34.090 [main] INFO  com.dongbao.test_demo3.TestMybatisPlus -   列: position_and_rank , 类型: VARCHAR
15:44:34.090 [main] INFO  com.dongbao.test_demo3.TestMybatisPlus -   列: leave_date , 类型: DATETIME
15:44:34.090 [main] INFO  com.dongbao.test_demo3.TestMybatisPlus -   列: is_guest , 类型: VARCHAR
15:44:34.090 [main] INFO  com.dongbao.test_demo3.TestMybatisPlus -   列: introduce_name , 类型: VARCHAR
15:44:34.090 [main] INFO  com.dongbao.test_demo3.TestMybatisPlus -   列: introduce_id , 类型: BIGINT
15:44:34.090 [main] INFO  com.dongbao.test_demo3.TestMybatisPlus -   列: leader_origin_id , 类型: BIGINT
15:44:34.090 [main] INFO  com.dongbao.test_demo3.TestMybatisPlus -   列: leader_origin_ids , 类型: LONGTEXT
15:44:34.091 [main] INFO  com.dongbao.test_demo3.TestMybatisPlus -   列: last_communication_date , 类型: DATETIME
15:44:34.091 [main] INFO  com.dongbao.test_demo3.TestMybatisPlus -   列: contract_end_date , 类型: DATETIME
15:44:34.091 [main] INFO  com.dongbao.test_demo3.TestMybatisPlus -   列: flow_type , 类型: BIGINT
15:44:34.091 [main] INFO  com.dongbao.test_demo3.TestMybatisPlus -   列: work_years_entry_date , 类型: DATETIME
15:44:34.091 [main] INFO  com.dongbao.test_demo3.TestMybatisPlus -   列: level_position_id , 类型: BIGINT
15:44:34.091 [main] INFO  com.dongbao.test_demo3.TestMybatisPlus -   列: level_rank_id , 类型: BIGINT
15:44:34.091 [main] INFO  com.dongbao.test_demo3.TestMybatisPlus -   列: list_progress , 类型: DECIMAL
15:44:34.091 [main] INFO  com.dongbao.test_demo3.TestMybatisPlus -   列: flow_process , 类型: DECIMAL
15:44:34.091 [main] INFO  com.dongbao.test_demo3.TestMybatisPlus -   列: is_org_flow , 类型: INT
15:44:34.091 [main] INFO  com.dongbao.test_demo3.TestMybatisPlus -   列: area_code , 类型: VARCHAR
15:44:34.091 [main] INFO  com.dongbao.test_demo3.TestMybatisPlus -   列: company_ids , 类型: LONGTEXT
15:44:34.091 [main] INFO  com.dongbao.test_demo3.TestMybatisPlus -   列: org_parent_origin_ids , 类型: TEXT
15:44:34.091 [main] INFO  com.dongbao.test_demo3.TestMybatisPlus -   列: employ_id , 类型: BIGINT
15:44:34.091 [main] INFO  com.dongbao.test_demo3.TestMybatisPlus -   列: country_id , 类型: BIGINT
15:44:34.091 [main] INFO  com.dongbao.test_demo3.TestMybatisPlus -   列: work_age_value , 类型: VARCHAR
15:44:34.091 [main] INFO  com.dongbao.test_demo3.TestMybatisPlus -   列: last_daily_accounting_program_id , 类型: BIGINT
15:44:34.091 [main] INFO  com.dongbao.test_demo3.TestMybatisPlus -   列: last_monthly_accounting_program_id , 类型: BIGINT
15:44:34.091 [main] INFO  com.dongbao.test_demo3.TestMybatisPlus -   列: meid , 类型: VARCHAR
15:44:34.091 [main] INFO  com.dongbao.test_demo3.TestMybatisPlus -   列: native_place_id , 类型: LONGTEXT
15:44:34.091 [main] INFO  com.dongbao.test_demo3.TestMybatisPlus -   列: personal_head_portrait , 类型: VARCHAR
15:44:34.091 [main] INFO  com.dongbao.test_demo3.TestMybatisPlus -   列: district , 类型: LONGTEXT
15:44:34.091 [main] INFO  com.dongbao.test_demo3.TestMybatisPlus -   列: address_id , 类型: VARCHAR
15:44:34.091 [main] INFO  com.dongbao.test_demo3.TestMybatisPlus -   列: spell , 类型: VARCHAR
15:44:34.091 [main] INFO  com.dongbao.test_demo3.TestMybatisPlus -   列: jane_spell , 类型: VARCHAR
15:44:34.091 [main] INFO  com.dongbao.test_demo3.TestMybatisPlus -   列: tax_number , 类型: VARCHAR
15:44:34.091 [main] INFO  com.dongbao.test_demo3.TestMybatisPlus -   列: social_security_number , 类型: VARCHAR
15:44:34.091 [main] INFO  com.dongbao.test_demo3.TestMybatisPlus -   列: medical_social_security_number , 类型: VARCHAR
15:44:34.092 [main] INFO  com.dongbao.test_demo3.TestMybatisPlus -   列: name2 , 类型: VARCHAR
15:44:34.092 [main] INFO  com.dongbao.test_demo3.TestMybatisPlus -   列: name3 , 类型: VARCHAR
15:44:34.092 [main] INFO  com.dongbao.test_demo3.TestMybatisPlus -   列: name4 , 类型: VARCHAR
15:44:34.093 [main] INFO  com.dongbao.test_demo3.TestMybatisPlus -   列: name5 , 类型: VARCHAR
15:44:34.093 [main] INFO  com.dongbao.test_demo3.TestMybatisPlus -   列: name6 , 类型: VARCHAR
15:44:34.093 [main] INFO  com.dongbao.test_demo3.TestMybatisPlus -   列: full_spell , 类型: VARCHAR
15:44:34.093 [main] INFO  com.dongbao.test_demo3.TestMybatisPlus -   列: data_source_type , 类型: INT
15:44:34.093 [main] INFO  com.dongbao.test_demo3.TestMybatisPlus -   列: first_post_intention_name , 类型: VARCHAR
15:44:34.093 [main] INFO  com.dongbao.test_demo3.TestMybatisPlus -   列: second_post_intention_name , 类型: VARCHAR
15:44:34.093 [main] INFO  com.dongbao.test_demo3.TestMybatisPlus -   列: third_post_intention_name , 类型: VARCHAR
15:44:34.093 [main] INFO  com.dongbao.test_demo3.TestMybatisPlus -   列: is_talent_pool_transfer , 类型: VARCHAR
15:44:34.093 [main] INFO  com.dongbao.test_demo3.TestMybatisPlus -   列: is_get_accommodayion , 类型: VARCHAR
15:44:34.093 [main] INFO  com.dongbao.test_demo3.TestMybatisPlus -   列: accommodayion_start_date , 类型: DATETIME
15:44:34.094 [main] INFO  com.dongbao.test_demo3.TestMybatisPlus -   列: accommodayion_end_date , 类型: DATETIME
15:44:34.094 [main] INFO  com.dongbao.test_demo3.TestMybatisPlus -   列: is_id_card_imported , 类型: VARCHAR
15:44:34.094 [main] INFO  com.dongbao.test_demo3.TestMybatisPlus -   列: emp_rank , 类型: VARCHAR
15:44:34.094 [main] INFO  com.dongbao.test_demo3.TestMybatisPlus -   列: emp_post_rank , 类型: VARCHAR
15:44:34.094 [main] INFO  com.dongbao.test_demo3.TestMybatisPlus -   列: post_type , 类型: VARCHAR
15:44:34.094 [main] INFO  com.dongbao.test_demo3.TestMybatisPlus -   列: legally_admissible , 类型: VARCHAR
15:44:34.094 [main] INFO  com.dongbao.test_demo3.TestMybatisPlus -   列: certificate_type_id , 类型: BIGINT
15:44:34.094 [main] INFO  com.dongbao.test_demo3.TestMybatisPlus -   列: is_sum_work_age , 类型: VARCHAR
15:44:34.094 [main] INFO  com.dongbao.test_demo3.TestMybatisPlus -   列: work_age_year , 类型: INT
15:44:34.094 [main] INFO  com.dongbao.test_demo3.TestMybatisPlus -   列: work_age_mouth , 类型: INT
15:44:34.094 [main] INFO  com.dongbao.test_demo3.TestMybatisPlus -   列: probation_status , 类型: VARCHAR
15:44:34.094 [main] INFO  com.dongbao.test_demo3.TestMybatisPlus -   列: positive_status , 类型: VARCHAR
15:44:34.094 [main] INFO  com.dongbao.test_demo3.TestMybatisPlus -   列: mail_imap , 类型: VARCHAR
15:44:34.094 [main] INFO  com.dongbao.test_demo3.TestMybatisPlus -   列: mail_port , 类型: VARCHAR
15:44:34.095 [main] INFO  com.dongbao.test_demo3.TestMybatisPlus -   列: mail_account , 类型: VARCHAR
15:44:34.095 [main] INFO  com.dongbao.test_demo3.TestMybatisPlus -   列: account_key , 类型: VARCHAR
15:44:34.095 [main] INFO  com.dongbao.test_demo3.TestMybatisPlus -   列: mail_account_key , 类型: VARCHAR
15:44:34.095 [main] INFO  com.dongbao.test_demo3.TestMybatisPlus -   列: open_ssl , 类型: VARCHAR
15:44:34.095 [main] INFO  com.dongbao.test_demo3.TestMybatisPlus -   列: use_record_mail , 类型: VARCHAR
15:44:34.095 [main] INFO  com.dongbao.test_demo3.TestMybatisPlus -   列: mail_type , 类型: VARCHAR
15:44:34.095 [main] INFO  com.dongbao.test_demo3.TestMybatisPlus -   列: current_org_origin_id , 类型: BIGINT
15:44:34.095 [main] INFO  com.dongbao.test_demo3.TestMybatisPlus -   列: current_work_group , 类型: VARCHAR
15:44:34.095 [main] INFO  com.dongbao.test_demo3.TestMybatisPlus -   列: current_work_group_id , 类型: BIGINT
15:44:34.095 [main] INFO  com.dongbao.test_demo3.TestMybatisPlus -   列: type_of_work , 类型: VARCHAR
15:44:34.095 [main] INFO  com.dongbao.test_demo3.TestMybatisPlus -   列: cost_center_ids , 类型: LONGTEXT
15:44:34.095 [main] INFO  com.dongbao.test_demo3.TestMybatisPlus -   列: is_report_clock , 类型: VARCHAR
15:44:34.095 [main] INFO  com.dongbao.test_demo3.TestMybatisPlus -   列: qy_wx_uid , 类型: VARCHAR
15:44:34.095 [main] INFO  com.dongbao.test_demo3.TestMybatisPlus -   列: dingtalk_uid , 类型: VARCHAR
15:44:34.095 [main] INFO  com.dongbao.test_demo3.TestMybatisPlus -   列: legally_admissible_id , 类型: BIGINT
15:44:34.095 [main] INFO  com.dongbao.test_demo3.TestMybatisPlus -   列: is_wait_leave , 类型: VARCHAR
15:44:34.096 [main] INFO  com.dongbao.test_demo3.TestMybatisPlus -   列: parttime_org_origin_ids , 类型: LONGTEXT
15:44:34.096 [main] INFO  com.dongbao.test_demo3.TestMybatisPlus -   列: is_ignore_count , 类型: TINYINT
15:44:34.096 [main] INFO  com.dongbao.test_demo3.TestMybatisPlus -   列: is_master , 类型: VARCHAR
15:44:34.096 [main] INFO  com.dongbao.test_demo3.TestMybatisPlus -   列: custom_spell , 类型: VARCHAR
15:44:34.096 [main] INFO  com.dongbao.test_demo3.TestMybatisPlus -   列: parttime_org_parent_ids , 类型: LONGTEXT
15:44:34.096 [main] INFO  com.dongbao.test_demo3.TestMybatisPlus -   列: site_file_id , 类型: BIGINT
15:44:34.096 [main] INFO  com.dongbao.test_demo3.TestMybatisPlus -   列: site_file_name , 类型: VARCHAR
15:44:34.096 [main] INFO  com.dongbao.test_demo3.TestMybatisPlus -   列: audit_status_show , 类型: VARCHAR
15:44:34.096 [main] INFO  com.dongbao.test_demo3.TestMybatisPlus -   列: cost_center_names , 类型: LONGTEXT
15:44:34.096 [main] INFO  com.dongbao.test_demo3.TestMybatisPlus -   列: vir_org_names , 类型: LONGTEXT
15:44:34.096 [main] INFO  com.dongbao.test_demo3.TestMybatisPlus -   列: family_name_spell , 类型: VARCHAR
15:44:34.096 [main] INFO  com.dongbao.test_demo3.TestMybatisPlus -   列: name_spell , 类型: VARCHAR
15:44:34.096 [main] INFO  com.dongbao.test_demo3.TestMybatisPlus -   列: sn , 类型: VARCHAR
15:44:34.096 [main] INFO  com.dongbao.test_demo3.TestMybatisPlus -   列: given_name , 类型: VARCHAR
15:44:34.096 [main] INFO  com.dongbao.test_demo3.TestMybatisPlus -   列: description , 类型: VARCHAR
15:44:34.096 [main] INFO  com.dongbao.test_demo3.TestMybatisPlus -   列: emp_sort , 类型: INT
15:44:34.096 [main] INFO  com.dongbao.test_demo3.TestMybatisPlus -   列: date_of_working , 类型: DATETIME
15:44:34.096 [main] INFO  com.dongbao.test_demo3.TestMybatisPlus -   列: entry_count , 类型: INT
15:44:34.097 [main] INFO  com.dongbao.test_demo3.TestMybatisPlus -   列: third_key , 类型: VARCHAR
15:44:34.097 [main] INFO  com.dongbao.test_demo3.TestMybatisPlus -   列: age , 类型: INT
15:44:34.097 [main] INFO  com.dongbao.test_demo3.TestMybatisPlus -   列: ExtEventPersonNo , 类型: VARCHAR
15:44:34.097 [main] INFO  com.dongbao.test_demo3.TestMybatisPlus -   列: per_org_user_type , 类型: VARCHAR
15:44:34.097 [main] INFO  com.dongbao.test_demo3.TestMybatisPlus -   列: work_place , 类型: VARCHAR
15:44:34.097 [main] INFO  com.dongbao.test_demo3.TestMybatisPlus -   列: labor_dispatching_date , 类型: DATETIME
15:44:34.097 [main] INFO  com.dongbao.test_demo3.TestMybatisPlus -   列: social-insurance , 类型: VARCHAR
15:44:34.097 [main] INFO  com.dongbao.test_demo3.TestMybatisPlus -   列: Provident-Fund , 类型: VARCHAR
15:44:34.097 [main] INFO  com.dongbao.test_demo3.TestMybatisPlus -   列: social_insurance , 类型: VARCHAR
15:44:34.097 [main] INFO  com.dongbao.test_demo3.TestMybatisPlus -   列: provident_und , 类型: VARCHAR
15:44:34.097 [main] INFO  com.dongbao.test_demo3.TestMybatisPlus -   列: recruit , 类型: VARCHAR
15:44:34.098 [main] INFO  com.dongbao.test_demo3.TestMybatisPlus -   列: code , 类型: VARCHAR
15:44:34.098 [main] INFO  com.dongbao.test_demo3.TestMybatisPlus -   列: part_time_job , 类型: LONGTEXT
15:44:34.098 [main] INFO  com.dongbao.test_demo3.TestMybatisPlus -   列: c_inspect_data , 类型: DATETIME
15:44:34.098 [main] INFO  com.dongbao.test_demo3.TestMybatisPlus -   列: c_sxkssj , 类型: DATETIME
15:44:34.098 [main] INFO  com.dongbao.test_demo3.TestMybatisPlus -   列: c_sxjssj , 类型: DATETIME
15:44:34.098 [main] INFO  com.dongbao.test_demo3.TestMybatisPlus -   列: c_physics_no , 类型: VARCHAR
15:44:34.098 [main] INFO  com.dongbao.test_demo3.TestMybatisPlus -   列: application_id , 类型: VARCHAR
15:44:34.098 [main] INFO  com.dongbao.test_demo3.TestMybatisPlus -   列: c_level , 类型: INT
15:44:34.098 [main] INFO  com.dongbao.test_demo3.TestMybatisPlus -   列: c_tempType , 类型: VARCHAR
15:44:34.098 [main] INFO  com.dongbao.test_demo3.TestMybatisPlus -   列: rank_position_program_id , 类型: BIGINT
15:44:34.098 [main] INFO  com.dongbao.test_demo3.TestMybatisPlus -   列: sequence_name , 类型: VARCHAR
15:44:34.098 [main] INFO  com.dongbao.test_demo3.TestMybatisPlus -   列: sequence_level_id , 类型: BIGINT
15:44:34.099 [main] INFO  com.dongbao.test_demo3.TestMybatisPlus -   列: sequence_level_name , 类型: VARCHAR
15:44:34.099 [main] INFO  com.dongbao.test_demo3.TestMybatisPlus -   列: post_level_id , 类型: BIGINT
15:44:34.099 [main] INFO  com.dongbao.test_demo3.TestMybatisPlus -   列: is_intern , 类型: VARCHAR
15:44:34.099 [main] INFO  com.dongbao.test_demo3.TestMybatisPlus -   列: emp_level , 类型: INT
15:44:34.100 [main] INFO  com.dongbao.test_demo3.TestMybatisPlus -   列: basic_level , 类型: VARCHAR
15:44:34.100 [main] INFO  com.dongbao.test_demo3.TestMybatisPlus -   列: c_sumYdays , 类型: INT
15:44:34.100 [main] INFO  com.dongbao.test_demo3.TestMybatisPlus -   列: c_handsumYear , 类型: INT
15:44:34.100 [main] INFO  com.dongbao.test_demo3.TestMybatisPlus -   列: c_roundSumYear , 类型: INT
15:44:34.100 [main] INFO  com.dongbao.test_demo3.TestMybatisPlus -   列: c_Social_security_type , 类型: VARCHAR
15:44:34.100 [main] INFO  com.dongbao.test_demo3.TestMybatisPlus -   列: c_post_code , 类型: VARCHAR
15:44:34.100 [main] INFO  com.dongbao.test_demo3.TestMybatisPlus -   列: c_leave_type , 类型: VARCHAR
15:44:34.100 [main] INFO  com.dongbao.test_demo3.TestMybatisPlus -   列: c_become_regular_date , 类型: VARCHAR
15:44:34.100 [main] INFO  com.dongbao.test_demo3.TestMybatisPlus -   列: reinstate_way , 类型: VARCHAR
15:44:34.100 [main] INFO  com.dongbao.test_demo3.TestMybatisPlus -   列: reinstate_origin_ids , 类型: LONGTEXT
15:44:34.100 [main] INFO  com.dongbao.test_demo3.TestMybatisPlus -   列: c_lock_regular_date , 类型: VARCHAR
15:44:34.100 [main] INFO  com.dongbao.test_demo3.TestMybatisPlus -   列: c_is_sync_system , 类型: INT
15:44:34.100 [main] INFO  com.dongbao.test_demo3.TestMybatisPlus -   列: c_is_xsxzsbt , 类型: INT
15:44:34.100 [main] INFO  com.dongbao.test_demo3.TestMybatisPlus -   列: c_is_accumulation_fund , 类型: TINYINT
15:44:34.100 [main] INFO  com.dongbao.test_demo3.TestMybatisPlus -   列: c_dingtalk_unionid , 类型: VARCHAR
15:44:34.100 [main] INFO  com.dongbao.test_demo3.TestMybatisPlus -   列: c_employ_id , 类型: BIGINT
15:44:34.100 [main] INFO  com.dongbao.test_demo3.TestMybatisPlus -   列: identity_type , 类型: VARCHAR
15:44:34.101 [main] INFO  com.dongbao.test_demo3.TestMybatisPlus -   列: is_current , 类型: TINYINT
15:44:34.101 [main] INFO  com.dongbao.test_demo3.TestMybatisPlus -   列: c_intern , 类型: VARCHAR
15:44:34.101 [main] INFO  com.dongbao.test_demo3.TestMybatisPlus -   列: c_enter_country_time , 类型: DATETIME
15:44:34.101 [main] INFO  com.dongbao.test_demo3.TestMybatisPlus -   列: c_leave_country_time , 类型: DATETIME
15:44:34.101 [main] INFO  com.dongbao.test_demo3.TestMybatisPlus -   列: c_born_nationality_id , 类型: VARCHAR
15:44:34.101 [main] INFO  com.dongbao.test_demo3.TestMybatisPlus -   列: c_born_nationality , 类型: VARCHAR
15:44:34.101 [main] INFO  com.dongbao.test_demo3.TestMybatisPlus -   列: c_senior_school_major , 类型: VARCHAR
15:44:34.101 [main] INFO  com.dongbao.test_demo3.TestMybatisPlus -   列: c_badge_token_fd_id , 类型: LONGTEXT
15:44:34.101 [main] INFO  com.dongbao.test_demo3.TestMybatisPlus -   列: id , 类型: BIGINT UNSIGNED
15:44:34.101 [main] INFO  com.dongbao.test_demo3.TestMybatisPlus -   列: origin_id , 类型: BIGINT
15:44:34.101 [main] INFO  com.dongbao.test_demo3.TestMybatisPlus -   列: head_portrait , 类型: VARCHAR
15:44:34.101 [main] INFO  com.dongbao.test_demo3.TestMybatisPlus -   列: name , 类型: VARCHAR
15:44:34.101 [main] INFO  com.dongbao.test_demo3.TestMybatisPlus -   列: short_name , 类型: VARCHAR
15:44:34.101 [main] INFO  com.dongbao.test_demo3.TestMybatisPlus -   列: english_name , 类型: VARCHAR
15:44:34.101 [main] INFO  com.dongbao.test_demo3.TestMybatisPlus -   列: education , 类型: VARCHAR
15:44:34.101 [main] INFO  com.dongbao.test_demo3.TestMybatisPlus -   列: sex , 类型: VARCHAR
15:44:34.101 [main] INFO  com.dongbao.test_demo3.TestMybatisPlus -   列: mobile , 类型: VARCHAR
15:44:34.101 [main] INFO  com.dongbao.test_demo3.TestMybatisPlus -   列: marital_status , 类型: VARCHAR
15:44:34.101 [main] INFO  com.dongbao.test_demo3.TestMybatisPlus -   列: email , 类型: VARCHAR
15:44:34.101 [main] INFO  com.dongbao.test_demo3.TestMybatisPlus -   列: certificate_type , 类型: VARCHAR
15:44:34.101 [main] INFO  com.dongbao.test_demo3.TestMybatisPlus -   列: certificate_no , 类型: VARCHAR
15:44:34.102 [main] INFO  com.dongbao.test_demo3.TestMybatisPlus -   列: certificate_start_date , 类型: DATETIME
15:44:34.102 [main] INFO  com.dongbao.test_demo3.TestMybatisPlus -   列: certificate_end_date , 类型: DATETIME
15:44:34.102 [main] INFO  com.dongbao.test_demo3.TestMybatisPlus -   列: id_card_address , 类型: VARCHAR
15:44:34.102 [main] INFO  com.dongbao.test_demo3.TestMybatisPlus -   列: birth_date_type , 类型: VARCHAR
15:44:34.102 [main] INFO  com.dongbao.test_demo3.TestMybatisPlus -   列: birth_date , 类型: DATETIME
15:44:34.102 [main] INFO  com.dongbao.test_demo3.TestMybatisPlus -   列: nation , 类型: VARCHAR
15:44:34.102 [main] INFO  com.dongbao.test_demo3.TestMybatisPlus -   列: nationality_id , 类型: VARCHAR
15:44:34.102 [main] INFO  com.dongbao.test_demo3.TestMybatisPlus -   列: nationality , 类型: VARCHAR
15:44:34.102 [main] INFO  com.dongbao.test_demo3.TestMybatisPlus -   列: native_place , 类型: VARCHAR
15:44:34.102 [main] INFO  com.dongbao.test_demo3.TestMybatisPlus -   列: domicile_type , 类型: VARCHAR
15:44:34.102 [main] INFO  com.dongbao.test_demo3.TestMybatisPlus -   列: politics_status , 类型: VARCHAR
15:44:34.102 [main] INFO  com.dongbao.test_demo3.TestMybatisPlus -   列: address , 类型: LONGTEXT
15:44:34.102 [main] INFO  com.dongbao.test_demo3.TestMybatisPlus -   列: blood_type , 类型: VARCHAR
15:44:34.102 [main] INFO  com.dongbao.test_demo3.TestMybatisPlus -   列: height , 类型: DECIMAL
15:44:34.102 [main] INFO  com.dongbao.test_demo3.TestMybatisPlus -   列: constellation , 类型: VARCHAR
15:44:34.102 [main] INFO  com.dongbao.test_demo3.TestMybatisPlus -   列: handedness , 类型: VARCHAR
15:44:34.102 [main] INFO  com.dongbao.test_demo3.TestMybatisPlus -   列: smoke , 类型: VARCHAR
15:44:34.103 [main] INFO  com.dongbao.test_demo3.TestMybatisPlus -   列: speciality , 类型: VARCHAR
15:44:34.103 [main] INFO  com.dongbao.test_demo3.TestMybatisPlus -   列: religion , 类型: VARCHAR
15:44:34.103 [main] INFO  com.dongbao.test_demo3.TestMybatisPlus -   列: health , 类型: VARCHAR
15:44:34.103 [main] INFO  com.dongbao.test_demo3.TestMybatisPlus -   列: remark , 类型: LONGTEXT
15:44:34.104 [main] INFO  com.dongbao.test_demo3.TestMybatisPlus -   列: emp_no , 类型: VARCHAR
15:44:34.104 [main] INFO  com.dongbao.test_demo3.TestMybatisPlus -   列: entry_date , 类型: DATETIME
15:44:34.104 [main] INFO  com.dongbao.test_demo3.TestMybatisPlus -   列: company_id , 类型: BIGINT
15:44:34.104 [main] INFO  com.dongbao.test_demo3.TestMybatisPlus -   列: company_name , 类型: VARCHAR
15:44:34.104 [main] INFO  com.dongbao.test_demo3.TestMybatisPlus -   列: attach , 类型: VARCHAR
15:44:34.104 [main] INFO  com.dongbao.test_demo3.TestMybatisPlus -   列: org_name , 类型: VARCHAR
15:44:34.104 [main] INFO  com.dongbao.test_demo3.TestMybatisPlus -   列: emp_type , 类型: VARCHAR
15:44:34.104 [main] INFO  com.dongbao.test_demo3.TestMybatisPlus -   列: post_name , 类型: VARCHAR
15:44:34.104 [main] INFO  com.dongbao.test_demo3.TestMybatisPlus -   列: duty_id , 类型: BIGINT
15:44:34.104 [main] INFO  com.dongbao.test_demo3.TestMybatisPlus -   列: duty_name , 类型: VARCHAR
15:44:34.104 [main] INFO  com.dongbao.test_demo3.TestMybatisPlus -   列: employment_nature , 类型: VARCHAR
15:44:34.104 [main] INFO  com.dongbao.test_demo3.TestMybatisPlus -   列: entry_source , 类型: VARCHAR
15:44:34.104 [main] INFO  com.dongbao.test_demo3.TestMybatisPlus -   列: probation_start_date , 类型: DATETIME
15:44:34.104 [main] INFO  com.dongbao.test_demo3.TestMybatisPlus -   列: probation_end_date , 类型: DATETIME
15:44:34.104 [main] INFO  com.dongbao.test_demo3.TestMybatisPlus -   列: work_months , 类型: INT
15:44:34.104 [main] INFO  com.dongbao.test_demo3.TestMybatisPlus -   列: leader_name , 类型: VARCHAR
15:44:34.104 [main] INFO  com.dongbao.test_demo3.TestMybatisPlus -   列: logic_no , 类型: VARCHAR
15:44:34.104 [main] INFO  com.dongbao.test_demo3.TestMybatisPlus -   列: archive_no , 类型: VARCHAR
15:44:34.104 [main] INFO  com.dongbao.test_demo3.TestMybatisPlus -   列: dispatch_company , 类型: VARCHAR
15:44:34.104 [main] INFO  com.dongbao.test_demo3.TestMybatisPlus -   列: ext_tel , 类型: VARCHAR
15:44:34.104 [main] INFO  com.dongbao.test_demo3.TestMybatisPlus -   列: first_post_intention , 类型: VARCHAR
15:44:34.104 [main] INFO  com.dongbao.test_demo3.TestMybatisPlus -   列: second_post_intention , 类型: VARCHAR
15:44:34.104 [main] INFO  com.dongbao.test_demo3.TestMybatisPlus -   列: status , 类型: VARCHAR
15:44:34.104 [main] INFO  com.dongbao.test_demo3.TestMybatisPlus -   列: third_post_intention , 类型: VARCHAR
15:44:34.104 [main] INFO  com.dongbao.test_demo3.TestMybatisPlus -   列: work_email , 类型: VARCHAR
15:44:34.104 [main] INFO  com.dongbao.test_demo3.TestMybatisPlus -   列: work_tel , 类型: VARCHAR
15:44:34.104 [main] INFO  com.dongbao.test_demo3.TestMybatisPlus -   列: physics_no , 类型: VARCHAR
15:44:34.104 [main] INFO  com.dongbao.test_demo3.TestMybatisPlus -   列: card_dept , 类型: VARCHAR
15:44:34.104 [main] INFO  com.dongbao.test_demo3.TestMybatisPlus -   列: is_probation , 类型: VARCHAR
15:44:34.104 [main] INFO  com.dongbao.test_demo3.TestMybatisPlus -   列: create_id , 类型: BIGINT
15:44:34.104 [main] INFO  com.dongbao.test_demo3.TestMybatisPlus -   列: create_name , 类型: VARCHAR
15:44:34.105 [main] INFO  com.dongbao.test_demo3.TestMybatisPlus -   列: create_date , 类型: DATETIME
15:44:34.105 [main] INFO  com.dongbao.test_demo3.TestMybatisPlus -   列: modify_id , 类型: BIGINT
15:44:34.105 [main] INFO  com.dongbao.test_demo3.TestMybatisPlus -   列: modify_name , 类型: VARCHAR
15:44:34.105 [main] INFO  com.dongbao.test_demo3.TestMybatisPlus -   列: modify_date , 类型: DATETIME
15:44:34.105 [main] INFO  com.dongbao.test_demo3.TestMybatisPlus -   列: is_delete , 类型: TINYINT
15:44:34.105 [main] INFO  com.dongbao.test_demo3.TestMybatisPlus -   列: entry_status , 类型: VARCHAR
15:44:34.105 [main] INFO  com.dongbao.test_demo3.TestMybatisPlus -   列: info_employ_id , 类型: BIGINT
15:44:34.105 [main] INFO  com.dongbao.test_demo3.TestMybatisPlus -   列: enable_date , 类型: DATETIME
15:44:34.105 [main] INFO  com.dongbao.test_demo3.TestMybatisPlus -   列: unable_date , 类型: DATETIME
15:44:34.105 [main] INFO  com.dongbao.test_demo3.TestMybatisPlus -   列: org_origin_id , 类型: BIGINT
15:44:34.105 [main] INFO  com.dongbao.test_demo3.TestMybatisPlus -   列: post_origin_id , 类型: BIGINT
15:44:34.105 [main] INFO  com.dongbao.test_demo3.TestMybatisPlus -   列: user_id , 类型: BIGINT
15:44:34.105 [main] INFO  com.dongbao.test_demo3.TestMybatisPlus -   列: audit_status , 类型: TINYINT
15:44:34.105 [main] INFO  com.dongbao.test_demo3.TestMybatisPlus -   列: position_and_rank , 类型: VARCHAR
15:44:34.105 [main] INFO  com.dongbao.test_demo3.TestMybatisPlus -   列: leave_date , 类型: DATETIME
15:44:34.105 [main] INFO  com.dongbao.test_demo3.TestMybatisPlus -   列: is_guest , 类型: VARCHAR
15:44:34.105 [main] INFO  com.dongbao.test_demo3.TestMybatisPlus -   列: introduce_name , 类型: VARCHAR
15:44:34.105 [main] INFO  com.dongbao.test_demo3.TestMybatisPlus -   列: introduce_id , 类型: BIGINT
15:44:34.105 [main] INFO  com.dongbao.test_demo3.TestMybatisPlus -   列: leader_origin_id , 类型: BIGINT
15:44:34.105 [main] INFO  com.dongbao.test_demo3.TestMybatisPlus -   列: leader_origin_ids , 类型: LONGTEXT
15:44:34.105 [main] INFO  com.dongbao.test_demo3.TestMybatisPlus -   列: last_communication_date , 类型: DATETIME
15:44:34.105 [main] INFO  com.dongbao.test_demo3.TestMybatisPlus -   列: contract_end_date , 类型: DATETIME
15:44:34.105 [main] INFO  com.dongbao.test_demo3.TestMybatisPlus -   列: flow_type , 类型: BIGINT
15:44:34.105 [main] INFO  com.dongbao.test_demo3.TestMybatisPlus -   列: work_years_entry_date , 类型: DATETIME
15:44:34.105 [main] INFO  com.dongbao.test_demo3.TestMybatisPlus -   列: level_position_id , 类型: BIGINT
15:44:34.105 [main] INFO  com.dongbao.test_demo3.TestMybatisPlus -   列: level_rank_id , 类型: BIGINT
15:44:34.105 [main] INFO  com.dongbao.test_demo3.TestMybatisPlus -   列: list_progress , 类型: DECIMAL
15:44:34.105 [main] INFO  com.dongbao.test_demo3.TestMybatisPlus -   列: flow_process , 类型: DECIMAL
15:44:34.105 [main] INFO  com.dongbao.test_demo3.TestMybatisPlus -   列: is_org_flow , 类型: INT
15:44:34.105 [main] INFO  com.dongbao.test_demo3.TestMybatisPlus -   列: area_code , 类型: VARCHAR
15:44:34.105 [main] INFO  com.dongbao.test_demo3.TestMybatisPlus -   列: company_ids , 类型: LONGTEXT
15:44:34.105 [main] INFO  com.dongbao.test_demo3.TestMybatisPlus -   列: org_parent_origin_ids , 类型: TEXT
15:44:34.105 [main] INFO  com.dongbao.test_demo3.TestMybatisPlus -   列: employ_id , 类型: BIGINT
15:44:34.105 [main] INFO  com.dongbao.test_demo3.TestMybatisPlus -   列: country_id , 类型: BIGINT
15:44:34.105 [main] INFO  com.dongbao.test_demo3.TestMybatisPlus -   列: work_age_value , 类型: VARCHAR
15:44:34.105 [main] INFO  com.dongbao.test_demo3.TestMybatisPlus -   列: last_daily_accounting_program_id , 类型: BIGINT
15:44:34.105 [main] INFO  com.dongbao.test_demo3.TestMybatisPlus -   列: last_monthly_accounting_program_id , 类型: BIGINT
15:44:34.105 [main] INFO  com.dongbao.test_demo3.TestMybatisPlus -   列: meid , 类型: VARCHAR
15:44:34.105 [main] INFO  com.dongbao.test_demo3.TestMybatisPlus -   列: native_place_id , 类型: LONGTEXT
15:44:34.105 [main] INFO  com.dongbao.test_demo3.TestMybatisPlus -   列: personal_head_portrait , 类型: VARCHAR
15:44:34.105 [main] INFO  com.dongbao.test_demo3.TestMybatisPlus -   列: district , 类型: LONGTEXT
15:44:34.105 [main] INFO  com.dongbao.test_demo3.TestMybatisPlus -   列: address_id , 类型: VARCHAR
15:44:34.105 [main] INFO  com.dongbao.test_demo3.TestMybatisPlus -   列: spell , 类型: VARCHAR
15:44:34.105 [main] INFO  com.dongbao.test_demo3.TestMybatisPlus -   列: jane_spell , 类型: VARCHAR
15:44:34.105 [main] INFO  com.dongbao.test_demo3.TestMybatisPlus -   列: tax_number , 类型: VARCHAR
15:44:34.105 [main] INFO  com.dongbao.test_demo3.TestMybatisPlus -   列: social_security_number , 类型: VARCHAR
15:44:34.105 [main] INFO  com.dongbao.test_demo3.TestMybatisPlus -   列: medical_social_security_number , 类型: VARCHAR
15:44:34.105 [main] INFO  com.dongbao.test_demo3.TestMybatisPlus -   列: name2 , 类型: VARCHAR
15:44:34.105 [main] INFO  com.dongbao.test_demo3.TestMybatisPlus -   列: name3 , 类型: VARCHAR
15:44:34.105 [main] INFO  com.dongbao.test_demo3.TestMybatisPlus -   列: name4 , 类型: VARCHAR
15:44:34.105 [main] INFO  com.dongbao.test_demo3.TestMybatisPlus -   列: name5 , 类型: VARCHAR
15:44:34.105 [main] INFO  com.dongbao.test_demo3.TestMybatisPlus -   列: name6 , 类型: VARCHAR
15:44:34.105 [main] INFO  com.dongbao.test_demo3.TestMybatisPlus -   列: full_spell , 类型: VARCHAR
15:44:34.105 [main] INFO  com.dongbao.test_demo3.TestMybatisPlus -   列: data_source_type , 类型: INT
15:44:34.106 [main] INFO  com.dongbao.test_demo3.TestMybatisPlus -   列: first_post_intention_name , 类型: VARCHAR
15:44:34.106 [main] INFO  com.dongbao.test_demo3.TestMybatisPlus -   列: second_post_intention_name , 类型: VARCHAR
15:44:34.106 [main] INFO  com.dongbao.test_demo3.TestMybatisPlus -   列: third_post_intention_name , 类型: VARCHAR
15:44:34.106 [main] INFO  com.dongbao.test_demo3.TestMybatisPlus -   列: is_talent_pool_transfer , 类型: VARCHAR
15:44:34.106 [main] INFO  com.dongbao.test_demo3.TestMybatisPlus -   列: is_get_accommodayion , 类型: VARCHAR
15:44:34.106 [main] INFO  com.dongbao.test_demo3.TestMybatisPlus -   列: accommodayion_start_date , 类型: DATETIME
15:44:34.106 [main] INFO  com.dongbao.test_demo3.TestMybatisPlus -   列: accommodayion_end_date , 类型: DATETIME
15:44:34.106 [main] INFO  com.dongbao.test_demo3.TestMybatisPlus -   列: is_id_card_imported , 类型: VARCHAR
15:44:34.106 [main] INFO  com.dongbao.test_demo3.TestMybatisPlus -   列: emp_rank , 类型: VARCHAR
15:44:34.106 [main] INFO  com.dongbao.test_demo3.TestMybatisPlus -   列: emp_post_rank , 类型: VARCHAR
15:44:34.106 [main] INFO  com.dongbao.test_demo3.TestMybatisPlus -   列: post_type , 类型: VARCHAR
15:44:34.106 [main] INFO  com.dongbao.test_demo3.TestMybatisPlus -   列: legally_admissible , 类型: VARCHAR
15:44:34.106 [main] INFO  com.dongbao.test_demo3.TestMybatisPlus -   列: certificate_type_id , 类型: BIGINT
15:44:34.106 [main] INFO  com.dongbao.test_demo3.TestMybatisPlus -   列: is_sum_work_age , 类型: VARCHAR
15:44:34.106 [main] INFO  com.dongbao.test_demo3.TestMybatisPlus -   列: work_age_year , 类型: INT
15:44:34.106 [main] INFO  com.dongbao.test_demo3.TestMybatisPlus -   列: work_age_mouth , 类型: INT
15:44:34.106 [main] INFO  com.dongbao.test_demo3.TestMybatisPlus -   列: probation_status , 类型: VARCHAR
15:44:34.106 [main] INFO  com.dongbao.test_demo3.TestMybatisPlus -   列: positive_status , 类型: VARCHAR
15:44:34.106 [main] INFO  com.dongbao.test_demo3.TestMybatisPlus -   列: mail_imap , 类型: VARCHAR
15:44:34.106 [main] INFO  com.dongbao.test_demo3.TestMybatisPlus -   列: mail_port , 类型: VARCHAR
15:44:34.106 [main] INFO  com.dongbao.test_demo3.TestMybatisPlus -   列: mail_account , 类型: VARCHAR
15:44:34.106 [main] INFO  com.dongbao.test_demo3.TestMybatisPlus -   列: account_key , 类型: VARCHAR
15:44:34.106 [main] INFO  com.dongbao.test_demo3.TestMybatisPlus -   列: mail_account_key , 类型: VARCHAR
15:44:34.106 [main] INFO  com.dongbao.test_demo3.TestMybatisPlus -   列: open_ssl , 类型: VARCHAR
15:44:34.106 [main] INFO  com.dongbao.test_demo3.TestMybatisPlus -   列: use_record_mail , 类型: VARCHAR
15:44:34.106 [main] INFO  com.dongbao.test_demo3.TestMybatisPlus -   列: mail_type , 类型: VARCHAR
15:44:34.106 [main] INFO  com.dongbao.test_demo3.TestMybatisPlus -   列: current_org_origin_id , 类型: BIGINT
15:44:34.106 [main] INFO  com.dongbao.test_demo3.TestMybatisPlus -   列: current_work_group , 类型: VARCHAR
15:44:34.106 [main] INFO  com.dongbao.test_demo3.TestMybatisPlus -   列: current_work_group_id , 类型: BIGINT
15:44:34.107 [main] INFO  com.dongbao.test_demo3.TestMybatisPlus -   列: type_of_work , 类型: VARCHAR
15:44:34.107 [main] INFO  com.dongbao.test_demo3.TestMybatisPlus -   列: cost_center_ids , 类型: LONGTEXT
15:44:34.107 [main] INFO  com.dongbao.test_demo3.TestMybatisPlus -   列: is_report_clock , 类型: VARCHAR
15:44:34.107 [main] INFO  com.dongbao.test_demo3.TestMybatisPlus -   列: qy_wx_uid , 类型: VARCHAR
15:44:34.107 [main] INFO  com.dongbao.test_demo3.TestMybatisPlus -   列: dingtalk_uid , 类型: VARCHAR
15:44:34.107 [main] INFO  com.dongbao.test_demo3.TestMybatisPlus -   列: legally_admissible_id , 类型: BIGINT
15:44:34.107 [main] INFO  com.dongbao.test_demo3.TestMybatisPlus -   列: is_wait_leave , 类型: VARCHAR
15:44:34.107 [main] INFO  com.dongbao.test_demo3.TestMybatisPlus -   列: parttime_org_origin_ids , 类型: LONGTEXT
15:44:34.107 [main] INFO  com.dongbao.test_demo3.TestMybatisPlus -   列: is_ignore_count , 类型: TINYINT
15:44:34.107 [main] INFO  com.dongbao.test_demo3.TestMybatisPlus -   列: is_master , 类型: VARCHAR
15:44:34.107 [main] INFO  com.dongbao.test_demo3.TestMybatisPlus -   列: custom_spell , 类型: VARCHAR
15:44:34.107 [main] INFO  com.dongbao.test_demo3.TestMybatisPlus -   列: parttime_org_parent_ids , 类型: LONGTEXT
15:44:34.107 [main] INFO  com.dongbao.test_demo3.TestMybatisPlus -   列: site_file_id , 类型: BIGINT
15:44:34.107 [main] INFO  com.dongbao.test_demo3.TestMybatisPlus -   列: site_file_name , 类型: VARCHAR
15:44:34.107 [main] INFO  com.dongbao.test_demo3.TestMybatisPlus -   列: audit_status_show , 类型: VARCHAR
15:44:34.107 [main] INFO  com.dongbao.test_demo3.TestMybatisPlus -   列: cost_center_names , 类型: LONGTEXT
15:44:34.107 [main] INFO  com.dongbao.test_demo3.TestMybatisPlus -   列: vir_org_names , 类型: LONGTEXT
15:44:34.107 [main] INFO  com.dongbao.test_demo3.TestMybatisPlus -   列: family_name_spell , 类型: VARCHAR
15:44:34.107 [main] INFO  com.dongbao.test_demo3.TestMybatisPlus -   列: name_spell , 类型: VARCHAR
15:44:34.107 [main] INFO  com.dongbao.test_demo3.TestMybatisPlus -   列: sn , 类型: VARCHAR
15:44:34.107 [main] INFO  com.dongbao.test_demo3.TestMybatisPlus -   列: given_name , 类型: VARCHAR
15:44:34.107 [main] INFO  com.dongbao.test_demo3.TestMybatisPlus -   列: description , 类型: VARCHAR
15:44:34.107 [main] INFO  com.dongbao.test_demo3.TestMybatisPlus -   列: emp_sort , 类型: INT
15:44:34.107 [main] INFO  com.dongbao.test_demo3.TestMybatisPlus -   列: date_of_working , 类型: DATETIME
15:44:34.107 [main] INFO  com.dongbao.test_demo3.TestMybatisPlus -   列: entry_count , 类型: INT
15:44:34.107 [main] INFO  com.dongbao.test_demo3.TestMybatisPlus -   列: third_key , 类型: VARCHAR
15:44:34.107 [main] INFO  com.dongbao.test_demo3.TestMybatisPlus -   列: age , 类型: INT
15:44:34.107 [main] INFO  com.dongbao.test_demo3.TestMybatisPlus -   列: ExtEventPersonNo , 类型: VARCHAR
15:44:34.107 [main] INFO  com.dongbao.test_demo3.TestMybatisPlus -   列: per_org_user_type , 类型: VARCHAR
15:44:34.107 [main] INFO  com.dongbao.test_demo3.TestMybatisPlus -   列: work_place , 类型: VARCHAR
15:44:34.107 [main] INFO  com.dongbao.test_demo3.TestMybatisPlus -   列: labor_dispatching_date , 类型: DATETIME
15:44:34.107 [main] INFO  com.dongbao.test_demo3.TestMybatisPlus -   列: social-insurance , 类型: VARCHAR
15:44:34.107 [main] INFO  com.dongbao.test_demo3.TestMybatisPlus -   列: Provident-Fund , 类型: VARCHAR
15:44:34.107 [main] INFO  com.dongbao.test_demo3.TestMybatisPlus -   列: social_insurance , 类型: VARCHAR
15:44:34.107 [main] INFO  com.dongbao.test_demo3.TestMybatisPlus -   列: provident_und , 类型: VARCHAR
15:44:34.107 [main] INFO  com.dongbao.test_demo3.TestMybatisPlus -   列: recruit , 类型: VARCHAR
15:44:34.107 [main] INFO  com.dongbao.test_demo3.TestMybatisPlus -   列: code , 类型: VARCHAR
15:44:34.107 [main] INFO  com.dongbao.test_demo3.TestMybatisPlus -   列: part_time_job , 类型: LONGTEXT
15:44:34.107 [main] INFO  com.dongbao.test_demo3.TestMybatisPlus -   列: c_inspect_data , 类型: DATETIME
15:44:34.107 [main] INFO  com.dongbao.test_demo3.TestMybatisPlus -   列: c_sxkssj , 类型: DATETIME
15:44:34.107 [main] INFO  com.dongbao.test_demo3.TestMybatisPlus -   列: c_sxjssj , 类型: DATETIME
15:44:34.107 [main] INFO  com.dongbao.test_demo3.TestMybatisPlus -   列: c_physics_no , 类型: VARCHAR
15:44:34.107 [main] INFO  com.dongbao.test_demo3.TestMybatisPlus -   列: application_id , 类型: VARCHAR
15:44:34.107 [main] INFO  com.dongbao.test_demo3.TestMybatisPlus -   列: c_level , 类型: INT
15:44:34.107 [main] INFO  com.dongbao.test_demo3.TestMybatisPlus -   列: c_tempType , 类型: VARCHAR
15:44:34.107 [main] INFO  com.dongbao.test_demo3.TestMybatisPlus -   列: rank_position_program_id , 类型: BIGINT
15:44:34.107 [main] INFO  com.dongbao.test_demo3.TestMybatisPlus -   列: sequence_name , 类型: VARCHAR
15:44:34.107 [main] INFO  com.dongbao.test_demo3.TestMybatisPlus -   列: sequence_level_id , 类型: BIGINT
15:44:34.107 [main] INFO  com.dongbao.test_demo3.TestMybatisPlus -   列: sequence_level_name , 类型: VARCHAR
15:44:34.107 [main] INFO  com.dongbao.test_demo3.TestMybatisPlus -   列: post_level_id , 类型: BIGINT
15:44:34.107 [main] INFO  com.dongbao.test_demo3.TestMybatisPlus -   列: is_intern , 类型: VARCHAR
15:44:34.107 [main] INFO  com.dongbao.test_demo3.TestMybatisPlus -   列: emp_level , 类型: INT
15:44:34.108 [main] INFO  com.dongbao.test_demo3.TestMybatisPlus -   列: basic_level , 类型: VARCHAR
15:44:34.108 [main] INFO  com.dongbao.test_demo3.TestMybatisPlus -   列: c_sumYdays , 类型: INT
15:44:34.108 [main] INFO  com.dongbao.test_demo3.TestMybatisPlus -   列: c_handsumYear , 类型: INT
15:44:34.108 [main] INFO  com.dongbao.test_demo3.TestMybatisPlus -   列: c_roundSumYear , 类型: INT
15:44:34.108 [main] INFO  com.dongbao.test_demo3.TestMybatisPlus -   列: c_Social_security_type , 类型: VARCHAR
15:44:34.108 [main] INFO  com.dongbao.test_demo3.TestMybatisPlus -   列: c_post_code , 类型: VARCHAR
15:44:34.108 [main] INFO  com.dongbao.test_demo3.TestMybatisPlus -   列: c_leave_type , 类型: VARCHAR
15:44:34.108 [main] INFO  com.dongbao.test_demo3.TestMybatisPlus -   列: c_become_regular_date , 类型: VARCHAR
15:44:34.108 [main] INFO  com.dongbao.test_demo3.TestMybatisPlus -   列: reinstate_way , 类型: VARCHAR
15:44:34.108 [main] INFO  com.dongbao.test_demo3.TestMybatisPlus -   列: reinstate_origin_ids , 类型: LONGTEXT
15:44:34.108 [main] INFO  com.dongbao.test_demo3.TestMybatisPlus -   列: c_lock_regular_date , 类型: VARCHAR
15:44:34.108 [main] INFO  com.dongbao.test_demo3.TestMybatisPlus -   列: c_is_sync_system , 类型: INT
15:44:34.108 [main] INFO  com.dongbao.test_demo3.TestMybatisPlus -   列: c_is_xsxzsbt , 类型: INT
15:44:34.108 [main] INFO  com.dongbao.test_demo3.TestMybatisPlus -   列: c_is_accumulation_fund , 类型: TINYINT
15:44:34.108 [main] INFO  com.dongbao.test_demo3.TestMybatisPlus -   列: c_dingtalk_unionid , 类型: VARCHAR
15:44:34.108 [main] INFO  com.dongbao.test_demo3.TestMybatisPlus -   列: id , 类型: BIGINT UNSIGNED
15:44:34.108 [main] INFO  com.dongbao.test_demo3.TestMybatisPlus -   列: origin_id , 类型: BIGINT
15:44:34.108 [main] INFO  com.dongbao.test_demo3.TestMybatisPlus -   列: head_portrait , 类型: VARCHAR
15:44:34.108 [main] INFO  com.dongbao.test_demo3.TestMybatisPlus -   列: name , 类型: VARCHAR
15:44:34.108 [main] INFO  com.dongbao.test_demo3.TestMybatisPlus -   列: short_name , 类型: VARCHAR
15:44:34.108 [main] INFO  com.dongbao.test_demo3.TestMybatisPlus -   列: english_name , 类型: VARCHAR
15:44:34.108 [main] INFO  com.dongbao.test_demo3.TestMybatisPlus -   列: education , 类型: VARCHAR
15:44:34.108 [main] INFO  com.dongbao.test_demo3.TestMybatisPlus -   列: sex , 类型: VARCHAR
15:44:34.108 [main] INFO  com.dongbao.test_demo3.TestMybatisPlus -   列: mobile , 类型: VARCHAR
15:44:34.108 [main] INFO  com.dongbao.test_demo3.TestMybatisPlus -   列: marital_status , 类型: VARCHAR
15:44:34.108 [main] INFO  com.dongbao.test_demo3.TestMybatisPlus -   列: email , 类型: VARCHAR
15:44:34.108 [main] INFO  com.dongbao.test_demo3.TestMybatisPlus -   列: certificate_type , 类型: VARCHAR
15:44:34.108 [main] INFO  com.dongbao.test_demo3.TestMybatisPlus -   列: certificate_no , 类型: VARCHAR
15:44:34.108 [main] INFO  com.dongbao.test_demo3.TestMybatisPlus -   列: certificate_start_date , 类型: DATETIME
15:44:34.108 [main] INFO  com.dongbao.test_demo3.TestMybatisPlus -   列: certificate_end_date , 类型: DATETIME
15:44:34.108 [main] INFO  com.dongbao.test_demo3.TestMybatisPlus -   列: id_card_address , 类型: VARCHAR
15:44:34.108 [main] INFO  com.dongbao.test_demo3.TestMybatisPlus -   列: birth_date_type , 类型: VARCHAR
15:44:34.108 [main] INFO  com.dongbao.test_demo3.TestMybatisPlus -   列: birth_date , 类型: DATETIME
15:44:34.108 [main] INFO  com.dongbao.test_demo3.TestMybatisPlus -   列: nation , 类型: VARCHAR
15:44:34.109 [main] INFO  com.dongbao.test_demo3.TestMybatisPlus -   列: nationality_id , 类型: VARCHAR
15:44:34.109 [main] INFO  com.dongbao.test_demo3.TestMybatisPlus -   列: nationality , 类型: VARCHAR
15:44:34.109 [main] INFO  com.dongbao.test_demo3.TestMybatisPlus -   列: native_place , 类型: VARCHAR
15:44:34.109 [main] INFO  com.dongbao.test_demo3.TestMybatisPlus -   列: domicile_type , 类型: VARCHAR
15:44:34.109 [main] INFO  com.dongbao.test_demo3.TestMybatisPlus -   列: politics_status , 类型: VARCHAR
15:44:34.109 [main] INFO  com.dongbao.test_demo3.TestMybatisPlus -   列: address , 类型: LONGTEXT
15:44:34.109 [main] INFO  com.dongbao.test_demo3.TestMybatisPlus -   列: blood_type , 类型: VARCHAR
15:44:34.109 [main] INFO  com.dongbao.test_demo3.TestMybatisPlus -   列: height , 类型: DECIMAL
15:44:34.109 [main] INFO  com.dongbao.test_demo3.TestMybatisPlus -   列: constellation , 类型: VARCHAR
15:44:34.109 [main] INFO  com.dongbao.test_demo3.TestMybatisPlus -   列: handedness , 类型: VARCHAR
15:44:34.109 [main] INFO  com.dongbao.test_demo3.TestMybatisPlus -   列: smoke , 类型: VARCHAR
15:44:34.109 [main] INFO  com.dongbao.test_demo3.TestMybatisPlus -   列: speciality , 类型: VARCHAR
15:44:34.109 [main] INFO  com.dongbao.test_demo3.TestMybatisPlus -   列: religion , 类型: VARCHAR
15:44:34.109 [main] INFO  com.dongbao.test_demo3.TestMybatisPlus -   列: health , 类型: VARCHAR
15:44:34.109 [main] INFO  com.dongbao.test_demo3.TestMybatisPlus -   列: remark , 类型: LONGTEXT
15:44:34.109 [main] INFO  com.dongbao.test_demo3.TestMybatisPlus -   列: emp_no , 类型: VARCHAR
15:44:34.109 [main] INFO  com.dongbao.test_demo3.TestMybatisPlus -   列: entry_date , 类型: DATETIME
15:44:34.109 [main] INFO  com.dongbao.test_demo3.TestMybatisPlus -   列: company_id , 类型: BIGINT
15:44:34.109 [main] INFO  com.dongbao.test_demo3.TestMybatisPlus -   列: company_name , 类型: VARCHAR
15:44:34.109 [main] INFO  com.dongbao.test_demo3.TestMybatisPlus -   列: attach , 类型: VARCHAR
15:44:34.109 [main] INFO  com.dongbao.test_demo3.TestMybatisPlus -   列: org_name , 类型: VARCHAR
15:44:34.109 [main] INFO  com.dongbao.test_demo3.TestMybatisPlus -   列: emp_type , 类型: VARCHAR
15:44:34.109 [main] INFO  com.dongbao.test_demo3.TestMybatisPlus -   列: post_name , 类型: VARCHAR
15:44:34.109 [main] INFO  com.dongbao.test_demo3.TestMybatisPlus -   列: duty_id , 类型: BIGINT
15:44:34.109 [main] INFO  com.dongbao.test_demo3.TestMybatisPlus -   列: duty_name , 类型: VARCHAR
15:44:34.109 [main] INFO  com.dongbao.test_demo3.TestMybatisPlus -   列: employment_nature , 类型: VARCHAR
15:44:34.109 [main] INFO  com.dongbao.test_demo3.TestMybatisPlus -   列: entry_source , 类型: VARCHAR
15:44:34.109 [main] INFO  com.dongbao.test_demo3.TestMybatisPlus -   列: probation_start_date , 类型: DATETIME
15:44:34.109 [main] INFO  com.dongbao.test_demo3.TestMybatisPlus -   列: probation_end_date , 类型: DATETIME
15:44:34.109 [main] INFO  com.dongbao.test_demo3.TestMybatisPlus -   列: work_months , 类型: INT
15:44:34.109 [main] INFO  com.dongbao.test_demo3.TestMybatisPlus -   列: leader_name , 类型: VARCHAR
15:44:34.109 [main] INFO  com.dongbao.test_demo3.TestMybatisPlus -   列: logic_no , 类型: VARCHAR
15:44:34.109 [main] INFO  com.dongbao.test_demo3.TestMybatisPlus -   列: archive_no , 类型: VARCHAR
15:44:34.109 [main] INFO  com.dongbao.test_demo3.TestMybatisPlus -   列: dispatch_company , 类型: VARCHAR
15:44:34.109 [main] INFO  com.dongbao.test_demo3.TestMybatisPlus -   列: ext_tel , 类型: VARCHAR
15:44:34.109 [main] INFO  com.dongbao.test_demo3.TestMybatisPlus -   列: first_post_intention , 类型: VARCHAR
15:44:34.109 [main] INFO  com.dongbao.test_demo3.TestMybatisPlus -   列: second_post_intention , 类型: VARCHAR
15:44:34.109 [main] INFO  com.dongbao.test_demo3.TestMybatisPlus -   列: status , 类型: VARCHAR
15:44:34.109 [main] INFO  com.dongbao.test_demo3.TestMybatisPlus -   列: third_post_intention , 类型: VARCHAR
15:44:34.109 [main] INFO  com.dongbao.test_demo3.TestMybatisPlus -   列: work_email , 类型: VARCHAR
15:44:34.109 [main] INFO  com.dongbao.test_demo3.TestMybatisPlus -   列: work_tel , 类型: VARCHAR
15:44:34.109 [main] INFO  com.dongbao.test_demo3.TestMybatisPlus -   列: physics_no , 类型: VARCHAR
15:44:34.109 [main] INFO  com.dongbao.test_demo3.TestMybatisPlus -   列: card_dept , 类型: VARCHAR
15:44:34.109 [main] INFO  com.dongbao.test_demo3.TestMybatisPlus -   列: is_probation , 类型: VARCHAR
15:44:34.109 [main] INFO  com.dongbao.test_demo3.TestMybatisPlus -   列: create_id , 类型: BIGINT
15:44:34.109 [main] INFO  com.dongbao.test_demo3.TestMybatisPlus -   列: create_name , 类型: VARCHAR
15:44:34.109 [main] INFO  com.dongbao.test_demo3.TestMybatisPlus -   列: create_date , 类型: DATETIME
15:44:34.109 [main] INFO  com.dongbao.test_demo3.TestMybatisPlus -   列: modify_id , 类型: BIGINT
15:44:34.109 [main] INFO  com.dongbao.test_demo3.TestMybatisPlus -   列: modify_name , 类型: VARCHAR
15:44:34.110 [main] INFO  com.dongbao.test_demo3.TestMybatisPlus -   列: modify_date , 类型: DATETIME
15:44:34.110 [main] INFO  com.dongbao.test_demo3.TestMybatisPlus -   列: is_delete , 类型: TINYINT
15:44:34.110 [main] INFO  com.dongbao.test_demo3.TestMybatisPlus -   列: entry_status , 类型: VARCHAR
15:44:34.110 [main] INFO  com.dongbao.test_demo3.TestMybatisPlus -   列: info_employ_id , 类型: BIGINT
15:44:34.110 [main] INFO  com.dongbao.test_demo3.TestMybatisPlus -   列: enable_date , 类型: DATETIME
15:44:34.110 [main] INFO  com.dongbao.test_demo3.TestMybatisPlus -   列: unable_date , 类型: DATETIME
15:44:34.110 [main] INFO  com.dongbao.test_demo3.TestMybatisPlus -   列: org_origin_id , 类型: BIGINT
15:44:34.110 [main] INFO  com.dongbao.test_demo3.TestMybatisPlus -   列: post_origin_id , 类型: BIGINT
15:44:34.110 [main] INFO  com.dongbao.test_demo3.TestMybatisPlus -   列: user_id , 类型: BIGINT
15:44:34.110 [main] INFO  com.dongbao.test_demo3.TestMybatisPlus -   列: audit_status , 类型: TINYINT
15:44:34.110 [main] INFO  com.dongbao.test_demo3.TestMybatisPlus -   列: position_and_rank , 类型: VARCHAR
15:44:34.110 [main] INFO  com.dongbao.test_demo3.TestMybatisPlus -   列: leave_date , 类型: DATETIME
15:44:34.110 [main] INFO  com.dongbao.test_demo3.TestMybatisPlus -   列: is_guest , 类型: VARCHAR
15:44:34.110 [main] INFO  com.dongbao.test_demo3.TestMybatisPlus -   列: introduce_name , 类型: VARCHAR
15:44:34.110 [main] INFO  com.dongbao.test_demo3.TestMybatisPlus -   列: introduce_id , 类型: BIGINT
15:44:34.110 [main] INFO  com.dongbao.test_demo3.TestMybatisPlus -   列: leader_origin_id , 类型: BIGINT
15:44:34.110 [main] INFO  com.dongbao.test_demo3.TestMybatisPlus -   列: leader_origin_ids , 类型: LONGTEXT
15:44:34.110 [main] INFO  com.dongbao.test_demo3.TestMybatisPlus -   列: last_communication_date , 类型: DATETIME
15:44:34.110 [main] INFO  com.dongbao.test_demo3.TestMybatisPlus -   列: contract_end_date , 类型: DATETIME
15:44:34.110 [main] INFO  com.dongbao.test_demo3.TestMybatisPlus -   列: flow_type , 类型: BIGINT
15:44:34.110 [main] INFO  com.dongbao.test_demo3.TestMybatisPlus -   列: work_years_entry_date , 类型: DATETIME
15:44:34.110 [main] INFO  com.dongbao.test_demo3.TestMybatisPlus -   列: level_position_id , 类型: BIGINT
15:44:34.110 [main] INFO  com.dongbao.test_demo3.TestMybatisPlus -   列: level_rank_id , 类型: BIGINT
15:44:34.110 [main] INFO  com.dongbao.test_demo3.TestMybatisPlus -   列: list_progress , 类型: DECIMAL
15:44:34.110 [main] INFO  com.dongbao.test_demo3.TestMybatisPlus -   列: flow_process , 类型: DECIMAL
15:44:34.110 [main] INFO  com.dongbao.test_demo3.TestMybatisPlus -   列: is_org_flow , 类型: INT
15:44:34.110 [main] INFO  com.dongbao.test_demo3.TestMybatisPlus -   列: area_code , 类型: VARCHAR
15:44:34.110 [main] INFO  com.dongbao.test_demo3.TestMybatisPlus -   列: company_ids , 类型: LONGTEXT
15:44:34.110 [main] INFO  com.dongbao.test_demo3.TestMybatisPlus -   列: org_parent_origin_ids , 类型: TEXT
15:44:34.110 [main] INFO  com.dongbao.test_demo3.TestMybatisPlus -   列: employ_id , 类型: BIGINT
15:44:34.110 [main] INFO  com.dongbao.test_demo3.TestMybatisPlus -   列: country_id , 类型: BIGINT
15:44:34.110 [main] INFO  com.dongbao.test_demo3.TestMybatisPlus -   列: work_age_value , 类型: VARCHAR
15:44:34.110 [main] INFO  com.dongbao.test_demo3.TestMybatisPlus -   列: last_daily_accounting_program_id , 类型: BIGINT
15:44:34.110 [main] INFO  com.dongbao.test_demo3.TestMybatisPlus -   列: last_monthly_accounting_program_id , 类型: BIGINT
15:44:34.110 [main] INFO  com.dongbao.test_demo3.TestMybatisPlus -   列: meid , 类型: VARCHAR
15:44:34.110 [main] INFO  com.dongbao.test_demo3.TestMybatisPlus -   列: native_place_id , 类型: LONGTEXT
15:44:34.110 [main] INFO  com.dongbao.test_demo3.TestMybatisPlus -   列: personal_head_portrait , 类型: VARCHAR
15:44:34.110 [main] INFO  com.dongbao.test_demo3.TestMybatisPlus -   列: district , 类型: LONGTEXT
15:44:34.110 [main] INFO  com.dongbao.test_demo3.TestMybatisPlus -   列: address_id , 类型: VARCHAR
15:44:34.111 [main] INFO  com.dongbao.test_demo3.TestMybatisPlus -   列: spell , 类型: VARCHAR
15:44:34.111 [main] INFO  com.dongbao.test_demo3.TestMybatisPlus -   列: jane_spell , 类型: VARCHAR
15:44:34.111 [main] INFO  com.dongbao.test_demo3.TestMybatisPlus -   列: tax_number , 类型: VARCHAR
15:44:34.111 [main] INFO  com.dongbao.test_demo3.TestMybatisPlus -   列: social_security_number , 类型: VARCHAR
15:44:34.111 [main] INFO  com.dongbao.test_demo3.TestMybatisPlus -   列: medical_social_security_number , 类型: VARCHAR
15:44:34.111 [main] INFO  com.dongbao.test_demo3.TestMybatisPlus -   列: name2 , 类型: VARCHAR
15:44:34.111 [main] INFO  com.dongbao.test_demo3.TestMybatisPlus -   列: name3 , 类型: VARCHAR
15:44:34.111 [main] INFO  com.dongbao.test_demo3.TestMybatisPlus -   列: name4 , 类型: VARCHAR
15:44:34.111 [main] INFO  com.dongbao.test_demo3.TestMybatisPlus -   列: name5 , 类型: VARCHAR
15:44:34.111 [main] INFO  com.dongbao.test_demo3.TestMybatisPlus -   列: name6 , 类型: VARCHAR
15:44:34.111 [main] INFO  com.dongbao.test_demo3.TestMybatisPlus -   列: full_spell , 类型: VARCHAR
15:44:34.111 [main] INFO  com.dongbao.test_demo3.TestMybatisPlus -   列: data_source_type , 类型: INT
15:44:34.111 [main] INFO  com.dongbao.test_demo3.TestMybatisPlus -   列: first_post_intention_name , 类型: VARCHAR
15:44:34.112 [main] INFO  com.dongbao.test_demo3.TestMybatisPlus -   列: second_post_intention_name , 类型: VARCHAR
15:44:34.112 [main] INFO  com.dongbao.test_demo3.TestMybatisPlus -   列: third_post_intention_name , 类型: VARCHAR
15:44:34.112 [main] INFO  com.dongbao.test_demo3.TestMybatisPlus -   列: is_talent_pool_transfer , 类型: VARCHAR
15:44:34.112 [main] INFO  com.dongbao.test_demo3.TestMybatisPlus -   列: is_get_accommodayion , 类型: VARCHAR
15:44:34.112 [main] INFO  com.dongbao.test_demo3.TestMybatisPlus -   列: accommodayion_start_date , 类型: DATETIME
15:44:34.112 [main] INFO  com.dongbao.test_demo3.TestMybatisPlus -   列: accommodayion_end_date , 类型: DATETIME
15:44:34.112 [main] INFO  com.dongbao.test_demo3.TestMybatisPlus -   列: is_id_card_imported , 类型: VARCHAR
15:44:34.112 [main] INFO  com.dongbao.test_demo3.TestMybatisPlus -   列: emp_rank , 类型: VARCHAR
15:44:34.112 [main] INFO  com.dongbao.test_demo3.TestMybatisPlus -   列: emp_post_rank , 类型: VARCHAR
15:44:34.112 [main] INFO  com.dongbao.test_demo3.TestMybatisPlus -   列: post_type , 类型: VARCHAR
15:44:34.112 [main] INFO  com.dongbao.test_demo3.TestMybatisPlus -   列: legally_admissible , 类型: VARCHAR
15:44:34.112 [main] INFO  com.dongbao.test_demo3.TestMybatisPlus -   列: certificate_type_id , 类型: BIGINT
15:44:34.112 [main] INFO  com.dongbao.test_demo3.TestMybatisPlus -   列: is_sum_work_age , 类型: VARCHAR
15:44:34.112 [main] INFO  com.dongbao.test_demo3.TestMybatisPlus -   列: work_age_year , 类型: INT
15:44:34.112 [main] INFO  com.dongbao.test_demo3.TestMybatisPlus -   列: work_age_mouth , 类型: INT
15:44:34.112 [main] INFO  com.dongbao.test_demo3.TestMybatisPlus -   列: probation_status , 类型: VARCHAR
15:44:34.112 [main] INFO  com.dongbao.test_demo3.TestMybatisPlus -   列: positive_status , 类型: VARCHAR
15:44:34.112 [main] INFO  com.dongbao.test_demo3.TestMybatisPlus -   列: mail_imap , 类型: VARCHAR
15:44:34.112 [main] INFO  com.dongbao.test_demo3.TestMybatisPlus -   列: mail_port , 类型: VARCHAR
15:44:34.112 [main] INFO  com.dongbao.test_demo3.TestMybatisPlus -   列: mail_account , 类型: VARCHAR
15:44:34.112 [main] INFO  com.dongbao.test_demo3.TestMybatisPlus -   列: account_key , 类型: VARCHAR
15:44:34.112 [main] INFO  com.dongbao.test_demo3.TestMybatisPlus -   列: mail_account_key , 类型: VARCHAR
15:44:34.112 [main] INFO  com.dongbao.test_demo3.TestMybatisPlus -   列: open_ssl , 类型: VARCHAR
15:44:34.112 [main] INFO  com.dongbao.test_demo3.TestMybatisPlus -   列: use_record_mail , 类型: VARCHAR
15:44:34.112 [main] INFO  com.dongbao.test_demo3.TestMybatisPlus -   列: mail_type , 类型: VARCHAR
15:44:34.112 [main] INFO  com.dongbao.test_demo3.TestMybatisPlus -   列: current_org_origin_id , 类型: BIGINT
15:44:34.112 [main] INFO  com.dongbao.test_demo3.TestMybatisPlus -   列: current_work_group , 类型: VARCHAR
15:44:34.112 [main] INFO  com.dongbao.test_demo3.TestMybatisPlus -   列: current_work_group_id , 类型: BIGINT
15:44:34.112 [main] INFO  com.dongbao.test_demo3.TestMybatisPlus -   列: type_of_work , 类型: VARCHAR
15:44:34.112 [main] INFO  com.dongbao.test_demo3.TestMybatisPlus -   列: cost_center_ids , 类型: LONGTEXT
15:44:34.112 [main] INFO  com.dongbao.test_demo3.TestMybatisPlus -   列: is_report_clock , 类型: VARCHAR
15:44:34.112 [main] INFO  com.dongbao.test_demo3.TestMybatisPlus -   列: qy_wx_uid , 类型: VARCHAR
15:44:34.112 [main] INFO  com.dongbao.test_demo3.TestMybatisPlus -   列: dingtalk_uid , 类型: VARCHAR
15:44:34.112 [main] INFO  com.dongbao.test_demo3.TestMybatisPlus -   列: legally_admissible_id , 类型: BIGINT
15:44:34.112 [main] INFO  com.dongbao.test_demo3.TestMybatisPlus -   列: is_wait_leave , 类型: VARCHAR
15:44:34.112 [main] INFO  com.dongbao.test_demo3.TestMybatisPlus -   列: parttime_org_origin_ids , 类型: LONGTEXT
15:44:34.112 [main] INFO  com.dongbao.test_demo3.TestMybatisPlus -   列: is_ignore_count , 类型: TINYINT
15:44:34.112 [main] INFO  com.dongbao.test_demo3.TestMybatisPlus -   列: is_master , 类型: VARCHAR
15:44:34.112 [main] INFO  com.dongbao.test_demo3.TestMybatisPlus -   列: custom_spell , 类型: VARCHAR
15:44:34.112 [main] INFO  com.dongbao.test_demo3.TestMybatisPlus -   列: parttime_org_parent_ids , 类型: LONGTEXT
15:44:34.112 [main] INFO  com.dongbao.test_demo3.TestMybatisPlus -   列: site_file_id , 类型: BIGINT
15:44:34.112 [main] INFO  com.dongbao.test_demo3.TestMybatisPlus -   列: site_file_name , 类型: VARCHAR
15:44:34.112 [main] INFO  com.dongbao.test_demo3.TestMybatisPlus -   列: audit_status_show , 类型: VARCHAR
15:44:34.112 [main] INFO  com.dongbao.test_demo3.TestMybatisPlus -   列: cost_center_names , 类型: LONGTEXT
15:44:34.112 [main] INFO  com.dongbao.test_demo3.TestMybatisPlus -   列: vir_org_names , 类型: LONGTEXT
15:44:34.112 [main] INFO  com.dongbao.test_demo3.TestMybatisPlus -   列: family_name_spell , 类型: VARCHAR
15:44:34.112 [main] INFO  com.dongbao.test_demo3.TestMybatisPlus -   列: name_spell , 类型: VARCHAR
15:44:34.112 [main] INFO  com.dongbao.test_demo3.TestMybatisPlus -   列: sn , 类型: VARCHAR
15:44:34.112 [main] INFO  com.dongbao.test_demo3.TestMybatisPlus -   列: given_name , 类型: VARCHAR
15:44:34.112 [main] INFO  com.dongbao.test_demo3.TestMybatisPlus -   列: description , 类型: VARCHAR
15:44:34.112 [main] INFO  com.dongbao.test_demo3.TestMybatisPlus -   列: emp_sort , 类型: INT
15:44:34.112 [main] INFO  com.dongbao.test_demo3.TestMybatisPlus -   列: date_of_working , 类型: DATETIME
15:44:34.112 [main] INFO  com.dongbao.test_demo3.TestMybatisPlus -   列: entry_count , 类型: INT
15:44:34.112 [main] INFO  com.dongbao.test_demo3.TestMybatisPlus -   列: third_key , 类型: VARCHAR
15:44:34.112 [main] INFO  com.dongbao.test_demo3.TestMybatisPlus -   列: age , 类型: INT
15:44:34.112 [main] INFO  com.dongbao.test_demo3.TestMybatisPlus -   列: ExtEventPersonNo , 类型: VARCHAR
15:44:34.112 [main] INFO  com.dongbao.test_demo3.TestMybatisPlus -   列: per_org_user_type , 类型: VARCHAR
15:44:34.112 [main] INFO  com.dongbao.test_demo3.TestMybatisPlus -   列: work_place , 类型: VARCHAR
15:44:34.112 [main] INFO  com.dongbao.test_demo3.TestMybatisPlus -   列: labor_dispatching_date , 类型: DATETIME
15:44:34.112 [main] INFO  com.dongbao.test_demo3.TestMybatisPlus -   列: social-insurance , 类型: VARCHAR
15:44:34.112 [main] INFO  com.dongbao.test_demo3.TestMybatisPlus -   列: Provident-Fund , 类型: VARCHAR
15:44:34.112 [main] INFO  com.dongbao.test_demo3.TestMybatisPlus -   列: social_insurance , 类型: VARCHAR
15:44:34.112 [main] INFO  com.dongbao.test_demo3.TestMybatisPlus -   列: provident_und , 类型: VARCHAR
15:44:34.112 [main] INFO  com.dongbao.test_demo3.TestMybatisPlus -   列: recruit , 类型: VARCHAR
15:44:34.112 [main] INFO  com.dongbao.test_demo3.TestMybatisPlus -   列: code , 类型: VARCHAR
15:44:34.112 [main] INFO  com.dongbao.test_demo3.TestMybatisPlus -   列: part_time_job , 类型: LONGTEXT
15:44:34.112 [main] INFO  com.dongbao.test_demo3.TestMybatisPlus -   列: c_inspect_data , 类型: DATETIME
15:44:34.112 [main] INFO  com.dongbao.test_demo3.TestMybatisPlus -   列: c_sxkssj , 类型: DATETIME
15:44:34.112 [main] INFO  com.dongbao.test_demo3.TestMybatisPlus -   列: c_sxjssj , 类型: DATETIME
15:44:34.112 [main] INFO  com.dongbao.test_demo3.TestMybatisPlus -   列: c_physics_no , 类型: VARCHAR
15:44:34.112 [main] INFO  com.dongbao.test_demo3.TestMybatisPlus -   列: application_id , 类型: VARCHAR
15:44:34.112 [main] INFO  com.dongbao.test_demo3.TestMybatisPlus -   列: c_level , 类型: INT
15:44:34.112 [main] INFO  com.dongbao.test_demo3.TestMybatisPlus -   列: c_tempType , 类型: VARCHAR
15:44:34.112 [main] INFO  com.dongbao.test_demo3.TestMybatisPlus -   列: rank_position_program_id , 类型: BIGINT
15:44:34.112 [main] INFO  com.dongbao.test_demo3.TestMybatisPlus -   列: sequence_name , 类型: VARCHAR
15:44:34.112 [main] INFO  com.dongbao.test_demo3.TestMybatisPlus -   列: sequence_level_id , 类型: BIGINT
15:44:34.112 [main] INFO  com.dongbao.test_demo3.TestMybatisPlus -   列: sequence_level_name , 类型: VARCHAR
15:44:34.112 [main] INFO  com.dongbao.test_demo3.TestMybatisPlus -   列: post_level_id , 类型: BIGINT
15:44:34.112 [main] INFO  com.dongbao.test_demo3.TestMybatisPlus -   列: is_intern , 类型: VARCHAR
15:44:34.112 [main] INFO  com.dongbao.test_demo3.TestMybatisPlus -   列: emp_level , 类型: INT
15:44:34.112 [main] INFO  com.dongbao.test_demo3.TestMybatisPlus -   列: basic_level , 类型: VARCHAR
15:44:34.112 [main] INFO  com.dongbao.test_demo3.TestMybatisPlus -   列: c_sumYdays , 类型: INT
15:44:34.112 [main] INFO  com.dongbao.test_demo3.TestMybatisPlus -   列: c_handsumYear , 类型: INT
15:44:34.112 [main] INFO  com.dongbao.test_demo3.TestMybatisPlus -   列: c_roundSumYear , 类型: INT
15:44:34.112 [main] INFO  com.dongbao.test_demo3.TestMybatisPlus -   列: c_Social_security_type , 类型: VARCHAR
15:44:34.112 [main] INFO  com.dongbao.test_demo3.TestMybatisPlus -   列: c_post_code , 类型: VARCHAR
15:44:34.112 [main] INFO  com.dongbao.test_demo3.TestMybatisPlus -   列: c_leave_type , 类型: VARCHAR
15:44:34.113 [main] INFO  com.dongbao.test_demo3.TestMybatisPlus -   列: c_become_regular_date , 类型: VARCHAR
15:44:34.113 [main] INFO  com.dongbao.test_demo3.TestMybatisPlus -   列: reinstate_way , 类型: VARCHAR
15:44:34.113 [main] INFO  com.dongbao.test_demo3.TestMybatisPlus -   列: reinstate_origin_ids , 类型: LONGTEXT
15:44:34.113 [main] INFO  com.dongbao.test_demo3.TestMybatisPlus -   列: c_lock_regular_date , 类型: VARCHAR
15:44:34.113 [main] INFO  com.dongbao.test_demo3.TestMybatisPlus -   列: c_is_sync_system , 类型: INT
15:44:34.113 [main] INFO  com.dongbao.test_demo3.TestMybatisPlus -   列: c_is_xsxzsbt , 类型: INT
15:44:34.113 [main] INFO  com.dongbao.test_demo3.TestMybatisPlus -   列: c_is_accumulation_fund , 类型: TINYINT
15:44:34.113 [main] INFO  com.dongbao.test_demo3.TestMybatisPlus -   列: c_dingtalk_unionid , 类型: VARCHAR
15:44:34.113 [main] INFO  com.dongbao.test_demo3.TestMybatisPlus -   列: c_employ_id , 类型: BIGINT
15:44:34.113 [main] INFO  com.dongbao.test_demo3.TestMybatisPlus -   列: id , 类型: BIGINT UNSIGNED
15:44:34.113 [main] INFO  com.dongbao.test_demo3.TestMybatisPlus -   列: origin_id , 类型: BIGINT
15:44:34.113 [main] INFO  com.dongbao.test_demo3.TestMybatisPlus -   列: head_portrait , 类型: VARCHAR
15:44:34.113 [main] INFO  com.dongbao.test_demo3.TestMybatisPlus -   列: name , 类型: VARCHAR
15:44:34.113 [main] INFO  com.dongbao.test_demo3.TestMybatisPlus -   列: short_name , 类型: VARCHAR
15:44:34.113 [main] INFO  com.dongbao.test_demo3.TestMybatisPlus -   列: english_name , 类型: VARCHAR
15:44:34.113 [main] INFO  com.dongbao.test_demo3.TestMybatisPlus -   列: education , 类型: VARCHAR
15:44:34.113 [main] INFO  com.dongbao.test_demo3.TestMybatisPlus -   列: sex , 类型: VARCHAR
15:44:34.113 [main] INFO  com.dongbao.test_demo3.TestMybatisPlus -   列: mobile , 类型: VARCHAR
15:44:34.113 [main] INFO  com.dongbao.test_demo3.TestMybatisPlus -   列: marital_status , 类型: VARCHAR
15:44:34.113 [main] INFO  com.dongbao.test_demo3.TestMybatisPlus -   列: email , 类型: VARCHAR
15:44:34.113 [main] INFO  com.dongbao.test_demo3.TestMybatisPlus -   列: certificate_type , 类型: VARCHAR
15:44:34.113 [main] INFO  com.dongbao.test_demo3.TestMybatisPlus -   列: certificate_no , 类型: VARCHAR
15:44:34.113 [main] INFO  com.dongbao.test_demo3.TestMybatisPlus -   列: certificate_start_date , 类型: DATETIME
15:44:34.113 [main] INFO  com.dongbao.test_demo3.TestMybatisPlus -   列: certificate_end_date , 类型: DATETIME
15:44:34.113 [main] INFO  com.dongbao.test_demo3.TestMybatisPlus -   列: id_card_address , 类型: VARCHAR
15:44:34.113 [main] INFO  com.dongbao.test_demo3.TestMybatisPlus -   列: birth_date_type , 类型: VARCHAR
15:44:34.113 [main] INFO  com.dongbao.test_demo3.TestMybatisPlus -   列: birth_date , 类型: DATETIME
15:44:34.113 [main] INFO  com.dongbao.test_demo3.TestMybatisPlus -   列: nation , 类型: VARCHAR
15:44:34.113 [main] INFO  com.dongbao.test_demo3.TestMybatisPlus -   列: nationality_id , 类型: VARCHAR
15:44:34.113 [main] INFO  com.dongbao.test_demo3.TestMybatisPlus -   列: nationality , 类型: VARCHAR
15:44:34.113 [main] INFO  com.dongbao.test_demo3.TestMybatisPlus -   列: native_place , 类型: VARCHAR
15:44:34.113 [main] INFO  com.dongbao.test_demo3.TestMybatisPlus -   列: domicile_type , 类型: VARCHAR
15:44:34.113 [main] INFO  com.dongbao.test_demo3.TestMybatisPlus -   列: politics_status , 类型: VARCHAR
15:44:34.113 [main] INFO  com.dongbao.test_demo3.TestMybatisPlus -   列: address , 类型: LONGTEXT
15:44:34.113 [main] INFO  com.dongbao.test_demo3.TestMybatisPlus -   列: blood_type , 类型: VARCHAR
15:44:34.113 [main] INFO  com.dongbao.test_demo3.TestMybatisPlus -   列: height , 类型: DECIMAL
15:44:34.113 [main] INFO  com.dongbao.test_demo3.TestMybatisPlus -   列: constellation , 类型: VARCHAR
15:44:34.113 [main] INFO  com.dongbao.test_demo3.TestMybatisPlus -   列: handedness , 类型: VARCHAR
15:44:34.113 [main] INFO  com.dongbao.test_demo3.TestMybatisPlus -   列: smoke , 类型: VARCHAR
15:44:34.113 [main] INFO  com.dongbao.test_demo3.TestMybatisPlus -   列: speciality , 类型: VARCHAR
15:44:34.113 [main] INFO  com.dongbao.test_demo3.TestMybatisPlus -   列: religion , 类型: VARCHAR
15:44:34.113 [main] INFO  com.dongbao.test_demo3.TestMybatisPlus -   列: health , 类型: VARCHAR
15:44:34.113 [main] INFO  com.dongbao.test_demo3.TestMybatisPlus -   列: remark , 类型: LONGTEXT
15:44:34.113 [main] INFO  com.dongbao.test_demo3.TestMybatisPlus -   列: emp_no , 类型: VARCHAR
15:44:34.113 [main] INFO  com.dongbao.test_demo3.TestMybatisPlus -   列: entry_date , 类型: DATETIME
15:44:34.113 [main] INFO  com.dongbao.test_demo3.TestMybatisPlus -   列: company_id , 类型: BIGINT
15:44:34.113 [main] INFO  com.dongbao.test_demo3.TestMybatisPlus -   列: company_name , 类型: VARCHAR
15:44:34.113 [main] INFO  com.dongbao.test_demo3.TestMybatisPlus -   列: attach , 类型: VARCHAR
15:44:34.113 [main] INFO  com.dongbao.test_demo3.TestMybatisPlus -   列: org_name , 类型: VARCHAR
15:44:34.113 [main] INFO  com.dongbao.test_demo3.TestMybatisPlus -   列: emp_type , 类型: VARCHAR
15:44:34.113 [main] INFO  com.dongbao.test_demo3.TestMybatisPlus -   列: post_name , 类型: VARCHAR
15:44:34.113 [main] INFO  com.dongbao.test_demo3.TestMybatisPlus -   列: duty_id , 类型: BIGINT
15:44:34.113 [main] INFO  com.dongbao.test_demo3.TestMybatisPlus -   列: duty_name , 类型: VARCHAR
15:44:34.113 [main] INFO  com.dongbao.test_demo3.TestMybatisPlus -   列: employment_nature , 类型: VARCHAR
15:44:34.113 [main] INFO  com.dongbao.test_demo3.TestMybatisPlus -   列: entry_source , 类型: VARCHAR
15:44:34.113 [main] INFO  com.dongbao.test_demo3.TestMybatisPlus -   列: probation_start_date , 类型: DATETIME
15:44:34.113 [main] INFO  com.dongbao.test_demo3.TestMybatisPlus -   列: probation_end_date , 类型: DATETIME
15:44:34.113 [main] INFO  com.dongbao.test_demo3.TestMybatisPlus -   列: work_months , 类型: INT
15:44:34.113 [main] INFO  com.dongbao.test_demo3.TestMybatisPlus -   列: leader_name , 类型: VARCHAR
15:44:34.113 [main] INFO  com.dongbao.test_demo3.TestMybatisPlus -   列: logic_no , 类型: VARCHAR
15:44:34.113 [main] INFO  com.dongbao.test_demo3.TestMybatisPlus -   列: archive_no , 类型: VARCHAR
15:44:34.113 [main] INFO  com.dongbao.test_demo3.TestMybatisPlus -   列: dispatch_company , 类型: VARCHAR
15:44:34.113 [main] INFO  com.dongbao.test_demo3.TestMybatisPlus -   列: ext_tel , 类型: VARCHAR
15:44:34.114 [main] INFO  com.dongbao.test_demo3.TestMybatisPlus -   列: first_post_intention , 类型: VARCHAR
15:44:34.114 [main] INFO  com.dongbao.test_demo3.TestMybatisPlus -   列: second_post_intention , 类型: VARCHAR
15:44:34.114 [main] INFO  com.dongbao.test_demo3.TestMybatisPlus -   列: status , 类型: VARCHAR
15:44:34.114 [main] INFO  com.dongbao.test_demo3.TestMybatisPlus -   列: third_post_intention , 类型: VARCHAR
15:44:34.114 [main] INFO  com.dongbao.test_demo3.TestMybatisPlus -   列: work_email , 类型: VARCHAR
15:44:34.114 [main] INFO  com.dongbao.test_demo3.TestMybatisPlus -   列: work_tel , 类型: VARCHAR
15:44:34.114 [main] INFO  com.dongbao.test_demo3.TestMybatisPlus -   列: physics_no , 类型: VARCHAR
15:44:34.114 [main] INFO  com.dongbao.test_demo3.TestMybatisPlus -   列: card_dept , 类型: VARCHAR
15:44:34.114 [main] INFO  com.dongbao.test_demo3.TestMybatisPlus -   列: is_probation , 类型: VARCHAR
15:44:34.114 [main] INFO  com.dongbao.test_demo3.TestMybatisPlus -   列: create_id , 类型: BIGINT
15:44:34.114 [main] INFO  com.dongbao.test_demo3.TestMybatisPlus -   列: create_name , 类型: VARCHAR
15:44:34.114 [main] INFO  com.dongbao.test_demo3.TestMybatisPlus -   列: create_date , 类型: DATETIME
15:44:34.114 [main] INFO  com.dongbao.test_demo3.TestMybatisPlus -   列: modify_id , 类型: BIGINT
15:44:34.114 [main] INFO  com.dongbao.test_demo3.TestMybatisPlus -   列: modify_name , 类型: VARCHAR
15:44:34.114 [main] INFO  com.dongbao.test_demo3.TestMybatisPlus -   列: modify_date , 类型: DATETIME
15:44:34.114 [main] INFO  com.dongbao.test_demo3.TestMybatisPlus -   列: is_delete , 类型: TINYINT
15:44:34.114 [main] INFO  com.dongbao.test_demo3.TestMybatisPlus -   列: entry_status , 类型: VARCHAR
15:44:34.114 [main] INFO  com.dongbao.test_demo3.TestMybatisPlus -   列: info_employ_id , 类型: BIGINT
15:44:34.114 [main] INFO  com.dongbao.test_demo3.TestMybatisPlus -   列: enable_date , 类型: DATETIME
15:44:34.114 [main] INFO  com.dongbao.test_demo3.TestMybatisPlus -   列: unable_date , 类型: DATETIME
15:44:34.114 [main] INFO  com.dongbao.test_demo3.TestMybatisPlus -   列: org_origin_id , 类型: BIGINT
15:44:34.114 [main] INFO  com.dongbao.test_demo3.TestMybatisPlus -   列: post_origin_id , 类型: BIGINT
15:44:34.114 [main] INFO  com.dongbao.test_demo3.TestMybatisPlus -   列: user_id , 类型: BIGINT
15:44:34.114 [main] INFO  com.dongbao.test_demo3.TestMybatisPlus -   列: audit_status , 类型: TINYINT
15:44:34.114 [main] INFO  com.dongbao.test_demo3.TestMybatisPlus -   列: position_and_rank , 类型: VARCHAR
15:44:34.114 [main] INFO  com.dongbao.test_demo3.TestMybatisPlus -   列: leave_date , 类型: DATETIME
15:44:34.114 [main] INFO  com.dongbao.test_demo3.TestMybatisPlus -   列: is_guest , 类型: VARCHAR
15:44:34.114 [main] INFO  com.dongbao.test_demo3.TestMybatisPlus -   列: introduce_name , 类型: VARCHAR
15:44:34.114 [main] INFO  com.dongbao.test_demo3.TestMybatisPlus -   列: introduce_id , 类型: BIGINT
15:44:34.114 [main] INFO  com.dongbao.test_demo3.TestMybatisPlus -   列: leader_origin_id , 类型: BIGINT
15:44:34.114 [main] INFO  com.dongbao.test_demo3.TestMybatisPlus -   列: leader_origin_ids , 类型: LONGTEXT
15:44:34.114 [main] INFO  com.dongbao.test_demo3.TestMybatisPlus -   列: last_communication_date , 类型: DATETIME
15:44:34.114 [main] INFO  com.dongbao.test_demo3.TestMybatisPlus -   列: contract_end_date , 类型: DATETIME
15:44:34.114 [main] INFO  com.dongbao.test_demo3.TestMybatisPlus -   列: flow_type , 类型: BIGINT
15:44:34.114 [main] INFO  com.dongbao.test_demo3.TestMybatisPlus -   列: work_years_entry_date , 类型: DATETIME
15:44:34.114 [main] INFO  com.dongbao.test_demo3.TestMybatisPlus -   列: level_position_id , 类型: BIGINT
15:44:34.114 [main] INFO  com.dongbao.test_demo3.TestMybatisPlus -   列: level_rank_id , 类型: BIGINT
15:44:34.114 [main] INFO  com.dongbao.test_demo3.TestMybatisPlus -   列: list_progress , 类型: DECIMAL
15:44:34.114 [main] INFO  com.dongbao.test_demo3.TestMybatisPlus -   列: flow_process , 类型: DECIMAL
15:44:34.115 [main] INFO  com.dongbao.test_demo3.TestMybatisPlus -   列: is_org_flow , 类型: INT
15:44:34.115 [main] INFO  com.dongbao.test_demo3.TestMybatisPlus -   列: area_code , 类型: VARCHAR
15:44:34.115 [main] INFO  com.dongbao.test_demo3.TestMybatisPlus -   列: company_ids , 类型: LONGTEXT
15:44:34.115 [main] INFO  com.dongbao.test_demo3.TestMybatisPlus -   列: org_parent_origin_ids , 类型: TEXT
15:44:34.115 [main] INFO  com.dongbao.test_demo3.TestMybatisPlus -   列: employ_id , 类型: BIGINT
15:44:34.115 [main] INFO  com.dongbao.test_demo3.TestMybatisPlus -   列: country_id , 类型: BIGINT
15:44:34.115 [main] INFO  com.dongbao.test_demo3.TestMybatisPlus -   列: work_age_value , 类型: VARCHAR
15:44:34.115 [main] INFO  com.dongbao.test_demo3.TestMybatisPlus -   列: last_daily_accounting_program_id , 类型: BIGINT
15:44:34.115 [main] INFO  com.dongbao.test_demo3.TestMybatisPlus -   列: last_monthly_accounting_program_id , 类型: BIGINT
15:44:34.115 [main] INFO  com.dongbao.test_demo3.TestMybatisPlus -   列: meid , 类型: VARCHAR
15:44:34.115 [main] INFO  com.dongbao.test_demo3.TestMybatisPlus -   列: native_place_id , 类型: LONGTEXT
15:44:34.115 [main] INFO  com.dongbao.test_demo3.TestMybatisPlus -   列: personal_head_portrait , 类型: VARCHAR
15:44:34.115 [main] INFO  com.dongbao.test_demo3.TestMybatisPlus -   列: district , 类型: LONGTEXT
15:44:34.115 [main] INFO  com.dongbao.test_demo3.TestMybatisPlus -   列: address_id , 类型: VARCHAR
15:44:34.115 [main] INFO  com.dongbao.test_demo3.TestMybatisPlus -   列: spell , 类型: VARCHAR
15:44:34.115 [main] INFO  com.dongbao.test_demo3.TestMybatisPlus -   列: jane_spell , 类型: VARCHAR
15:44:34.115 [main] INFO  com.dongbao.test_demo3.TestMybatisPlus -   列: tax_number , 类型: VARCHAR
15:44:34.115 [main] INFO  com.dongbao.test_demo3.TestMybatisPlus -   列: social_security_number , 类型: VARCHAR
15:44:34.115 [main] INFO  com.dongbao.test_demo3.TestMybatisPlus -   列: medical_social_security_number , 类型: VARCHAR
15:44:34.115 [main] INFO  com.dongbao.test_demo3.TestMybatisPlus -   列: name2 , 类型: VARCHAR
15:44:34.115 [main] INFO  com.dongbao.test_demo3.TestMybatisPlus -   列: name3 , 类型: VARCHAR
15:44:34.115 [main] INFO  com.dongbao.test_demo3.TestMybatisPlus -   列: name4 , 类型: VARCHAR
15:44:34.115 [main] INFO  com.dongbao.test_demo3.TestMybatisPlus -   列: name5 , 类型: VARCHAR
15:44:34.115 [main] INFO  com.dongbao.test_demo3.TestMybatisPlus -   列: name6 , 类型: VARCHAR
15:44:34.115 [main] INFO  com.dongbao.test_demo3.TestMybatisPlus -   列: full_spell , 类型: VARCHAR
15:44:34.115 [main] INFO  com.dongbao.test_demo3.TestMybatisPlus -   列: data_source_type , 类型: INT
15:44:34.115 [main] INFO  com.dongbao.test_demo3.TestMybatisPlus -   列: first_post_intention_name , 类型: VARCHAR
15:44:34.115 [main] INFO  com.dongbao.test_demo3.TestMybatisPlus -   列: second_post_intention_name , 类型: VARCHAR
15:44:34.115 [main] INFO  com.dongbao.test_demo3.TestMybatisPlus -   列: third_post_intention_name , 类型: VARCHAR
15:44:34.115 [main] INFO  com.dongbao.test_demo3.TestMybatisPlus -   列: is_talent_pool_transfer , 类型: VARCHAR
15:44:34.115 [main] INFO  com.dongbao.test_demo3.TestMybatisPlus -   列: is_get_accommodayion , 类型: VARCHAR
15:44:34.115 [main] INFO  com.dongbao.test_demo3.TestMybatisPlus -   列: accommodayion_start_date , 类型: DATETIME
15:44:34.115 [main] INFO  com.dongbao.test_demo3.TestMybatisPlus -   列: accommodayion_end_date , 类型: DATETIME
15:44:34.115 [main] INFO  com.dongbao.test_demo3.TestMybatisPlus -   列: is_id_card_imported , 类型: VARCHAR
15:44:34.115 [main] INFO  com.dongbao.test_demo3.TestMybatisPlus -   列: emp_rank , 类型: VARCHAR
15:44:34.115 [main] INFO  com.dongbao.test_demo3.TestMybatisPlus -   列: emp_post_rank , 类型: VARCHAR
15:44:34.115 [main] INFO  com.dongbao.test_demo3.TestMybatisPlus -   列: post_type , 类型: VARCHAR
15:44:34.115 [main] INFO  com.dongbao.test_demo3.TestMybatisPlus -   列: legally_admissible , 类型: VARCHAR
15:44:34.115 [main] INFO  com.dongbao.test_demo3.TestMybatisPlus -   列: certificate_type_id , 类型: BIGINT
15:44:34.115 [main] INFO  com.dongbao.test_demo3.TestMybatisPlus -   列: is_sum_work_age , 类型: VARCHAR
15:44:34.115 [main] INFO  com.dongbao.test_demo3.TestMybatisPlus -   列: work_age_year , 类型: INT
15:44:34.115 [main] INFO  com.dongbao.test_demo3.TestMybatisPlus -   列: work_age_mouth , 类型: INT
15:44:34.135 [main] INFO  com.dongbao.test_demo3.TestMybatisPlus -   列: probation_status , 类型: VARCHAR
15:44:34.135 [main] INFO  com.dongbao.test_demo3.TestMybatisPlus -   列: positive_status , 类型: VARCHAR
15:44:34.135 [main] INFO  com.dongbao.test_demo3.TestMybatisPlus -   列: mail_imap , 类型: VARCHAR
15:44:34.135 [main] INFO  com.dongbao.test_demo3.TestMybatisPlus -   列: mail_port , 类型: VARCHAR
15:44:34.135 [main] INFO  com.dongbao.test_demo3.TestMybatisPlus -   列: mail_account , 类型: VARCHAR
15:44:34.135 [main] INFO  com.dongbao.test_demo3.TestMybatisPlus -   列: account_key , 类型: VARCHAR
15:44:34.135 [main] INFO  com.dongbao.test_demo3.TestMybatisPlus -   列: mail_account_key , 类型: VARCHAR
15:44:34.135 [main] INFO  com.dongbao.test_demo3.TestMybatisPlus -   列: open_ssl , 类型: VARCHAR
15:44:34.135 [main] INFO  com.dongbao.test_demo3.TestMybatisPlus -   列: use_record_mail , 类型: VARCHAR
15:44:34.135 [main] INFO  com.dongbao.test_demo3.TestMybatisPlus -   列: mail_type , 类型: VARCHAR
15:44:34.135 [main] INFO  com.dongbao.test_demo3.TestMybatisPlus -   列: current_org_origin_id , 类型: BIGINT
15:44:34.135 [main] INFO  com.dongbao.test_demo3.TestMybatisPlus -   列: current_work_group , 类型: VARCHAR
15:44:34.135 [main] INFO  com.dongbao.test_demo3.TestMybatisPlus -   列: current_work_group_id , 类型: BIGINT
15:44:34.135 [main] INFO  com.dongbao.test_demo3.TestMybatisPlus -   列: type_of_work , 类型: VARCHAR
15:44:34.135 [main] INFO  com.dongbao.test_demo3.TestMybatisPlus -   列: cost_center_ids , 类型: LONGTEXT
15:44:34.135 [main] INFO  com.dongbao.test_demo3.TestMybatisPlus -   列: is_report_clock , 类型: VARCHAR
15:44:34.135 [main] INFO  com.dongbao.test_demo3.TestMybatisPlus -   列: qy_wx_uid , 类型: VARCHAR
15:44:34.135 [main] INFO  com.dongbao.test_demo3.TestMybatisPlus -   列: dingtalk_uid , 类型: VARCHAR
15:44:34.135 [main] INFO  com.dongbao.test_demo3.TestMybatisPlus -   列: legally_admissible_id , 类型: BIGINT
15:44:34.135 [main] INFO  com.dongbao.test_demo3.TestMybatisPlus -   列: is_wait_leave , 类型: VARCHAR
15:44:34.135 [main] INFO  com.dongbao.test_demo3.TestMybatisPlus -   列: parttime_org_origin_ids , 类型: LONGTEXT
15:44:34.136 [main] INFO  com.dongbao.test_demo3.TestMybatisPlus -   列: is_ignore_count , 类型: TINYINT
15:44:34.136 [main] INFO  com.dongbao.test_demo3.TestMybatisPlus -   列: is_master , 类型: VARCHAR
15:44:34.136 [main] INFO  com.dongbao.test_demo3.TestMybatisPlus -   列: custom_spell , 类型: VARCHAR
15:44:34.136 [main] INFO  com.dongbao.test_demo3.TestMybatisPlus -   列: parttime_org_parent_ids , 类型: LONGTEXT
15:44:34.136 [main] INFO  com.dongbao.test_demo3.TestMybatisPlus -   列: site_file_id , 类型: BIGINT
15:44:34.136 [main] INFO  com.dongbao.test_demo3.TestMybatisPlus -   列: site_file_name , 类型: VARCHAR
15:44:34.136 [main] INFO  com.dongbao.test_demo3.TestMybatisPlus -   列: audit_status_show , 类型: VARCHAR
15:44:34.136 [main] INFO  com.dongbao.test_demo3.TestMybatisPlus -   列: cost_center_names , 类型: LONGTEXT
15:44:34.136 [main] INFO  com.dongbao.test_demo3.TestMybatisPlus -   列: vir_org_names , 类型: LONGTEXT
15:44:34.136 [main] INFO  com.dongbao.test_demo3.TestMybatisPlus -   列: family_name_spell , 类型: VARCHAR
15:44:34.136 [main] INFO  com.dongbao.test_demo3.TestMybatisPlus -   列: name_spell , 类型: VARCHAR
15:44:34.136 [main] INFO  com.dongbao.test_demo3.TestMybatisPlus -   列: sn , 类型: VARCHAR
15:44:34.136 [main] INFO  com.dongbao.test_demo3.TestMybatisPlus -   列: given_name , 类型: VARCHAR
15:44:34.136 [main] INFO  com.dongbao.test_demo3.TestMybatisPlus -   列: description , 类型: VARCHAR
15:44:34.136 [main] INFO  com.dongbao.test_demo3.TestMybatisPlus -   列: emp_sort , 类型: INT
15:44:34.136 [main] INFO  com.dongbao.test_demo3.TestMybatisPlus -   列: date_of_working , 类型: DATETIME
15:44:34.136 [main] INFO  com.dongbao.test_demo3.TestMybatisPlus -   列: entry_count , 类型: INT
15:44:34.136 [main] INFO  com.dongbao.test_demo3.TestMybatisPlus -   列: third_key , 类型: VARCHAR
15:44:34.136 [main] INFO  com.dongbao.test_demo3.TestMybatisPlus -   列: age , 类型: INT
15:44:34.136 [main] INFO  com.dongbao.test_demo3.TestMybatisPlus -   列: ExtEventPersonNo , 类型: VARCHAR
15:44:34.136 [main] INFO  com.dongbao.test_demo3.TestMybatisPlus -   列: per_org_user_type , 类型: VARCHAR
15:44:34.136 [main] INFO  com.dongbao.test_demo3.TestMybatisPlus -   列: work_place , 类型: VARCHAR
15:44:34.136 [main] INFO  com.dongbao.test_demo3.TestMybatisPlus -   列: labor_dispatching_date , 类型: DATETIME
15:44:34.136 [main] INFO  com.dongbao.test_demo3.TestMybatisPlus -   列: social-insurance , 类型: VARCHAR
15:44:34.136 [main] INFO  com.dongbao.test_demo3.TestMybatisPlus -   列: Provident-Fund , 类型: VARCHAR
15:44:34.136 [main] INFO  com.dongbao.test_demo3.TestMybatisPlus -   列: social_insurance , 类型: VARCHAR
15:44:34.136 [main] INFO  com.dongbao.test_demo3.TestMybatisPlus -   列: provident_und , 类型: VARCHAR
15:44:34.136 [main] INFO  com.dongbao.test_demo3.TestMybatisPlus -   列: recruit , 类型: VARCHAR
15:44:34.136 [main] INFO  com.dongbao.test_demo3.TestMybatisPlus -   列: code , 类型: VARCHAR
15:44:34.136 [main] INFO  com.dongbao.test_demo3.TestMybatisPlus -   列: part_time_job , 类型: LONGTEXT
15:44:34.136 [main] INFO  com.dongbao.test_demo3.TestMybatisPlus -   列: c_inspect_data , 类型: DATETIME
15:44:34.136 [main] INFO  com.dongbao.test_demo3.TestMybatisPlus -   列: c_sxkssj , 类型: DATETIME
15:44:34.136 [main] INFO  com.dongbao.test_demo3.TestMybatisPlus -   列: c_sxjssj , 类型: DATETIME
15:44:34.136 [main] INFO  com.dongbao.test_demo3.TestMybatisPlus -   列: c_physics_no , 类型: VARCHAR
15:44:34.136 [main] INFO  com.dongbao.test_demo3.TestMybatisPlus -   列: application_id , 类型: VARCHAR
15:44:34.136 [main] INFO  com.dongbao.test_demo3.TestMybatisPlus -   列: c_level , 类型: INT
15:44:34.136 [main] INFO  com.dongbao.test_demo3.TestMybatisPlus -   列: c_tempType , 类型: VARCHAR
15:44:34.136 [main] INFO  com.dongbao.test_demo3.TestMybatisPlus -   列: rank_position_program_id , 类型: BIGINT
15:44:34.136 [main] INFO  com.dongbao.test_demo3.TestMybatisPlus -   列: sequence_name , 类型: VARCHAR
15:44:34.136 [main] INFO  com.dongbao.test_demo3.TestMybatisPlus -   列: sequence_level_id , 类型: BIGINT
15:44:34.136 [main] INFO  com.dongbao.test_demo3.TestMybatisPlus -   列: sequence_level_name , 类型: VARCHAR
15:44:34.136 [main] INFO  com.dongbao.test_demo3.TestMybatisPlus -   列: post_level_id , 类型: BIGINT
15:44:34.136 [main] INFO  com.dongbao.test_demo3.TestMybatisPlus -   列: is_intern , 类型: VARCHAR
15:44:34.136 [main] INFO  com.dongbao.test_demo3.TestMybatisPlus -   列: emp_level , 类型: INT
15:44:34.136 [main] INFO  com.dongbao.test_demo3.TestMybatisPlus -   列: basic_level , 类型: VARCHAR
15:44:34.136 [main] INFO  com.dongbao.test_demo3.TestMybatisPlus -   列: c_sumYdays , 类型: INT
15:44:34.136 [main] INFO  com.dongbao.test_demo3.TestMybatisPlus -   列: c_handsumYear , 类型: INT
15:44:34.136 [main] INFO  com.dongbao.test_demo3.TestMybatisPlus -   列: c_roundSumYear , 类型: INT
15:44:34.136 [main] INFO  com.dongbao.test_demo3.TestMybatisPlus -   列: c_Social_security_type , 类型: VARCHAR
15:44:34.136 [main] INFO  com.dongbao.test_demo3.TestMybatisPlus -   列: c_post_code , 类型: VARCHAR
15:44:34.136 [main] INFO  com.dongbao.test_demo3.TestMybatisPlus -   列: c_leave_type , 类型: VARCHAR
15:44:34.136 [main] INFO  com.dongbao.test_demo3.TestMybatisPlus -   列: c_become_regular_date , 类型: VARCHAR
15:44:34.136 [main] INFO  com.dongbao.test_demo3.TestMybatisPlus -   列: reinstate_way , 类型: VARCHAR
15:44:34.136 [main] INFO  com.dongbao.test_demo3.TestMybatisPlus -   列: reinstate_origin_ids , 类型: LONGTEXT
15:44:34.136 [main] INFO  com.dongbao.test_demo3.TestMybatisPlus -   列: c_lock_regular_date , 类型: VARCHAR
15:44:34.137 [main] INFO  com.dongbao.test_demo3.TestMybatisPlus -   列: c_is_sync_system , 类型: INT
15:44:34.137 [main] INFO  com.dongbao.test_demo3.TestMybatisPlus -   列: c_is_xsxzsbt , 类型: INT
15:44:34.137 [main] INFO  com.dongbao.test_demo3.TestMybatisPlus -   列: c_is_accumulation_fund , 类型: TINYINT
15:44:34.137 [main] INFO  com.dongbao.test_demo3.TestMybatisPlus -   列: c_dingtalk_unionid , 类型: VARCHAR
15:44:34.137 [main] INFO  com.dongbao.test_demo3.TestMybatisPlus -   列: c_employ_id , 类型: BIGINT
15:44:34.137 [main] INFO  com.dongbao.test_demo3.TestMybatisPlus -   列: id , 类型: BIGINT UNSIGNED
15:44:34.137 [main] INFO  com.dongbao.test_demo3.TestMybatisPlus -   列: origin_id , 类型: BIGINT
15:44:34.137 [main] INFO  com.dongbao.test_demo3.TestMybatisPlus -   列: head_portrait , 类型: VARCHAR
15:44:34.137 [main] INFO  com.dongbao.test_demo3.TestMybatisPlus -   列: name , 类型: VARCHAR
15:44:34.137 [main] INFO  com.dongbao.test_demo3.TestMybatisPlus -   列: short_name , 类型: VARCHAR
15:44:34.137 [main] INFO  com.dongbao.test_demo3.TestMybatisPlus -   列: english_name , 类型: VARCHAR
15:44:34.137 [main] INFO  com.dongbao.test_demo3.TestMybatisPlus -   列: education , 类型: VARCHAR
15:44:34.137 [main] INFO  com.dongbao.test_demo3.TestMybatisPlus -   列: sex , 类型: VARCHAR
15:44:34.137 [main] INFO  com.dongbao.test_demo3.TestMybatisPlus -   列: mobile , 类型: VARCHAR
15:44:34.137 [main] INFO  com.dongbao.test_demo3.TestMybatisPlus -   列: marital_status , 类型: VARCHAR
15:44:34.137 [main] INFO  com.dongbao.test_demo3.TestMybatisPlus -   列: email , 类型: VARCHAR
15:44:34.137 [main] INFO  com.dongbao.test_demo3.TestMybatisPlus -   列: certificate_type , 类型: VARCHAR
15:44:34.137 [main] INFO  com.dongbao.test_demo3.TestMybatisPlus -   列: certificate_no , 类型: VARCHAR
15:44:34.137 [main] INFO  com.dongbao.test_demo3.TestMybatisPlus -   列: certificate_start_date , 类型: DATETIME
15:44:34.137 [main] INFO  com.dongbao.test_demo3.TestMybatisPlus -   列: certificate_end_date , 类型: DATETIME
15:44:34.137 [main] INFO  com.dongbao.test_demo3.TestMybatisPlus -   列: id_card_address , 类型: VARCHAR
15:44:34.137 [main] INFO  com.dongbao.test_demo3.TestMybatisPlus -   列: birth_date_type , 类型: VARCHAR
15:44:34.137 [main] INFO  com.dongbao.test_demo3.TestMybatisPlus -   列: birth_date , 类型: DATETIME
15:44:34.137 [main] INFO  com.dongbao.test_demo3.TestMybatisPlus -   列: nation , 类型: VARCHAR
15:44:34.137 [main] INFO  com.dongbao.test_demo3.TestMybatisPlus -   列: nationality_id , 类型: VARCHAR
15:44:34.137 [main] INFO  com.dongbao.test_demo3.TestMybatisPlus -   列: nationality , 类型: VARCHAR
15:44:34.137 [main] INFO  com.dongbao.test_demo3.TestMybatisPlus -   列: native_place , 类型: VARCHAR
15:44:34.137 [main] INFO  com.dongbao.test_demo3.TestMybatisPlus -   列: domicile_type , 类型: VARCHAR
15:44:34.137 [main] INFO  com.dongbao.test_demo3.TestMybatisPlus -   列: politics_status , 类型: VARCHAR
15:44:34.137 [main] INFO  com.dongbao.test_demo3.TestMybatisPlus -   列: address , 类型: LONGTEXT
15:44:34.137 [main] INFO  com.dongbao.test_demo3.TestMybatisPlus -   列: blood_type , 类型: VARCHAR
15:44:34.137 [main] INFO  com.dongbao.test_demo3.TestMybatisPlus -   列: height , 类型: DECIMAL
15:44:34.137 [main] INFO  com.dongbao.test_demo3.TestMybatisPlus -   列: constellation , 类型: VARCHAR
15:44:34.137 [main] INFO  com.dongbao.test_demo3.TestMybatisPlus -   列: handedness , 类型: VARCHAR
15:44:34.137 [main] INFO  com.dongbao.test_demo3.TestMybatisPlus -   列: smoke , 类型: VARCHAR
15:44:34.137 [main] INFO  com.dongbao.test_demo3.TestMybatisPlus -   列: speciality , 类型: VARCHAR
15:44:34.137 [main] INFO  com.dongbao.test_demo3.TestMybatisPlus -   列: religion , 类型: VARCHAR
15:44:34.137 [main] INFO  com.dongbao.test_demo3.TestMybatisPlus -   列: health , 类型: VARCHAR
15:44:34.137 [main] INFO  com.dongbao.test_demo3.TestMybatisPlus -   列: remark , 类型: LONGTEXT
15:44:34.137 [main] INFO  com.dongbao.test_demo3.TestMybatisPlus -   列: emp_no , 类型: VARCHAR
15:44:34.137 [main] INFO  com.dongbao.test_demo3.TestMybatisPlus -   列: entry_date , 类型: DATETIME
15:44:34.137 [main] INFO  com.dongbao.test_demo3.TestMybatisPlus -   列: company_id , 类型: BIGINT
15:44:34.137 [main] INFO  com.dongbao.test_demo3.TestMybatisPlus -   列: company_name , 类型: VARCHAR
15:44:34.137 [main] INFO  com.dongbao.test_demo3.TestMybatisPlus -   列: attach , 类型: VARCHAR
15:44:34.137 [main] INFO  com.dongbao.test_demo3.TestMybatisPlus -   列: org_name , 类型: VARCHAR
15:44:34.137 [main] INFO  com.dongbao.test_demo3.TestMybatisPlus -   列: emp_type , 类型: VARCHAR
15:44:34.137 [main] INFO  com.dongbao.test_demo3.TestMybatisPlus -   列: post_name , 类型: VARCHAR
15:44:34.137 [main] INFO  com.dongbao.test_demo3.TestMybatisPlus -   列: duty_id , 类型: BIGINT
15:44:34.137 [main] INFO  com.dongbao.test_demo3.TestMybatisPlus -   列: duty_name , 类型: VARCHAR
15:44:34.138 [main] INFO  com.dongbao.test_demo3.TestMybatisPlus -   列: employment_nature , 类型: VARCHAR
15:44:34.138 [main] INFO  com.dongbao.test_demo3.TestMybatisPlus -   列: entry_source , 类型: VARCHAR
15:44:34.138 [main] INFO  com.dongbao.test_demo3.TestMybatisPlus -   列: probation_start_date , 类型: DATETIME
15:44:34.138 [main] INFO  com.dongbao.test_demo3.TestMybatisPlus -   列: probation_end_date , 类型: DATETIME
15:44:34.138 [main] INFO  com.dongbao.test_demo3.TestMybatisPlus -   列: work_months , 类型: INT
15:44:34.138 [main] INFO  com.dongbao.test_demo3.TestMybatisPlus -   列: leader_name , 类型: VARCHAR
15:44:34.138 [main] INFO  com.dongbao.test_demo3.TestMybatisPlus -   列: logic_no , 类型: VARCHAR
15:44:34.138 [main] INFO  com.dongbao.test_demo3.TestMybatisPlus -   列: archive_no , 类型: VARCHAR
15:44:34.138 [main] INFO  com.dongbao.test_demo3.TestMybatisPlus -   列: dispatch_company , 类型: VARCHAR
15:44:34.138 [main] INFO  com.dongbao.test_demo3.TestMybatisPlus -   列: ext_tel , 类型: VARCHAR
15:44:34.138 [main] INFO  com.dongbao.test_demo3.TestMybatisPlus -   列: first_post_intention , 类型: VARCHAR
15:44:34.138 [main] INFO  com.dongbao.test_demo3.TestMybatisPlus -   列: second_post_intention , 类型: VARCHAR
15:44:34.138 [main] INFO  com.dongbao.test_demo3.TestMybatisPlus -   列: status , 类型: VARCHAR
15:44:34.138 [main] INFO  com.dongbao.test_demo3.TestMybatisPlus -   列: third_post_intention , 类型: VARCHAR
15:44:34.138 [main] INFO  com.dongbao.test_demo3.TestMybatisPlus -   列: work_email , 类型: VARCHAR
15:44:34.138 [main] INFO  com.dongbao.test_demo3.TestMybatisPlus -   列: work_tel , 类型: VARCHAR
15:44:34.138 [main] INFO  com.dongbao.test_demo3.TestMybatisPlus -   列: physics_no , 类型: VARCHAR
15:44:34.138 [main] INFO  com.dongbao.test_demo3.TestMybatisPlus -   列: card_dept , 类型: VARCHAR
15:44:34.138 [main] INFO  com.dongbao.test_demo3.TestMybatisPlus -   列: is_probation , 类型: VARCHAR
15:44:34.138 [main] INFO  com.dongbao.test_demo3.TestMybatisPlus -   列: create_id , 类型: BIGINT
15:44:34.138 [main] INFO  com.dongbao.test_demo3.TestMybatisPlus -   列: create_name , 类型: VARCHAR
15:44:34.138 [main] INFO  com.dongbao.test_demo3.TestMybatisPlus -   列: create_date , 类型: DATETIME
15:44:34.138 [main] INFO  com.dongbao.test_demo3.TestMybatisPlus -   列: modify_id , 类型: BIGINT
15:44:34.138 [main] INFO  com.dongbao.test_demo3.TestMybatisPlus -   列: modify_name , 类型: VARCHAR
15:44:34.138 [main] INFO  com.dongbao.test_demo3.TestMybatisPlus -   列: modify_date , 类型: DATETIME
15:44:34.138 [main] INFO  com.dongbao.test_demo3.TestMybatisPlus -   列: is_delete , 类型: TINYINT
15:44:34.138 [main] INFO  com.dongbao.test_demo3.TestMybatisPlus -   列: entry_status , 类型: VARCHAR
15:44:34.138 [main] INFO  com.dongbao.test_demo3.TestMybatisPlus -   列: info_employ_id , 类型: BIGINT
15:44:34.138 [main] INFO  com.dongbao.test_demo3.TestMybatisPlus -   列: enable_date , 类型: DATETIME
15:44:34.138 [main] INFO  com.dongbao.test_demo3.TestMybatisPlus -   列: unable_date , 类型: DATETIME
15:44:34.138 [main] INFO  com.dongbao.test_demo3.TestMybatisPlus -   列: org_origin_id , 类型: BIGINT
15:44:34.138 [main] INFO  com.dongbao.test_demo3.TestMybatisPlus -   列: post_origin_id , 类型: BIGINT
15:44:34.138 [main] INFO  com.dongbao.test_demo3.TestMybatisPlus -   列: user_id , 类型: BIGINT
15:44:34.138 [main] INFO  com.dongbao.test_demo3.TestMybatisPlus -   列: audit_status , 类型: TINYINT
15:44:34.138 [main] INFO  com.dongbao.test_demo3.TestMybatisPlus -   列: position_and_rank , 类型: VARCHAR
15:44:34.138 [main] INFO  com.dongbao.test_demo3.TestMybatisPlus -   列: leave_date , 类型: DATETIME
15:44:34.138 [main] INFO  com.dongbao.test_demo3.TestMybatisPlus -   列: is_guest , 类型: VARCHAR
15:44:34.138 [main] INFO  com.dongbao.test_demo3.TestMybatisPlus -   列: introduce_name , 类型: VARCHAR
15:44:34.138 [main] INFO  com.dongbao.test_demo3.TestMybatisPlus -   列: introduce_id , 类型: BIGINT
15:44:34.138 [main] INFO  com.dongbao.test_demo3.TestMybatisPlus -   列: leader_origin_id , 类型: BIGINT
15:44:34.138 [main] INFO  com.dongbao.test_demo3.TestMybatisPlus -   列: leader_origin_ids , 类型: LONGTEXT
15:44:34.138 [main] INFO  com.dongbao.test_demo3.TestMybatisPlus -   列: last_communication_date , 类型: DATETIME
15:44:34.138 [main] INFO  com.dongbao.test_demo3.TestMybatisPlus -   列: contract_end_date , 类型: DATETIME
15:44:34.138 [main] INFO  com.dongbao.test_demo3.TestMybatisPlus -   列: flow_type , 类型: BIGINT
15:44:34.138 [main] INFO  com.dongbao.test_demo3.TestMybatisPlus -   列: work_years_entry_date , 类型: DATETIME
15:44:34.138 [main] INFO  com.dongbao.test_demo3.TestMybatisPlus -   列: level_position_id , 类型: BIGINT
15:44:34.138 [main] INFO  com.dongbao.test_demo3.TestMybatisPlus -   列: level_rank_id , 类型: BIGINT
15:44:34.138 [main] INFO  com.dongbao.test_demo3.TestMybatisPlus -   列: list_progress , 类型: DECIMAL
15:44:34.138 [main] INFO  com.dongbao.test_demo3.TestMybatisPlus -   列: flow_process , 类型: DECIMAL
15:44:34.138 [main] INFO  com.dongbao.test_demo3.TestMybatisPlus -   列: is_org_flow , 类型: INT
15:44:34.138 [main] INFO  com.dongbao.test_demo3.TestMybatisPlus -   列: area_code , 类型: VARCHAR
15:44:34.138 [main] INFO  com.dongbao.test_demo3.TestMybatisPlus -   列: company_ids , 类型: LONGTEXT
15:44:34.138 [main] INFO  com.dongbao.test_demo3.TestMybatisPlus -   列: org_parent_origin_ids , 类型: TEXT
15:44:34.138 [main] INFO  com.dongbao.test_demo3.TestMybatisPlus -   列: employ_id , 类型: BIGINT
15:44:34.138 [main] INFO  com.dongbao.test_demo3.TestMybatisPlus -   列: country_id , 类型: BIGINT
15:44:34.138 [main] INFO  com.dongbao.test_demo3.TestMybatisPlus -   列: work_age_value , 类型: VARCHAR
15:44:34.138 [main] INFO  com.dongbao.test_demo3.TestMybatisPlus -   列: last_daily_accounting_program_id , 类型: BIGINT
15:44:34.138 [main] INFO  com.dongbao.test_demo3.TestMybatisPlus -   列: last_monthly_accounting_program_id , 类型: BIGINT
15:44:34.138 [main] INFO  com.dongbao.test_demo3.TestMybatisPlus -   列: meid , 类型: VARCHAR
15:44:34.138 [main] INFO  com.dongbao.test_demo3.TestMybatisPlus -   列: native_place_id , 类型: LONGTEXT
15:44:34.138 [main] INFO  com.dongbao.test_demo3.TestMybatisPlus -   列: personal_head_portrait , 类型: VARCHAR
15:44:34.138 [main] INFO  com.dongbao.test_demo3.TestMybatisPlus -   列: district , 类型: LONGTEXT
15:44:34.138 [main] INFO  com.dongbao.test_demo3.TestMybatisPlus -   列: address_id , 类型: VARCHAR
15:44:34.138 [main] INFO  com.dongbao.test_demo3.TestMybatisPlus -   列: spell , 类型: VARCHAR
15:44:34.138 [main] INFO  com.dongbao.test_demo3.TestMybatisPlus -   列: jane_spell , 类型: VARCHAR
15:44:34.138 [main] INFO  com.dongbao.test_demo3.TestMybatisPlus -   列: tax_number , 类型: VARCHAR
15:44:34.138 [main] INFO  com.dongbao.test_demo3.TestMybatisPlus -   列: social_security_number , 类型: VARCHAR
15:44:34.138 [main] INFO  com.dongbao.test_demo3.TestMybatisPlus -   列: medical_social_security_number , 类型: VARCHAR
15:44:34.138 [main] INFO  com.dongbao.test_demo3.TestMybatisPlus -   列: name2 , 类型: VARCHAR
15:44:34.138 [main] INFO  com.dongbao.test_demo3.TestMybatisPlus -   列: name3 , 类型: VARCHAR
15:44:34.138 [main] INFO  com.dongbao.test_demo3.TestMybatisPlus -   列: name4 , 类型: VARCHAR
15:44:34.138 [main] INFO  com.dongbao.test_demo3.TestMybatisPlus -   列: name5 , 类型: VARCHAR
15:44:34.139 [main] INFO  com.dongbao.test_demo3.TestMybatisPlus -   列: name6 , 类型: VARCHAR
15:44:34.139 [main] INFO  com.dongbao.test_demo3.TestMybatisPlus -   列: full_spell , 类型: VARCHAR
15:44:34.139 [main] INFO  com.dongbao.test_demo3.TestMybatisPlus -   列: data_source_type , 类型: INT
15:44:34.139 [main] INFO  com.dongbao.test_demo3.TestMybatisPlus -   列: first_post_intention_name , 类型: VARCHAR
15:44:34.139 [main] INFO  com.dongbao.test_demo3.TestMybatisPlus -   列: second_post_intention_name , 类型: VARCHAR
15:44:34.139 [main] INFO  com.dongbao.test_demo3.TestMybatisPlus -   列: third_post_intention_name , 类型: VARCHAR
15:44:34.139 [main] INFO  com.dongbao.test_demo3.TestMybatisPlus -   列: is_talent_pool_transfer , 类型: VARCHAR
15:44:34.139 [main] INFO  com.dongbao.test_demo3.TestMybatisPlus -   列: is_get_accommodayion , 类型: VARCHAR
15:44:34.139 [main] INFO  com.dongbao.test_demo3.TestMybatisPlus -   列: accommodayion_start_date , 类型: DATETIME
15:44:34.139 [main] INFO  com.dongbao.test_demo3.TestMybatisPlus -   列: accommodayion_end_date , 类型: DATETIME
15:44:34.139 [main] INFO  com.dongbao.test_demo3.TestMybatisPlus -   列: is_id_card_imported , 类型: VARCHAR
15:44:34.139 [main] INFO  com.dongbao.test_demo3.TestMybatisPlus -   列: emp_rank , 类型: VARCHAR
15:44:34.139 [main] INFO  com.dongbao.test_demo3.TestMybatisPlus -   列: emp_post_rank , 类型: VARCHAR
15:44:34.139 [main] INFO  com.dongbao.test_demo3.TestMybatisPlus -   列: post_type , 类型: VARCHAR
15:44:34.139 [main] INFO  com.dongbao.test_demo3.TestMybatisPlus -   列: legally_admissible , 类型: VARCHAR
15:44:34.139 [main] INFO  com.dongbao.test_demo3.TestMybatisPlus -   列: certificate_type_id , 类型: BIGINT
15:44:34.139 [main] INFO  com.dongbao.test_demo3.TestMybatisPlus -   列: is_sum_work_age , 类型: VARCHAR
15:44:34.139 [main] INFO  com.dongbao.test_demo3.TestMybatisPlus -   列: work_age_year , 类型: INT
15:44:34.139 [main] INFO  com.dongbao.test_demo3.TestMybatisPlus -   列: work_age_mouth , 类型: INT
15:44:34.139 [main] INFO  com.dongbao.test_demo3.TestMybatisPlus -   列: probation_status , 类型: VARCHAR
15:44:34.139 [main] INFO  com.dongbao.test_demo3.TestMybatisPlus -   列: positive_status , 类型: VARCHAR
15:44:34.139 [main] INFO  com.dongbao.test_demo3.TestMybatisPlus -   列: mail_imap , 类型: VARCHAR
15:44:34.139 [main] INFO  com.dongbao.test_demo3.TestMybatisPlus -   列: mail_port , 类型: VARCHAR
15:44:34.139 [main] INFO  com.dongbao.test_demo3.TestMybatisPlus -   列: mail_account , 类型: VARCHAR
15:44:34.139 [main] INFO  com.dongbao.test_demo3.TestMybatisPlus -   列: account_key , 类型: VARCHAR
15:44:34.139 [main] INFO  com.dongbao.test_demo3.TestMybatisPlus -   列: mail_account_key , 类型: VARCHAR
15:44:34.139 [main] INFO  com.dongbao.test_demo3.TestMybatisPlus -   列: open_ssl , 类型: VARCHAR
15:44:34.139 [main] INFO  com.dongbao.test_demo3.TestMybatisPlus -   列: use_record_mail , 类型: VARCHAR
15:44:34.139 [main] INFO  com.dongbao.test_demo3.TestMybatisPlus -   列: mail_type , 类型: VARCHAR
15:44:34.139 [main] INFO  com.dongbao.test_demo3.TestMybatisPlus -   列: current_org_origin_id , 类型: BIGINT
15:44:34.139 [main] INFO  com.dongbao.test_demo3.TestMybatisPlus -   列: current_work_group , 类型: VARCHAR
15:44:34.139 [main] INFO  com.dongbao.test_demo3.TestMybatisPlus -   列: current_work_group_id , 类型: BIGINT
15:44:34.139 [main] INFO  com.dongbao.test_demo3.TestMybatisPlus -   列: type_of_work , 类型: VARCHAR
15:44:34.139 [main] INFO  com.dongbao.test_demo3.TestMybatisPlus -   列: cost_center_ids , 类型: LONGTEXT
15:44:34.139 [main] INFO  com.dongbao.test_demo3.TestMybatisPlus -   列: is_report_clock , 类型: VARCHAR
15:44:34.139 [main] INFO  com.dongbao.test_demo3.TestMybatisPlus -   列: qy_wx_uid , 类型: VARCHAR
15:44:34.139 [main] INFO  com.dongbao.test_demo3.TestMybatisPlus -   列: dingtalk_uid , 类型: VARCHAR
15:44:34.139 [main] INFO  com.dongbao.test_demo3.TestMybatisPlus -   列: legally_admissible_id , 类型: BIGINT
15:44:34.139 [main] INFO  com.dongbao.test_demo3.TestMybatisPlus -   列: is_wait_leave , 类型: VARCHAR
15:44:34.139 [main] INFO  com.dongbao.test_demo3.TestMybatisPlus -   列: parttime_org_origin_ids , 类型: LONGTEXT
15:44:34.139 [main] INFO  com.dongbao.test_demo3.TestMybatisPlus -   列: is_ignore_count , 类型: TINYINT
15:44:34.139 [main] INFO  com.dongbao.test_demo3.TestMybatisPlus -   列: is_master , 类型: VARCHAR
15:44:34.139 [main] INFO  com.dongbao.test_demo3.TestMybatisPlus -   列: custom_spell , 类型: VARCHAR
15:44:34.139 [main] INFO  com.dongbao.test_demo3.TestMybatisPlus -   列: parttime_org_parent_ids , 类型: LONGTEXT
15:44:34.139 [main] INFO  com.dongbao.test_demo3.TestMybatisPlus -   列: site_file_id , 类型: BIGINT
15:44:34.139 [main] INFO  com.dongbao.test_demo3.TestMybatisPlus -   列: site_file_name , 类型: VARCHAR
15:44:34.139 [main] INFO  com.dongbao.test_demo3.TestMybatisPlus -   列: audit_status_show , 类型: VARCHAR
15:44:34.139 [main] INFO  com.dongbao.test_demo3.TestMybatisPlus -   列: cost_center_names , 类型: LONGTEXT
15:44:34.139 [main] INFO  com.dongbao.test_demo3.TestMybatisPlus -   列: vir_org_names , 类型: LONGTEXT
15:44:34.139 [main] INFO  com.dongbao.test_demo3.TestMybatisPlus -   列: family_name_spell , 类型: VARCHAR
15:44:34.139 [main] INFO  com.dongbao.test_demo3.TestMybatisPlus -   列: name_spell , 类型: VARCHAR
15:44:34.139 [main] INFO  com.dongbao.test_demo3.TestMybatisPlus -   列: sn , 类型: VARCHAR
15:44:34.139 [main] INFO  com.dongbao.test_demo3.TestMybatisPlus -   列: given_name , 类型: VARCHAR
15:44:34.139 [main] INFO  com.dongbao.test_demo3.TestMybatisPlus -   列: description , 类型: VARCHAR
15:44:34.139 [main] INFO  com.dongbao.test_demo3.TestMybatisPlus -   列: emp_sort , 类型: INT
15:44:34.139 [main] INFO  com.dongbao.test_demo3.TestMybatisPlus -   列: date_of_working , 类型: DATETIME
15:44:34.139 [main] INFO  com.dongbao.test_demo3.TestMybatisPlus -   列: entry_count , 类型: INT
15:44:34.139 [main] INFO  com.dongbao.test_demo3.TestMybatisPlus -   列: third_key , 类型: VARCHAR
15:44:34.139 [main] INFO  com.dongbao.test_demo3.TestMybatisPlus -   列: age , 类型: INT
15:44:34.139 [main] INFO  com.dongbao.test_demo3.TestMybatisPlus -   列: ExtEventPersonNo , 类型: VARCHAR
15:44:34.139 [main] INFO  com.dongbao.test_demo3.TestMybatisPlus -   列: per_org_user_type , 类型: VARCHAR
15:44:34.139 [main] INFO  com.dongbao.test_demo3.TestMybatisPlus -   列: work_place , 类型: VARCHAR
15:44:34.139 [main] INFO  com.dongbao.test_demo3.TestMybatisPlus -   列: labor_dispatching_date , 类型: DATETIME
15:44:34.139 [main] INFO  com.dongbao.test_demo3.TestMybatisPlus -   列: social-insurance , 类型: VARCHAR
15:44:34.139 [main] INFO  com.dongbao.test_demo3.TestMybatisPlus -   列: Provident-Fund , 类型: VARCHAR
15:44:34.139 [main] INFO  com.dongbao.test_demo3.TestMybatisPlus -   列: social_insurance , 类型: VARCHAR
15:44:34.139 [main] INFO  com.dongbao.test_demo3.TestMybatisPlus -   列: provident_und , 类型: VARCHAR
15:44:34.139 [main] INFO  com.dongbao.test_demo3.TestMybatisPlus -   列: recruit , 类型: VARCHAR
15:44:34.139 [main] INFO  com.dongbao.test_demo3.TestMybatisPlus -   列: code , 类型: VARCHAR
15:44:34.139 [main] INFO  com.dongbao.test_demo3.TestMybatisPlus -   列: part_time_job , 类型: LONGTEXT
15:44:34.139 [main] INFO  com.dongbao.test_demo3.TestMybatisPlus -   列: c_inspect_data , 类型: DATETIME
15:44:34.140 [main] INFO  com.dongbao.test_demo3.TestMybatisPlus -   列: c_sxkssj , 类型: DATETIME
15:44:34.140 [main] INFO  com.dongbao.test_demo3.TestMybatisPlus -   列: c_sxjssj , 类型: DATETIME
15:44:34.140 [main] INFO  com.dongbao.test_demo3.TestMybatisPlus -   列: c_physics_no , 类型: VARCHAR
15:44:34.140 [main] INFO  com.dongbao.test_demo3.TestMybatisPlus -   列: application_id , 类型: VARCHAR
15:44:34.140 [main] INFO  com.dongbao.test_demo3.TestMybatisPlus -   列: c_level , 类型: INT
15:44:34.140 [main] INFO  com.dongbao.test_demo3.TestMybatisPlus -   列: c_tempType , 类型: VARCHAR
15:44:34.140 [main] INFO  com.dongbao.test_demo3.TestMybatisPlus -   列: rank_position_program_id , 类型: BIGINT
15:44:34.140 [main] INFO  com.dongbao.test_demo3.TestMybatisPlus -   列: sequence_name , 类型: VARCHAR
15:44:34.140 [main] INFO  com.dongbao.test_demo3.TestMybatisPlus -   列: sequence_level_id , 类型: BIGINT
15:44:34.140 [main] INFO  com.dongbao.test_demo3.TestMybatisPlus -   列: sequence_level_name , 类型: VARCHAR
15:44:34.140 [main] INFO  com.dongbao.test_demo3.TestMybatisPlus -   列: post_level_id , 类型: BIGINT
15:44:34.140 [main] INFO  com.dongbao.test_demo3.TestMybatisPlus -   列: is_intern , 类型: VARCHAR
15:44:34.140 [main] INFO  com.dongbao.test_demo3.TestMybatisPlus -   列: emp_level , 类型: INT
15:44:34.140 [main] INFO  com.dongbao.test_demo3.TestMybatisPlus -   列: basic_level , 类型: VARCHAR
15:44:34.140 [main] INFO  com.dongbao.test_demo3.TestMybatisPlus -   列: c_sumYdays , 类型: INT
15:44:34.140 [main] INFO  com.dongbao.test_demo3.TestMybatisPlus -   列: c_handsumYear , 类型: INT
15:44:34.140 [main] INFO  com.dongbao.test_demo3.TestMybatisPlus -   列: c_roundSumYear , 类型: INT
15:44:34.140 [main] INFO  com.dongbao.test_demo3.TestMybatisPlus -   列: c_Social_security_type , 类型: VARCHAR
15:44:34.140 [main] INFO  com.dongbao.test_demo3.TestMybatisPlus -   列: c_post_code , 类型: VARCHAR
15:44:34.140 [main] INFO  com.dongbao.test_demo3.TestMybatisPlus -   列: c_leave_type , 类型: VARCHAR
15:44:34.140 [main] INFO  com.dongbao.test_demo3.TestMybatisPlus -   列: c_become_regular_date , 类型: VARCHAR
15:44:34.140 [main] INFO  com.dongbao.test_demo3.TestMybatisPlus -   列: reinstate_way , 类型: VARCHAR
15:44:34.140 [main] INFO  com.dongbao.test_demo3.TestMybatisPlus -   列: reinstate_origin_ids , 类型: LONGTEXT
15:44:34.140 [main] INFO  com.dongbao.test_demo3.TestMybatisPlus -   列: c_lock_regular_date , 类型: VARCHAR
15:44:34.140 [main] INFO  com.dongbao.test_demo3.TestMybatisPlus -   列: c_is_sync_system , 类型: INT
15:44:34.140 [main] INFO  com.dongbao.test_demo3.TestMybatisPlus -   列: c_is_xsxzsbt , 类型: INT
15:44:34.140 [main] INFO  com.dongbao.test_demo3.TestMybatisPlus -   列: c_is_accumulation_fund , 类型: TINYINT
15:44:34.140 [main] INFO  com.dongbao.test_demo3.TestMybatisPlus -   列: c_dingtalk_unionid , 类型: VARCHAR
15:44:34.140 [main] INFO  com.dongbao.test_demo3.TestMybatisPlus -   列: c_employ_id , 类型: BIGINT
15:44:34.140 [main] INFO  com.dongbao.test_demo3.TestMybatisPlus -   列: id , 类型: BIGINT UNSIGNED
15:44:34.140 [main] INFO  com.dongbao.test_demo3.TestMybatisPlus -   列: origin_id , 类型: BIGINT
15:44:34.140 [main] INFO  com.dongbao.test_demo3.TestMybatisPlus -   列: head_portrait , 类型: VARCHAR
15:44:34.140 [main] INFO  com.dongbao.test_demo3.TestMybatisPlus -   列: name , 类型: VARCHAR
15:44:34.140 [main] INFO  com.dongbao.test_demo3.TestMybatisPlus -   列: short_name , 类型: VARCHAR
15:44:34.140 [main] INFO  com.dongbao.test_demo3.TestMybatisPlus -   列: english_name , 类型: VARCHAR
15:44:34.140 [main] INFO  com.dongbao.test_demo3.TestMybatisPlus -   列: education , 类型: VARCHAR
15:44:34.140 [main] INFO  com.dongbao.test_demo3.TestMybatisPlus -   列: sex , 类型: VARCHAR
15:44:34.140 [main] INFO  com.dongbao.test_demo3.TestMybatisPlus -   列: mobile , 类型: VARCHAR
15:44:34.140 [main] INFO  com.dongbao.test_demo3.TestMybatisPlus -   列: marital_status , 类型: VARCHAR
15:44:34.140 [main] INFO  com.dongbao.test_demo3.TestMybatisPlus -   列: email , 类型: VARCHAR
15:44:34.140 [main] INFO  com.dongbao.test_demo3.TestMybatisPlus -   列: certificate_type , 类型: VARCHAR
15:44:34.140 [main] INFO  com.dongbao.test_demo3.TestMybatisPlus -   列: certificate_no , 类型: VARCHAR
15:44:34.140 [main] INFO  com.dongbao.test_demo3.TestMybatisPlus -   列: certificate_start_date , 类型: DATETIME
15:44:34.140 [main] INFO  com.dongbao.test_demo3.TestMybatisPlus -   列: certificate_end_date , 类型: DATETIME
15:44:34.140 [main] INFO  com.dongbao.test_demo3.TestMybatisPlus -   列: id_card_address , 类型: VARCHAR
15:44:34.140 [main] INFO  com.dongbao.test_demo3.TestMybatisPlus -   列: birth_date_type , 类型: VARCHAR
15:44:34.140 [main] INFO  com.dongbao.test_demo3.TestMybatisPlus -   列: birth_date , 类型: DATETIME
15:44:34.140 [main] INFO  com.dongbao.test_demo3.TestMybatisPlus -   列: nation , 类型: VARCHAR
15:44:34.140 [main] INFO  com.dongbao.test_demo3.TestMybatisPlus -   列: nationality_id , 类型: VARCHAR
15:44:34.140 [main] INFO  com.dongbao.test_demo3.TestMybatisPlus -   列: nationality , 类型: VARCHAR
15:44:34.140 [main] INFO  com.dongbao.test_demo3.TestMybatisPlus -   列: native_place , 类型: VARCHAR
15:44:34.140 [main] INFO  com.dongbao.test_demo3.TestMybatisPlus -   列: domicile_type , 类型: VARCHAR
15:44:34.140 [main] INFO  com.dongbao.test_demo3.TestMybatisPlus -   列: politics_status , 类型: VARCHAR
15:44:34.140 [main] INFO  com.dongbao.test_demo3.TestMybatisPlus -   列: address , 类型: LONGTEXT
15:44:34.140 [main] INFO  com.dongbao.test_demo3.TestMybatisPlus -   列: blood_type , 类型: VARCHAR
15:44:34.140 [main] INFO  com.dongbao.test_demo3.TestMybatisPlus -   列: height , 类型: DECIMAL
15:44:34.140 [main] INFO  com.dongbao.test_demo3.TestMybatisPlus -   列: constellation , 类型: VARCHAR
15:44:34.140 [main] INFO  com.dongbao.test_demo3.TestMybatisPlus -   列: handedness , 类型: VARCHAR
15:44:34.140 [main] INFO  com.dongbao.test_demo3.TestMybatisPlus -   列: smoke , 类型: VARCHAR
15:44:34.140 [main] INFO  com.dongbao.test_demo3.TestMybatisPlus -   列: speciality , 类型: VARCHAR
15:44:34.140 [main] INFO  com.dongbao.test_demo3.TestMybatisPlus -   列: religion , 类型: VARCHAR
15:44:34.140 [main] INFO  com.dongbao.test_demo3.TestMybatisPlus -   列: health , 类型: VARCHAR
15:44:34.140 [main] INFO  com.dongbao.test_demo3.TestMybatisPlus -   列: remark , 类型: LONGTEXT
15:44:34.140 [main] INFO  com.dongbao.test_demo3.TestMybatisPlus -   列: emp_no , 类型: VARCHAR
15:44:34.140 [main] INFO  com.dongbao.test_demo3.TestMybatisPlus -   列: entry_date , 类型: DATETIME
15:44:34.140 [main] INFO  com.dongbao.test_demo3.TestMybatisPlus -   列: company_id , 类型: BIGINT
15:44:34.140 [main] INFO  com.dongbao.test_demo3.TestMybatisPlus -   列: company_name , 类型: VARCHAR
15:44:34.140 [main] INFO  com.dongbao.test_demo3.TestMybatisPlus -   列: attach , 类型: VARCHAR
15:44:34.140 [main] INFO  com.dongbao.test_demo3.TestMybatisPlus -   列: org_name , 类型: VARCHAR
15:44:34.140 [main] INFO  com.dongbao.test_demo3.TestMybatisPlus -   列: emp_type , 类型: VARCHAR
15:44:34.140 [main] INFO  com.dongbao.test_demo3.TestMybatisPlus -   列: post_name , 类型: VARCHAR
15:44:34.140 [main] INFO  com.dongbao.test_demo3.TestMybatisPlus -   列: duty_id , 类型: BIGINT
15:44:34.141 [main] INFO  com.dongbao.test_demo3.TestMybatisPlus -   列: duty_name , 类型: VARCHAR
15:44:34.141 [main] INFO  com.dongbao.test_demo3.TestMybatisPlus -   列: employment_nature , 类型: VARCHAR
15:44:34.141 [main] INFO  com.dongbao.test_demo3.TestMybatisPlus -   列: entry_source , 类型: VARCHAR
15:44:34.141 [main] INFO  com.dongbao.test_demo3.TestMybatisPlus -   列: probation_start_date , 类型: DATETIME
15:44:34.141 [main] INFO  com.dongbao.test_demo3.TestMybatisPlus -   列: probation_end_date , 类型: DATETIME
15:44:34.141 [main] INFO  com.dongbao.test_demo3.TestMybatisPlus -   列: work_months , 类型: INT
15:44:34.141 [main] INFO  com.dongbao.test_demo3.TestMybatisPlus -   列: leader_name , 类型: VARCHAR
15:44:34.141 [main] INFO  com.dongbao.test_demo3.TestMybatisPlus -   列: logic_no , 类型: VARCHAR
15:44:34.141 [main] INFO  com.dongbao.test_demo3.TestMybatisPlus -   列: archive_no , 类型: VARCHAR
15:44:34.141 [main] INFO  com.dongbao.test_demo3.TestMybatisPlus -   列: dispatch_company , 类型: VARCHAR
15:44:34.141 [main] INFO  com.dongbao.test_demo3.TestMybatisPlus -   列: ext_tel , 类型: VARCHAR
15:44:34.141 [main] INFO  com.dongbao.test_demo3.TestMybatisPlus -   列: first_post_intention , 类型: VARCHAR
15:44:34.141 [main] INFO  com.dongbao.test_demo3.TestMybatisPlus -   列: second_post_intention , 类型: VARCHAR
15:44:34.141 [main] INFO  com.dongbao.test_demo3.TestMybatisPlus -   列: status , 类型: VARCHAR
15:44:34.141 [main] INFO  com.dongbao.test_demo3.TestMybatisPlus -   列: third_post_intention , 类型: VARCHAR
15:44:34.141 [main] INFO  com.dongbao.test_demo3.TestMybatisPlus -   列: work_email , 类型: VARCHAR
15:44:34.141 [main] INFO  com.dongbao.test_demo3.TestMybatisPlus -   列: work_tel , 类型: VARCHAR
15:44:34.141 [main] INFO  com.dongbao.test_demo3.TestMybatisPlus -   列: physics_no , 类型: VARCHAR
15:44:34.141 [main] INFO  com.dongbao.test_demo3.TestMybatisPlus -   列: card_dept , 类型: VARCHAR
15:44:34.141 [main] INFO  com.dongbao.test_demo3.TestMybatisPlus -   列: is_probation , 类型: VARCHAR
15:44:34.141 [main] INFO  com.dongbao.test_demo3.TestMybatisPlus -   列: create_id , 类型: BIGINT
15:44:34.141 [main] INFO  com.dongbao.test_demo3.TestMybatisPlus -   列: create_name , 类型: VARCHAR
15:44:34.141 [main] INFO  com.dongbao.test_demo3.TestMybatisPlus -   列: create_date , 类型: DATETIME
15:44:34.141 [main] INFO  com.dongbao.test_demo3.TestMybatisPlus -   列: modify_id , 类型: BIGINT
15:44:34.141 [main] INFO  com.dongbao.test_demo3.TestMybatisPlus -   列: modify_name , 类型: VARCHAR
15:44:34.141 [main] INFO  com.dongbao.test_demo3.TestMybatisPlus -   列: modify_date , 类型: DATETIME
15:44:34.141 [main] INFO  com.dongbao.test_demo3.TestMybatisPlus -   列: is_delete , 类型: TINYINT
15:44:34.141 [main] INFO  com.dongbao.test_demo3.TestMybatisPlus -   列: entry_status , 类型: VARCHAR
15:44:34.141 [main] INFO  com.dongbao.test_demo3.TestMybatisPlus -   列: info_employ_id , 类型: BIGINT
15:44:34.141 [main] INFO  com.dongbao.test_demo3.TestMybatisPlus -   列: enable_date , 类型: DATETIME
15:44:34.141 [main] INFO  com.dongbao.test_demo3.TestMybatisPlus -   列: unable_date , 类型: DATETIME
15:44:34.141 [main] INFO  com.dongbao.test_demo3.TestMybatisPlus -   列: org_origin_id , 类型: BIGINT
15:44:34.141 [main] INFO  com.dongbao.test_demo3.TestMybatisPlus -   列: post_origin_id , 类型: BIGINT
15:44:34.141 [main] INFO  com.dongbao.test_demo3.TestMybatisPlus -   列: user_id , 类型: BIGINT
15:44:34.141 [main] INFO  com.dongbao.test_demo3.TestMybatisPlus -   列: audit_status , 类型: TINYINT
15:44:34.141 [main] INFO  com.dongbao.test_demo3.TestMybatisPlus -   列: position_and_rank , 类型: VARCHAR
15:44:34.141 [main] INFO  com.dongbao.test_demo3.TestMybatisPlus -   列: leave_date , 类型: DATETIME
15:44:34.141 [main] INFO  com.dongbao.test_demo3.TestMybatisPlus -   列: is_guest , 类型: VARCHAR
15:44:34.141 [main] INFO  com.dongbao.test_demo3.TestMybatisPlus -   列: introduce_name , 类型: VARCHAR
15:44:34.141 [main] INFO  com.dongbao.test_demo3.TestMybatisPlus -   列: introduce_id , 类型: BIGINT
15:44:34.141 [main] INFO  com.dongbao.test_demo3.TestMybatisPlus -   列: leader_origin_id , 类型: BIGINT
15:44:34.141 [main] INFO  com.dongbao.test_demo3.TestMybatisPlus -   列: leader_origin_ids , 类型: LONGTEXT
15:44:34.141 [main] INFO  com.dongbao.test_demo3.TestMybatisPlus -   列: last_communication_date , 类型: DATETIME
15:44:34.141 [main] INFO  com.dongbao.test_demo3.TestMybatisPlus -   列: contract_end_date , 类型: DATETIME
15:44:34.141 [main] INFO  com.dongbao.test_demo3.TestMybatisPlus -   列: flow_type , 类型: BIGINT
15:44:34.141 [main] INFO  com.dongbao.test_demo3.TestMybatisPlus -   列: work_years_entry_date , 类型: DATETIME
15:44:34.141 [main] INFO  com.dongbao.test_demo3.TestMybatisPlus -   列: level_position_id , 类型: BIGINT
15:44:34.141 [main] INFO  com.dongbao.test_demo3.TestMybatisPlus -   列: level_rank_id , 类型: BIGINT
15:44:34.141 [main] INFO  com.dongbao.test_demo3.TestMybatisPlus -   列: list_progress , 类型: DECIMAL
15:44:34.141 [main] INFO  com.dongbao.test_demo3.TestMybatisPlus -   列: flow_process , 类型: DECIMAL
15:44:34.141 [main] INFO  com.dongbao.test_demo3.TestMybatisPlus -   列: is_org_flow , 类型: INT
15:44:34.141 [main] INFO  com.dongbao.test_demo3.TestMybatisPlus -   列: area_code , 类型: VARCHAR
15:44:34.141 [main] INFO  com.dongbao.test_demo3.TestMybatisPlus -   列: company_ids , 类型: LONGTEXT
15:44:34.141 [main] INFO  com.dongbao.test_demo3.TestMybatisPlus -   列: org_parent_origin_ids , 类型: TEXT
15:44:34.141 [main] INFO  com.dongbao.test_demo3.TestMybatisPlus -   列: employ_id , 类型: BIGINT
15:44:34.141 [main] INFO  com.dongbao.test_demo3.TestMybatisPlus -   列: country_id , 类型: BIGINT
15:44:34.141 [main] INFO  com.dongbao.test_demo3.TestMybatisPlus -   列: work_age_value , 类型: VARCHAR
15:44:34.141 [main] INFO  com.dongbao.test_demo3.TestMybatisPlus -   列: last_daily_accounting_program_id , 类型: BIGINT
15:44:34.141 [main] INFO  com.dongbao.test_demo3.TestMybatisPlus -   列: last_monthly_accounting_program_id , 类型: BIGINT
15:44:34.141 [main] INFO  com.dongbao.test_demo3.TestMybatisPlus -   列: meid , 类型: VARCHAR
15:44:34.141 [main] INFO  com.dongbao.test_demo3.TestMybatisPlus -   列: native_place_id , 类型: LONGTEXT
15:44:34.141 [main] INFO  com.dongbao.test_demo3.TestMybatisPlus -   列: personal_head_portrait , 类型: VARCHAR
15:44:34.141 [main] INFO  com.dongbao.test_demo3.TestMybatisPlus -   列: district , 类型: LONGTEXT
15:44:34.141 [main] INFO  com.dongbao.test_demo3.TestMybatisPlus -   列: address_id , 类型: VARCHAR
15:44:34.141 [main] INFO  com.dongbao.test_demo3.TestMybatisPlus -   列: spell , 类型: VARCHAR
15:44:34.141 [main] INFO  com.dongbao.test_demo3.TestMybatisPlus -   列: jane_spell , 类型: VARCHAR
15:44:34.141 [main] INFO  com.dongbao.test_demo3.TestMybatisPlus -   列: tax_number , 类型: VARCHAR
15:44:34.141 [main] INFO  com.dongbao.test_demo3.TestMybatisPlus -   列: social_security_number , 类型: VARCHAR
15:44:34.141 [main] INFO  com.dongbao.test_demo3.TestMybatisPlus -   列: medical_social_security_number , 类型: VARCHAR
15:44:34.141 [main] INFO  com.dongbao.test_demo3.TestMybatisPlus -   列: name2 , 类型: VARCHAR
15:44:34.141 [main] INFO  com.dongbao.test_demo3.TestMybatisPlus -   列: name3 , 类型: VARCHAR
15:44:34.141 [main] INFO  com.dongbao.test_demo3.TestMybatisPlus -   列: name4 , 类型: VARCHAR
15:44:34.141 [main] INFO  com.dongbao.test_demo3.TestMybatisPlus -   列: name5 , 类型: VARCHAR
15:44:34.142 [main] INFO  com.dongbao.test_demo3.TestMybatisPlus -   列: name6 , 类型: VARCHAR
15:44:34.142 [main] INFO  com.dongbao.test_demo3.TestMybatisPlus -   列: full_spell , 类型: VARCHAR
15:44:34.142 [main] INFO  com.dongbao.test_demo3.TestMybatisPlus -   列: data_source_type , 类型: INT
15:44:34.142 [main] INFO  com.dongbao.test_demo3.TestMybatisPlus -   列: first_post_intention_name , 类型: VARCHAR
15:44:34.142 [main] INFO  com.dongbao.test_demo3.TestMybatisPlus -   列: second_post_intention_name , 类型: VARCHAR
15:44:34.142 [main] INFO  com.dongbao.test_demo3.TestMybatisPlus -   列: third_post_intention_name , 类型: VARCHAR
15:44:34.142 [main] INFO  com.dongbao.test_demo3.TestMybatisPlus -   列: is_talent_pool_transfer , 类型: VARCHAR
15:44:34.142 [main] INFO  com.dongbao.test_demo3.TestMybatisPlus -   列: is_get_accommodayion , 类型: VARCHAR
15:44:34.142 [main] INFO  com.dongbao.test_demo3.TestMybatisPlus -   列: accommodayion_start_date , 类型: DATETIME
15:44:34.142 [main] INFO  com.dongbao.test_demo3.TestMybatisPlus -   列: accommodayion_end_date , 类型: DATETIME
15:44:34.142 [main] INFO  com.dongbao.test_demo3.TestMybatisPlus -   列: is_id_card_imported , 类型: VARCHAR
15:44:34.142 [main] INFO  com.dongbao.test_demo3.TestMybatisPlus -   列: emp_rank , 类型: VARCHAR
15:44:34.142 [main] INFO  com.dongbao.test_demo3.TestMybatisPlus -   列: emp_post_rank , 类型: VARCHAR
15:44:34.142 [main] INFO  com.dongbao.test_demo3.TestMybatisPlus -   列: post_type , 类型: VARCHAR
15:44:34.142 [main] INFO  com.dongbao.test_demo3.TestMybatisPlus -   列: legally_admissible , 类型: VARCHAR
15:44:34.142 [main] INFO  com.dongbao.test_demo3.TestMybatisPlus -   列: certificate_type_id , 类型: BIGINT
15:44:34.142 [main] INFO  com.dongbao.test_demo3.TestMybatisPlus -   列: is_sum_work_age , 类型: VARCHAR
15:44:34.142 [main] INFO  com.dongbao.test_demo3.TestMybatisPlus -   列: work_age_year , 类型: INT
15:44:34.142 [main] INFO  com.dongbao.test_demo3.TestMybatisPlus -   列: work_age_mouth , 类型: INT
15:44:34.142 [main] INFO  com.dongbao.test_demo3.TestMybatisPlus -   列: probation_status , 类型: VARCHAR
15:44:34.142 [main] INFO  com.dongbao.test_demo3.TestMybatisPlus -   列: positive_status , 类型: VARCHAR
15:44:34.142 [main] INFO  com.dongbao.test_demo3.TestMybatisPlus -   列: mail_imap , 类型: VARCHAR
15:44:34.142 [main] INFO  com.dongbao.test_demo3.TestMybatisPlus -   列: mail_port , 类型: VARCHAR
15:44:34.142 [main] INFO  com.dongbao.test_demo3.TestMybatisPlus -   列: mail_account , 类型: VARCHAR
15:44:34.142 [main] INFO  com.dongbao.test_demo3.TestMybatisPlus -   列: account_key , 类型: VARCHAR
15:44:34.142 [main] INFO  com.dongbao.test_demo3.TestMybatisPlus -   列: mail_account_key , 类型: VARCHAR
15:44:34.142 [main] INFO  com.dongbao.test_demo3.TestMybatisPlus -   列: open_ssl , 类型: VARCHAR
15:44:34.142 [main] INFO  com.dongbao.test_demo3.TestMybatisPlus -   列: use_record_mail , 类型: VARCHAR
15:44:34.142 [main] INFO  com.dongbao.test_demo3.TestMybatisPlus -   列: mail_type , 类型: VARCHAR
15:44:34.142 [main] INFO  com.dongbao.test_demo3.TestMybatisPlus -   列: current_org_origin_id , 类型: BIGINT
15:44:34.142 [main] INFO  com.dongbao.test_demo3.TestMybatisPlus -   列: current_work_group , 类型: VARCHAR
15:44:34.142 [main] INFO  com.dongbao.test_demo3.TestMybatisPlus -   列: current_work_group_id , 类型: BIGINT
15:44:34.142 [main] INFO  com.dongbao.test_demo3.TestMybatisPlus -   列: type_of_work , 类型: VARCHAR
15:44:34.142 [main] INFO  com.dongbao.test_demo3.TestMybatisPlus -   列: cost_center_ids , 类型: LONGTEXT
15:44:34.142 [main] INFO  com.dongbao.test_demo3.TestMybatisPlus -   列: is_report_clock , 类型: VARCHAR
15:44:34.142 [main] INFO  com.dongbao.test_demo3.TestMybatisPlus -   列: qy_wx_uid , 类型: VARCHAR
15:44:34.142 [main] INFO  com.dongbao.test_demo3.TestMybatisPlus -   列: dingtalk_uid , 类型: VARCHAR
15:44:34.142 [main] INFO  com.dongbao.test_demo3.TestMybatisPlus -   列: legally_admissible_id , 类型: BIGINT
15:44:34.142 [main] INFO  com.dongbao.test_demo3.TestMybatisPlus -   列: is_wait_leave , 类型: VARCHAR
15:44:34.142 [main] INFO  com.dongbao.test_demo3.TestMybatisPlus -   列: parttime_org_origin_ids , 类型: LONGTEXT
15:44:34.142 [main] INFO  com.dongbao.test_demo3.TestMybatisPlus -   列: is_ignore_count , 类型: TINYINT
15:44:34.142 [main] INFO  com.dongbao.test_demo3.TestMybatisPlus -   列: is_master , 类型: VARCHAR
15:44:34.142 [main] INFO  com.dongbao.test_demo3.TestMybatisPlus -   列: custom_spell , 类型: VARCHAR
15:44:34.142 [main] INFO  com.dongbao.test_demo3.TestMybatisPlus -   列: parttime_org_parent_ids , 类型: LONGTEXT
15:44:34.142 [main] INFO  com.dongbao.test_demo3.TestMybatisPlus -   列: site_file_id , 类型: BIGINT
15:44:34.142 [main] INFO  com.dongbao.test_demo3.TestMybatisPlus -   列: site_file_name , 类型: VARCHAR
15:44:34.142 [main] INFO  com.dongbao.test_demo3.TestMybatisPlus -   列: audit_status_show , 类型: VARCHAR
15:44:34.142 [main] INFO  com.dongbao.test_demo3.TestMybatisPlus -   列: cost_center_names , 类型: LONGTEXT
15:44:34.142 [main] INFO  com.dongbao.test_demo3.TestMybatisPlus -   列: vir_org_names , 类型: LONGTEXT
15:44:34.142 [main] INFO  com.dongbao.test_demo3.TestMybatisPlus -   列: family_name_spell , 类型: VARCHAR
15:44:34.142 [main] INFO  com.dongbao.test_demo3.TestMybatisPlus -   列: name_spell , 类型: VARCHAR
15:44:34.142 [main] INFO  com.dongbao.test_demo3.TestMybatisPlus -   列: sn , 类型: VARCHAR
15:44:34.142 [main] INFO  com.dongbao.test_demo3.TestMybatisPlus -   列: given_name , 类型: VARCHAR
15:44:34.142 [main] INFO  com.dongbao.test_demo3.TestMybatisPlus -   列: description , 类型: VARCHAR
15:44:34.142 [main] INFO  com.dongbao.test_demo3.TestMybatisPlus -   列: emp_sort , 类型: INT
15:44:34.142 [main] INFO  com.dongbao.test_demo3.TestMybatisPlus -   列: date_of_working , 类型: DATETIME
15:44:34.142 [main] INFO  com.dongbao.test_demo3.TestMybatisPlus -   列: entry_count , 类型: INT
15:44:34.142 [main] INFO  com.dongbao.test_demo3.TestMybatisPlus -   列: third_key , 类型: VARCHAR
15:44:34.142 [main] INFO  com.dongbao.test_demo3.TestMybatisPlus -   列: age , 类型: INT
15:44:34.142 [main] INFO  com.dongbao.test_demo3.TestMybatisPlus -   列: ExtEventPersonNo , 类型: VARCHAR
15:44:34.142 [main] INFO  com.dongbao.test_demo3.TestMybatisPlus -   列: per_org_user_type , 类型: VARCHAR
15:44:34.142 [main] INFO  com.dongbao.test_demo3.TestMybatisPlus -   列: work_place , 类型: VARCHAR
15:44:34.142 [main] INFO  com.dongbao.test_demo3.TestMybatisPlus -   列: labor_dispatching_date , 类型: DATETIME
15:44:34.142 [main] INFO  com.dongbao.test_demo3.TestMybatisPlus -   列: social-insurance , 类型: VARCHAR
15:44:34.142 [main] INFO  com.dongbao.test_demo3.TestMybatisPlus -   列: Provident-Fund , 类型: VARCHAR
15:44:34.142 [main] INFO  com.dongbao.test_demo3.TestMybatisPlus -   列: social_insurance , 类型: VARCHAR
15:44:34.142 [main] INFO  com.dongbao.test_demo3.TestMybatisPlus -   列: provident_und , 类型: VARCHAR
15:44:34.142 [main] INFO  com.dongbao.test_demo3.TestMybatisPlus -   列: recruit , 类型: VARCHAR
15:44:34.142 [main] INFO  com.dongbao.test_demo3.TestMybatisPlus -   列: code , 类型: VARCHAR
15:44:34.143 [main] INFO  com.dongbao.test_demo3.TestMybatisPlus -   列: part_time_job , 类型: LONGTEXT
15:44:34.143 [main] INFO  com.dongbao.test_demo3.TestMybatisPlus -   列: c_inspect_data , 类型: DATETIME
15:44:34.143 [main] INFO  com.dongbao.test_demo3.TestMybatisPlus -   列: c_sxkssj , 类型: DATETIME
15:44:34.143 [main] INFO  com.dongbao.test_demo3.TestMybatisPlus -   列: c_sxjssj , 类型: DATETIME
15:44:34.143 [main] INFO  com.dongbao.test_demo3.TestMybatisPlus -   列: c_physics_no , 类型: VARCHAR
15:44:34.143 [main] INFO  com.dongbao.test_demo3.TestMybatisPlus -   列: application_id , 类型: VARCHAR
15:44:34.143 [main] INFO  com.dongbao.test_demo3.TestMybatisPlus -   列: c_level , 类型: INT
15:44:34.143 [main] INFO  com.dongbao.test_demo3.TestMybatisPlus -   列: c_tempType , 类型: VARCHAR
15:44:34.143 [main] INFO  com.dongbao.test_demo3.TestMybatisPlus -   列: rank_position_program_id , 类型: BIGINT
15:44:34.143 [main] INFO  com.dongbao.test_demo3.TestMybatisPlus -   列: sequence_name , 类型: VARCHAR
15:44:34.143 [main] INFO  com.dongbao.test_demo3.TestMybatisPlus -   列: sequence_level_id , 类型: BIGINT
15:44:34.143 [main] INFO  com.dongbao.test_demo3.TestMybatisPlus -   列: sequence_level_name , 类型: VARCHAR
15:44:34.143 [main] INFO  com.dongbao.test_demo3.TestMybatisPlus -   列: post_level_id , 类型: BIGINT
15:44:34.143 [main] INFO  com.dongbao.test_demo3.TestMybatisPlus -   列: is_intern , 类型: VARCHAR
15:44:34.143 [main] INFO  com.dongbao.test_demo3.TestMybatisPlus -   列: emp_level , 类型: INT
15:44:34.143 [main] INFO  com.dongbao.test_demo3.TestMybatisPlus -   列: basic_level , 类型: VARCHAR
15:44:34.143 [main] INFO  com.dongbao.test_demo3.TestMybatisPlus -   列: c_sumYdays , 类型: INT
15:44:34.143 [main] INFO  com.dongbao.test_demo3.TestMybatisPlus -   列: c_handsumYear , 类型: INT
15:44:34.143 [main] INFO  com.dongbao.test_demo3.TestMybatisPlus -   列: c_roundSumYear , 类型: INT
15:44:34.143 [main] INFO  com.dongbao.test_demo3.TestMybatisPlus -   列: c_Social_security_type , 类型: VARCHAR
15:44:34.143 [main] INFO  com.dongbao.test_demo3.TestMybatisPlus -   列: c_post_code , 类型: VARCHAR
15:44:34.143 [main] INFO  com.dongbao.test_demo3.TestMybatisPlus -   列: c_leave_type , 类型: VARCHAR
15:44:34.143 [main] INFO  com.dongbao.test_demo3.TestMybatisPlus -   列: c_become_regular_date , 类型: VARCHAR
15:44:34.143 [main] INFO  com.dongbao.test_demo3.TestMybatisPlus -   列: reinstate_way , 类型: VARCHAR
15:44:34.143 [main] INFO  com.dongbao.test_demo3.TestMybatisPlus -   列: reinstate_origin_ids , 类型: LONGTEXT
15:44:34.143 [main] INFO  com.dongbao.test_demo3.TestMybatisPlus -   列: c_lock_regular_date , 类型: VARCHAR
15:44:34.143 [main] INFO  com.dongbao.test_demo3.TestMybatisPlus -   列: c_is_sync_system , 类型: INT
15:44:34.143 [main] INFO  com.dongbao.test_demo3.TestMybatisPlus -   列: c_is_xsxzsbt , 类型: INT
15:44:34.143 [main] INFO  com.dongbao.test_demo3.TestMybatisPlus -   列: c_is_accumulation_fund , 类型: TINYINT
15:44:34.143 [main] INFO  com.dongbao.test_demo3.TestMybatisPlus -   列: c_dingtalk_unionid , 类型: VARCHAR
15:44:34.143 [main] INFO  com.dongbao.test_demo3.TestMybatisPlus -   列: c_employ_id , 类型: BIGINT
15:44:34.143 [main] INFO  com.dongbao.test_demo3.TestMybatisPlus -   列: id , 类型: BIGINT UNSIGNED
15:44:34.143 [main] INFO  com.dongbao.test_demo3.TestMybatisPlus -   列: origin_id , 类型: BIGINT
15:44:34.143 [main] INFO  com.dongbao.test_demo3.TestMybatisPlus -   列: head_portrait , 类型: VARCHAR
15:44:34.143 [main] INFO  com.dongbao.test_demo3.TestMybatisPlus -   列: name , 类型: VARCHAR
15:44:34.143 [main] INFO  com.dongbao.test_demo3.TestMybatisPlus -   列: short_name , 类型: VARCHAR
15:44:34.143 [main] INFO  com.dongbao.test_demo3.TestMybatisPlus -   列: english_name , 类型: VARCHAR
15:44:34.143 [main] INFO  com.dongbao.test_demo3.TestMybatisPlus -   列: education , 类型: VARCHAR
15:44:34.143 [main] INFO  com.dongbao.test_demo3.TestMybatisPlus -   列: sex , 类型: VARCHAR
15:44:34.143 [main] INFO  com.dongbao.test_demo3.TestMybatisPlus -   列: mobile , 类型: VARCHAR
15:44:34.143 [main] INFO  com.dongbao.test_demo3.TestMybatisPlus -   列: marital_status , 类型: VARCHAR
15:44:34.143 [main] INFO  com.dongbao.test_demo3.TestMybatisPlus -   列: email , 类型: VARCHAR
15:44:34.143 [main] INFO  com.dongbao.test_demo3.TestMybatisPlus -   列: certificate_type , 类型: VARCHAR
15:44:34.143 [main] INFO  com.dongbao.test_demo3.TestMybatisPlus -   列: certificate_no , 类型: VARCHAR
15:44:34.143 [main] INFO  com.dongbao.test_demo3.TestMybatisPlus -   列: certificate_start_date , 类型: DATETIME
15:44:34.143 [main] INFO  com.dongbao.test_demo3.TestMybatisPlus -   列: certificate_end_date , 类型: DATETIME
15:44:34.143 [main] INFO  com.dongbao.test_demo3.TestMybatisPlus -   列: id_card_address , 类型: VARCHAR
15:44:34.143 [main] INFO  com.dongbao.test_demo3.TestMybatisPlus -   列: birth_date_type , 类型: VARCHAR
15:44:34.143 [main] INFO  com.dongbao.test_demo3.TestMybatisPlus -   列: birth_date , 类型: DATETIME
15:44:34.143 [main] INFO  com.dongbao.test_demo3.TestMybatisPlus -   列: nation , 类型: VARCHAR
15:44:34.143 [main] INFO  com.dongbao.test_demo3.TestMybatisPlus -   列: nationality_id , 类型: VARCHAR
15:44:34.143 [main] INFO  com.dongbao.test_demo3.TestMybatisPlus -   列: nationality , 类型: VARCHAR
15:44:34.143 [main] INFO  com.dongbao.test_demo3.TestMybatisPlus -   列: native_place , 类型: VARCHAR
15:44:34.143 [main] INFO  com.dongbao.test_demo3.TestMybatisPlus -   列: domicile_type , 类型: VARCHAR
15:44:34.143 [main] INFO  com.dongbao.test_demo3.TestMybatisPlus -   列: politics_status , 类型: VARCHAR
15:44:34.143 [main] INFO  com.dongbao.test_demo3.TestMybatisPlus -   列: address , 类型: LONGTEXT
15:44:34.143 [main] INFO  com.dongbao.test_demo3.TestMybatisPlus -   列: blood_type , 类型: VARCHAR
15:44:34.143 [main] INFO  com.dongbao.test_demo3.TestMybatisPlus -   列: height , 类型: DECIMAL
15:44:34.143 [main] INFO  com.dongbao.test_demo3.TestMybatisPlus -   列: constellation , 类型: VARCHAR
15:44:34.143 [main] INFO  com.dongbao.test_demo3.TestMybatisPlus -   列: handedness , 类型: VARCHAR
15:44:34.143 [main] INFO  com.dongbao.test_demo3.TestMybatisPlus -   列: smoke , 类型: VARCHAR
15:44:34.143 [main] INFO  com.dongbao.test_demo3.TestMybatisPlus -   列: speciality , 类型: VARCHAR
15:44:34.143 [main] INFO  com.dongbao.test_demo3.TestMybatisPlus -   列: religion , 类型: VARCHAR
15:44:34.143 [main] INFO  com.dongbao.test_demo3.TestMybatisPlus -   列: health , 类型: VARCHAR
15:44:34.143 [main] INFO  com.dongbao.test_demo3.TestMybatisPlus -   列: remark , 类型: LONGTEXT
15:44:34.144 [main] INFO  com.dongbao.test_demo3.TestMybatisPlus -   列: emp_no , 类型: VARCHAR
15:44:34.144 [main] INFO  com.dongbao.test_demo3.TestMybatisPlus -   列: entry_date , 类型: DATETIME
15:44:34.144 [main] INFO  com.dongbao.test_demo3.TestMybatisPlus -   列: company_id , 类型: BIGINT
15:44:34.144 [main] INFO  com.dongbao.test_demo3.TestMybatisPlus -   列: company_name , 类型: VARCHAR
15:44:34.144 [main] INFO  com.dongbao.test_demo3.TestMybatisPlus -   列: attach , 类型: VARCHAR
15:44:34.144 [main] INFO  com.dongbao.test_demo3.TestMybatisPlus -   列: org_name , 类型: VARCHAR
15:44:34.144 [main] INFO  com.dongbao.test_demo3.TestMybatisPlus -   列: emp_type , 类型: VARCHAR
15:44:34.144 [main] INFO  com.dongbao.test_demo3.TestMybatisPlus -   列: post_name , 类型: VARCHAR
15:44:34.144 [main] INFO  com.dongbao.test_demo3.TestMybatisPlus -   列: duty_id , 类型: BIGINT
15:44:34.144 [main] INFO  com.dongbao.test_demo3.TestMybatisPlus -   列: duty_name , 类型: VARCHAR
15:44:34.144 [main] INFO  com.dongbao.test_demo3.TestMybatisPlus -   列: employment_nature , 类型: VARCHAR
15:44:34.144 [main] INFO  com.dongbao.test_demo3.TestMybatisPlus -   列: entry_source , 类型: VARCHAR
15:44:34.144 [main] INFO  com.dongbao.test_demo3.TestMybatisPlus -   列: probation_start_date , 类型: DATETIME
15:44:34.144 [main] INFO  com.dongbao.test_demo3.TestMybatisPlus -   列: probation_end_date , 类型: DATETIME
15:44:34.144 [main] INFO  com.dongbao.test_demo3.TestMybatisPlus -   列: work_months , 类型: INT
15:44:34.144 [main] INFO  com.dongbao.test_demo3.TestMybatisPlus -   列: leader_name , 类型: VARCHAR
15:44:34.144 [main] INFO  com.dongbao.test_demo3.TestMybatisPlus -   列: logic_no , 类型: VARCHAR
15:44:34.144 [main] INFO  com.dongbao.test_demo3.TestMybatisPlus -   列: archive_no , 类型: VARCHAR
15:44:34.144 [main] INFO  com.dongbao.test_demo3.TestMybatisPlus -   列: dispatch_company , 类型: VARCHAR
15:44:34.144 [main] INFO  com.dongbao.test_demo3.TestMybatisPlus -   列: ext_tel , 类型: VARCHAR
15:44:34.144 [main] INFO  com.dongbao.test_demo3.TestMybatisPlus -   列: first_post_intention , 类型: VARCHAR
15:44:34.144 [main] INFO  com.dongbao.test_demo3.TestMybatisPlus -   列: second_post_intention , 类型: VARCHAR
15:44:34.144 [main] INFO  com.dongbao.test_demo3.TestMybatisPlus -   列: status , 类型: VARCHAR
15:44:34.144 [main] INFO  com.dongbao.test_demo3.TestMybatisPlus -   列: third_post_intention , 类型: VARCHAR
15:44:34.144 [main] INFO  com.dongbao.test_demo3.TestMybatisPlus -   列: work_email , 类型: VARCHAR
15:44:34.144 [main] INFO  com.dongbao.test_demo3.TestMybatisPlus -   列: work_tel , 类型: VARCHAR
15:44:34.144 [main] INFO  com.dongbao.test_demo3.TestMybatisPlus -   列: physics_no , 类型: VARCHAR
15:44:34.144 [main] INFO  com.dongbao.test_demo3.TestMybatisPlus -   列: card_dept , 类型: VARCHAR
15:44:34.144 [main] INFO  com.dongbao.test_demo3.TestMybatisPlus -   列: is_probation , 类型: VARCHAR
15:44:34.144 [main] INFO  com.dongbao.test_demo3.TestMybatisPlus -   列: create_id , 类型: BIGINT
15:44:34.144 [main] INFO  com.dongbao.test_demo3.TestMybatisPlus -   列: create_name , 类型: VARCHAR
15:44:34.144 [main] INFO  com.dongbao.test_demo3.TestMybatisPlus -   列: create_date , 类型: DATETIME
15:44:34.144 [main] INFO  com.dongbao.test_demo3.TestMybatisPlus -   列: modify_id , 类型: BIGINT
15:44:34.144 [main] INFO  com.dongbao.test_demo3.TestMybatisPlus -   列: modify_name , 类型: VARCHAR
15:44:34.144 [main] INFO  com.dongbao.test_demo3.TestMybatisPlus -   列: modify_date , 类型: DATETIME
15:44:34.144 [main] INFO  com.dongbao.test_demo3.TestMybatisPlus -   列: is_delete , 类型: TINYINT
15:44:34.144 [main] INFO  com.dongbao.test_demo3.TestMybatisPlus -   列: entry_status , 类型: VARCHAR
15:44:34.144 [main] INFO  com.dongbao.test_demo3.TestMybatisPlus -   列: info_employ_id , 类型: BIGINT
15:44:34.144 [main] INFO  com.dongbao.test_demo3.TestMybatisPlus -   列: enable_date , 类型: DATETIME
15:44:34.144 [main] INFO  com.dongbao.test_demo3.TestMybatisPlus -   列: unable_date , 类型: DATETIME
15:44:34.144 [main] INFO  com.dongbao.test_demo3.TestMybatisPlus -   列: org_origin_id , 类型: BIGINT
15:44:34.144 [main] INFO  com.dongbao.test_demo3.TestMybatisPlus -   列: post_origin_id , 类型: BIGINT
15:44:34.144 [main] INFO  com.dongbao.test_demo3.TestMybatisPlus -   列: user_id , 类型: BIGINT
15:44:34.144 [main] INFO  com.dongbao.test_demo3.TestMybatisPlus -   列: audit_status , 类型: TINYINT
15:44:34.144 [main] INFO  com.dongbao.test_demo3.TestMybatisPlus -   列: position_and_rank , 类型: VARCHAR
15:44:34.144 [main] INFO  com.dongbao.test_demo3.TestMybatisPlus -   列: leave_date , 类型: DATETIME
15:44:34.144 [main] INFO  com.dongbao.test_demo3.TestMybatisPlus -   列: is_guest , 类型: VARCHAR
15:44:34.144 [main] INFO  com.dongbao.test_demo3.TestMybatisPlus -   列: introduce_name , 类型: VARCHAR
15:44:34.144 [main] INFO  com.dongbao.test_demo3.TestMybatisPlus -   列: introduce_id , 类型: BIGINT
15:44:34.144 [main] INFO  com.dongbao.test_demo3.TestMybatisPlus -   列: leader_origin_id , 类型: BIGINT
15:44:34.144 [main] INFO  com.dongbao.test_demo3.TestMybatisPlus -   列: leader_origin_ids , 类型: LONGTEXT
15:44:34.144 [main] INFO  com.dongbao.test_demo3.TestMybatisPlus -   列: last_communication_date , 类型: DATETIME
15:44:34.144 [main] INFO  com.dongbao.test_demo3.TestMybatisPlus -   列: contract_end_date , 类型: DATETIME
15:44:34.144 [main] INFO  com.dongbao.test_demo3.TestMybatisPlus -   列: flow_type , 类型: BIGINT
15:44:34.144 [main] INFO  com.dongbao.test_demo3.TestMybatisPlus -   列: work_years_entry_date , 类型: DATETIME
15:44:34.144 [main] INFO  com.dongbao.test_demo3.TestMybatisPlus -   列: level_position_id , 类型: BIGINT
15:44:34.144 [main] INFO  com.dongbao.test_demo3.TestMybatisPlus -   列: level_rank_id , 类型: BIGINT
15:44:34.144 [main] INFO  com.dongbao.test_demo3.TestMybatisPlus -   列: list_progress , 类型: DECIMAL
15:44:34.144 [main] INFO  com.dongbao.test_demo3.TestMybatisPlus -   列: flow_process , 类型: DECIMAL
15:44:34.144 [main] INFO  com.dongbao.test_demo3.TestMybatisPlus -   列: is_org_flow , 类型: INT
15:44:34.144 [main] INFO  com.dongbao.test_demo3.TestMybatisPlus -   列: area_code , 类型: VARCHAR
15:44:34.144 [main] INFO  com.dongbao.test_demo3.TestMybatisPlus -   列: company_ids , 类型: LONGTEXT
15:44:34.144 [main] INFO  com.dongbao.test_demo3.TestMybatisPlus -   列: org_parent_origin_ids , 类型: TEXT
15:44:34.144 [main] INFO  com.dongbao.test_demo3.TestMybatisPlus -   列: employ_id , 类型: BIGINT
15:44:34.144 [main] INFO  com.dongbao.test_demo3.TestMybatisPlus -   列: country_id , 类型: BIGINT
15:44:34.144 [main] INFO  com.dongbao.test_demo3.TestMybatisPlus -   列: work_age_value , 类型: VARCHAR
15:44:34.144 [main] INFO  com.dongbao.test_demo3.TestMybatisPlus -   列: last_daily_accounting_program_id , 类型: BIGINT
15:44:34.144 [main] INFO  com.dongbao.test_demo3.TestMybatisPlus -   列: last_monthly_accounting_program_id , 类型: BIGINT
15:44:34.144 [main] INFO  com.dongbao.test_demo3.TestMybatisPlus -   列: meid , 类型: VARCHAR
15:44:34.144 [main] INFO  com.dongbao.test_demo3.TestMybatisPlus -   列: native_place_id , 类型: LONGTEXT
15:44:34.144 [main] INFO  com.dongbao.test_demo3.TestMybatisPlus -   列: personal_head_portrait , 类型: VARCHAR
15:44:34.144 [main] INFO  com.dongbao.test_demo3.TestMybatisPlus -   列: district , 类型: LONGTEXT
15:44:34.144 [main] INFO  com.dongbao.test_demo3.TestMybatisPlus -   列: address_id , 类型: VARCHAR
15:44:34.144 [main] INFO  com.dongbao.test_demo3.TestMybatisPlus -   列: spell , 类型: VARCHAR
15:44:34.144 [main] INFO  com.dongbao.test_demo3.TestMybatisPlus -   列: jane_spell , 类型: VARCHAR
15:44:34.144 [main] INFO  com.dongbao.test_demo3.TestMybatisPlus -   列: tax_number , 类型: VARCHAR
15:44:34.144 [main] INFO  com.dongbao.test_demo3.TestMybatisPlus -   列: social_security_number , 类型: VARCHAR
15:44:34.144 [main] INFO  com.dongbao.test_demo3.TestMybatisPlus -   列: medical_social_security_number , 类型: VARCHAR
15:44:34.145 [main] INFO  com.dongbao.test_demo3.TestMybatisPlus -   列: name2 , 类型: VARCHAR
15:44:34.145 [main] INFO  com.dongbao.test_demo3.TestMybatisPlus -   列: name3 , 类型: VARCHAR
15:44:34.145 [main] INFO  com.dongbao.test_demo3.TestMybatisPlus -   列: name4 , 类型: VARCHAR
15:44:34.145 [main] INFO  com.dongbao.test_demo3.TestMybatisPlus -   列: name5 , 类型: VARCHAR
15:44:34.145 [main] INFO  com.dongbao.test_demo3.TestMybatisPlus -   列: name6 , 类型: VARCHAR
15:44:34.145 [main] INFO  com.dongbao.test_demo3.TestMybatisPlus -   列: full_spell , 类型: VARCHAR
15:44:34.145 [main] INFO  com.dongbao.test_demo3.TestMybatisPlus -   列: data_source_type , 类型: INT
15:44:34.145 [main] INFO  com.dongbao.test_demo3.TestMybatisPlus -   列: first_post_intention_name , 类型: VARCHAR
15:44:34.145 [main] INFO  com.dongbao.test_demo3.TestMybatisPlus -   列: second_post_intention_name , 类型: VARCHAR
15:44:34.145 [main] INFO  com.dongbao.test_demo3.TestMybatisPlus -   列: third_post_intention_name , 类型: VARCHAR
15:44:34.145 [main] INFO  com.dongbao.test_demo3.TestMybatisPlus -   列: is_talent_pool_transfer , 类型: VARCHAR
15:44:34.145 [main] INFO  com.dongbao.test_demo3.TestMybatisPlus -   列: is_get_accommodayion , 类型: VARCHAR
15:44:34.145 [main] INFO  com.dongbao.test_demo3.TestMybatisPlus -   列: accommodayion_start_date , 类型: DATETIME
15:44:34.145 [main] INFO  com.dongbao.test_demo3.TestMybatisPlus -   列: accommodayion_end_date , 类型: DATETIME
15:44:34.145 [main] INFO  com.dongbao.test_demo3.TestMybatisPlus -   列: is_id_card_imported , 类型: VARCHAR
15:44:34.145 [main] INFO  com.dongbao.test_demo3.TestMybatisPlus -   列: emp_rank , 类型: VARCHAR
15:44:34.145 [main] INFO  com.dongbao.test_demo3.TestMybatisPlus -   列: emp_post_rank , 类型: VARCHAR
15:44:34.145 [main] INFO  com.dongbao.test_demo3.TestMybatisPlus -   列: post_type , 类型: VARCHAR
15:44:34.145 [main] INFO  com.dongbao.test_demo3.TestMybatisPlus -   列: legally_admissible , 类型: VARCHAR
15:44:34.145 [main] INFO  com.dongbao.test_demo3.TestMybatisPlus -   列: certificate_type_id , 类型: BIGINT
15:44:34.145 [main] INFO  com.dongbao.test_demo3.TestMybatisPlus -   列: is_sum_work_age , 类型: VARCHAR
15:44:34.145 [main] INFO  com.dongbao.test_demo3.TestMybatisPlus -   列: work_age_year , 类型: INT
15:44:34.145 [main] INFO  com.dongbao.test_demo3.TestMybatisPlus -   列: work_age_mouth , 类型: INT
15:44:34.145 [main] INFO  com.dongbao.test_demo3.TestMybatisPlus -   列: probation_status , 类型: VARCHAR
15:44:34.145 [main] INFO  com.dongbao.test_demo3.TestMybatisPlus -   列: positive_status , 类型: VARCHAR
15:44:34.145 [main] INFO  com.dongbao.test_demo3.TestMybatisPlus -   列: mail_imap , 类型: VARCHAR
15:44:34.145 [main] INFO  com.dongbao.test_demo3.TestMybatisPlus -   列: mail_port , 类型: VARCHAR
15:44:34.145 [main] INFO  com.dongbao.test_demo3.TestMybatisPlus -   列: mail_account , 类型: VARCHAR
15:44:34.145 [main] INFO  com.dongbao.test_demo3.TestMybatisPlus -   列: account_key , 类型: VARCHAR
15:44:34.145 [main] INFO  com.dongbao.test_demo3.TestMybatisPlus -   列: mail_account_key , 类型: VARCHAR
15:44:34.145 [main] INFO  com.dongbao.test_demo3.TestMybatisPlus -   列: open_ssl , 类型: VARCHAR
15:44:34.145 [main] INFO  com.dongbao.test_demo3.TestMybatisPlus -   列: use_record_mail , 类型: VARCHAR
15:44:34.145 [main] INFO  com.dongbao.test_demo3.TestMybatisPlus -   列: mail_type , 类型: VARCHAR
15:44:34.145 [main] INFO  com.dongbao.test_demo3.TestMybatisPlus -   列: current_org_origin_id , 类型: BIGINT
15:44:34.145 [main] INFO  com.dongbao.test_demo3.TestMybatisPlus -   列: current_work_group , 类型: VARCHAR
15:44:34.145 [main] INFO  com.dongbao.test_demo3.TestMybatisPlus -   列: current_work_group_id , 类型: BIGINT
15:44:34.145 [main] INFO  com.dongbao.test_demo3.TestMybatisPlus -   列: type_of_work , 类型: VARCHAR
15:44:34.145 [main] INFO  com.dongbao.test_demo3.TestMybatisPlus -   列: cost_center_ids , 类型: LONGTEXT
15:44:34.145 [main] INFO  com.dongbao.test_demo3.TestMybatisPlus -   列: is_report_clock , 类型: VARCHAR
15:44:34.145 [main] INFO  com.dongbao.test_demo3.TestMybatisPlus -   列: qy_wx_uid , 类型: VARCHAR
15:44:34.145 [main] INFO  com.dongbao.test_demo3.TestMybatisPlus -   列: dingtalk_uid , 类型: VARCHAR
15:44:34.145 [main] INFO  com.dongbao.test_demo3.TestMybatisPlus -   列: legally_admissible_id , 类型: BIGINT
15:44:34.145 [main] INFO  com.dongbao.test_demo3.TestMybatisPlus -   列: is_wait_leave , 类型: VARCHAR
15:44:34.145 [main] INFO  com.dongbao.test_demo3.TestMybatisPlus -   列: parttime_org_origin_ids , 类型: LONGTEXT
15:44:34.145 [main] INFO  com.dongbao.test_demo3.TestMybatisPlus -   列: is_ignore_count , 类型: TINYINT
15:44:34.145 [main] INFO  com.dongbao.test_demo3.TestMybatisPlus -   列: is_master , 类型: VARCHAR
15:44:34.145 [main] INFO  com.dongbao.test_demo3.TestMybatisPlus -   列: custom_spell , 类型: VARCHAR
15:44:34.145 [main] INFO  com.dongbao.test_demo3.TestMybatisPlus -   列: parttime_org_parent_ids , 类型: LONGTEXT
15:44:34.145 [main] INFO  com.dongbao.test_demo3.TestMybatisPlus -   列: site_file_id , 类型: BIGINT
15:44:34.145 [main] INFO  com.dongbao.test_demo3.TestMybatisPlus -   列: site_file_name , 类型: VARCHAR
15:44:34.145 [main] INFO  com.dongbao.test_demo3.TestMybatisPlus -   列: audit_status_show , 类型: VARCHAR
15:44:34.145 [main] INFO  com.dongbao.test_demo3.TestMybatisPlus -   列: cost_center_names , 类型: LONGTEXT
15:44:34.145 [main] INFO  com.dongbao.test_demo3.TestMybatisPlus -   列: vir_org_names , 类型: LONGTEXT
15:44:34.145 [main] INFO  com.dongbao.test_demo3.TestMybatisPlus -   列: family_name_spell , 类型: VARCHAR
15:44:34.145 [main] INFO  com.dongbao.test_demo3.TestMybatisPlus -   列: name_spell , 类型: VARCHAR
15:44:34.145 [main] INFO  com.dongbao.test_demo3.TestMybatisPlus -   列: sn , 类型: VARCHAR
15:44:34.145 [main] INFO  com.dongbao.test_demo3.TestMybatisPlus -   列: given_name , 类型: VARCHAR
15:44:34.145 [main] INFO  com.dongbao.test_demo3.TestMybatisPlus -   列: description , 类型: VARCHAR
15:44:34.145 [main] INFO  com.dongbao.test_demo3.TestMybatisPlus -   列: emp_sort , 类型: INT
15:44:34.145 [main] INFO  com.dongbao.test_demo3.TestMybatisPlus -   列: date_of_working , 类型: DATETIME
15:44:34.145 [main] INFO  com.dongbao.test_demo3.TestMybatisPlus -   列: entry_count , 类型: INT
15:44:34.145 [main] INFO  com.dongbao.test_demo3.TestMybatisPlus -   列: third_key , 类型: VARCHAR
15:44:34.145 [main] INFO  com.dongbao.test_demo3.TestMybatisPlus -   列: age , 类型: INT
15:44:34.145 [main] INFO  com.dongbao.test_demo3.TestMybatisPlus -   列: ExtEventPersonNo , 类型: VARCHAR
15:44:34.145 [main] INFO  com.dongbao.test_demo3.TestMybatisPlus -   列: per_org_user_type , 类型: VARCHAR
15:44:34.145 [main] INFO  com.dongbao.test_demo3.TestMybatisPlus -   列: work_place , 类型: VARCHAR
15:44:34.145 [main] INFO  com.dongbao.test_demo3.TestMybatisPlus -   列: labor_dispatching_date , 类型: DATETIME
15:44:34.145 [main] INFO  com.dongbao.test_demo3.TestMybatisPlus -   列: social-insurance , 类型: VARCHAR
15:44:34.145 [main] INFO  com.dongbao.test_demo3.TestMybatisPlus -   列: Provident-Fund , 类型: VARCHAR
15:44:34.145 [main] INFO  com.dongbao.test_demo3.TestMybatisPlus -   列: social_insurance , 类型: VARCHAR
15:44:34.145 [main] INFO  com.dongbao.test_demo3.TestMybatisPlus -   列: provident_und , 类型: VARCHAR
15:44:34.145 [main] INFO  com.dongbao.test_demo3.TestMybatisPlus -   列: recruit , 类型: VARCHAR
15:44:34.145 [main] INFO  com.dongbao.test_demo3.TestMybatisPlus -   列: code , 类型: VARCHAR
15:44:34.146 [main] INFO  com.dongbao.test_demo3.TestMybatisPlus -   列: part_time_job , 类型: LONGTEXT
15:44:34.146 [main] INFO  com.dongbao.test_demo3.TestMybatisPlus -   列: c_inspect_data , 类型: DATETIME
15:44:34.146 [main] INFO  com.dongbao.test_demo3.TestMybatisPlus -   列: c_sxkssj , 类型: DATETIME
15:44:34.146 [main] INFO  com.dongbao.test_demo3.TestMybatisPlus -   列: c_sxjssj , 类型: DATETIME
15:44:34.146 [main] INFO  com.dongbao.test_demo3.TestMybatisPlus -   列: c_physics_no , 类型: VARCHAR
15:44:34.146 [main] INFO  com.dongbao.test_demo3.TestMybatisPlus -   列: application_id , 类型: VARCHAR
15:44:34.146 [main] INFO  com.dongbao.test_demo3.TestMybatisPlus -   列: c_level , 类型: INT
15:44:34.146 [main] INFO  com.dongbao.test_demo3.TestMybatisPlus -   列: c_tempType , 类型: VARCHAR
15:44:34.146 [main] INFO  com.dongbao.test_demo3.TestMybatisPlus -   列: rank_position_program_id , 类型: BIGINT
15:44:34.146 [main] INFO  com.dongbao.test_demo3.TestMybatisPlus -   列: sequence_name , 类型: VARCHAR
15:44:34.146 [main] INFO  com.dongbao.test_demo3.TestMybatisPlus -   列: sequence_level_id , 类型: BIGINT
15:44:34.146 [main] INFO  com.dongbao.test_demo3.TestMybatisPlus -   列: sequence_level_name , 类型: VARCHAR
15:44:34.146 [main] INFO  com.dongbao.test_demo3.TestMybatisPlus -   列: post_level_id , 类型: BIGINT
15:44:34.146 [main] INFO  com.dongbao.test_demo3.TestMybatisPlus -   列: is_intern , 类型: VARCHAR
15:44:34.146 [main] INFO  com.dongbao.test_demo3.TestMybatisPlus -   列: emp_level , 类型: INT
15:44:34.146 [main] INFO  com.dongbao.test_demo3.TestMybatisPlus -   列: basic_level , 类型: VARCHAR
15:44:34.146 [main] INFO  com.dongbao.test_demo3.TestMybatisPlus -   列: c_sumYdays , 类型: INT
15:44:34.146 [main] INFO  com.dongbao.test_demo3.TestMybatisPlus -   列: c_handsumYear , 类型: INT
15:44:34.146 [main] INFO  com.dongbao.test_demo3.TestMybatisPlus -   列: c_roundSumYear , 类型: INT
15:44:34.146 [main] INFO  com.dongbao.test_demo3.TestMybatisPlus -   列: c_Social_security_type , 类型: VARCHAR
15:44:34.146 [main] INFO  com.dongbao.test_demo3.TestMybatisPlus -   列: c_post_code , 类型: VARCHAR
15:44:34.146 [main] INFO  com.dongbao.test_demo3.TestMybatisPlus -   列: c_leave_type , 类型: VARCHAR
15:44:34.146 [main] INFO  com.dongbao.test_demo3.TestMybatisPlus -   列: c_become_regular_date , 类型: VARCHAR
15:44:34.146 [main] INFO  com.dongbao.test_demo3.TestMybatisPlus -   列: reinstate_way , 类型: VARCHAR
15:44:34.146 [main] INFO  com.dongbao.test_demo3.TestMybatisPlus -   列: reinstate_origin_ids , 类型: LONGTEXT
15:44:34.146 [main] INFO  com.dongbao.test_demo3.TestMybatisPlus -   列: c_lock_regular_date , 类型: VARCHAR
15:44:34.146 [main] INFO  com.dongbao.test_demo3.TestMybatisPlus -   列: c_is_sync_system , 类型: INT
15:44:34.146 [main] INFO  com.dongbao.test_demo3.TestMybatisPlus -   列: c_is_xsxzsbt , 类型: INT
15:44:34.146 [main] INFO  com.dongbao.test_demo3.TestMybatisPlus -   列: c_is_accumulation_fund , 类型: TINYINT
15:44:34.146 [main] INFO  com.dongbao.test_demo3.TestMybatisPlus -   列: c_dingtalk_unionid , 类型: VARCHAR
15:44:34.146 [main] INFO  com.dongbao.test_demo3.TestMybatisPlus -   列: c_employ_id , 类型: BIGINT
15:44:34.146 [main] INFO  com.dongbao.test_demo3.TestMybatisPlus -   列: identity_type , 类型: VARCHAR
15:44:34.146 [main] INFO  com.dongbao.test_demo3.TestMybatisPlus -   列: is_current , 类型: TINYINT
15:44:34.146 [main] INFO  com.dongbao.test_demo3.TestMybatisPlus -   列: id , 类型: BIGINT UNSIGNED
15:44:34.146 [main] INFO  com.dongbao.test_demo3.TestMybatisPlus -   列: origin_id , 类型: BIGINT
15:44:34.146 [main] INFO  com.dongbao.test_demo3.TestMybatisPlus -   列: head_portrait , 类型: VARCHAR
15:44:34.146 [main] INFO  com.dongbao.test_demo3.TestMybatisPlus -   列: name , 类型: VARCHAR
15:44:34.146 [main] INFO  com.dongbao.test_demo3.TestMybatisPlus -   列: short_name , 类型: VARCHAR
15:44:34.146 [main] INFO  com.dongbao.test_demo3.TestMybatisPlus -   列: english_name , 类型: VARCHAR
15:44:34.146 [main] INFO  com.dongbao.test_demo3.TestMybatisPlus -   列: education , 类型: VARCHAR
15:44:34.146 [main] INFO  com.dongbao.test_demo3.TestMybatisPlus -   列: sex , 类型: VARCHAR
15:44:34.146 [main] INFO  com.dongbao.test_demo3.TestMybatisPlus -   列: mobile , 类型: VARCHAR
15:44:34.146 [main] INFO  com.dongbao.test_demo3.TestMybatisPlus -   列: marital_status , 类型: VARCHAR
15:44:34.146 [main] INFO  com.dongbao.test_demo3.TestMybatisPlus -   列: email , 类型: VARCHAR
15:44:34.146 [main] INFO  com.dongbao.test_demo3.TestMybatisPlus -   列: certificate_type , 类型: VARCHAR
15:44:34.146 [main] INFO  com.dongbao.test_demo3.TestMybatisPlus -   列: certificate_no , 类型: VARCHAR
15:44:34.146 [main] INFO  com.dongbao.test_demo3.TestMybatisPlus -   列: certificate_start_date , 类型: DATETIME
15:44:34.146 [main] INFO  com.dongbao.test_demo3.TestMybatisPlus -   列: certificate_end_date , 类型: DATETIME
15:44:34.146 [main] INFO  com.dongbao.test_demo3.TestMybatisPlus -   列: id_card_address , 类型: VARCHAR
15:44:34.146 [main] INFO  com.dongbao.test_demo3.TestMybatisPlus -   列: birth_date_type , 类型: VARCHAR
15:44:34.146 [main] INFO  com.dongbao.test_demo3.TestMybatisPlus -   列: birth_date , 类型: DATETIME
15:44:34.146 [main] INFO  com.dongbao.test_demo3.TestMybatisPlus -   列: nation , 类型: VARCHAR
15:44:34.146 [main] INFO  com.dongbao.test_demo3.TestMybatisPlus -   列: nationality_id , 类型: VARCHAR
15:44:34.146 [main] INFO  com.dongbao.test_demo3.TestMybatisPlus -   列: nationality , 类型: VARCHAR
15:44:34.146 [main] INFO  com.dongbao.test_demo3.TestMybatisPlus -   列: native_place , 类型: VARCHAR
15:44:34.146 [main] INFO  com.dongbao.test_demo3.TestMybatisPlus -   列: domicile_type , 类型: VARCHAR
15:44:34.146 [main] INFO  com.dongbao.test_demo3.TestMybatisPlus -   列: politics_status , 类型: VARCHAR
15:44:34.146 [main] INFO  com.dongbao.test_demo3.TestMybatisPlus -   列: address , 类型: LONGTEXT
15:44:34.146 [main] INFO  com.dongbao.test_demo3.TestMybatisPlus -   列: blood_type , 类型: VARCHAR
15:44:34.146 [main] INFO  com.dongbao.test_demo3.TestMybatisPlus -   列: height , 类型: DECIMAL
15:44:34.146 [main] INFO  com.dongbao.test_demo3.TestMybatisPlus -   列: constellation , 类型: VARCHAR
15:44:34.146 [main] INFO  com.dongbao.test_demo3.TestMybatisPlus -   列: handedness , 类型: VARCHAR
15:44:34.146 [main] INFO  com.dongbao.test_demo3.TestMybatisPlus -   列: smoke , 类型: VARCHAR
15:44:34.146 [main] INFO  com.dongbao.test_demo3.TestMybatisPlus -   列: speciality , 类型: VARCHAR
15:44:34.146 [main] INFO  com.dongbao.test_demo3.TestMybatisPlus -   列: religion , 类型: VARCHAR
15:44:34.146 [main] INFO  com.dongbao.test_demo3.TestMybatisPlus -   列: health , 类型: VARCHAR
15:44:34.146 [main] INFO  com.dongbao.test_demo3.TestMybatisPlus -   列: remark , 类型: LONGTEXT
15:44:34.146 [main] INFO  com.dongbao.test_demo3.TestMybatisPlus -   列: emp_no , 类型: VARCHAR
15:44:34.146 [main] INFO  com.dongbao.test_demo3.TestMybatisPlus -   列: entry_date , 类型: DATETIME
15:44:34.146 [main] INFO  com.dongbao.test_demo3.TestMybatisPlus -   列: company_id , 类型: BIGINT
15:44:34.146 [main] INFO  com.dongbao.test_demo3.TestMybatisPlus -   列: company_name , 类型: VARCHAR
15:44:34.146 [main] INFO  com.dongbao.test_demo3.TestMybatisPlus -   列: attach , 类型: VARCHAR
15:44:34.146 [main] INFO  com.dongbao.test_demo3.TestMybatisPlus -   列: org_name , 类型: VARCHAR
15:44:34.146 [main] INFO  com.dongbao.test_demo3.TestMybatisPlus -   列: emp_type , 类型: VARCHAR
15:44:34.146 [main] INFO  com.dongbao.test_demo3.TestMybatisPlus -   列: post_name , 类型: VARCHAR
15:44:34.146 [main] INFO  com.dongbao.test_demo3.TestMybatisPlus -   列: duty_id , 类型: BIGINT
15:44:34.146 [main] INFO  com.dongbao.test_demo3.TestMybatisPlus -   列: duty_name , 类型: VARCHAR
15:44:34.146 [main] INFO  com.dongbao.test_demo3.TestMybatisPlus -   列: employment_nature , 类型: VARCHAR
15:44:34.146 [main] INFO  com.dongbao.test_demo3.TestMybatisPlus -   列: entry_source , 类型: VARCHAR
15:44:34.147 [main] INFO  com.dongbao.test_demo3.TestMybatisPlus -   列: probation_start_date , 类型: DATETIME
15:44:34.147 [main] INFO  com.dongbao.test_demo3.TestMybatisPlus -   列: probation_end_date , 类型: DATETIME
15:44:34.147 [main] INFO  com.dongbao.test_demo3.TestMybatisPlus -   列: work_months , 类型: INT
15:44:34.147 [main] INFO  com.dongbao.test_demo3.TestMybatisPlus -   列: leader_name , 类型: VARCHAR
15:44:34.147 [main] INFO  com.dongbao.test_demo3.TestMybatisPlus -   列: logic_no , 类型: VARCHAR
15:44:34.147 [main] INFO  com.dongbao.test_demo3.TestMybatisPlus -   列: archive_no , 类型: VARCHAR
15:44:34.147 [main] INFO  com.dongbao.test_demo3.TestMybatisPlus -   列: dispatch_company , 类型: VARCHAR
15:44:34.147 [main] INFO  com.dongbao.test_demo3.TestMybatisPlus -   列: ext_tel , 类型: VARCHAR
15:44:34.147 [main] INFO  com.dongbao.test_demo3.TestMybatisPlus -   列: first_post_intention , 类型: VARCHAR
15:44:34.147 [main] INFO  com.dongbao.test_demo3.TestMybatisPlus -   列: second_post_intention , 类型: VARCHAR
15:44:34.147 [main] INFO  com.dongbao.test_demo3.TestMybatisPlus -   列: status , 类型: VARCHAR
15:44:34.147 [main] INFO  com.dongbao.test_demo3.TestMybatisPlus -   列: third_post_intention , 类型: VARCHAR
15:44:34.147 [main] INFO  com.dongbao.test_demo3.TestMybatisPlus -   列: work_email , 类型: VARCHAR
15:44:34.147 [main] INFO  com.dongbao.test_demo3.TestMybatisPlus -   列: work_tel , 类型: VARCHAR
15:44:34.147 [main] INFO  com.dongbao.test_demo3.TestMybatisPlus -   列: physics_no , 类型: VARCHAR
15:44:34.147 [main] INFO  com.dongbao.test_demo3.TestMybatisPlus -   列: card_dept , 类型: VARCHAR
15:44:34.147 [main] INFO  com.dongbao.test_demo3.TestMybatisPlus -   列: is_probation , 类型: VARCHAR
15:44:34.147 [main] INFO  com.dongbao.test_demo3.TestMybatisPlus -   列: create_id , 类型: BIGINT
15:44:34.147 [main] INFO  com.dongbao.test_demo3.TestMybatisPlus -   列: create_name , 类型: VARCHAR
15:44:34.147 [main] INFO  com.dongbao.test_demo3.TestMybatisPlus -   列: create_date , 类型: DATETIME
15:44:34.147 [main] INFO  com.dongbao.test_demo3.TestMybatisPlus -   列: modify_id , 类型: BIGINT
15:44:34.147 [main] INFO  com.dongbao.test_demo3.TestMybatisPlus -   列: modify_name , 类型: VARCHAR
15:44:34.147 [main] INFO  com.dongbao.test_demo3.TestMybatisPlus -   列: modify_date , 类型: DATETIME
15:44:34.147 [main] INFO  com.dongbao.test_demo3.TestMybatisPlus -   列: is_delete , 类型: TINYINT
15:44:34.147 [main] INFO  com.dongbao.test_demo3.TestMybatisPlus -   列: entry_status , 类型: VARCHAR
15:44:34.147 [main] INFO  com.dongbao.test_demo3.TestMybatisPlus -   列: info_employ_id , 类型: BIGINT
15:44:34.147 [main] INFO  com.dongbao.test_demo3.TestMybatisPlus -   列: enable_date , 类型: DATETIME
15:44:34.147 [main] INFO  com.dongbao.test_demo3.TestMybatisPlus -   列: unable_date , 类型: DATETIME
15:44:34.147 [main] INFO  com.dongbao.test_demo3.TestMybatisPlus -   列: org_origin_id , 类型: BIGINT
15:44:34.147 [main] INFO  com.dongbao.test_demo3.TestMybatisPlus -   列: post_origin_id , 类型: BIGINT
15:44:34.147 [main] INFO  com.dongbao.test_demo3.TestMybatisPlus -   列: user_id , 类型: BIGINT
15:44:34.147 [main] INFO  com.dongbao.test_demo3.TestMybatisPlus -   列: audit_status , 类型: TINYINT
15:44:34.147 [main] INFO  com.dongbao.test_demo3.TestMybatisPlus -   列: position_and_rank , 类型: VARCHAR
15:44:34.147 [main] INFO  com.dongbao.test_demo3.TestMybatisPlus -   列: leave_date , 类型: DATETIME
15:44:34.147 [main] INFO  com.dongbao.test_demo3.TestMybatisPlus -   列: is_guest , 类型: VARCHAR
15:44:34.147 [main] INFO  com.dongbao.test_demo3.TestMybatisPlus -   列: introduce_name , 类型: VARCHAR
15:44:34.147 [main] INFO  com.dongbao.test_demo3.TestMybatisPlus -   列: introduce_id , 类型: BIGINT
15:44:34.147 [main] INFO  com.dongbao.test_demo3.TestMybatisPlus -   列: leader_origin_id , 类型: BIGINT
15:44:34.147 [main] INFO  com.dongbao.test_demo3.TestMybatisPlus -   列: leader_origin_ids , 类型: LONGTEXT
15:44:34.147 [main] INFO  com.dongbao.test_demo3.TestMybatisPlus -   列: last_communication_date , 类型: DATETIME
15:44:34.147 [main] INFO  com.dongbao.test_demo3.TestMybatisPlus -   列: contract_end_date , 类型: DATETIME
15:44:34.147 [main] INFO  com.dongbao.test_demo3.TestMybatisPlus -   列: flow_type , 类型: BIGINT
15:44:34.147 [main] INFO  com.dongbao.test_demo3.TestMybatisPlus -   列: work_years_entry_date , 类型: DATETIME
15:44:34.147 [main] INFO  com.dongbao.test_demo3.TestMybatisPlus -   列: level_position_id , 类型: BIGINT
15:44:34.147 [main] INFO  com.dongbao.test_demo3.TestMybatisPlus -   列: level_rank_id , 类型: BIGINT
15:44:34.147 [main] INFO  com.dongbao.test_demo3.TestMybatisPlus -   列: list_progress , 类型: DECIMAL
15:44:34.147 [main] INFO  com.dongbao.test_demo3.TestMybatisPlus -   列: flow_process , 类型: DECIMAL
15:44:34.147 [main] INFO  com.dongbao.test_demo3.TestMybatisPlus -   列: is_org_flow , 类型: INT
15:44:34.147 [main] INFO  com.dongbao.test_demo3.TestMybatisPlus -   列: area_code , 类型: VARCHAR
15:44:34.147 [main] INFO  com.dongbao.test_demo3.TestMybatisPlus -   列: company_ids , 类型: LONGTEXT
15:44:34.148 [main] INFO  com.dongbao.test_demo3.TestMybatisPlus -   列: org_parent_origin_ids , 类型: TEXT
15:44:34.148 [main] INFO  com.dongbao.test_demo3.TestMybatisPlus -   列: employ_id , 类型: BIGINT
15:44:34.148 [main] INFO  com.dongbao.test_demo3.TestMybatisPlus -   列: country_id , 类型: BIGINT
15:44:34.148 [main] INFO  com.dongbao.test_demo3.TestMybatisPlus -   列: work_age_value , 类型: VARCHAR
15:44:34.148 [main] INFO  com.dongbao.test_demo3.TestMybatisPlus -   列: last_daily_accounting_program_id , 类型: BIGINT
15:44:34.148 [main] INFO  com.dongbao.test_demo3.TestMybatisPlus -   列: last_monthly_accounting_program_id , 类型: BIGINT
15:44:34.148 [main] INFO  com.dongbao.test_demo3.TestMybatisPlus -   列: meid , 类型: VARCHAR
15:44:34.148 [main] INFO  com.dongbao.test_demo3.TestMybatisPlus -   列: native_place_id , 类型: LONGTEXT
15:44:34.148 [main] INFO  com.dongbao.test_demo3.TestMybatisPlus -   列: personal_head_portrait , 类型: VARCHAR
15:44:34.148 [main] INFO  com.dongbao.test_demo3.TestMybatisPlus -   列: district , 类型: LONGTEXT
15:44:34.148 [main] INFO  com.dongbao.test_demo3.TestMybatisPlus -   列: address_id , 类型: VARCHAR
15:44:34.148 [main] INFO  com.dongbao.test_demo3.TestMybatisPlus -   列: spell , 类型: VARCHAR
15:44:34.148 [main] INFO  com.dongbao.test_demo3.TestMybatisPlus -   列: jane_spell , 类型: VARCHAR
15:44:34.148 [main] INFO  com.dongbao.test_demo3.TestMybatisPlus -   列: tax_number , 类型: VARCHAR
15:44:34.148 [main] INFO  com.dongbao.test_demo3.TestMybatisPlus -   列: social_security_number , 类型: VARCHAR
15:44:34.148 [main] INFO  com.dongbao.test_demo3.TestMybatisPlus -   列: medical_social_security_number , 类型: VARCHAR
15:44:34.148 [main] INFO  com.dongbao.test_demo3.TestMybatisPlus -   列: name2 , 类型: VARCHAR
15:44:34.148 [main] INFO  com.dongbao.test_demo3.TestMybatisPlus -   列: name3 , 类型: VARCHAR
15:44:34.148 [main] INFO  com.dongbao.test_demo3.TestMybatisPlus -   列: name4 , 类型: VARCHAR
15:44:34.148 [main] INFO  com.dongbao.test_demo3.TestMybatisPlus -   列: name5 , 类型: VARCHAR
15:44:34.148 [main] INFO  com.dongbao.test_demo3.TestMybatisPlus -   列: name6 , 类型: VARCHAR
15:44:34.148 [main] INFO  com.dongbao.test_demo3.TestMybatisPlus -   列: full_spell , 类型: VARCHAR
15:44:34.148 [main] INFO  com.dongbao.test_demo3.TestMybatisPlus -   列: data_source_type , 类型: INT
15:44:34.148 [main] INFO  com.dongbao.test_demo3.TestMybatisPlus -   列: first_post_intention_name , 类型: VARCHAR
15:44:34.148 [main] INFO  com.dongbao.test_demo3.TestMybatisPlus -   列: second_post_intention_name , 类型: VARCHAR
15:44:34.148 [main] INFO  com.dongbao.test_demo3.TestMybatisPlus -   列: third_post_intention_name , 类型: VARCHAR
15:44:34.148 [main] INFO  com.dongbao.test_demo3.TestMybatisPlus -   列: is_talent_pool_transfer , 类型: VARCHAR
15:44:34.148 [main] INFO  com.dongbao.test_demo3.TestMybatisPlus -   列: is_get_accommodayion , 类型: VARCHAR
15:44:34.148 [main] INFO  com.dongbao.test_demo3.TestMybatisPlus -   列: accommodayion_start_date , 类型: DATETIME
15:44:34.148 [main] INFO  com.dongbao.test_demo3.TestMybatisPlus -   列: accommodayion_end_date , 类型: DATETIME
15:44:34.148 [main] INFO  com.dongbao.test_demo3.TestMybatisPlus -   列: is_id_card_imported , 类型: VARCHAR
15:44:34.148 [main] INFO  com.dongbao.test_demo3.TestMybatisPlus -   列: emp_rank , 类型: VARCHAR
15:44:34.148 [main] INFO  com.dongbao.test_demo3.TestMybatisPlus -   列: emp_post_rank , 类型: VARCHAR
15:44:34.149 [main] INFO  com.dongbao.test_demo3.TestMybatisPlus -   列: post_type , 类型: VARCHAR
15:44:34.149 [main] INFO  com.dongbao.test_demo3.TestMybatisPlus -   列: legally_admissible , 类型: VARCHAR
15:44:34.149 [main] INFO  com.dongbao.test_demo3.TestMybatisPlus -   列: certificate_type_id , 类型: BIGINT
15:44:34.149 [main] INFO  com.dongbao.test_demo3.TestMybatisPlus -   列: is_sum_work_age , 类型: VARCHAR
15:44:34.149 [main] INFO  com.dongbao.test_demo3.TestMybatisPlus -   列: work_age_year , 类型: INT
15:44:34.149 [main] INFO  com.dongbao.test_demo3.TestMybatisPlus -   列: work_age_mouth , 类型: INT
15:44:34.149 [main] INFO  com.dongbao.test_demo3.TestMybatisPlus -   列: probation_status , 类型: VARCHAR
15:44:34.149 [main] INFO  com.dongbao.test_demo3.TestMybatisPlus -   列: positive_status , 类型: VARCHAR
15:44:34.149 [main] INFO  com.dongbao.test_demo3.TestMybatisPlus -   列: mail_imap , 类型: VARCHAR
15:44:34.149 [main] INFO  com.dongbao.test_demo3.TestMybatisPlus -   列: mail_port , 类型: VARCHAR
15:44:34.149 [main] INFO  com.dongbao.test_demo3.TestMybatisPlus -   列: mail_account , 类型: VARCHAR
15:44:34.149 [main] INFO  com.dongbao.test_demo3.TestMybatisPlus -   列: account_key , 类型: VARCHAR
15:44:34.149 [main] INFO  com.dongbao.test_demo3.TestMybatisPlus -   列: mail_account_key , 类型: VARCHAR
15:44:34.149 [main] INFO  com.dongbao.test_demo3.TestMybatisPlus -   列: open_ssl , 类型: VARCHAR
15:44:34.149 [main] INFO  com.dongbao.test_demo3.TestMybatisPlus -   列: use_record_mail , 类型: VARCHAR
15:44:34.149 [main] INFO  com.dongbao.test_demo3.TestMybatisPlus -   列: mail_type , 类型: VARCHAR
15:44:34.149 [main] INFO  com.dongbao.test_demo3.TestMybatisPlus -   列: current_org_origin_id , 类型: BIGINT
15:44:34.149 [main] INFO  com.dongbao.test_demo3.TestMybatisPlus -   列: current_work_group , 类型: VARCHAR
15:44:34.149 [main] INFO  com.dongbao.test_demo3.TestMybatisPlus -   列: current_work_group_id , 类型: BIGINT
15:44:34.149 [main] INFO  com.dongbao.test_demo3.TestMybatisPlus -   列: type_of_work , 类型: VARCHAR
15:44:34.149 [main] INFO  com.dongbao.test_demo3.TestMybatisPlus -   列: cost_center_ids , 类型: LONGTEXT
15:44:34.149 [main] INFO  com.dongbao.test_demo3.TestMybatisPlus -   列: is_report_clock , 类型: VARCHAR
15:44:34.149 [main] INFO  com.dongbao.test_demo3.TestMybatisPlus -   列: qy_wx_uid , 类型: VARCHAR
15:44:34.149 [main] INFO  com.dongbao.test_demo3.TestMybatisPlus -   列: dingtalk_uid , 类型: VARCHAR
15:44:34.149 [main] INFO  com.dongbao.test_demo3.TestMybatisPlus -   列: legally_admissible_id , 类型: BIGINT
15:44:34.149 [main] INFO  com.dongbao.test_demo3.TestMybatisPlus -   列: is_wait_leave , 类型: VARCHAR
15:44:34.149 [main] INFO  com.dongbao.test_demo3.TestMybatisPlus -   列: parttime_org_origin_ids , 类型: LONGTEXT
15:44:34.149 [main] INFO  com.dongbao.test_demo3.TestMybatisPlus -   列: is_ignore_count , 类型: TINYINT
15:44:34.149 [main] INFO  com.dongbao.test_demo3.TestMybatisPlus -   列: is_master , 类型: VARCHAR
15:44:34.149 [main] INFO  com.dongbao.test_demo3.TestMybatisPlus -   列: custom_spell , 类型: VARCHAR
15:44:34.149 [main] INFO  com.dongbao.test_demo3.TestMybatisPlus -   列: parttime_org_parent_ids , 类型: LONGTEXT
15:44:34.149 [main] INFO  com.dongbao.test_demo3.TestMybatisPlus -   列: site_file_id , 类型: BIGINT
15:44:34.149 [main] INFO  com.dongbao.test_demo3.TestMybatisPlus -   列: site_file_name , 类型: VARCHAR
15:44:34.149 [main] INFO  com.dongbao.test_demo3.TestMybatisPlus -   列: audit_status_show , 类型: VARCHAR
15:44:34.149 [main] INFO  com.dongbao.test_demo3.TestMybatisPlus -   列: cost_center_names , 类型: LONGTEXT
15:44:34.149 [main] INFO  com.dongbao.test_demo3.TestMybatisPlus -   列: vir_org_names , 类型: LONGTEXT
15:44:34.149 [main] INFO  com.dongbao.test_demo3.TestMybatisPlus -   列: family_name_spell , 类型: VARCHAR
15:44:34.149 [main] INFO  com.dongbao.test_demo3.TestMybatisPlus -   列: name_spell , 类型: VARCHAR
15:44:34.149 [main] INFO  com.dongbao.test_demo3.TestMybatisPlus -   列: sn , 类型: VARCHAR
15:44:34.149 [main] INFO  com.dongbao.test_demo3.TestMybatisPlus -   列: given_name , 类型: VARCHAR
15:44:34.149 [main] INFO  com.dongbao.test_demo3.TestMybatisPlus -   列: description , 类型: VARCHAR
15:44:34.149 [main] INFO  com.dongbao.test_demo3.TestMybatisPlus -   列: emp_sort , 类型: INT
15:44:34.149 [main] INFO  com.dongbao.test_demo3.TestMybatisPlus -   列: date_of_working , 类型: DATETIME
15:44:34.149 [main] INFO  com.dongbao.test_demo3.TestMybatisPlus -   列: entry_count , 类型: INT
15:44:34.149 [main] INFO  com.dongbao.test_demo3.TestMybatisPlus -   列: third_key , 类型: VARCHAR
15:44:34.149 [main] INFO  com.dongbao.test_demo3.TestMybatisPlus -   列: age , 类型: INT
15:44:34.149 [main] INFO  com.dongbao.test_demo3.TestMybatisPlus -   列: ExtEventPersonNo , 类型: VARCHAR
15:44:34.149 [main] INFO  com.dongbao.test_demo3.TestMybatisPlus -   列: per_org_user_type , 类型: VARCHAR
15:44:34.149 [main] INFO  com.dongbao.test_demo3.TestMybatisPlus -   列: work_place , 类型: VARCHAR
15:44:34.149 [main] INFO  com.dongbao.test_demo3.TestMybatisPlus -   列: labor_dispatching_date , 类型: DATETIME
15:44:34.149 [main] INFO  com.dongbao.test_demo3.TestMybatisPlus -   列: social-insurance , 类型: VARCHAR
15:44:34.149 [main] INFO  com.dongbao.test_demo3.TestMybatisPlus -   列: Provident-Fund , 类型: VARCHAR
15:44:34.149 [main] INFO  com.dongbao.test_demo3.TestMybatisPlus -   列: social_insurance , 类型: VARCHAR
15:44:34.149 [main] INFO  com.dongbao.test_demo3.TestMybatisPlus -   列: provident_und , 类型: VARCHAR
15:44:34.149 [main] INFO  com.dongbao.test_demo3.TestMybatisPlus -   列: recruit , 类型: VARCHAR
15:44:34.149 [main] INFO  com.dongbao.test_demo3.TestMybatisPlus -   列: code , 类型: VARCHAR
15:44:34.149 [main] INFO  com.dongbao.test_demo3.TestMybatisPlus -   列: part_time_job , 类型: LONGTEXT
15:44:34.149 [main] INFO  com.dongbao.test_demo3.TestMybatisPlus -   列: c_inspect_data , 类型: DATETIME
15:44:34.149 [main] INFO  com.dongbao.test_demo3.TestMybatisPlus -   列: c_sxkssj , 类型: DATETIME
15:44:34.149 [main] INFO  com.dongbao.test_demo3.TestMybatisPlus -   列: c_sxjssj , 类型: DATETIME
15:44:34.149 [main] INFO  com.dongbao.test_demo3.TestMybatisPlus -   列: c_physics_no , 类型: VARCHAR
15:44:34.149 [main] INFO  com.dongbao.test_demo3.TestMybatisPlus -   列: application_id , 类型: VARCHAR
15:44:34.149 [main] INFO  com.dongbao.test_demo3.TestMybatisPlus -   列: c_level , 类型: INT
15:44:34.149 [main] INFO  com.dongbao.test_demo3.TestMybatisPlus -   列: c_tempType , 类型: VARCHAR
15:44:34.149 [main] INFO  com.dongbao.test_demo3.TestMybatisPlus -   列: rank_position_program_id , 类型: BIGINT
15:44:34.149 [main] INFO  com.dongbao.test_demo3.TestMybatisPlus -   列: sequence_name , 类型: VARCHAR
15:44:34.149 [main] INFO  com.dongbao.test_demo3.TestMybatisPlus -   列: sequence_level_id , 类型: BIGINT
15:44:34.149 [main] INFO  com.dongbao.test_demo3.TestMybatisPlus -   列: sequence_level_name , 类型: VARCHAR
15:44:34.149 [main] INFO  com.dongbao.test_demo3.TestMybatisPlus -   列: post_level_id , 类型: BIGINT
15:44:34.149 [main] INFO  com.dongbao.test_demo3.TestMybatisPlus -   列: is_intern , 类型: VARCHAR
15:44:34.149 [main] INFO  com.dongbao.test_demo3.TestMybatisPlus -   列: emp_level , 类型: INT
15:44:34.149 [main] INFO  com.dongbao.test_demo3.TestMybatisPlus -   列: basic_level , 类型: VARCHAR
15:44:34.149 [main] INFO  com.dongbao.test_demo3.TestMybatisPlus -   列: c_sumYdays , 类型: INT
15:44:34.149 [main] INFO  com.dongbao.test_demo3.TestMybatisPlus -   列: c_handsumYear , 类型: INT
15:44:34.149 [main] INFO  com.dongbao.test_demo3.TestMybatisPlus -   列: c_roundSumYear , 类型: INT
15:44:34.149 [main] INFO  com.dongbao.test_demo3.TestMybatisPlus -   列: c_Social_security_type , 类型: VARCHAR
15:44:34.149 [main] INFO  com.dongbao.test_demo3.TestMybatisPlus -   列: c_post_code , 类型: VARCHAR
15:44:34.149 [main] INFO  com.dongbao.test_demo3.TestMybatisPlus -   列: c_leave_type , 类型: VARCHAR
15:44:34.149 [main] INFO  com.dongbao.test_demo3.TestMybatisPlus -   列: c_become_regular_date , 类型: VARCHAR
15:44:34.149 [main] INFO  com.dongbao.test_demo3.TestMybatisPlus -   列: reinstate_way , 类型: VARCHAR
15:44:34.150 [main] INFO  com.dongbao.test_demo3.TestMybatisPlus -   列: reinstate_origin_ids , 类型: LONGTEXT
15:44:34.150 [main] INFO  com.dongbao.test_demo3.TestMybatisPlus -   列: c_lock_regular_date , 类型: VARCHAR
15:44:34.150 [main] INFO  com.dongbao.test_demo3.TestMybatisPlus -   列: c_is_sync_system , 类型: INT
15:44:34.150 [main] INFO  com.dongbao.test_demo3.TestMybatisPlus -   列: c_is_xsxzsbt , 类型: INT
15:44:34.150 [main] INFO  com.dongbao.test_demo3.TestMybatisPlus -   列: c_is_accumulation_fund , 类型: TINYINT
15:44:34.150 [main] INFO  com.dongbao.test_demo3.TestMybatisPlus -   列: c_dingtalk_unionid , 类型: VARCHAR
15:44:34.150 [main] INFO  com.dongbao.test_demo3.TestMybatisPlus -   列: c_employ_id , 类型: BIGINT
15:44:34.150 [main] INFO  com.dongbao.test_demo3.TestMybatisPlus -   列: identity_type , 类型: VARCHAR
15:44:34.150 [main] INFO  com.dongbao.test_demo3.TestMybatisPlus -   列: is_current , 类型: TINYINT
15:44:34.150 [main] INFO  com.dongbao.test_demo3.TestMybatisPlus -   列: id , 类型: BIGINT UNSIGNED
15:44:34.150 [main] INFO  com.dongbao.test_demo3.TestMybatisPlus -   列: origin_id , 类型: BIGINT
15:44:34.150 [main] INFO  com.dongbao.test_demo3.TestMybatisPlus -   列: head_portrait , 类型: VARCHAR
15:44:34.150 [main] INFO  com.dongbao.test_demo3.TestMybatisPlus -   列: name , 类型: VARCHAR
15:44:34.150 [main] INFO  com.dongbao.test_demo3.TestMybatisPlus -   列: short_name , 类型: VARCHAR
15:44:34.150 [main] INFO  com.dongbao.test_demo3.TestMybatisPlus -   列: english_name , 类型: VARCHAR
15:44:34.150 [main] INFO  com.dongbao.test_demo3.TestMybatisPlus -   列: education , 类型: VARCHAR
15:44:34.150 [main] INFO  com.dongbao.test_demo3.TestMybatisPlus -   列: sex , 类型: VARCHAR
15:44:34.150 [main] INFO  com.dongbao.test_demo3.TestMybatisPlus -   列: mobile , 类型: VARCHAR
15:44:34.150 [main] INFO  com.dongbao.test_demo3.TestMybatisPlus -   列: marital_status , 类型: VARCHAR
15:44:34.150 [main] INFO  com.dongbao.test_demo3.TestMybatisPlus -   列: email , 类型: VARCHAR
15:44:34.150 [main] INFO  com.dongbao.test_demo3.TestMybatisPlus -   列: certificate_type , 类型: VARCHAR
15:44:34.150 [main] INFO  com.dongbao.test_demo3.TestMybatisPlus -   列: certificate_no , 类型: VARCHAR
15:44:34.150 [main] INFO  com.dongbao.test_demo3.TestMybatisPlus -   列: certificate_start_date , 类型: DATETIME
15:44:34.150 [main] INFO  com.dongbao.test_demo3.TestMybatisPlus -   列: certificate_end_date , 类型: DATETIME
15:44:34.150 [main] INFO  com.dongbao.test_demo3.TestMybatisPlus -   列: id_card_address , 类型: VARCHAR
15:44:34.150 [main] INFO  com.dongbao.test_demo3.TestMybatisPlus -   列: birth_date_type , 类型: VARCHAR
15:44:34.150 [main] INFO  com.dongbao.test_demo3.TestMybatisPlus -   列: birth_date , 类型: DATETIME
15:44:34.150 [main] INFO  com.dongbao.test_demo3.TestMybatisPlus -   列: nation , 类型: VARCHAR
15:44:34.150 [main] INFO  com.dongbao.test_demo3.TestMybatisPlus -   列: nationality_id , 类型: VARCHAR
15:44:34.151 [main] INFO  com.dongbao.test_demo3.TestMybatisPlus -   列: nationality , 类型: VARCHAR
15:44:34.151 [main] INFO  com.dongbao.test_demo3.TestMybatisPlus -   列: native_place , 类型: VARCHAR
15:44:34.151 [main] INFO  com.dongbao.test_demo3.TestMybatisPlus -   列: domicile_type , 类型: VARCHAR
15:44:34.151 [main] INFO  com.dongbao.test_demo3.TestMybatisPlus -   列: politics_status , 类型: VARCHAR
15:44:34.151 [main] INFO  com.dongbao.test_demo3.TestMybatisPlus -   列: address , 类型: LONGTEXT
15:44:34.151 [main] INFO  com.dongbao.test_demo3.TestMybatisPlus -   列: blood_type , 类型: VARCHAR
15:44:34.151 [main] INFO  com.dongbao.test_demo3.TestMybatisPlus -   列: height , 类型: DECIMAL
15:44:34.151 [main] INFO  com.dongbao.test_demo3.TestMybatisPlus -   列: constellation , 类型: VARCHAR
15:44:34.151 [main] INFO  com.dongbao.test_demo3.TestMybatisPlus -   列: handedness , 类型: VARCHAR
15:44:34.151 [main] INFO  com.dongbao.test_demo3.TestMybatisPlus -   列: smoke , 类型: VARCHAR
15:44:34.151 [main] INFO  com.dongbao.test_demo3.TestMybatisPlus -   列: speciality , 类型: VARCHAR
15:44:34.152 [main] INFO  com.dongbao.test_demo3.TestMybatisPlus -   列: religion , 类型: VARCHAR
15:44:34.152 [main] INFO  com.dongbao.test_demo3.TestMybatisPlus -   列: health , 类型: VARCHAR
15:44:34.152 [main] INFO  com.dongbao.test_demo3.TestMybatisPlus -   列: remark , 类型: LONGTEXT
15:44:34.152 [main] INFO  com.dongbao.test_demo3.TestMybatisPlus -   列: emp_no , 类型: VARCHAR
15:44:34.152 [main] INFO  com.dongbao.test_demo3.TestMybatisPlus -   列: entry_date , 类型: DATETIME
15:44:34.152 [main] INFO  com.dongbao.test_demo3.TestMybatisPlus -   列: company_id , 类型: BIGINT
15:44:34.152 [main] INFO  com.dongbao.test_demo3.TestMybatisPlus -   列: company_name , 类型: VARCHAR
15:44:34.152 [main] INFO  com.dongbao.test_demo3.TestMybatisPlus -   列: attach , 类型: VARCHAR
15:44:34.152 [main] INFO  com.dongbao.test_demo3.TestMybatisPlus -   列: org_name , 类型: VARCHAR
15:44:34.152 [main] INFO  com.dongbao.test_demo3.TestMybatisPlus -   列: emp_type , 类型: VARCHAR
15:44:34.152 [main] INFO  com.dongbao.test_demo3.TestMybatisPlus -   列: post_name , 类型: VARCHAR
15:44:34.152 [main] INFO  com.dongbao.test_demo3.TestMybatisPlus -   列: duty_id , 类型: BIGINT
15:44:34.152 [main] INFO  com.dongbao.test_demo3.TestMybatisPlus -   列: duty_name , 类型: VARCHAR
15:44:34.152 [main] INFO  com.dongbao.test_demo3.TestMybatisPlus -   列: employment_nature , 类型: VARCHAR
15:44:34.152 [main] INFO  com.dongbao.test_demo3.TestMybatisPlus -   列: entry_source , 类型: VARCHAR
15:44:34.152 [main] INFO  com.dongbao.test_demo3.TestMybatisPlus -   列: probation_start_date , 类型: DATETIME
15:44:34.152 [main] INFO  com.dongbao.test_demo3.TestMybatisPlus -   列: probation_end_date , 类型: DATETIME
15:44:34.152 [main] INFO  com.dongbao.test_demo3.TestMybatisPlus -   列: work_months , 类型: INT
15:44:34.152 [main] INFO  com.dongbao.test_demo3.TestMybatisPlus -   列: leader_name , 类型: VARCHAR
15:44:34.152 [main] INFO  com.dongbao.test_demo3.TestMybatisPlus -   列: logic_no , 类型: VARCHAR
15:44:34.152 [main] INFO  com.dongbao.test_demo3.TestMybatisPlus -   列: archive_no , 类型: VARCHAR
15:44:34.153 [main] INFO  com.dongbao.test_demo3.TestMybatisPlus -   列: dispatch_company , 类型: VARCHAR
15:44:34.153 [main] INFO  com.dongbao.test_demo3.TestMybatisPlus -   列: ext_tel , 类型: VARCHAR
15:44:34.153 [main] INFO  com.dongbao.test_demo3.TestMybatisPlus -   列: first_post_intention , 类型: VARCHAR
15:44:34.153 [main] INFO  com.dongbao.test_demo3.TestMybatisPlus -   列: second_post_intention , 类型: VARCHAR
15:44:34.153 [main] INFO  com.dongbao.test_demo3.TestMybatisPlus -   列: status , 类型: VARCHAR
15:44:34.153 [main] INFO  com.dongbao.test_demo3.TestMybatisPlus -   列: third_post_intention , 类型: VARCHAR
15:44:34.153 [main] INFO  com.dongbao.test_demo3.TestMybatisPlus -   列: work_email , 类型: VARCHAR
15:44:34.153 [main] INFO  com.dongbao.test_demo3.TestMybatisPlus -   列: work_tel , 类型: VARCHAR
15:44:34.153 [main] INFO  com.dongbao.test_demo3.TestMybatisPlus -   列: physics_no , 类型: VARCHAR
15:44:34.153 [main] INFO  com.dongbao.test_demo3.TestMybatisPlus -   列: card_dept , 类型: VARCHAR
15:44:34.153 [main] INFO  com.dongbao.test_demo3.TestMybatisPlus -   列: is_probation , 类型: VARCHAR
15:44:34.153 [main] INFO  com.dongbao.test_demo3.TestMybatisPlus -   列: create_id , 类型: BIGINT
15:44:34.153 [main] INFO  com.dongbao.test_demo3.TestMybatisPlus -   列: create_name , 类型: VARCHAR
15:44:34.153 [main] INFO  com.dongbao.test_demo3.TestMybatisPlus -   列: create_date , 类型: DATETIME
15:44:34.153 [main] INFO  com.dongbao.test_demo3.TestMybatisPlus -   列: modify_id , 类型: BIGINT
15:44:34.153 [main] INFO  com.dongbao.test_demo3.TestMybatisPlus -   列: modify_name , 类型: VARCHAR
15:44:34.153 [main] INFO  com.dongbao.test_demo3.TestMybatisPlus -   列: modify_date , 类型: DATETIME
15:44:34.153 [main] INFO  com.dongbao.test_demo3.TestMybatisPlus -   列: is_delete , 类型: TINYINT
15:44:34.153 [main] INFO  com.dongbao.test_demo3.TestMybatisPlus -   列: entry_status , 类型: VARCHAR
15:44:34.153 [main] INFO  com.dongbao.test_demo3.TestMybatisPlus -   列: info_employ_id , 类型: BIGINT
15:44:34.153 [main] INFO  com.dongbao.test_demo3.TestMybatisPlus -   列: enable_date , 类型: DATETIME
15:44:34.153 [main] INFO  com.dongbao.test_demo3.TestMybatisPlus -   列: unable_date , 类型: DATETIME
15:44:34.153 [main] INFO  com.dongbao.test_demo3.TestMybatisPlus -   列: org_origin_id , 类型: BIGINT
15:44:34.153 [main] INFO  com.dongbao.test_demo3.TestMybatisPlus -   列: post_origin_id , 类型: BIGINT
15:44:34.153 [main] INFO  com.dongbao.test_demo3.TestMybatisPlus -   列: user_id , 类型: BIGINT
15:44:34.153 [main] INFO  com.dongbao.test_demo3.TestMybatisPlus -   列: audit_status , 类型: TINYINT
15:44:34.153 [main] INFO  com.dongbao.test_demo3.TestMybatisPlus -   列: position_and_rank , 类型: VARCHAR
15:44:34.153 [main] INFO  com.dongbao.test_demo3.TestMybatisPlus -   列: leave_date , 类型: DATETIME
15:44:34.153 [main] INFO  com.dongbao.test_demo3.TestMybatisPlus -   列: is_guest , 类型: VARCHAR
15:44:34.153 [main] INFO  com.dongbao.test_demo3.TestMybatisPlus -   列: introduce_name , 类型: VARCHAR
15:44:34.153 [main] INFO  com.dongbao.test_demo3.TestMybatisPlus -   列: introduce_id , 类型: BIGINT
15:44:34.153 [main] INFO  com.dongbao.test_demo3.TestMybatisPlus -   列: leader_origin_id , 类型: BIGINT
15:44:34.153 [main] INFO  com.dongbao.test_demo3.TestMybatisPlus -   列: leader_origin_ids , 类型: LONGTEXT
15:44:34.153 [main] INFO  com.dongbao.test_demo3.TestMybatisPlus -   列: last_communication_date , 类型: DATETIME
15:44:34.153 [main] INFO  com.dongbao.test_demo3.TestMybatisPlus -   列: contract_end_date , 类型: DATETIME
15:44:34.153 [main] INFO  com.dongbao.test_demo3.TestMybatisPlus -   列: flow_type , 类型: BIGINT
15:44:34.153 [main] INFO  com.dongbao.test_demo3.TestMybatisPlus -   列: work_years_entry_date , 类型: DATETIME
15:44:34.153 [main] INFO  com.dongbao.test_demo3.TestMybatisPlus -   列: level_position_id , 类型: BIGINT
15:44:34.153 [main] INFO  com.dongbao.test_demo3.TestMybatisPlus -   列: level_rank_id , 类型: BIGINT
15:44:34.153 [main] INFO  com.dongbao.test_demo3.TestMybatisPlus -   列: list_progress , 类型: DECIMAL
15:44:34.153 [main] INFO  com.dongbao.test_demo3.TestMybatisPlus -   列: flow_process , 类型: DECIMAL
15:44:34.153 [main] INFO  com.dongbao.test_demo3.TestMybatisPlus -   列: is_org_flow , 类型: INT
15:44:34.154 [main] INFO  com.dongbao.test_demo3.TestMybatisPlus -   列: area_code , 类型: VARCHAR
15:44:34.154 [main] INFO  com.dongbao.test_demo3.TestMybatisPlus -   列: company_ids , 类型: LONGTEXT
15:44:34.154 [main] INFO  com.dongbao.test_demo3.TestMybatisPlus -   列: org_parent_origin_ids , 类型: TEXT
15:44:34.154 [main] INFO  com.dongbao.test_demo3.TestMybatisPlus -   列: employ_id , 类型: BIGINT
15:44:34.154 [main] INFO  com.dongbao.test_demo3.TestMybatisPlus -   列: country_id , 类型: BIGINT
15:44:34.154 [main] INFO  com.dongbao.test_demo3.TestMybatisPlus -   列: work_age_value , 类型: VARCHAR
15:44:34.154 [main] INFO  com.dongbao.test_demo3.TestMybatisPlus -   列: last_daily_accounting_program_id , 类型: BIGINT
15:44:34.154 [main] INFO  com.dongbao.test_demo3.TestMybatisPlus -   列: last_monthly_accounting_program_id , 类型: BIGINT
15:44:34.154 [main] INFO  com.dongbao.test_demo3.TestMybatisPlus -   列: meid , 类型: VARCHAR
15:44:34.154 [main] INFO  com.dongbao.test_demo3.TestMybatisPlus -   列: native_place_id , 类型: LONGTEXT
15:44:34.154 [main] INFO  com.dongbao.test_demo3.TestMybatisPlus -   列: personal_head_portrait , 类型: VARCHAR
15:44:34.154 [main] INFO  com.dongbao.test_demo3.TestMybatisPlus -   列: district , 类型: LONGTEXT
15:44:34.154 [main] INFO  com.dongbao.test_demo3.TestMybatisPlus -   列: address_id , 类型: VARCHAR
15:44:34.154 [main] INFO  com.dongbao.test_demo3.TestMybatisPlus -   列: spell , 类型: VARCHAR
15:44:34.154 [main] INFO  com.dongbao.test_demo3.TestMybatisPlus -   列: jane_spell , 类型: VARCHAR
15:44:34.154 [main] INFO  com.dongbao.test_demo3.TestMybatisPlus -   列: tax_number , 类型: VARCHAR
15:44:34.154 [main] INFO  com.dongbao.test_demo3.TestMybatisPlus -   列: social_security_number , 类型: VARCHAR
15:44:34.154 [main] INFO  com.dongbao.test_demo3.TestMybatisPlus -   列: medical_social_security_number , 类型: VARCHAR
15:44:34.154 [main] INFO  com.dongbao.test_demo3.TestMybatisPlus -   列: name2 , 类型: VARCHAR
15:44:34.154 [main] INFO  com.dongbao.test_demo3.TestMybatisPlus -   列: name3 , 类型: VARCHAR
15:44:34.154 [main] INFO  com.dongbao.test_demo3.TestMybatisPlus -   列: name4 , 类型: VARCHAR
15:44:34.154 [main] INFO  com.dongbao.test_demo3.TestMybatisPlus -   列: name5 , 类型: VARCHAR
15:44:34.154 [main] INFO  com.dongbao.test_demo3.TestMybatisPlus -   列: name6 , 类型: VARCHAR
15:44:34.154 [main] INFO  com.dongbao.test_demo3.TestMybatisPlus -   列: full_spell , 类型: VARCHAR
15:44:34.154 [main] INFO  com.dongbao.test_demo3.TestMybatisPlus -   列: data_source_type , 类型: INT
15:44:34.154 [main] INFO  com.dongbao.test_demo3.TestMybatisPlus -   列: first_post_intention_name , 类型: VARCHAR
15:44:34.154 [main] INFO  com.dongbao.test_demo3.TestMybatisPlus -   列: second_post_intention_name , 类型: VARCHAR
15:44:34.154 [main] INFO  com.dongbao.test_demo3.TestMybatisPlus -   列: third_post_intention_name , 类型: VARCHAR
15:44:34.154 [main] INFO  com.dongbao.test_demo3.TestMybatisPlus -   列: is_talent_pool_transfer , 类型: VARCHAR
15:44:34.154 [main] INFO  com.dongbao.test_demo3.TestMybatisPlus -   列: is_get_accommodayion , 类型: VARCHAR
15:44:34.154 [main] INFO  com.dongbao.test_demo3.TestMybatisPlus -   列: accommodayion_start_date , 类型: DATETIME
15:44:34.154 [main] INFO  com.dongbao.test_demo3.TestMybatisPlus -   列: accommodayion_end_date , 类型: DATETIME
15:44:34.154 [main] INFO  com.dongbao.test_demo3.TestMybatisPlus -   列: is_id_card_imported , 类型: VARCHAR
15:44:34.154 [main] INFO  com.dongbao.test_demo3.TestMybatisPlus -   列: emp_rank , 类型: VARCHAR
15:44:34.154 [main] INFO  com.dongbao.test_demo3.TestMybatisPlus -   列: emp_post_rank , 类型: VARCHAR
15:44:34.154 [main] INFO  com.dongbao.test_demo3.TestMybatisPlus -   列: post_type , 类型: VARCHAR
15:44:34.154 [main] INFO  com.dongbao.test_demo3.TestMybatisPlus -   列: legally_admissible , 类型: VARCHAR
15:44:34.154 [main] INFO  com.dongbao.test_demo3.TestMybatisPlus -   列: certificate_type_id , 类型: BIGINT
15:44:34.154 [main] INFO  com.dongbao.test_demo3.TestMybatisPlus -   列: is_sum_work_age , 类型: VARCHAR
15:44:34.154 [main] INFO  com.dongbao.test_demo3.TestMybatisPlus -   列: work_age_year , 类型: INT
15:44:34.154 [main] INFO  com.dongbao.test_demo3.TestMybatisPlus -   列: work_age_mouth , 类型: INT
15:44:34.154 [main] INFO  com.dongbao.test_demo3.TestMybatisPlus -   列: probation_status , 类型: VARCHAR
15:44:34.154 [main] INFO  com.dongbao.test_demo3.TestMybatisPlus -   列: positive_status , 类型: VARCHAR
15:44:34.154 [main] INFO  com.dongbao.test_demo3.TestMybatisPlus -   列: mail_imap , 类型: VARCHAR
15:44:34.154 [main] INFO  com.dongbao.test_demo3.TestMybatisPlus -   列: mail_port , 类型: VARCHAR
15:44:34.154 [main] INFO  com.dongbao.test_demo3.TestMybatisPlus -   列: mail_account , 类型: VARCHAR
15:44:34.154 [main] INFO  com.dongbao.test_demo3.TestMybatisPlus -   列: account_key , 类型: VARCHAR
15:44:34.154 [main] INFO  com.dongbao.test_demo3.TestMybatisPlus -   列: mail_account_key , 类型: VARCHAR
15:44:34.154 [main] INFO  com.dongbao.test_demo3.TestMybatisPlus -   列: open_ssl , 类型: VARCHAR
15:44:34.154 [main] INFO  com.dongbao.test_demo3.TestMybatisPlus -   列: use_record_mail , 类型: VARCHAR
15:44:34.154 [main] INFO  com.dongbao.test_demo3.TestMybatisPlus -   列: mail_type , 类型: VARCHAR
15:44:34.154 [main] INFO  com.dongbao.test_demo3.TestMybatisPlus -   列: current_org_origin_id , 类型: BIGINT
15:44:34.154 [main] INFO  com.dongbao.test_demo3.TestMybatisPlus -   列: current_work_group , 类型: VARCHAR
15:44:34.154 [main] INFO  com.dongbao.test_demo3.TestMybatisPlus -   列: current_work_group_id , 类型: BIGINT
15:44:34.154 [main] INFO  com.dongbao.test_demo3.TestMybatisPlus -   列: type_of_work , 类型: VARCHAR
15:44:34.154 [main] INFO  com.dongbao.test_demo3.TestMybatisPlus -   列: cost_center_ids , 类型: LONGTEXT
15:44:34.155 [main] INFO  com.dongbao.test_demo3.TestMybatisPlus -   列: is_report_clock , 类型: VARCHAR
15:44:34.155 [main] INFO  com.dongbao.test_demo3.TestMybatisPlus -   列: qy_wx_uid , 类型: VARCHAR
15:44:34.155 [main] INFO  com.dongbao.test_demo3.TestMybatisPlus -   列: dingtalk_uid , 类型: VARCHAR
15:44:34.155 [main] INFO  com.dongbao.test_demo3.TestMybatisPlus -   列: legally_admissible_id , 类型: BIGINT
15:44:34.155 [main] INFO  com.dongbao.test_demo3.TestMybatisPlus -   列: is_wait_leave , 类型: VARCHAR
15:44:34.155 [main] INFO  com.dongbao.test_demo3.TestMybatisPlus -   列: parttime_org_origin_ids , 类型: LONGTEXT
15:44:34.155 [main] INFO  com.dongbao.test_demo3.TestMybatisPlus -   列: is_ignore_count , 类型: TINYINT
15:44:34.155 [main] INFO  com.dongbao.test_demo3.TestMybatisPlus -   列: is_master , 类型: VARCHAR
15:44:34.155 [main] INFO  com.dongbao.test_demo3.TestMybatisPlus -   列: custom_spell , 类型: VARCHAR
15:44:34.155 [main] INFO  com.dongbao.test_demo3.TestMybatisPlus -   列: parttime_org_parent_ids , 类型: LONGTEXT
15:44:34.155 [main] INFO  com.dongbao.test_demo3.TestMybatisPlus -   列: site_file_id , 类型: BIGINT
15:44:34.155 [main] INFO  com.dongbao.test_demo3.TestMybatisPlus -   列: site_file_name , 类型: VARCHAR
15:44:34.155 [main] INFO  com.dongbao.test_demo3.TestMybatisPlus -   列: audit_status_show , 类型: VARCHAR
15:44:34.155 [main] INFO  com.dongbao.test_demo3.TestMybatisPlus -   列: cost_center_names , 类型: LONGTEXT
15:44:34.155 [main] INFO  com.dongbao.test_demo3.TestMybatisPlus -   列: vir_org_names , 类型: LONGTEXT
15:44:34.155 [main] INFO  com.dongbao.test_demo3.TestMybatisPlus -   列: family_name_spell , 类型: VARCHAR
15:44:34.155 [main] INFO  com.dongbao.test_demo3.TestMybatisPlus -   列: name_spell , 类型: VARCHAR
15:44:34.155 [main] INFO  com.dongbao.test_demo3.TestMybatisPlus -   列: sn , 类型: VARCHAR
15:44:34.155 [main] INFO  com.dongbao.test_demo3.TestMybatisPlus -   列: given_name , 类型: VARCHAR
15:44:34.155 [main] INFO  com.dongbao.test_demo3.TestMybatisPlus -   列: description , 类型: VARCHAR
15:44:34.155 [main] INFO  com.dongbao.test_demo3.TestMybatisPlus -   列: emp_sort , 类型: INT
15:44:34.155 [main] INFO  com.dongbao.test_demo3.TestMybatisPlus -   列: date_of_working , 类型: DATETIME
15:44:34.155 [main] INFO  com.dongbao.test_demo3.TestMybatisPlus -   列: entry_count , 类型: INT
15:44:34.155 [main] INFO  com.dongbao.test_demo3.TestMybatisPlus -   列: third_key , 类型: VARCHAR
15:44:34.155 [main] INFO  com.dongbao.test_demo3.TestMybatisPlus -   列: age , 类型: INT
15:44:34.155 [main] INFO  com.dongbao.test_demo3.TestMybatisPlus -   列: ExtEventPersonNo , 类型: VARCHAR
15:44:34.155 [main] INFO  com.dongbao.test_demo3.TestMybatisPlus -   列: per_org_user_type , 类型: VARCHAR
15:44:34.156 [main] INFO  com.dongbao.test_demo3.TestMybatisPlus -   列: work_place , 类型: VARCHAR
15:44:34.156 [main] INFO  com.dongbao.test_demo3.TestMybatisPlus -   列: labor_dispatching_date , 类型: DATETIME
15:44:34.156 [main] INFO  com.dongbao.test_demo3.TestMybatisPlus -   列: social-insurance , 类型: VARCHAR
15:44:34.156 [main] INFO  com.dongbao.test_demo3.TestMybatisPlus -   列: Provident-Fund , 类型: VARCHAR
15:44:34.156 [main] INFO  com.dongbao.test_demo3.TestMybatisPlus -   列: social_insurance , 类型: VARCHAR
15:44:34.156 [main] INFO  com.dongbao.test_demo3.TestMybatisPlus -   列: provident_und , 类型: VARCHAR
15:44:34.156 [main] INFO  com.dongbao.test_demo3.TestMybatisPlus -   列: recruit , 类型: VARCHAR
15:44:34.156 [main] INFO  com.dongbao.test_demo3.TestMybatisPlus -   列: code , 类型: VARCHAR
15:44:34.156 [main] INFO  com.dongbao.test_demo3.TestMybatisPlus -   列: part_time_job , 类型: LONGTEXT
15:44:34.156 [main] INFO  com.dongbao.test_demo3.TestMybatisPlus -   列: c_inspect_data , 类型: DATETIME
15:44:34.156 [main] INFO  com.dongbao.test_demo3.TestMybatisPlus -   列: c_sxkssj , 类型: DATETIME
15:44:34.156 [main] INFO  com.dongbao.test_demo3.TestMybatisPlus -   列: c_sxjssj , 类型: DATETIME
15:44:34.156 [main] INFO  com.dongbao.test_demo3.TestMybatisPlus -   列: c_physics_no , 类型: VARCHAR
15:44:34.156 [main] INFO  com.dongbao.test_demo3.TestMybatisPlus -   列: application_id , 类型: VARCHAR
15:44:34.156 [main] INFO  com.dongbao.test_demo3.TestMybatisPlus -   列: c_level , 类型: INT
15:44:34.156 [main] INFO  com.dongbao.test_demo3.TestMybatisPlus -   列: c_tempType , 类型: VARCHAR
15:44:34.156 [main] INFO  com.dongbao.test_demo3.TestMybatisPlus -   列: rank_position_program_id , 类型: BIGINT
15:44:34.156 [main] INFO  com.dongbao.test_demo3.TestMybatisPlus -   列: sequence_name , 类型: VARCHAR
15:44:34.156 [main] INFO  com.dongbao.test_demo3.TestMybatisPlus -   列: sequence_level_id , 类型: BIGINT
15:44:34.156 [main] INFO  com.dongbao.test_demo3.TestMybatisPlus -   列: sequence_level_name , 类型: VARCHAR
15:44:34.156 [main] INFO  com.dongbao.test_demo3.TestMybatisPlus -   列: post_level_id , 类型: BIGINT
15:44:34.156 [main] INFO  com.dongbao.test_demo3.TestMybatisPlus -   列: is_intern , 类型: VARCHAR
15:44:34.156 [main] INFO  com.dongbao.test_demo3.TestMybatisPlus -   列: emp_level , 类型: INT
15:44:34.156 [main] INFO  com.dongbao.test_demo3.TestMybatisPlus -   列: basic_level , 类型: VARCHAR
15:44:34.156 [main] INFO  com.dongbao.test_demo3.TestMybatisPlus -   列: c_sumYdays , 类型: INT
15:44:34.156 [main] INFO  com.dongbao.test_demo3.TestMybatisPlus -   列: c_handsumYear , 类型: INT
15:44:34.157 [main] INFO  com.dongbao.test_demo3.TestMybatisPlus -   列: c_roundSumYear , 类型: INT
15:44:34.157 [main] INFO  com.dongbao.test_demo3.TestMybatisPlus -   列: c_Social_security_type , 类型: VARCHAR
15:44:34.157 [main] INFO  com.dongbao.test_demo3.TestMybatisPlus -   列: c_post_code , 类型: VARCHAR
15:44:34.157 [main] INFO  com.dongbao.test_demo3.TestMybatisPlus -   列: c_leave_type , 类型: VARCHAR
15:44:34.157 [main] INFO  com.dongbao.test_demo3.TestMybatisPlus -   列: c_become_regular_date , 类型: VARCHAR
15:44:34.157 [main] INFO  com.dongbao.test_demo3.TestMybatisPlus -   列: reinstate_way , 类型: VARCHAR
15:44:34.157 [main] INFO  com.dongbao.test_demo3.TestMybatisPlus -   列: reinstate_origin_ids , 类型: LONGTEXT
15:44:34.157 [main] INFO  com.dongbao.test_demo3.TestMybatisPlus -   列: c_lock_regular_date , 类型: VARCHAR
15:44:34.157 [main] INFO  com.dongbao.test_demo3.TestMybatisPlus -   列: c_is_sync_system , 类型: INT
15:44:34.157 [main] INFO  com.dongbao.test_demo3.TestMybatisPlus -   列: c_is_xsxzsbt , 类型: INT
15:44:34.157 [main] INFO  com.dongbao.test_demo3.TestMybatisPlus -   列: c_is_accumulation_fund , 类型: TINYINT
15:44:34.157 [main] INFO  com.dongbao.test_demo3.TestMybatisPlus -   列: c_dingtalk_unionid , 类型: VARCHAR
15:44:34.157 [main] INFO  com.dongbao.test_demo3.TestMybatisPlus -   列: c_employ_id , 类型: BIGINT
15:44:34.157 [main] INFO  com.dongbao.test_demo3.TestMybatisPlus -   列: identity_type , 类型: VARCHAR
15:44:34.157 [main] INFO  com.dongbao.test_demo3.TestMybatisPlus -   列: is_current , 类型: TINYINT
15:44:34.157 [main] INFO  com.dongbao.test_demo3.TestMybatisPlus -   列: id , 类型: BIGINT UNSIGNED
15:44:34.157 [main] INFO  com.dongbao.test_demo3.TestMybatisPlus -   列: origin_id , 类型: BIGINT
15:44:34.157 [main] INFO  com.dongbao.test_demo3.TestMybatisPlus -   列: head_portrait , 类型: VARCHAR
15:44:34.157 [main] INFO  com.dongbao.test_demo3.TestMybatisPlus -   列: name , 类型: VARCHAR
15:44:34.157 [main] INFO  com.dongbao.test_demo3.TestMybatisPlus -   列: short_name , 类型: VARCHAR
15:44:34.157 [main] INFO  com.dongbao.test_demo3.TestMybatisPlus -   列: english_name , 类型: VARCHAR
15:44:34.157 [main] INFO  com.dongbao.test_demo3.TestMybatisPlus -   列: education , 类型: VARCHAR
15:44:34.157 [main] INFO  com.dongbao.test_demo3.TestMybatisPlus -   列: sex , 类型: VARCHAR
15:44:34.157 [main] INFO  com.dongbao.test_demo3.TestMybatisPlus -   列: mobile , 类型: VARCHAR
15:44:34.157 [main] INFO  com.dongbao.test_demo3.TestMybatisPlus -   列: marital_status , 类型: VARCHAR
15:44:34.157 [main] INFO  com.dongbao.test_demo3.TestMybatisPlus -   列: email , 类型: VARCHAR
15:44:34.157 [main] INFO  com.dongbao.test_demo3.TestMybatisPlus -   列: certificate_type , 类型: VARCHAR
15:44:34.157 [main] INFO  com.dongbao.test_demo3.TestMybatisPlus -   列: certificate_no , 类型: VARCHAR
15:44:34.157 [main] INFO  com.dongbao.test_demo3.TestMybatisPlus -   列: certificate_start_date , 类型: DATETIME
15:44:34.158 [main] INFO  com.dongbao.test_demo3.TestMybatisPlus -   列: certificate_end_date , 类型: DATETIME
15:44:34.158 [main] INFO  com.dongbao.test_demo3.TestMybatisPlus -   列: id_card_address , 类型: VARCHAR
15:44:34.158 [main] INFO  com.dongbao.test_demo3.TestMybatisPlus -   列: birth_date_type , 类型: VARCHAR
15:44:34.158 [main] INFO  com.dongbao.test_demo3.TestMybatisPlus -   列: birth_date , 类型: DATETIME
15:44:34.158 [main] INFO  com.dongbao.test_demo3.TestMybatisPlus -   列: nation , 类型: VARCHAR
15:44:34.158 [main] INFO  com.dongbao.test_demo3.TestMybatisPlus -   列: nationality_id , 类型: VARCHAR
15:44:34.158 [main] INFO  com.dongbao.test_demo3.TestMybatisPlus -   列: nationality , 类型: VARCHAR
15:44:34.158 [main] INFO  com.dongbao.test_demo3.TestMybatisPlus -   列: native_place , 类型: VARCHAR
15:44:34.158 [main] INFO  com.dongbao.test_demo3.TestMybatisPlus -   列: domicile_type , 类型: VARCHAR
15:44:34.158 [main] INFO  com.dongbao.test_demo3.TestMybatisPlus -   列: politics_status , 类型: VARCHAR
15:44:34.158 [main] INFO  com.dongbao.test_demo3.TestMybatisPlus -   列: address , 类型: LONGTEXT
15:44:34.158 [main] INFO  com.dongbao.test_demo3.TestMybatisPlus -   列: blood_type , 类型: VARCHAR
15:44:34.158 [main] INFO  com.dongbao.test_demo3.TestMybatisPlus -   列: height , 类型: DECIMAL
15:44:34.158 [main] INFO  com.dongbao.test_demo3.TestMybatisPlus -   列: constellation , 类型: VARCHAR
15:44:34.158 [main] INFO  com.dongbao.test_demo3.TestMybatisPlus -   列: handedness , 类型: VARCHAR
15:44:34.158 [main] INFO  com.dongbao.test_demo3.TestMybatisPlus -   列: smoke , 类型: VARCHAR
15:44:34.158 [main] INFO  com.dongbao.test_demo3.TestMybatisPlus -   列: speciality , 类型: VARCHAR
15:44:34.158 [main] INFO  com.dongbao.test_demo3.TestMybatisPlus -   列: religion , 类型: VARCHAR
15:44:34.158 [main] INFO  com.dongbao.test_demo3.TestMybatisPlus -   列: health , 类型: VARCHAR
15:44:34.158 [main] INFO  com.dongbao.test_demo3.TestMybatisPlus -   列: remark , 类型: LONGTEXT
15:44:34.158 [main] INFO  com.dongbao.test_demo3.TestMybatisPlus -   列: emp_no , 类型: VARCHAR
15:44:34.158 [main] INFO  com.dongbao.test_demo3.TestMybatisPlus -   列: entry_date , 类型: DATETIME
15:44:34.158 [main] INFO  com.dongbao.test_demo3.TestMybatisPlus -   列: company_id , 类型: BIGINT
15:44:34.158 [main] INFO  com.dongbao.test_demo3.TestMybatisPlus -   列: company_name , 类型: VARCHAR
15:44:34.158 [main] INFO  com.dongbao.test_demo3.TestMybatisPlus -   列: attach , 类型: VARCHAR
15:44:34.158 [main] INFO  com.dongbao.test_demo3.TestMybatisPlus -   列: org_name , 类型: VARCHAR
15:44:34.158 [main] INFO  com.dongbao.test_demo3.TestMybatisPlus -   列: emp_type , 类型: VARCHAR
15:44:34.158 [main] INFO  com.dongbao.test_demo3.TestMybatisPlus -   列: post_name , 类型: VARCHAR
15:44:34.158 [main] INFO  com.dongbao.test_demo3.TestMybatisPlus -   列: duty_id , 类型: BIGINT
15:44:34.158 [main] INFO  com.dongbao.test_demo3.TestMybatisPlus -   列: duty_name , 类型: VARCHAR
15:44:34.158 [main] INFO  com.dongbao.test_demo3.TestMybatisPlus -   列: employment_nature , 类型: VARCHAR
15:44:34.158 [main] INFO  com.dongbao.test_demo3.TestMybatisPlus -   列: entry_source , 类型: VARCHAR
15:44:34.158 [main] INFO  com.dongbao.test_demo3.TestMybatisPlus -   列: probation_start_date , 类型: DATETIME
15:44:34.158 [main] INFO  com.dongbao.test_demo3.TestMybatisPlus -   列: probation_end_date , 类型: DATETIME
15:44:34.158 [main] INFO  com.dongbao.test_demo3.TestMybatisPlus -   列: work_months , 类型: INT
15:44:34.158 [main] INFO  com.dongbao.test_demo3.TestMybatisPlus -   列: leader_name , 类型: VARCHAR
15:44:34.158 [main] INFO  com.dongbao.test_demo3.TestMybatisPlus -   列: logic_no , 类型: VARCHAR
15:44:34.158 [main] INFO  com.dongbao.test_demo3.TestMybatisPlus -   列: archive_no , 类型: VARCHAR
15:44:34.158 [main] INFO  com.dongbao.test_demo3.TestMybatisPlus -   列: dispatch_company , 类型: VARCHAR
15:44:34.158 [main] INFO  com.dongbao.test_demo3.TestMybatisPlus -   列: ext_tel , 类型: VARCHAR
15:44:34.158 [main] INFO  com.dongbao.test_demo3.TestMybatisPlus -   列: first_post_intention , 类型: VARCHAR
15:44:34.158 [main] INFO  com.dongbao.test_demo3.TestMybatisPlus -   列: second_post_intention , 类型: VARCHAR
15:44:34.158 [main] INFO  com.dongbao.test_demo3.TestMybatisPlus -   列: status , 类型: VARCHAR
15:44:34.158 [main] INFO  com.dongbao.test_demo3.TestMybatisPlus -   列: third_post_intention , 类型: VARCHAR
15:44:34.158 [main] INFO  com.dongbao.test_demo3.TestMybatisPlus -   列: work_email , 类型: VARCHAR
15:44:34.158 [main] INFO  com.dongbao.test_demo3.TestMybatisPlus -   列: work_tel , 类型: VARCHAR
15:44:34.158 [main] INFO  com.dongbao.test_demo3.TestMybatisPlus -   列: physics_no , 类型: VARCHAR
15:44:34.158 [main] INFO  com.dongbao.test_demo3.TestMybatisPlus -   列: card_dept , 类型: VARCHAR
15:44:34.158 [main] INFO  com.dongbao.test_demo3.TestMybatisPlus -   列: is_probation , 类型: VARCHAR
15:44:34.158 [main] INFO  com.dongbao.test_demo3.TestMybatisPlus -   列: create_id , 类型: BIGINT
15:44:34.158 [main] INFO  com.dongbao.test_demo3.TestMybatisPlus -   列: create_name , 类型: VARCHAR
15:44:34.158 [main] INFO  com.dongbao.test_demo3.TestMybatisPlus -   列: create_date , 类型: DATETIME
15:44:34.158 [main] INFO  com.dongbao.test_demo3.TestMybatisPlus -   列: modify_id , 类型: BIGINT
15:44:34.158 [main] INFO  com.dongbao.test_demo3.TestMybatisPlus -   列: modify_name , 类型: VARCHAR
15:44:34.158 [main] INFO  com.dongbao.test_demo3.TestMybatisPlus -   列: modify_date , 类型: DATETIME
15:44:34.158 [main] INFO  com.dongbao.test_demo3.TestMybatisPlus -   列: is_delete , 类型: TINYINT
15:44:34.158 [main] INFO  com.dongbao.test_demo3.TestMybatisPlus -   列: entry_status , 类型: VARCHAR
15:44:34.158 [main] INFO  com.dongbao.test_demo3.TestMybatisPlus -   列: info_employ_id , 类型: BIGINT
15:44:34.158 [main] INFO  com.dongbao.test_demo3.TestMybatisPlus -   列: enable_date , 类型: DATETIME
15:44:34.158 [main] INFO  com.dongbao.test_demo3.TestMybatisPlus -   列: unable_date , 类型: DATETIME
15:44:34.158 [main] INFO  com.dongbao.test_demo3.TestMybatisPlus -   列: org_origin_id , 类型: BIGINT
15:44:34.158 [main] INFO  com.dongbao.test_demo3.TestMybatisPlus -   列: post_origin_id , 类型: BIGINT
15:44:34.158 [main] INFO  com.dongbao.test_demo3.TestMybatisPlus -   列: user_id , 类型: BIGINT
15:44:34.158 [main] INFO  com.dongbao.test_demo3.TestMybatisPlus -   列: audit_status , 类型: TINYINT
15:44:34.158 [main] INFO  com.dongbao.test_demo3.TestMybatisPlus -   列: position_and_rank , 类型: VARCHAR
15:44:34.158 [main] INFO  com.dongbao.test_demo3.TestMybatisPlus -   列: leave_date , 类型: DATETIME
15:44:34.159 [main] INFO  com.dongbao.test_demo3.TestMybatisPlus -   列: is_guest , 类型: VARCHAR
15:44:34.159 [main] INFO  com.dongbao.test_demo3.TestMybatisPlus -   列: introduce_name , 类型: VARCHAR
15:44:34.159 [main] INFO  com.dongbao.test_demo3.TestMybatisPlus -   列: introduce_id , 类型: BIGINT
15:44:34.159 [main] INFO  com.dongbao.test_demo3.TestMybatisPlus -   列: leader_origin_id , 类型: BIGINT
15:44:34.159 [main] INFO  com.dongbao.test_demo3.TestMybatisPlus -   列: leader_origin_ids , 类型: LONGTEXT
15:44:34.159 [main] INFO  com.dongbao.test_demo3.TestMybatisPlus -   列: last_communication_date , 类型: DATETIME
15:44:34.159 [main] INFO  com.dongbao.test_demo3.TestMybatisPlus -   列: contract_end_date , 类型: DATETIME
15:44:34.159 [main] INFO  com.dongbao.test_demo3.TestMybatisPlus -   列: flow_type , 类型: BIGINT
15:44:34.159 [main] INFO  com.dongbao.test_demo3.TestMybatisPlus -   列: work_years_entry_date , 类型: DATETIME
15:44:34.159 [main] INFO  com.dongbao.test_demo3.TestMybatisPlus -   列: level_position_id , 类型: BIGINT
15:44:34.159 [main] INFO  com.dongbao.test_demo3.TestMybatisPlus -   列: level_rank_id , 类型: BIGINT
15:44:34.159 [main] INFO  com.dongbao.test_demo3.TestMybatisPlus -   列: list_progress , 类型: DECIMAL
15:44:34.159 [main] INFO  com.dongbao.test_demo3.TestMybatisPlus -   列: flow_process , 类型: DECIMAL
15:44:34.159 [main] INFO  com.dongbao.test_demo3.TestMybatisPlus -   列: is_org_flow , 类型: INT
15:44:34.159 [main] INFO  com.dongbao.test_demo3.TestMybatisPlus -   列: area_code , 类型: VARCHAR
15:44:34.159 [main] INFO  com.dongbao.test_demo3.TestMybatisPlus -   列: company_ids , 类型: LONGTEXT
15:44:34.159 [main] INFO  com.dongbao.test_demo3.TestMybatisPlus -   列: org_parent_origin_ids , 类型: TEXT
15:44:34.159 [main] INFO  com.dongbao.test_demo3.TestMybatisPlus -   列: employ_id , 类型: BIGINT
15:44:34.159 [main] INFO  com.dongbao.test_demo3.TestMybatisPlus -   列: country_id , 类型: BIGINT
15:44:34.159 [main] INFO  com.dongbao.test_demo3.TestMybatisPlus -   列: work_age_value , 类型: VARCHAR
15:44:34.159 [main] INFO  com.dongbao.test_demo3.TestMybatisPlus -   列: last_daily_accounting_program_id , 类型: BIGINT
15:44:34.159 [main] INFO  com.dongbao.test_demo3.TestMybatisPlus -   列: last_monthly_accounting_program_id , 类型: BIGINT
15:44:34.159 [main] INFO  com.dongbao.test_demo3.TestMybatisPlus -   列: meid , 类型: VARCHAR
15:44:34.159 [main] INFO  com.dongbao.test_demo3.TestMybatisPlus -   列: native_place_id , 类型: LONGTEXT
15:44:34.159 [main] INFO  com.dongbao.test_demo3.TestMybatisPlus -   列: personal_head_portrait , 类型: VARCHAR
15:44:34.159 [main] INFO  com.dongbao.test_demo3.TestMybatisPlus -   列: district , 类型: LONGTEXT
15:44:34.159 [main] INFO  com.dongbao.test_demo3.TestMybatisPlus -   列: address_id , 类型: VARCHAR
15:44:34.159 [main] INFO  com.dongbao.test_demo3.TestMybatisPlus -   列: spell , 类型: VARCHAR
15:44:34.159 [main] INFO  com.dongbao.test_demo3.TestMybatisPlus -   列: jane_spell , 类型: VARCHAR
15:44:34.159 [main] INFO  com.dongbao.test_demo3.TestMybatisPlus -   列: tax_number , 类型: VARCHAR
15:44:34.159 [main] INFO  com.dongbao.test_demo3.TestMybatisPlus -   列: social_security_number , 类型: VARCHAR
15:44:34.159 [main] INFO  com.dongbao.test_demo3.TestMybatisPlus -   列: medical_social_security_number , 类型: VARCHAR
15:44:34.159 [main] INFO  com.dongbao.test_demo3.TestMybatisPlus -   列: name2 , 类型: VARCHAR
15:44:34.159 [main] INFO  com.dongbao.test_demo3.TestMybatisPlus -   列: name3 , 类型: VARCHAR
15:44:34.159 [main] INFO  com.dongbao.test_demo3.TestMybatisPlus -   列: name4 , 类型: VARCHAR
15:44:34.159 [main] INFO  com.dongbao.test_demo3.TestMybatisPlus -   列: name5 , 类型: VARCHAR
15:44:34.159 [main] INFO  com.dongbao.test_demo3.TestMybatisPlus -   列: name6 , 类型: VARCHAR
15:44:34.159 [main] INFO  com.dongbao.test_demo3.TestMybatisPlus -   列: full_spell , 类型: VARCHAR
15:44:34.159 [main] INFO  com.dongbao.test_demo3.TestMybatisPlus -   列: data_source_type , 类型: INT
15:44:34.159 [main] INFO  com.dongbao.test_demo3.TestMybatisPlus -   列: first_post_intention_name , 类型: VARCHAR
15:44:34.159 [main] INFO  com.dongbao.test_demo3.TestMybatisPlus -   列: second_post_intention_name , 类型: VARCHAR
15:44:34.159 [main] INFO  com.dongbao.test_demo3.TestMybatisPlus -   列: third_post_intention_name , 类型: VARCHAR
15:44:34.159 [main] INFO  com.dongbao.test_demo3.TestMybatisPlus -   列: is_talent_pool_transfer , 类型: VARCHAR
15:44:34.159 [main] INFO  com.dongbao.test_demo3.TestMybatisPlus -   列: is_get_accommodayion , 类型: VARCHAR
15:44:34.159 [main] INFO  com.dongbao.test_demo3.TestMybatisPlus -   列: accommodayion_start_date , 类型: DATETIME
15:44:34.159 [main] INFO  com.dongbao.test_demo3.TestMybatisPlus -   列: accommodayion_end_date , 类型: DATETIME
15:44:34.159 [main] INFO  com.dongbao.test_demo3.TestMybatisPlus -   列: is_id_card_imported , 类型: VARCHAR
15:44:34.159 [main] INFO  com.dongbao.test_demo3.TestMybatisPlus -   列: emp_rank , 类型: VARCHAR
15:44:34.159 [main] INFO  com.dongbao.test_demo3.TestMybatisPlus -   列: emp_post_rank , 类型: VARCHAR
15:44:34.159 [main] INFO  com.dongbao.test_demo3.TestMybatisPlus -   列: post_type , 类型: VARCHAR
15:44:34.159 [main] INFO  com.dongbao.test_demo3.TestMybatisPlus -   列: legally_admissible , 类型: VARCHAR
15:44:34.159 [main] INFO  com.dongbao.test_demo3.TestMybatisPlus -   列: certificate_type_id , 类型: BIGINT
15:44:34.159 [main] INFO  com.dongbao.test_demo3.TestMybatisPlus -   列: is_sum_work_age , 类型: VARCHAR
15:44:34.159 [main] INFO  com.dongbao.test_demo3.TestMybatisPlus -   列: work_age_year , 类型: INT
15:44:34.159 [main] INFO  com.dongbao.test_demo3.TestMybatisPlus -   列: work_age_mouth , 类型: INT
15:44:34.159 [main] INFO  com.dongbao.test_demo3.TestMybatisPlus -   列: probation_status , 类型: VARCHAR
15:44:34.159 [main] INFO  com.dongbao.test_demo3.TestMybatisPlus -   列: positive_status , 类型: VARCHAR
15:44:34.159 [main] INFO  com.dongbao.test_demo3.TestMybatisPlus -   列: mail_imap , 类型: VARCHAR
15:44:34.159 [main] INFO  com.dongbao.test_demo3.TestMybatisPlus -   列: mail_port , 类型: VARCHAR
15:44:34.159 [main] INFO  com.dongbao.test_demo3.TestMybatisPlus -   列: mail_account , 类型: VARCHAR
15:44:34.159 [main] INFO  com.dongbao.test_demo3.TestMybatisPlus -   列: account_key , 类型: VARCHAR
15:44:34.159 [main] INFO  com.dongbao.test_demo3.TestMybatisPlus -   列: mail_account_key , 类型: VARCHAR
15:44:34.159 [main] INFO  com.dongbao.test_demo3.TestMybatisPlus -   列: open_ssl , 类型: VARCHAR
15:44:34.159 [main] INFO  com.dongbao.test_demo3.TestMybatisPlus -   列: use_record_mail , 类型: VARCHAR
15:44:34.159 [main] INFO  com.dongbao.test_demo3.TestMybatisPlus -   列: mail_type , 类型: VARCHAR
15:44:34.159 [main] INFO  com.dongbao.test_demo3.TestMybatisPlus -   列: current_org_origin_id , 类型: BIGINT
15:44:34.159 [main] INFO  com.dongbao.test_demo3.TestMybatisPlus -   列: current_work_group , 类型: VARCHAR
15:44:34.159 [main] INFO  com.dongbao.test_demo3.TestMybatisPlus -   列: current_work_group_id , 类型: BIGINT
15:44:34.159 [main] INFO  com.dongbao.test_demo3.TestMybatisPlus -   列: type_of_work , 类型: VARCHAR
15:44:34.159 [main] INFO  com.dongbao.test_demo3.TestMybatisPlus -   列: cost_center_ids , 类型: LONGTEXT
15:44:34.159 [main] INFO  com.dongbao.test_demo3.TestMybatisPlus -   列: is_report_clock , 类型: VARCHAR
15:44:34.159 [main] INFO  com.dongbao.test_demo3.TestMybatisPlus -   列: qy_wx_uid , 类型: VARCHAR
15:44:34.159 [main] INFO  com.dongbao.test_demo3.TestMybatisPlus -   列: dingtalk_uid , 类型: VARCHAR
15:44:34.160 [main] INFO  com.dongbao.test_demo3.TestMybatisPlus -   列: legally_admissible_id , 类型: BIGINT
15:44:34.160 [main] INFO  com.dongbao.test_demo3.TestMybatisPlus -   列: is_wait_leave , 类型: VARCHAR
15:44:34.160 [main] INFO  com.dongbao.test_demo3.TestMybatisPlus -   列: parttime_org_origin_ids , 类型: LONGTEXT
15:44:34.160 [main] INFO  com.dongbao.test_demo3.TestMybatisPlus -   列: is_ignore_count , 类型: TINYINT
15:44:34.160 [main] INFO  com.dongbao.test_demo3.TestMybatisPlus -   列: is_master , 类型: VARCHAR
15:44:34.160 [main] INFO  com.dongbao.test_demo3.TestMybatisPlus -   列: custom_spell , 类型: VARCHAR
15:44:34.160 [main] INFO  com.dongbao.test_demo3.TestMybatisPlus -   列: parttime_org_parent_ids , 类型: LONGTEXT
15:44:34.160 [main] INFO  com.dongbao.test_demo3.TestMybatisPlus -   列: site_file_id , 类型: BIGINT
15:44:34.160 [main] INFO  com.dongbao.test_demo3.TestMybatisPlus -   列: site_file_name , 类型: VARCHAR
15:44:34.160 [main] INFO  com.dongbao.test_demo3.TestMybatisPlus -   列: audit_status_show , 类型: VARCHAR
15:44:34.160 [main] INFO  com.dongbao.test_demo3.TestMybatisPlus -   列: cost_center_names , 类型: LONGTEXT
15:44:34.160 [main] INFO  com.dongbao.test_demo3.TestMybatisPlus -   列: vir_org_names , 类型: LONGTEXT
15:44:34.160 [main] INFO  com.dongbao.test_demo3.TestMybatisPlus -   列: family_name_spell , 类型: VARCHAR
15:44:34.160 [main] INFO  com.dongbao.test_demo3.TestMybatisPlus -   列: name_spell , 类型: VARCHAR
15:44:34.160 [main] INFO  com.dongbao.test_demo3.TestMybatisPlus -   列: sn , 类型: VARCHAR
15:44:34.160 [main] INFO  com.dongbao.test_demo3.TestMybatisPlus -   列: given_name , 类型: VARCHAR
15:44:34.160 [main] INFO  com.dongbao.test_demo3.TestMybatisPlus -   列: description , 类型: VARCHAR
15:44:34.160 [main] INFO  com.dongbao.test_demo3.TestMybatisPlus -   列: emp_sort , 类型: INT
15:44:34.160 [main] INFO  com.dongbao.test_demo3.TestMybatisPlus -   列: date_of_working , 类型: DATETIME
15:44:34.160 [main] INFO  com.dongbao.test_demo3.TestMybatisPlus -   列: entry_count , 类型: INT
15:44:34.160 [main] INFO  com.dongbao.test_demo3.TestMybatisPlus -   列: third_key , 类型: VARCHAR
15:44:34.160 [main] INFO  com.dongbao.test_demo3.TestMybatisPlus -   列: age , 类型: INT
15:44:34.160 [main] INFO  com.dongbao.test_demo3.TestMybatisPlus -   列: ExtEventPersonNo , 类型: VARCHAR
15:44:34.160 [main] INFO  com.dongbao.test_demo3.TestMybatisPlus -   列: per_org_user_type , 类型: VARCHAR
15:44:34.160 [main] INFO  com.dongbao.test_demo3.TestMybatisPlus -   列: work_place , 类型: VARCHAR
15:44:34.160 [main] INFO  com.dongbao.test_demo3.TestMybatisPlus -   列: labor_dispatching_date , 类型: DATETIME
15:44:34.160 [main] INFO  com.dongbao.test_demo3.TestMybatisPlus -   列: social-insurance , 类型: VARCHAR
15:44:34.160 [main] INFO  com.dongbao.test_demo3.TestMybatisPlus -   列: Provident-Fund , 类型: VARCHAR
15:44:34.160 [main] INFO  com.dongbao.test_demo3.TestMybatisPlus -   列: social_insurance , 类型: VARCHAR
15:44:34.160 [main] INFO  com.dongbao.test_demo3.TestMybatisPlus -   列: provident_und , 类型: VARCHAR
15:44:34.160 [main] INFO  com.dongbao.test_demo3.TestMybatisPlus -   列: recruit , 类型: VARCHAR
15:44:34.160 [main] INFO  com.dongbao.test_demo3.TestMybatisPlus -   列: code , 类型: VARCHAR
15:44:34.160 [main] INFO  com.dongbao.test_demo3.TestMybatisPlus -   列: part_time_job , 类型: LONGTEXT
15:44:34.160 [main] INFO  com.dongbao.test_demo3.TestMybatisPlus -   列: c_inspect_data , 类型: DATETIME
15:44:34.160 [main] INFO  com.dongbao.test_demo3.TestMybatisPlus -   列: c_sxkssj , 类型: DATETIME
15:44:34.160 [main] INFO  com.dongbao.test_demo3.TestMybatisPlus -   列: c_sxjssj , 类型: DATETIME
15:44:34.160 [main] INFO  com.dongbao.test_demo3.TestMybatisPlus -   列: c_physics_no , 类型: VARCHAR
15:44:34.160 [main] INFO  com.dongbao.test_demo3.TestMybatisPlus -   列: application_id , 类型: VARCHAR
15:44:34.160 [main] INFO  com.dongbao.test_demo3.TestMybatisPlus -   列: c_level , 类型: INT
15:44:34.160 [main] INFO  com.dongbao.test_demo3.TestMybatisPlus -   列: c_tempType , 类型: VARCHAR
15:44:34.160 [main] INFO  com.dongbao.test_demo3.TestMybatisPlus -   列: rank_position_program_id , 类型: BIGINT
15:44:34.160 [main] INFO  com.dongbao.test_demo3.TestMybatisPlus -   列: sequence_name , 类型: VARCHAR
15:44:34.160 [main] INFO  com.dongbao.test_demo3.TestMybatisPlus -   列: sequence_level_id , 类型: BIGINT
15:44:34.160 [main] INFO  com.dongbao.test_demo3.TestMybatisPlus -   列: sequence_level_name , 类型: VARCHAR
15:44:34.160 [main] INFO  com.dongbao.test_demo3.TestMybatisPlus -   列: post_level_id , 类型: BIGINT
15:44:34.160 [main] INFO  com.dongbao.test_demo3.TestMybatisPlus -   列: is_intern , 类型: VARCHAR
15:44:34.160 [main] INFO  com.dongbao.test_demo3.TestMybatisPlus -   列: emp_level , 类型: INT
15:44:34.160 [main] INFO  com.dongbao.test_demo3.TestMybatisPlus -   列: basic_level , 类型: VARCHAR
15:44:34.160 [main] INFO  com.dongbao.test_demo3.TestMybatisPlus -   列: c_sumYdays , 类型: INT
15:44:34.160 [main] INFO  com.dongbao.test_demo3.TestMybatisPlus -   列: c_handsumYear , 类型: INT
15:44:34.160 [main] INFO  com.dongbao.test_demo3.TestMybatisPlus -   列: c_roundSumYear , 类型: INT
15:44:34.160 [main] INFO  com.dongbao.test_demo3.TestMybatisPlus -   列: c_Social_security_type , 类型: VARCHAR
15:44:34.160 [main] INFO  com.dongbao.test_demo3.TestMybatisPlus -   列: c_post_code , 类型: VARCHAR
15:44:34.160 [main] INFO  com.dongbao.test_demo3.TestMybatisPlus -   列: c_leave_type , 类型: VARCHAR
15:44:34.160 [main] INFO  com.dongbao.test_demo3.TestMybatisPlus -   列: c_become_regular_date , 类型: VARCHAR
15:44:34.161 [main] INFO  com.dongbao.test_demo3.TestMybatisPlus -   列: reinstate_way , 类型: VARCHAR
15:44:34.161 [main] INFO  com.dongbao.test_demo3.TestMybatisPlus -   列: reinstate_origin_ids , 类型: LONGTEXT
15:44:34.161 [main] INFO  com.dongbao.test_demo3.TestMybatisPlus -   列: c_lock_regular_date , 类型: VARCHAR
15:44:34.161 [main] INFO  com.dongbao.test_demo3.TestMybatisPlus -   列: c_is_sync_system , 类型: INT
15:44:34.161 [main] INFO  com.dongbao.test_demo3.TestMybatisPlus -   列: c_is_xsxzsbt , 类型: INT
15:44:34.161 [main] INFO  com.dongbao.test_demo3.TestMybatisPlus -   列: c_is_accumulation_fund , 类型: TINYINT
15:44:34.161 [main] INFO  com.dongbao.test_demo3.TestMybatisPlus -   列: c_dingtalk_unionid , 类型: VARCHAR
15:44:34.161 [main] INFO  com.dongbao.test_demo3.TestMybatisPlus -   列: c_employ_id , 类型: BIGINT
15:44:34.161 [main] INFO  com.dongbao.test_demo3.TestMybatisPlus -   列: identity_type , 类型: VARCHAR
15:44:34.161 [main] INFO  com.dongbao.test_demo3.TestMybatisPlus -   列: is_current , 类型: TINYINT
15:44:34.161 [main] INFO  com.dongbao.test_demo3.TestMybatisPlus -   列: id , 类型: BIGINT UNSIGNED
15:44:34.161 [main] INFO  com.dongbao.test_demo3.TestMybatisPlus -   列: origin_id , 类型: BIGINT
15:44:34.161 [main] INFO  com.dongbao.test_demo3.TestMybatisPlus -   列: head_portrait , 类型: VARCHAR
15:44:34.161 [main] INFO  com.dongbao.test_demo3.TestMybatisPlus -   列: name , 类型: VARCHAR
15:44:34.161 [main] INFO  com.dongbao.test_demo3.TestMybatisPlus -   列: short_name , 类型: VARCHAR
15:44:34.161 [main] INFO  com.dongbao.test_demo3.TestMybatisPlus -   列: english_name , 类型: VARCHAR
15:44:34.161 [main] INFO  com.dongbao.test_demo3.TestMybatisPlus -   列: education , 类型: VARCHAR
15:44:34.161 [main] INFO  com.dongbao.test_demo3.TestMybatisPlus -   列: sex , 类型: VARCHAR
15:44:34.161 [main] INFO  com.dongbao.test_demo3.TestMybatisPlus -   列: mobile , 类型: VARCHAR
15:44:34.161 [main] INFO  com.dongbao.test_demo3.TestMybatisPlus -   列: marital_status , 类型: VARCHAR
15:44:34.161 [main] INFO  com.dongbao.test_demo3.TestMybatisPlus -   列: email , 类型: VARCHAR
15:44:34.161 [main] INFO  com.dongbao.test_demo3.TestMybatisPlus -   列: certificate_type , 类型: VARCHAR
15:44:34.161 [main] INFO  com.dongbao.test_demo3.TestMybatisPlus -   列: certificate_no , 类型: VARCHAR
15:44:34.161 [main] INFO  com.dongbao.test_demo3.TestMybatisPlus -   列: certificate_start_date , 类型: DATETIME
15:44:34.162 [main] INFO  com.dongbao.test_demo3.TestMybatisPlus -   列: certificate_end_date , 类型: DATETIME
15:44:34.162 [main] INFO  com.dongbao.test_demo3.TestMybatisPlus -   列: id_card_address , 类型: VARCHAR
15:44:34.162 [main] INFO  com.dongbao.test_demo3.TestMybatisPlus -   列: birth_date_type , 类型: VARCHAR
15:44:34.162 [main] INFO  com.dongbao.test_demo3.TestMybatisPlus -   列: birth_date , 类型: DATETIME
15:44:34.162 [main] INFO  com.dongbao.test_demo3.TestMybatisPlus -   列: nation , 类型: VARCHAR
15:44:34.162 [main] INFO  com.dongbao.test_demo3.TestMybatisPlus -   列: nationality_id , 类型: VARCHAR
15:44:34.162 [main] INFO  com.dongbao.test_demo3.TestMybatisPlus -   列: nationality , 类型: VARCHAR
15:44:34.162 [main] INFO  com.dongbao.test_demo3.TestMybatisPlus -   列: native_place , 类型: VARCHAR
15:44:34.162 [main] INFO  com.dongbao.test_demo3.TestMybatisPlus -   列: domicile_type , 类型: VARCHAR
15:44:34.162 [main] INFO  com.dongbao.test_demo3.TestMybatisPlus -   列: politics_status , 类型: VARCHAR
15:44:34.162 [main] INFO  com.dongbao.test_demo3.TestMybatisPlus -   列: address , 类型: LONGTEXT
15:44:34.162 [main] INFO  com.dongbao.test_demo3.TestMybatisPlus -   列: blood_type , 类型: VARCHAR
15:44:34.162 [main] INFO  com.dongbao.test_demo3.TestMybatisPlus -   列: height , 类型: DECIMAL
15:44:34.162 [main] INFO  com.dongbao.test_demo3.TestMybatisPlus -   列: constellation , 类型: VARCHAR
15:44:34.162 [main] INFO  com.dongbao.test_demo3.TestMybatisPlus -   列: handedness , 类型: VARCHAR
15:44:34.162 [main] INFO  com.dongbao.test_demo3.TestMybatisPlus -   列: smoke , 类型: VARCHAR
15:44:34.162 [main] INFO  com.dongbao.test_demo3.TestMybatisPlus -   列: speciality , 类型: VARCHAR
15:44:34.162 [main] INFO  com.dongbao.test_demo3.TestMybatisPlus -   列: religion , 类型: VARCHAR
15:44:34.162 [main] INFO  com.dongbao.test_demo3.TestMybatisPlus -   列: health , 类型: VARCHAR
15:44:34.162 [main] INFO  com.dongbao.test_demo3.TestMybatisPlus -   列: remark , 类型: LONGTEXT
15:44:34.162 [main] INFO  com.dongbao.test_demo3.TestMybatisPlus -   列: emp_no , 类型: VARCHAR
15:44:34.162 [main] INFO  com.dongbao.test_demo3.TestMybatisPlus -   列: entry_date , 类型: DATETIME
15:44:34.162 [main] INFO  com.dongbao.test_demo3.TestMybatisPlus -   列: company_id , 类型: BIGINT
15:44:34.163 [main] INFO  com.dongbao.test_demo3.TestMybatisPlus -   列: company_name , 类型: VARCHAR
15:44:34.163 [main] INFO  com.dongbao.test_demo3.TestMybatisPlus -   列: attach , 类型: VARCHAR
15:44:34.163 [main] INFO  com.dongbao.test_demo3.TestMybatisPlus -   列: org_name , 类型: VARCHAR
15:44:34.163 [main] INFO  com.dongbao.test_demo3.TestMybatisPlus -   列: emp_type , 类型: VARCHAR
15:44:34.163 [main] INFO  com.dongbao.test_demo3.TestMybatisPlus -   列: post_name , 类型: VARCHAR
15:44:34.163 [main] INFO  com.dongbao.test_demo3.TestMybatisPlus -   列: duty_id , 类型: BIGINT
15:44:34.163 [main] INFO  com.dongbao.test_demo3.TestMybatisPlus -   列: duty_name , 类型: VARCHAR
15:44:34.163 [main] INFO  com.dongbao.test_demo3.TestMybatisPlus -   列: employment_nature , 类型: VARCHAR
15:44:34.163 [main] INFO  com.dongbao.test_demo3.TestMybatisPlus -   列: entry_source , 类型: VARCHAR
15:44:34.163 [main] INFO  com.dongbao.test_demo3.TestMybatisPlus -   列: probation_start_date , 类型: DATETIME
15:44:34.163 [main] INFO  com.dongbao.test_demo3.TestMybatisPlus -   列: probation_end_date , 类型: DATETIME
15:44:34.163 [main] INFO  com.dongbao.test_demo3.TestMybatisPlus -   列: work_months , 类型: INT
15:44:34.163 [main] INFO  com.dongbao.test_demo3.TestMybatisPlus -   列: leader_name , 类型: VARCHAR
15:44:34.163 [main] INFO  com.dongbao.test_demo3.TestMybatisPlus -   列: logic_no , 类型: VARCHAR
15:44:34.163 [main] INFO  com.dongbao.test_demo3.TestMybatisPlus -   列: archive_no , 类型: VARCHAR
15:44:34.163 [main] INFO  com.dongbao.test_demo3.TestMybatisPlus -   列: dispatch_company , 类型: VARCHAR
15:44:34.163 [main] INFO  com.dongbao.test_demo3.TestMybatisPlus -   列: ext_tel , 类型: VARCHAR
15:44:34.163 [main] INFO  com.dongbao.test_demo3.TestMybatisPlus -   列: first_post_intention , 类型: VARCHAR
15:44:34.163 [main] INFO  com.dongbao.test_demo3.TestMybatisPlus -   列: second_post_intention , 类型: VARCHAR
15:44:34.163 [main] INFO  com.dongbao.test_demo3.TestMybatisPlus -   列: status , 类型: VARCHAR
15:44:34.163 [main] INFO  com.dongbao.test_demo3.TestMybatisPlus -   列: third_post_intention , 类型: VARCHAR
15:44:34.163 [main] INFO  com.dongbao.test_demo3.TestMybatisPlus -   列: work_email , 类型: VARCHAR
15:44:34.163 [main] INFO  com.dongbao.test_demo3.TestMybatisPlus -   列: work_tel , 类型: VARCHAR
15:44:34.163 [main] INFO  com.dongbao.test_demo3.TestMybatisPlus -   列: physics_no , 类型: VARCHAR
15:44:34.163 [main] INFO  com.dongbao.test_demo3.TestMybatisPlus -   列: card_dept , 类型: VARCHAR
15:44:34.163 [main] INFO  com.dongbao.test_demo3.TestMybatisPlus -   列: is_probation , 类型: VARCHAR
15:44:34.163 [main] INFO  com.dongbao.test_demo3.TestMybatisPlus -   列: create_id , 类型: BIGINT
15:44:34.163 [main] INFO  com.dongbao.test_demo3.TestMybatisPlus -   列: create_name , 类型: VARCHAR
15:44:34.163 [main] INFO  com.dongbao.test_demo3.TestMybatisPlus -   列: create_date , 类型: DATETIME
15:44:34.163 [main] INFO  com.dongbao.test_demo3.TestMybatisPlus -   列: modify_id , 类型: BIGINT
15:44:34.163 [main] INFO  com.dongbao.test_demo3.TestMybatisPlus -   列: modify_name , 类型: VARCHAR
15:44:34.163 [main] INFO  com.dongbao.test_demo3.TestMybatisPlus -   列: modify_date , 类型: DATETIME
15:44:34.163 [main] INFO  com.dongbao.test_demo3.TestMybatisPlus -   列: is_delete , 类型: TINYINT
15:44:34.163 [main] INFO  com.dongbao.test_demo3.TestMybatisPlus -   列: entry_status , 类型: VARCHAR
15:44:34.163 [main] INFO  com.dongbao.test_demo3.TestMybatisPlus -   列: info_employ_id , 类型: BIGINT
15:44:34.163 [main] INFO  com.dongbao.test_demo3.TestMybatisPlus -   列: enable_date , 类型: DATETIME
15:44:34.163 [main] INFO  com.dongbao.test_demo3.TestMybatisPlus -   列: unable_date , 类型: DATETIME
15:44:34.163 [main] INFO  com.dongbao.test_demo3.TestMybatisPlus -   列: org_origin_id , 类型: BIGINT
15:44:34.163 [main] INFO  com.dongbao.test_demo3.TestMybatisPlus -   列: post_origin_id , 类型: BIGINT
15:44:34.164 [main] INFO  com.dongbao.test_demo3.TestMybatisPlus -   列: user_id , 类型: BIGINT
15:44:34.164 [main] INFO  com.dongbao.test_demo3.TestMybatisPlus -   列: audit_status , 类型: TINYINT
15:44:34.164 [main] INFO  com.dongbao.test_demo3.TestMybatisPlus -   列: position_and_rank , 类型: VARCHAR
15:44:34.164 [main] INFO  com.dongbao.test_demo3.TestMybatisPlus -   列: leave_date , 类型: DATETIME
15:44:34.164 [main] INFO  com.dongbao.test_demo3.TestMybatisPlus -   列: is_guest , 类型: VARCHAR
15:44:34.164 [main] INFO  com.dongbao.test_demo3.TestMybatisPlus -   列: introduce_name , 类型: VARCHAR
15:44:34.164 [main] INFO  com.dongbao.test_demo3.TestMybatisPlus -   列: introduce_id , 类型: BIGINT
15:44:34.164 [main] INFO  com.dongbao.test_demo3.TestMybatisPlus -   列: leader_origin_id , 类型: BIGINT
15:44:34.164 [main] INFO  com.dongbao.test_demo3.TestMybatisPlus -   列: leader_origin_ids , 类型: LONGTEXT
15:44:34.164 [main] INFO  com.dongbao.test_demo3.TestMybatisPlus -   列: last_communication_date , 类型: DATETIME
15:44:34.164 [main] INFO  com.dongbao.test_demo3.TestMybatisPlus -   列: contract_end_date , 类型: DATETIME
15:44:34.164 [main] INFO  com.dongbao.test_demo3.TestMybatisPlus -   列: flow_type , 类型: BIGINT
15:44:34.164 [main] INFO  com.dongbao.test_demo3.TestMybatisPlus -   列: work_years_entry_date , 类型: DATETIME
15:44:34.164 [main] INFO  com.dongbao.test_demo3.TestMybatisPlus -   列: level_position_id , 类型: BIGINT
15:44:34.164 [main] INFO  com.dongbao.test_demo3.TestMybatisPlus -   列: level_rank_id , 类型: BIGINT
15:44:34.164 [main] INFO  com.dongbao.test_demo3.TestMybatisPlus -   列: list_progress , 类型: DECIMAL
15:44:34.164 [main] INFO  com.dongbao.test_demo3.TestMybatisPlus -   列: flow_process , 类型: DECIMAL
15:44:34.164 [main] INFO  com.dongbao.test_demo3.TestMybatisPlus -   列: is_org_flow , 类型: INT
15:44:34.164 [main] INFO  com.dongbao.test_demo3.TestMybatisPlus -   列: area_code , 类型: VARCHAR
15:44:34.164 [main] INFO  com.dongbao.test_demo3.TestMybatisPlus -   列: company_ids , 类型: LONGTEXT
15:44:34.164 [main] INFO  com.dongbao.test_demo3.TestMybatisPlus -   列: org_parent_origin_ids , 类型: TEXT
15:44:34.164 [main] INFO  com.dongbao.test_demo3.TestMybatisPlus -   列: employ_id , 类型: BIGINT
15:44:34.164 [main] INFO  com.dongbao.test_demo3.TestMybatisPlus -   列: country_id , 类型: BIGINT
15:44:34.164 [main] INFO  com.dongbao.test_demo3.TestMybatisPlus -   列: work_age_value , 类型: VARCHAR
15:44:34.164 [main] INFO  com.dongbao.test_demo3.TestMybatisPlus -   列: last_daily_accounting_program_id , 类型: BIGINT
15:44:34.164 [main] INFO  com.dongbao.test_demo3.TestMybatisPlus -   列: last_monthly_accounting_program_id , 类型: BIGINT
15:44:34.164 [main] INFO  com.dongbao.test_demo3.TestMybatisPlus -   列: meid , 类型: VARCHAR
15:44:34.164 [main] INFO  com.dongbao.test_demo3.TestMybatisPlus -   列: native_place_id , 类型: LONGTEXT
15:44:34.164 [main] INFO  com.dongbao.test_demo3.TestMybatisPlus -   列: personal_head_portrait , 类型: VARCHAR
15:44:34.164 [main] INFO  com.dongbao.test_demo3.TestMybatisPlus -   列: district , 类型: LONGTEXT
15:44:34.164 [main] INFO  com.dongbao.test_demo3.TestMybatisPlus -   列: address_id , 类型: VARCHAR
15:44:34.164 [main] INFO  com.dongbao.test_demo3.TestMybatisPlus -   列: spell , 类型: VARCHAR
15:44:34.164 [main] INFO  com.dongbao.test_demo3.TestMybatisPlus -   列: jane_spell , 类型: VARCHAR
15:44:34.164 [main] INFO  com.dongbao.test_demo3.TestMybatisPlus -   列: tax_number , 类型: VARCHAR
15:44:34.164 [main] INFO  com.dongbao.test_demo3.TestMybatisPlus -   列: social_security_number , 类型: VARCHAR
15:44:34.164 [main] INFO  com.dongbao.test_demo3.TestMybatisPlus -   列: medical_social_security_number , 类型: VARCHAR
15:44:34.164 [main] INFO  com.dongbao.test_demo3.TestMybatisPlus -   列: name2 , 类型: VARCHAR
15:44:34.164 [main] INFO  com.dongbao.test_demo3.TestMybatisPlus -   列: name3 , 类型: VARCHAR
15:44:34.164 [main] INFO  com.dongbao.test_demo3.TestMybatisPlus -   列: name4 , 类型: VARCHAR
15:44:34.164 [main] INFO  com.dongbao.test_demo3.TestMybatisPlus -   列: name5 , 类型: VARCHAR
15:44:34.164 [main] INFO  com.dongbao.test_demo3.TestMybatisPlus -   列: name6 , 类型: VARCHAR
15:44:34.165 [main] INFO  com.dongbao.test_demo3.TestMybatisPlus -   列: full_spell , 类型: VARCHAR
15:44:34.165 [main] INFO  com.dongbao.test_demo3.TestMybatisPlus -   列: data_source_type , 类型: INT
15:44:34.165 [main] INFO  com.dongbao.test_demo3.TestMybatisPlus -   列: first_post_intention_name , 类型: VARCHAR
15:44:34.165 [main] INFO  com.dongbao.test_demo3.TestMybatisPlus -   列: second_post_intention_name , 类型: VARCHAR
15:44:34.165 [main] INFO  com.dongbao.test_demo3.TestMybatisPlus -   列: third_post_intention_name , 类型: VARCHAR
15:44:34.165 [main] INFO  com.dongbao.test_demo3.TestMybatisPlus -   列: is_talent_pool_transfer , 类型: VARCHAR
15:44:34.165 [main] INFO  com.dongbao.test_demo3.TestMybatisPlus -   列: is_get_accommodayion , 类型: VARCHAR
15:44:34.165 [main] INFO  com.dongbao.test_demo3.TestMybatisPlus -   列: accommodayion_start_date , 类型: DATETIME
15:44:34.165 [main] INFO  com.dongbao.test_demo3.TestMybatisPlus -   列: accommodayion_end_date , 类型: DATETIME
15:44:34.165 [main] INFO  com.dongbao.test_demo3.TestMybatisPlus -   列: is_id_card_imported , 类型: VARCHAR
15:44:34.165 [main] INFO  com.dongbao.test_demo3.TestMybatisPlus -   列: emp_rank , 类型: VARCHAR
15:44:34.165 [main] INFO  com.dongbao.test_demo3.TestMybatisPlus -   列: emp_post_rank , 类型: VARCHAR
15:44:34.165 [main] INFO  com.dongbao.test_demo3.TestMybatisPlus -   列: post_type , 类型: VARCHAR
15:44:34.165 [main] INFO  com.dongbao.test_demo3.TestMybatisPlus -   列: legally_admissible , 类型: VARCHAR
15:44:34.165 [main] INFO  com.dongbao.test_demo3.TestMybatisPlus -   列: certificate_type_id , 类型: BIGINT
15:44:34.165 [main] INFO  com.dongbao.test_demo3.TestMybatisPlus -   列: is_sum_work_age , 类型: VARCHAR
15:44:34.165 [main] INFO  com.dongbao.test_demo3.TestMybatisPlus -   列: work_age_year , 类型: INT
15:44:34.165 [main] INFO  com.dongbao.test_demo3.TestMybatisPlus -   列: work_age_mouth , 类型: INT
15:44:34.165 [main] INFO  com.dongbao.test_demo3.TestMybatisPlus -   列: probation_status , 类型: VARCHAR
15:44:34.165 [main] INFO  com.dongbao.test_demo3.TestMybatisPlus -   列: positive_status , 类型: VARCHAR
15:44:34.165 [main] INFO  com.dongbao.test_demo3.TestMybatisPlus -   列: mail_imap , 类型: VARCHAR
15:44:34.165 [main] INFO  com.dongbao.test_demo3.TestMybatisPlus -   列: mail_port , 类型: VARCHAR
15:44:34.165 [main] INFO  com.dongbao.test_demo3.TestMybatisPlus -   列: mail_account , 类型: VARCHAR
15:44:34.165 [main] INFO  com.dongbao.test_demo3.TestMybatisPlus -   列: account_key , 类型: VARCHAR
15:44:34.165 [main] INFO  com.dongbao.test_demo3.TestMybatisPlus -   列: mail_account_key , 类型: VARCHAR
15:44:34.165 [main] INFO  com.dongbao.test_demo3.TestMybatisPlus -   列: open_ssl , 类型: VARCHAR
15:44:34.166 [main] INFO  com.dongbao.test_demo3.TestMybatisPlus -   列: use_record_mail , 类型: VARCHAR
15:44:34.166 [main] INFO  com.dongbao.test_demo3.TestMybatisPlus -   列: mail_type , 类型: VARCHAR
15:44:34.166 [main] INFO  com.dongbao.test_demo3.TestMybatisPlus -   列: current_org_origin_id , 类型: BIGINT
15:44:34.166 [main] INFO  com.dongbao.test_demo3.TestMybatisPlus -   列: current_work_group , 类型: VARCHAR
15:44:34.166 [main] INFO  com.dongbao.test_demo3.TestMybatisPlus -   列: current_work_group_id , 类型: BIGINT
15:44:34.166 [main] INFO  com.dongbao.test_demo3.TestMybatisPlus -   列: type_of_work , 类型: VARCHAR
15:44:34.166 [main] INFO  com.dongbao.test_demo3.TestMybatisPlus -   列: cost_center_ids , 类型: LONGTEXT
15:44:34.166 [main] INFO  com.dongbao.test_demo3.TestMybatisPlus -   列: is_report_clock , 类型: VARCHAR
15:44:34.166 [main] INFO  com.dongbao.test_demo3.TestMybatisPlus -   列: qy_wx_uid , 类型: VARCHAR
15:44:34.166 [main] INFO  com.dongbao.test_demo3.TestMybatisPlus -   列: dingtalk_uid , 类型: VARCHAR
15:44:34.166 [main] INFO  com.dongbao.test_demo3.TestMybatisPlus -   列: legally_admissible_id , 类型: BIGINT
15:44:34.166 [main] INFO  com.dongbao.test_demo3.TestMybatisPlus -   列: is_wait_leave , 类型: VARCHAR
15:44:34.166 [main] INFO  com.dongbao.test_demo3.TestMybatisPlus -   列: parttime_org_origin_ids , 类型: LONGTEXT
15:44:34.166 [main] INFO  com.dongbao.test_demo3.TestMybatisPlus -   列: is_ignore_count , 类型: TINYINT
15:44:34.166 [main] INFO  com.dongbao.test_demo3.TestMybatisPlus -   列: is_master , 类型: VARCHAR
15:44:34.166 [main] INFO  com.dongbao.test_demo3.TestMybatisPlus -   列: custom_spell , 类型: VARCHAR
15:44:34.166 [main] INFO  com.dongbao.test_demo3.TestMybatisPlus -   列: parttime_org_parent_ids , 类型: LONGTEXT
15:44:34.166 [main] INFO  com.dongbao.test_demo3.TestMybatisPlus -   列: site_file_id , 类型: BIGINT
15:44:34.166 [main] INFO  com.dongbao.test_demo3.TestMybatisPlus -   列: site_file_name , 类型: VARCHAR
15:44:34.166 [main] INFO  com.dongbao.test_demo3.TestMybatisPlus -   列: audit_status_show , 类型: VARCHAR
15:44:34.166 [main] INFO  com.dongbao.test_demo3.TestMybatisPlus -   列: cost_center_names , 类型: LONGTEXT
15:44:34.166 [main] INFO  com.dongbao.test_demo3.TestMybatisPlus -   列: vir_org_names , 类型: LONGTEXT
15:44:34.166 [main] INFO  com.dongbao.test_demo3.TestMybatisPlus -   列: family_name_spell , 类型: VARCHAR
15:44:34.166 [main] INFO  com.dongbao.test_demo3.TestMybatisPlus -   列: name_spell , 类型: VARCHAR
15:44:34.166 [main] INFO  com.dongbao.test_demo3.TestMybatisPlus -   列: sn , 类型: VARCHAR
15:44:34.166 [main] INFO  com.dongbao.test_demo3.TestMybatisPlus -   列: given_name , 类型: VARCHAR
15:44:34.166 [main] INFO  com.dongbao.test_demo3.TestMybatisPlus -   列: description , 类型: VARCHAR
15:44:34.166 [main] INFO  com.dongbao.test_demo3.TestMybatisPlus -   列: emp_sort , 类型: INT
15:44:34.166 [main] INFO  com.dongbao.test_demo3.TestMybatisPlus -   列: date_of_working , 类型: DATETIME
15:44:34.166 [main] INFO  com.dongbao.test_demo3.TestMybatisPlus -   列: entry_count , 类型: INT
15:44:34.166 [main] INFO  com.dongbao.test_demo3.TestMybatisPlus -   列: third_key , 类型: VARCHAR
15:44:34.166 [main] INFO  com.dongbao.test_demo3.TestMybatisPlus -   列: age , 类型: INT
15:44:34.166 [main] INFO  com.dongbao.test_demo3.TestMybatisPlus -   列: ExtEventPersonNo , 类型: VARCHAR
15:44:34.166 [main] INFO  com.dongbao.test_demo3.TestMybatisPlus -   列: per_org_user_type , 类型: VARCHAR
15:44:34.166 [main] INFO  com.dongbao.test_demo3.TestMybatisPlus -   列: work_place , 类型: VARCHAR
15:44:34.166 [main] INFO  com.dongbao.test_demo3.TestMybatisPlus -   列: labor_dispatching_date , 类型: DATETIME
15:44:34.166 [main] INFO  com.dongbao.test_demo3.TestMybatisPlus -   列: social-insurance , 类型: VARCHAR
15:44:34.167 [main] INFO  com.dongbao.test_demo3.TestMybatisPlus -   列: Provident-Fund , 类型: VARCHAR
15:44:34.167 [main] INFO  com.dongbao.test_demo3.TestMybatisPlus -   列: social_insurance , 类型: VARCHAR
15:44:34.167 [main] INFO  com.dongbao.test_demo3.TestMybatisPlus -   列: provident_und , 类型: VARCHAR
15:44:34.167 [main] INFO  com.dongbao.test_demo3.TestMybatisPlus -   列: recruit , 类型: VARCHAR
15:44:34.167 [main] INFO  com.dongbao.test_demo3.TestMybatisPlus -   列: code , 类型: VARCHAR
15:44:34.167 [main] INFO  com.dongbao.test_demo3.TestMybatisPlus -   列: part_time_job , 类型: LONGTEXT
15:44:34.167 [main] INFO  com.dongbao.test_demo3.TestMybatisPlus -   列: c_inspect_data , 类型: DATETIME
15:44:34.167 [main] INFO  com.dongbao.test_demo3.TestMybatisPlus -   列: c_sxkssj , 类型: DATETIME
15:44:34.167 [main] INFO  com.dongbao.test_demo3.TestMybatisPlus -   列: c_sxjssj , 类型: DATETIME
15:44:34.168 [main] INFO  com.dongbao.test_demo3.TestMybatisPlus -   列: c_physics_no , 类型: VARCHAR
15:44:34.168 [main] INFO  com.dongbao.test_demo3.TestMybatisPlus -   列: application_id , 类型: VARCHAR
15:44:34.168 [main] INFO  com.dongbao.test_demo3.TestMybatisPlus -   列: c_level , 类型: INT
15:44:34.168 [main] INFO  com.dongbao.test_demo3.TestMybatisPlus -   列: c_tempType , 类型: VARCHAR
15:44:34.168 [main] INFO  com.dongbao.test_demo3.TestMybatisPlus -   列: rank_position_program_id , 类型: BIGINT
15:44:34.168 [main] INFO  com.dongbao.test_demo3.TestMybatisPlus -   列: sequence_name , 类型: VARCHAR
15:44:34.168 [main] INFO  com.dongbao.test_demo3.TestMybatisPlus -   列: sequence_level_id , 类型: BIGINT
15:44:34.168 [main] INFO  com.dongbao.test_demo3.TestMybatisPlus -   列: sequence_level_name , 类型: VARCHAR
15:44:34.168 [main] INFO  com.dongbao.test_demo3.TestMybatisPlus -   列: post_level_id , 类型: BIGINT
15:44:34.168 [main] INFO  com.dongbao.test_demo3.TestMybatisPlus -   列: is_intern , 类型: VARCHAR
15:44:34.168 [main] INFO  com.dongbao.test_demo3.TestMybatisPlus -   列: emp_level , 类型: INT
15:44:34.168 [main] INFO  com.dongbao.test_demo3.TestMybatisPlus -   列: basic_level , 类型: VARCHAR
15:44:34.168 [main] INFO  com.dongbao.test_demo3.TestMybatisPlus -   列: c_sumYdays , 类型: INT
15:44:34.168 [main] INFO  com.dongbao.test_demo3.TestMybatisPlus -   列: c_handsumYear , 类型: INT
15:44:34.168 [main] INFO  com.dongbao.test_demo3.TestMybatisPlus -   列: c_roundSumYear , 类型: INT
15:44:34.168 [main] INFO  com.dongbao.test_demo3.TestMybatisPlus -   列: c_Social_security_type , 类型: VARCHAR
15:44:34.168 [main] INFO  com.dongbao.test_demo3.TestMybatisPlus -   列: c_post_code , 类型: VARCHAR
15:44:34.168 [main] INFO  com.dongbao.test_demo3.TestMybatisPlus -   列: c_leave_type , 类型: VARCHAR
15:44:34.168 [main] INFO  com.dongbao.test_demo3.TestMybatisPlus -   列: c_become_regular_date , 类型: VARCHAR
15:44:34.168 [main] INFO  com.dongbao.test_demo3.TestMybatisPlus -   列: reinstate_way , 类型: VARCHAR
15:44:34.168 [main] INFO  com.dongbao.test_demo3.TestMybatisPlus -   列: reinstate_origin_ids , 类型: LONGTEXT
15:44:34.168 [main] INFO  com.dongbao.test_demo3.TestMybatisPlus -   列: c_lock_regular_date , 类型: VARCHAR
15:44:34.168 [main] INFO  com.dongbao.test_demo3.TestMybatisPlus -   列: c_is_sync_system , 类型: INT
15:44:34.168 [main] INFO  com.dongbao.test_demo3.TestMybatisPlus -   列: c_is_xsxzsbt , 类型: INT
15:44:34.168 [main] INFO  com.dongbao.test_demo3.TestMybatisPlus -   列: c_is_accumulation_fund , 类型: TINYINT
15:44:34.168 [main] INFO  com.dongbao.test_demo3.TestMybatisPlus -   列: c_dingtalk_unionid , 类型: VARCHAR
15:44:34.169 [main] INFO  com.dongbao.test_demo3.TestMybatisPlus -   列: c_employ_id , 类型: BIGINT
15:44:34.169 [main] INFO  com.dongbao.test_demo3.TestMybatisPlus -   列: identity_type , 类型: VARCHAR
15:44:34.169 [main] INFO  com.dongbao.test_demo3.TestMybatisPlus -   列: is_current , 类型: TINYINT
15:44:34.169 [main] INFO  com.dongbao.test_demo3.TestMybatisPlus -   列: id , 类型: BIGINT UNSIGNED
15:44:34.169 [main] INFO  com.dongbao.test_demo3.TestMybatisPlus -   列: origin_id , 类型: BIGINT
15:44:34.169 [main] INFO  com.dongbao.test_demo3.TestMybatisPlus -   列: head_portrait , 类型: VARCHAR
15:44:34.169 [main] INFO  com.dongbao.test_demo3.TestMybatisPlus -   列: name , 类型: VARCHAR
15:44:34.169 [main] INFO  com.dongbao.test_demo3.TestMybatisPlus -   列: short_name , 类型: VARCHAR
15:44:34.169 [main] INFO  com.dongbao.test_demo3.TestMybatisPlus -   列: english_name , 类型: VARCHAR
15:44:34.169 [main] INFO  com.dongbao.test_demo3.TestMybatisPlus -   列: education , 类型: VARCHAR
15:44:34.169 [main] INFO  com.dongbao.test_demo3.TestMybatisPlus -   列: sex , 类型: VARCHAR
15:44:34.169 [main] INFO  com.dongbao.test_demo3.TestMybatisPlus -   列: mobile , 类型: VARCHAR
15:44:34.169 [main] INFO  com.dongbao.test_demo3.TestMybatisPlus -   列: marital_status , 类型: VARCHAR
15:44:34.170 [main] INFO  com.dongbao.test_demo3.TestMybatisPlus -   列: email , 类型: VARCHAR
15:44:34.170 [main] INFO  com.dongbao.test_demo3.TestMybatisPlus -   列: certificate_type , 类型: VARCHAR
15:44:34.170 [main] INFO  com.dongbao.test_demo3.TestMybatisPlus -   列: certificate_no , 类型: VARCHAR
15:44:34.170 [main] INFO  com.dongbao.test_demo3.TestMybatisPlus -   列: certificate_start_date , 类型: DATETIME
15:44:34.170 [main] INFO  com.dongbao.test_demo3.TestMybatisPlus -   列: certificate_end_date , 类型: DATETIME
15:44:34.170 [main] INFO  com.dongbao.test_demo3.TestMybatisPlus -   列: id_card_address , 类型: VARCHAR
15:44:34.170 [main] INFO  com.dongbao.test_demo3.TestMybatisPlus -   列: birth_date_type , 类型: VARCHAR
15:44:34.170 [main] INFO  com.dongbao.test_demo3.TestMybatisPlus -   列: birth_date , 类型: DATETIME
15:44:34.170 [main] INFO  com.dongbao.test_demo3.TestMybatisPlus -   列: nation , 类型: VARCHAR
15:44:34.170 [main] INFO  com.dongbao.test_demo3.TestMybatisPlus -   列: nationality_id , 类型: VARCHAR
15:44:34.170 [main] INFO  com.dongbao.test_demo3.TestMybatisPlus -   列: nationality , 类型: VARCHAR
15:44:34.170 [main] INFO  com.dongbao.test_demo3.TestMybatisPlus -   列: native_place , 类型: VARCHAR
15:44:34.170 [main] INFO  com.dongbao.test_demo3.TestMybatisPlus -   列: domicile_type , 类型: VARCHAR
15:44:34.170 [main] INFO  com.dongbao.test_demo3.TestMybatisPlus -   列: politics_status , 类型: VARCHAR
15:44:34.170 [main] INFO  com.dongbao.test_demo3.TestMybatisPlus -   列: address , 类型: LONGTEXT
15:44:34.170 [main] INFO  com.dongbao.test_demo3.TestMybatisPlus -   列: blood_type , 类型: VARCHAR
15:44:34.170 [main] INFO  com.dongbao.test_demo3.TestMybatisPlus -   列: height , 类型: DECIMAL
15:44:34.170 [main] INFO  com.dongbao.test_demo3.TestMybatisPlus -   列: constellation , 类型: VARCHAR
15:44:34.170 [main] INFO  com.dongbao.test_demo3.TestMybatisPlus -   列: handedness , 类型: VARCHAR
15:44:34.170 [main] INFO  com.dongbao.test_demo3.TestMybatisPlus -   列: smoke , 类型: VARCHAR
15:44:34.170 [main] INFO  com.dongbao.test_demo3.TestMybatisPlus -   列: speciality , 类型: VARCHAR
15:44:34.170 [main] INFO  com.dongbao.test_demo3.TestMybatisPlus -   列: religion , 类型: VARCHAR
15:44:34.170 [main] INFO  com.dongbao.test_demo3.TestMybatisPlus -   列: health , 类型: VARCHAR
15:44:34.170 [main] INFO  com.dongbao.test_demo3.TestMybatisPlus -   列: remark , 类型: LONGTEXT
15:44:34.170 [main] INFO  com.dongbao.test_demo3.TestMybatisPlus -   列: emp_no , 类型: VARCHAR
15:44:34.171 [main] INFO  com.dongbao.test_demo3.TestMybatisPlus -   列: entry_date , 类型: DATETIME
15:44:34.171 [main] INFO  com.dongbao.test_demo3.TestMybatisPlus -   列: company_id , 类型: BIGINT
15:44:34.171 [main] INFO  com.dongbao.test_demo3.TestMybatisPlus -   列: company_name , 类型: VARCHAR
15:44:34.171 [main] INFO  com.dongbao.test_demo3.TestMybatisPlus -   列: attach , 类型: VARCHAR
15:44:34.171 [main] INFO  com.dongbao.test_demo3.TestMybatisPlus -   列: org_name , 类型: VARCHAR
15:44:34.171 [main] INFO  com.dongbao.test_demo3.TestMybatisPlus -   列: emp_type , 类型: VARCHAR
15:44:34.171 [main] INFO  com.dongbao.test_demo3.TestMybatisPlus -   列: post_name , 类型: VARCHAR
15:44:34.171 [main] INFO  com.dongbao.test_demo3.TestMybatisPlus -   列: duty_id , 类型: BIGINT
15:44:34.171 [main] INFO  com.dongbao.test_demo3.TestMybatisPlus -   列: duty_name , 类型: VARCHAR
15:44:34.171 [main] INFO  com.dongbao.test_demo3.TestMybatisPlus -   列: employment_nature , 类型: VARCHAR
15:44:34.171 [main] INFO  com.dongbao.test_demo3.TestMybatisPlus -   列: entry_source , 类型: VARCHAR
15:44:34.171 [main] INFO  com.dongbao.test_demo3.TestMybatisPlus -   列: probation_start_date , 类型: DATETIME
15:44:34.171 [main] INFO  com.dongbao.test_demo3.TestMybatisPlus -   列: probation_end_date , 类型: DATETIME
15:44:34.171 [main] INFO  com.dongbao.test_demo3.TestMybatisPlus -   列: work_months , 类型: INT
15:44:34.171 [main] INFO  com.dongbao.test_demo3.TestMybatisPlus -   列: leader_name , 类型: VARCHAR
15:44:34.171 [main] INFO  com.dongbao.test_demo3.TestMybatisPlus -   列: logic_no , 类型: VARCHAR
15:44:34.171 [main] INFO  com.dongbao.test_demo3.TestMybatisPlus -   列: archive_no , 类型: VARCHAR
15:44:34.171 [main] INFO  com.dongbao.test_demo3.TestMybatisPlus -   列: dispatch_company , 类型: VARCHAR
15:44:34.171 [main] INFO  com.dongbao.test_demo3.TestMybatisPlus -   列: ext_tel , 类型: VARCHAR
15:44:34.171 [main] INFO  com.dongbao.test_demo3.TestMybatisPlus -   列: first_post_intention , 类型: VARCHAR
15:44:34.171 [main] INFO  com.dongbao.test_demo3.TestMybatisPlus -   列: second_post_intention , 类型: VARCHAR
15:44:34.171 [main] INFO  com.dongbao.test_demo3.TestMybatisPlus -   列: status , 类型: VARCHAR
15:44:34.171 [main] INFO  com.dongbao.test_demo3.TestMybatisPlus -   列: third_post_intention , 类型: VARCHAR
15:44:34.171 [main] INFO  com.dongbao.test_demo3.TestMybatisPlus -   列: work_email , 类型: VARCHAR
15:44:34.171 [main] INFO  com.dongbao.test_demo3.TestMybatisPlus -   列: work_tel , 类型: VARCHAR
15:44:34.171 [main] INFO  com.dongbao.test_demo3.TestMybatisPlus -   列: physics_no , 类型: VARCHAR
15:44:34.171 [main] INFO  com.dongbao.test_demo3.TestMybatisPlus -   列: card_dept , 类型: VARCHAR
15:44:34.171 [main] INFO  com.dongbao.test_demo3.TestMybatisPlus -   列: is_probation , 类型: VARCHAR
15:44:34.171 [main] INFO  com.dongbao.test_demo3.TestMybatisPlus -   列: create_id , 类型: BIGINT
15:44:34.171 [main] INFO  com.dongbao.test_demo3.TestMybatisPlus -   列: create_name , 类型: VARCHAR
15:44:34.171 [main] INFO  com.dongbao.test_demo3.TestMybatisPlus -   列: create_date , 类型: DATETIME
15:44:34.171 [main] INFO  com.dongbao.test_demo3.TestMybatisPlus -   列: modify_id , 类型: BIGINT
15:44:34.171 [main] INFO  com.dongbao.test_demo3.TestMybatisPlus -   列: modify_name , 类型: VARCHAR
15:44:34.171 [main] INFO  com.dongbao.test_demo3.TestMybatisPlus -   列: modify_date , 类型: DATETIME
15:44:34.171 [main] INFO  com.dongbao.test_demo3.TestMybatisPlus -   列: is_delete , 类型: TINYINT
15:44:34.171 [main] INFO  com.dongbao.test_demo3.TestMybatisPlus -   列: entry_status , 类型: VARCHAR
15:44:34.171 [main] INFO  com.dongbao.test_demo3.TestMybatisPlus -   列: info_employ_id , 类型: BIGINT
15:44:34.171 [main] INFO  com.dongbao.test_demo3.TestMybatisPlus -   列: enable_date , 类型: DATETIME
15:44:34.171 [main] INFO  com.dongbao.test_demo3.TestMybatisPlus -   列: unable_date , 类型: DATETIME
15:44:34.171 [main] INFO  com.dongbao.test_demo3.TestMybatisPlus -   列: org_origin_id , 类型: BIGINT
15:44:34.171 [main] INFO  com.dongbao.test_demo3.TestMybatisPlus -   列: post_origin_id , 类型: BIGINT
15:44:34.171 [main] INFO  com.dongbao.test_demo3.TestMybatisPlus -   列: user_id , 类型: BIGINT
15:44:34.171 [main] INFO  com.dongbao.test_demo3.TestMybatisPlus -   列: audit_status , 类型: TINYINT
15:44:34.171 [main] INFO  com.dongbao.test_demo3.TestMybatisPlus -   列: position_and_rank , 类型: VARCHAR
15:44:34.171 [main] INFO  com.dongbao.test_demo3.TestMybatisPlus -   列: leave_date , 类型: DATETIME
15:44:34.171 [main] INFO  com.dongbao.test_demo3.TestMybatisPlus -   列: is_guest , 类型: VARCHAR
15:44:34.171 [main] INFO  com.dongbao.test_demo3.TestMybatisPlus -   列: introduce_name , 类型: VARCHAR
15:44:34.171 [main] INFO  com.dongbao.test_demo3.TestMybatisPlus -   列: introduce_id , 类型: BIGINT
15:44:34.171 [main] INFO  com.dongbao.test_demo3.TestMybatisPlus -   列: leader_origin_id , 类型: BIGINT
15:44:34.171 [main] INFO  com.dongbao.test_demo3.TestMybatisPlus -   列: leader_origin_ids , 类型: LONGTEXT
15:44:34.171 [main] INFO  com.dongbao.test_demo3.TestMybatisPlus -   列: last_communication_date , 类型: DATETIME
15:44:34.171 [main] INFO  com.dongbao.test_demo3.TestMybatisPlus -   列: contract_end_date , 类型: DATETIME
15:44:34.171 [main] INFO  com.dongbao.test_demo3.TestMybatisPlus -   列: flow_type , 类型: BIGINT
15:44:34.171 [main] INFO  com.dongbao.test_demo3.TestMybatisPlus -   列: work_years_entry_date , 类型: DATETIME
15:44:34.171 [main] INFO  com.dongbao.test_demo3.TestMybatisPlus -   列: level_position_id , 类型: BIGINT
15:44:34.171 [main] INFO  com.dongbao.test_demo3.TestMybatisPlus -   列: level_rank_id , 类型: BIGINT
15:44:34.171 [main] INFO  com.dongbao.test_demo3.TestMybatisPlus -   列: list_progress , 类型: DECIMAL
15:44:34.171 [main] INFO  com.dongbao.test_demo3.TestMybatisPlus -   列: flow_process , 类型: DECIMAL
15:44:34.171 [main] INFO  com.dongbao.test_demo3.TestMybatisPlus -   列: is_org_flow , 类型: INT
15:44:34.171 [main] INFO  com.dongbao.test_demo3.TestMybatisPlus -   列: area_code , 类型: VARCHAR
15:44:34.172 [main] INFO  com.dongbao.test_demo3.TestMybatisPlus -   列: company_ids , 类型: LONGTEXT
15:44:34.172 [main] INFO  com.dongbao.test_demo3.TestMybatisPlus -   列: org_parent_origin_ids , 类型: TEXT
15:44:34.172 [main] INFO  com.dongbao.test_demo3.TestMybatisPlus -   列: employ_id , 类型: BIGINT
15:44:34.172 [main] INFO  com.dongbao.test_demo3.TestMybatisPlus -   列: country_id , 类型: BIGINT
15:44:34.172 [main] INFO  com.dongbao.test_demo3.TestMybatisPlus -   列: work_age_value , 类型: VARCHAR
15:44:34.172 [main] INFO  com.dongbao.test_demo3.TestMybatisPlus -   列: last_daily_accounting_program_id , 类型: BIGINT
15:44:34.172 [main] INFO  com.dongbao.test_demo3.TestMybatisPlus -   列: last_monthly_accounting_program_id , 类型: BIGINT
15:44:34.172 [main] INFO  com.dongbao.test_demo3.TestMybatisPlus -   列: meid , 类型: VARCHAR
15:44:34.172 [main] INFO  com.dongbao.test_demo3.TestMybatisPlus -   列: native_place_id , 类型: LONGTEXT
15:44:34.172 [main] INFO  com.dongbao.test_demo3.TestMybatisPlus -   列: personal_head_portrait , 类型: VARCHAR
15:44:34.172 [main] INFO  com.dongbao.test_demo3.TestMybatisPlus -   列: district , 类型: LONGTEXT
15:44:34.172 [main] INFO  com.dongbao.test_demo3.TestMybatisPlus -   列: address_id , 类型: VARCHAR
15:44:34.172 [main] INFO  com.dongbao.test_demo3.TestMybatisPlus -   列: spell , 类型: VARCHAR
15:44:34.172 [main] INFO  com.dongbao.test_demo3.TestMybatisPlus -   列: jane_spell , 类型: VARCHAR
15:44:34.172 [main] INFO  com.dongbao.test_demo3.TestMybatisPlus -   列: tax_number , 类型: VARCHAR
15:44:34.172 [main] INFO  com.dongbao.test_demo3.TestMybatisPlus -   列: social_security_number , 类型: VARCHAR
15:44:34.172 [main] INFO  com.dongbao.test_demo3.TestMybatisPlus -   列: medical_social_security_number , 类型: VARCHAR
15:44:34.172 [main] INFO  com.dongbao.test_demo3.TestMybatisPlus -   列: name2 , 类型: VARCHAR
15:44:34.172 [main] INFO  com.dongbao.test_demo3.TestMybatisPlus -   列: name3 , 类型: VARCHAR
15:44:34.172 [main] INFO  com.dongbao.test_demo3.TestMybatisPlus -   列: name4 , 类型: VARCHAR
15:44:34.172 [main] INFO  com.dongbao.test_demo3.TestMybatisPlus -   列: name5 , 类型: VARCHAR
15:44:34.172 [main] INFO  com.dongbao.test_demo3.TestMybatisPlus -   列: name6 , 类型: VARCHAR
15:44:34.172 [main] INFO  com.dongbao.test_demo3.TestMybatisPlus -   列: full_spell , 类型: VARCHAR
15:44:34.172 [main] INFO  com.dongbao.test_demo3.TestMybatisPlus -   列: data_source_type , 类型: INT
15:44:34.172 [main] INFO  com.dongbao.test_demo3.TestMybatisPlus -   列: first_post_intention_name , 类型: VARCHAR
15:44:34.172 [main] INFO  com.dongbao.test_demo3.TestMybatisPlus -   列: second_post_intention_name , 类型: VARCHAR
15:44:34.172 [main] INFO  com.dongbao.test_demo3.TestMybatisPlus -   列: third_post_intention_name , 类型: VARCHAR
15:44:34.172 [main] INFO  com.dongbao.test_demo3.TestMybatisPlus -   列: is_talent_pool_transfer , 类型: VARCHAR
15:44:34.172 [main] INFO  com.dongbao.test_demo3.TestMybatisPlus -   列: is_get_accommodayion , 类型: VARCHAR
15:44:34.173 [main] INFO  com.dongbao.test_demo3.TestMybatisPlus -   列: accommodayion_start_date , 类型: DATETIME
15:44:34.173 [main] INFO  com.dongbao.test_demo3.TestMybatisPlus -   列: accommodayion_end_date , 类型: DATETIME
15:44:34.173 [main] INFO  com.dongbao.test_demo3.TestMybatisPlus -   列: is_id_card_imported , 类型: VARCHAR
15:44:34.173 [main] INFO  com.dongbao.test_demo3.TestMybatisPlus -   列: emp_rank , 类型: VARCHAR
15:44:34.173 [main] INFO  com.dongbao.test_demo3.TestMybatisPlus -   列: emp_post_rank , 类型: VARCHAR
15:44:34.173 [main] INFO  com.dongbao.test_demo3.TestMybatisPlus -   列: post_type , 类型: VARCHAR
15:44:34.173 [main] INFO  com.dongbao.test_demo3.TestMybatisPlus -   列: legally_admissible , 类型: VARCHAR
15:44:34.173 [main] INFO  com.dongbao.test_demo3.TestMybatisPlus -   列: certificate_type_id , 类型: BIGINT
15:44:34.173 [main] INFO  com.dongbao.test_demo3.TestMybatisPlus -   列: is_sum_work_age , 类型: VARCHAR
15:44:34.173 [main] INFO  com.dongbao.test_demo3.TestMybatisPlus -   列: work_age_year , 类型: INT
15:44:34.173 [main] INFO  com.dongbao.test_demo3.TestMybatisPlus -   列: work_age_mouth , 类型: INT
15:44:34.173 [main] INFO  com.dongbao.test_demo3.TestMybatisPlus -   列: probation_status , 类型: VARCHAR
15:44:34.173 [main] INFO  com.dongbao.test_demo3.TestMybatisPlus -   列: positive_status , 类型: VARCHAR
15:44:34.173 [main] INFO  com.dongbao.test_demo3.TestMybatisPlus -   列: mail_imap , 类型: VARCHAR
15:44:34.173 [main] INFO  com.dongbao.test_demo3.TestMybatisPlus -   列: mail_port , 类型: VARCHAR
15:44:34.173 [main] INFO  com.dongbao.test_demo3.TestMybatisPlus -   列: mail_account , 类型: VARCHAR
15:44:34.173 [main] INFO  com.dongbao.test_demo3.TestMybatisPlus -   列: account_key , 类型: VARCHAR
15:44:34.173 [main] INFO  com.dongbao.test_demo3.TestMybatisPlus -   列: mail_account_key , 类型: VARCHAR
15:44:34.173 [main] INFO  com.dongbao.test_demo3.TestMybatisPlus -   列: open_ssl , 类型: VARCHAR
15:44:34.173 [main] INFO  com.dongbao.test_demo3.TestMybatisPlus -   列: use_record_mail , 类型: VARCHAR
15:44:34.173 [main] INFO  com.dongbao.test_demo3.TestMybatisPlus -   列: mail_type , 类型: VARCHAR
15:44:34.173 [main] INFO  com.dongbao.test_demo3.TestMybatisPlus -   列: current_org_origin_id , 类型: BIGINT
15:44:34.173 [main] INFO  com.dongbao.test_demo3.TestMybatisPlus -   列: current_work_group , 类型: VARCHAR
15:44:34.173 [main] INFO  com.dongbao.test_demo3.TestMybatisPlus -   列: current_work_group_id , 类型: BIGINT
15:44:34.173 [main] INFO  com.dongbao.test_demo3.TestMybatisPlus -   列: type_of_work , 类型: VARCHAR
15:44:34.173 [main] INFO  com.dongbao.test_demo3.TestMybatisPlus -   列: cost_center_ids , 类型: LONGTEXT
15:44:34.173 [main] INFO  com.dongbao.test_demo3.TestMybatisPlus -   列: is_report_clock , 类型: VARCHAR
15:44:34.173 [main] INFO  com.dongbao.test_demo3.TestMybatisPlus -   列: qy_wx_uid , 类型: VARCHAR
15:44:34.173 [main] INFO  com.dongbao.test_demo3.TestMybatisPlus -   列: dingtalk_uid , 类型: VARCHAR
15:44:34.173 [main] INFO  com.dongbao.test_demo3.TestMybatisPlus -   列: legally_admissible_id , 类型: BIGINT
15:44:34.174 [main] INFO  com.dongbao.test_demo3.TestMybatisPlus -   列: is_wait_leave , 类型: VARCHAR
15:44:34.174 [main] INFO  com.dongbao.test_demo3.TestMybatisPlus -   列: parttime_org_origin_ids , 类型: LONGTEXT
15:44:34.174 [main] INFO  com.dongbao.test_demo3.TestMybatisPlus -   列: is_ignore_count , 类型: TINYINT
15:44:34.174 [main] INFO  com.dongbao.test_demo3.TestMybatisPlus -   列: is_master , 类型: VARCHAR
15:44:34.174 [main] INFO  com.dongbao.test_demo3.TestMybatisPlus -   列: custom_spell , 类型: VARCHAR
15:44:34.174 [main] INFO  com.dongbao.test_demo3.TestMybatisPlus -   列: parttime_org_parent_ids , 类型: LONGTEXT
15:44:34.174 [main] INFO  com.dongbao.test_demo3.TestMybatisPlus -   列: site_file_id , 类型: BIGINT
15:44:34.174 [main] INFO  com.dongbao.test_demo3.TestMybatisPlus -   列: site_file_name , 类型: VARCHAR
15:44:34.174 [main] INFO  com.dongbao.test_demo3.TestMybatisPlus -   列: audit_status_show , 类型: VARCHAR
15:44:34.174 [main] INFO  com.dongbao.test_demo3.TestMybatisPlus -   列: cost_center_names , 类型: LONGTEXT
15:44:34.174 [main] INFO  com.dongbao.test_demo3.TestMybatisPlus -   列: vir_org_names , 类型: LONGTEXT
15:44:34.174 [main] INFO  com.dongbao.test_demo3.TestMybatisPlus -   列: family_name_spell , 类型: VARCHAR
15:44:34.174 [main] INFO  com.dongbao.test_demo3.TestMybatisPlus -   列: name_spell , 类型: VARCHAR
15:44:34.174 [main] INFO  com.dongbao.test_demo3.TestMybatisPlus -   列: sn , 类型: VARCHAR
15:44:34.174 [main] INFO  com.dongbao.test_demo3.TestMybatisPlus -   列: given_name , 类型: VARCHAR
15:44:34.174 [main] INFO  com.dongbao.test_demo3.TestMybatisPlus -   列: description , 类型: VARCHAR
15:44:34.174 [main] INFO  com.dongbao.test_demo3.TestMybatisPlus -   列: emp_sort , 类型: INT
15:44:34.174 [main] INFO  com.dongbao.test_demo3.TestMybatisPlus -   列: date_of_working , 类型: DATETIME
15:44:34.174 [main] INFO  com.dongbao.test_demo3.TestMybatisPlus -   列: entry_count , 类型: INT
15:44:34.174 [main] INFO  com.dongbao.test_demo3.TestMybatisPlus -   列: third_key , 类型: VARCHAR
15:44:34.174 [main] INFO  com.dongbao.test_demo3.TestMybatisPlus -   列: age , 类型: INT
15:44:34.174 [main] INFO  com.dongbao.test_demo3.TestMybatisPlus -   列: ExtEventPersonNo , 类型: VARCHAR
15:44:34.174 [main] INFO  com.dongbao.test_demo3.TestMybatisPlus -   列: per_org_user_type , 类型: VARCHAR
15:44:34.174 [main] INFO  com.dongbao.test_demo3.TestMybatisPlus -   列: work_place , 类型: VARCHAR
15:44:34.174 [main] INFO  com.dongbao.test_demo3.TestMybatisPlus -   列: labor_dispatching_date , 类型: DATETIME
15:44:34.174 [main] INFO  com.dongbao.test_demo3.TestMybatisPlus -   列: social-insurance , 类型: VARCHAR
15:44:34.174 [main] INFO  com.dongbao.test_demo3.TestMybatisPlus -   列: Provident-Fund , 类型: VARCHAR
15:44:34.174 [main] INFO  com.dongbao.test_demo3.TestMybatisPlus -   列: social_insurance , 类型: VARCHAR
15:44:34.174 [main] INFO  com.dongbao.test_demo3.TestMybatisPlus -   列: provident_und , 类型: VARCHAR
15:44:34.174 [main] INFO  com.dongbao.test_demo3.TestMybatisPlus -   列: recruit , 类型: VARCHAR
15:44:34.174 [main] INFO  com.dongbao.test_demo3.TestMybatisPlus -   列: code , 类型: VARCHAR
15:44:34.174 [main] INFO  com.dongbao.test_demo3.TestMybatisPlus -   列: part_time_job , 类型: LONGTEXT
15:44:34.174 [main] INFO  com.dongbao.test_demo3.TestMybatisPlus -   列: c_inspect_data , 类型: DATETIME
15:44:34.174 [main] INFO  com.dongbao.test_demo3.TestMybatisPlus -   列: c_sxkssj , 类型: DATETIME
15:44:34.174 [main] INFO  com.dongbao.test_demo3.TestMybatisPlus -   列: c_sxjssj , 类型: DATETIME
15:44:34.174 [main] INFO  com.dongbao.test_demo3.TestMybatisPlus -   列: c_physics_no , 类型: VARCHAR
15:44:34.174 [main] INFO  com.dongbao.test_demo3.TestMybatisPlus -   列: application_id , 类型: VARCHAR
15:44:34.174 [main] INFO  com.dongbao.test_demo3.TestMybatisPlus -   列: c_level , 类型: INT
15:44:34.174 [main] INFO  com.dongbao.test_demo3.TestMybatisPlus -   列: c_tempType , 类型: VARCHAR
15:44:34.174 [main] INFO  com.dongbao.test_demo3.TestMybatisPlus -   列: rank_position_program_id , 类型: BIGINT
15:44:34.174 [main] INFO  com.dongbao.test_demo3.TestMybatisPlus -   列: sequence_name , 类型: VARCHAR
15:44:34.174 [main] INFO  com.dongbao.test_demo3.TestMybatisPlus -   列: sequence_level_id , 类型: BIGINT
15:44:34.174 [main] INFO  com.dongbao.test_demo3.TestMybatisPlus -   列: sequence_level_name , 类型: VARCHAR
15:44:34.175 [main] INFO  com.dongbao.test_demo3.TestMybatisPlus -   列: post_level_id , 类型: BIGINT
15:44:34.175 [main] INFO  com.dongbao.test_demo3.TestMybatisPlus -   列: is_intern , 类型: VARCHAR
15:44:34.175 [main] INFO  com.dongbao.test_demo3.TestMybatisPlus -   列: emp_level , 类型: INT
15:44:34.175 [main] INFO  com.dongbao.test_demo3.TestMybatisPlus -   列: basic_level , 类型: VARCHAR
15:44:34.175 [main] INFO  com.dongbao.test_demo3.TestMybatisPlus -   列: c_sumYdays , 类型: INT
15:44:34.175 [main] INFO  com.dongbao.test_demo3.TestMybatisPlus -   列: c_handsumYear , 类型: INT
15:44:34.175 [main] INFO  com.dongbao.test_demo3.TestMybatisPlus -   列: c_roundSumYear , 类型: INT
15:44:34.175 [main] INFO  com.dongbao.test_demo3.TestMybatisPlus -   列: c_Social_security_type , 类型: VARCHAR
15:44:34.175 [main] INFO  com.dongbao.test_demo3.TestMybatisPlus -   列: c_post_code , 类型: VARCHAR
15:44:34.175 [main] INFO  com.dongbao.test_demo3.TestMybatisPlus -   列: c_leave_type , 类型: VARCHAR
15:44:34.175 [main] INFO  com.dongbao.test_demo3.TestMybatisPlus -   列: c_become_regular_date , 类型: VARCHAR
15:44:34.175 [main] INFO  com.dongbao.test_demo3.TestMybatisPlus -   列: reinstate_way , 类型: VARCHAR
15:44:34.175 [main] INFO  com.dongbao.test_demo3.TestMybatisPlus -   列: reinstate_origin_ids , 类型: LONGTEXT
15:44:34.175 [main] INFO  com.dongbao.test_demo3.TestMybatisPlus -   列: c_lock_regular_date , 类型: VARCHAR
15:44:34.175 [main] INFO  com.dongbao.test_demo3.TestMybatisPlus -   列: c_is_sync_system , 类型: INT
15:44:34.175 [main] INFO  com.dongbao.test_demo3.TestMybatisPlus -   列: c_is_xsxzsbt , 类型: INT
15:44:34.175 [main] INFO  com.dongbao.test_demo3.TestMybatisPlus -   列: c_is_accumulation_fund , 类型: TINYINT
15:44:34.175 [main] INFO  com.dongbao.test_demo3.TestMybatisPlus -   列: c_dingtalk_unionid , 类型: VARCHAR
15:44:34.175 [main] INFO  com.dongbao.test_demo3.TestMybatisPlus -   列: c_employ_id , 类型: BIGINT
15:44:34.175 [main] INFO  com.dongbao.test_demo3.TestMybatisPlus -   列: identity_type , 类型: VARCHAR
15:44:34.175 [main] INFO  com.dongbao.test_demo3.TestMybatisPlus -   列: is_current , 类型: TINYINT
15:44:34.175 [main] INFO  com.dongbao.test_demo3.TestMybatisPlus -   列: id , 类型: BIGINT UNSIGNED
15:44:34.175 [main] INFO  com.dongbao.test_demo3.TestMybatisPlus -   列: origin_id , 类型: BIGINT
15:44:34.175 [main] INFO  com.dongbao.test_demo3.TestMybatisPlus -   列: head_portrait , 类型: VARCHAR
15:44:34.175 [main] INFO  com.dongbao.test_demo3.TestMybatisPlus -   列: name , 类型: VARCHAR
15:44:34.175 [main] INFO  com.dongbao.test_demo3.TestMybatisPlus -   列: short_name , 类型: VARCHAR
15:44:34.175 [main] INFO  com.dongbao.test_demo3.TestMybatisPlus -   列: english_name , 类型: VARCHAR
15:44:34.175 [main] INFO  com.dongbao.test_demo3.TestMybatisPlus -   列: education , 类型: VARCHAR
15:44:34.175 [main] INFO  com.dongbao.test_demo3.TestMybatisPlus -   列: sex , 类型: VARCHAR
15:44:34.175 [main] INFO  com.dongbao.test_demo3.TestMybatisPlus -   列: mobile , 类型: VARCHAR
15:44:34.175 [main] INFO  com.dongbao.test_demo3.TestMybatisPlus -   列: marital_status , 类型: VARCHAR
15:44:34.175 [main] INFO  com.dongbao.test_demo3.TestMybatisPlus -   列: email , 类型: VARCHAR
15:44:34.175 [main] INFO  com.dongbao.test_demo3.TestMybatisPlus -   列: certificate_type , 类型: VARCHAR
15:44:34.175 [main] INFO  com.dongbao.test_demo3.TestMybatisPlus -   列: certificate_no , 类型: VARCHAR
15:44:34.175 [main] INFO  com.dongbao.test_demo3.TestMybatisPlus -   列: certificate_start_date , 类型: DATETIME
15:44:34.175 [main] INFO  com.dongbao.test_demo3.TestMybatisPlus -   列: certificate_end_date , 类型: DATETIME
15:44:34.175 [main] INFO  com.dongbao.test_demo3.TestMybatisPlus -   列: id_card_address , 类型: VARCHAR
15:44:34.175 [main] INFO  com.dongbao.test_demo3.TestMybatisPlus -   列: birth_date_type , 类型: VARCHAR
15:44:34.175 [main] INFO  com.dongbao.test_demo3.TestMybatisPlus -   列: birth_date , 类型: DATETIME
15:44:34.175 [main] INFO  com.dongbao.test_demo3.TestMybatisPlus -   列: nation , 类型: VARCHAR
15:44:34.175 [main] INFO  com.dongbao.test_demo3.TestMybatisPlus -   列: nationality_id , 类型: VARCHAR
15:44:34.175 [main] INFO  com.dongbao.test_demo3.TestMybatisPlus -   列: nationality , 类型: VARCHAR
15:44:34.175 [main] INFO  com.dongbao.test_demo3.TestMybatisPlus -   列: native_place , 类型: VARCHAR
15:44:34.175 [main] INFO  com.dongbao.test_demo3.TestMybatisPlus -   列: domicile_type , 类型: VARCHAR
15:44:34.175 [main] INFO  com.dongbao.test_demo3.TestMybatisPlus -   列: politics_status , 类型: VARCHAR
15:44:34.175 [main] INFO  com.dongbao.test_demo3.TestMybatisPlus -   列: address , 类型: LONGTEXT
15:44:34.175 [main] INFO  com.dongbao.test_demo3.TestMybatisPlus -   列: blood_type , 类型: VARCHAR
15:44:34.175 [main] INFO  com.dongbao.test_demo3.TestMybatisPlus -   列: height , 类型: DECIMAL
15:44:34.175 [main] INFO  com.dongbao.test_demo3.TestMybatisPlus -   列: constellation , 类型: VARCHAR
15:44:34.175 [main] INFO  com.dongbao.test_demo3.TestMybatisPlus -   列: handedness , 类型: VARCHAR
15:44:34.175 [main] INFO  com.dongbao.test_demo3.TestMybatisPlus -   列: smoke , 类型: VARCHAR
15:44:34.175 [main] INFO  com.dongbao.test_demo3.TestMybatisPlus -   列: speciality , 类型: VARCHAR
15:44:34.175 [main] INFO  com.dongbao.test_demo3.TestMybatisPlus -   列: religion , 类型: VARCHAR
15:44:34.175 [main] INFO  com.dongbao.test_demo3.TestMybatisPlus -   列: health , 类型: VARCHAR
15:44:34.175 [main] INFO  com.dongbao.test_demo3.TestMybatisPlus -   列: remark , 类型: LONGTEXT
15:44:34.175 [main] INFO  com.dongbao.test_demo3.TestMybatisPlus -   列: emp_no , 类型: VARCHAR
15:44:34.175 [main] INFO  com.dongbao.test_demo3.TestMybatisPlus -   列: entry_date , 类型: DATETIME
15:44:34.175 [main] INFO  com.dongbao.test_demo3.TestMybatisPlus -   列: company_id , 类型: BIGINT
15:44:34.175 [main] INFO  com.dongbao.test_demo3.TestMybatisPlus -   列: company_name , 类型: VARCHAR
15:44:34.175 [main] INFO  com.dongbao.test_demo3.TestMybatisPlus -   列: attach , 类型: VARCHAR
15:44:34.175 [main] INFO  com.dongbao.test_demo3.TestMybatisPlus -   列: org_name , 类型: VARCHAR
15:44:34.175 [main] INFO  com.dongbao.test_demo3.TestMybatisPlus -   列: emp_type , 类型: VARCHAR
15:44:34.176 [main] INFO  com.dongbao.test_demo3.TestMybatisPlus -   列: post_name , 类型: VARCHAR
15:44:34.176 [main] INFO  com.dongbao.test_demo3.TestMybatisPlus -   列: duty_id , 类型: BIGINT
15:44:34.176 [main] INFO  com.dongbao.test_demo3.TestMybatisPlus -   列: duty_name , 类型: VARCHAR
15:44:34.176 [main] INFO  com.dongbao.test_demo3.TestMybatisPlus -   列: employment_nature , 类型: VARCHAR
15:44:34.176 [main] INFO  com.dongbao.test_demo3.TestMybatisPlus -   列: entry_source , 类型: VARCHAR
15:44:34.176 [main] INFO  com.dongbao.test_demo3.TestMybatisPlus -   列: probation_start_date , 类型: DATETIME
15:44:34.176 [main] INFO  com.dongbao.test_demo3.TestMybatisPlus -   列: probation_end_date , 类型: DATETIME
15:44:34.176 [main] INFO  com.dongbao.test_demo3.TestMybatisPlus -   列: work_months , 类型: INT
15:44:34.176 [main] INFO  com.dongbao.test_demo3.TestMybatisPlus -   列: leader_name , 类型: VARCHAR
15:44:34.176 [main] INFO  com.dongbao.test_demo3.TestMybatisPlus -   列: logic_no , 类型: VARCHAR
15:44:34.176 [main] INFO  com.dongbao.test_demo3.TestMybatisPlus -   列: archive_no , 类型: VARCHAR
15:44:34.176 [main] INFO  com.dongbao.test_demo3.TestMybatisPlus -   列: dispatch_company , 类型: VARCHAR
15:44:34.176 [main] INFO  com.dongbao.test_demo3.TestMybatisPlus -   列: ext_tel , 类型: VARCHAR
15:44:34.176 [main] INFO  com.dongbao.test_demo3.TestMybatisPlus -   列: first_post_intention , 类型: VARCHAR
15:44:34.176 [main] INFO  com.dongbao.test_demo3.TestMybatisPlus -   列: second_post_intention , 类型: VARCHAR
15:44:34.176 [main] INFO  com.dongbao.test_demo3.TestMybatisPlus -   列: status , 类型: VARCHAR
15:44:34.176 [main] INFO  com.dongbao.test_demo3.TestMybatisPlus -   列: third_post_intention , 类型: VARCHAR
15:44:34.176 [main] INFO  com.dongbao.test_demo3.TestMybatisPlus -   列: work_email , 类型: VARCHAR
15:44:34.176 [main] INFO  com.dongbao.test_demo3.TestMybatisPlus -   列: work_tel , 类型: VARCHAR
15:44:34.176 [main] INFO  com.dongbao.test_demo3.TestMybatisPlus -   列: physics_no , 类型: VARCHAR
15:44:34.176 [main] INFO  com.dongbao.test_demo3.TestMybatisPlus -   列: card_dept , 类型: VARCHAR
15:44:34.176 [main] INFO  com.dongbao.test_demo3.TestMybatisPlus -   列: is_probation , 类型: VARCHAR
15:44:34.176 [main] INFO  com.dongbao.test_demo3.TestMybatisPlus -   列: create_id , 类型: BIGINT
15:44:34.176 [main] INFO  com.dongbao.test_demo3.TestMybatisPlus -   列: create_name , 类型: VARCHAR
15:44:34.176 [main] INFO  com.dongbao.test_demo3.TestMybatisPlus -   列: create_date , 类型: DATETIME
15:44:34.176 [main] INFO  com.dongbao.test_demo3.TestMybatisPlus -   列: modify_id , 类型: BIGINT
15:44:34.176 [main] INFO  com.dongbao.test_demo3.TestMybatisPlus -   列: modify_name , 类型: VARCHAR
15:44:34.176 [main] INFO  com.dongbao.test_demo3.TestMybatisPlus -   列: modify_date , 类型: DATETIME
15:44:34.176 [main] INFO  com.dongbao.test_demo3.TestMybatisPlus -   列: is_delete , 类型: TINYINT
15:44:34.176 [main] INFO  com.dongbao.test_demo3.TestMybatisPlus -   列: entry_status , 类型: VARCHAR
15:44:34.176 [main] INFO  com.dongbao.test_demo3.TestMybatisPlus -   列: info_employ_id , 类型: BIGINT
15:44:34.176 [main] INFO  com.dongbao.test_demo3.TestMybatisPlus -   列: enable_date , 类型: DATETIME
15:44:34.176 [main] INFO  com.dongbao.test_demo3.TestMybatisPlus -   列: unable_date , 类型: DATETIME
15:44:34.176 [main] INFO  com.dongbao.test_demo3.TestMybatisPlus -   列: org_origin_id , 类型: BIGINT
15:44:34.176 [main] INFO  com.dongbao.test_demo3.TestMybatisPlus -   列: post_origin_id , 类型: BIGINT
15:44:34.176 [main] INFO  com.dongbao.test_demo3.TestMybatisPlus -   列: user_id , 类型: BIGINT
15:44:34.176 [main] INFO  com.dongbao.test_demo3.TestMybatisPlus -   列: audit_status , 类型: TINYINT
15:44:34.176 [main] INFO  com.dongbao.test_demo3.TestMybatisPlus -   列: position_and_rank , 类型: VARCHAR
15:44:34.176 [main] INFO  com.dongbao.test_demo3.TestMybatisPlus -   列: leave_date , 类型: DATETIME
15:44:34.176 [main] INFO  com.dongbao.test_demo3.TestMybatisPlus -   列: is_guest , 类型: VARCHAR
15:44:34.176 [main] INFO  com.dongbao.test_demo3.TestMybatisPlus -   列: introduce_name , 类型: VARCHAR
15:44:34.176 [main] INFO  com.dongbao.test_demo3.TestMybatisPlus -   列: introduce_id , 类型: BIGINT
15:44:34.176 [main] INFO  com.dongbao.test_demo3.TestMybatisPlus -   列: leader_origin_id , 类型: BIGINT
15:44:34.176 [main] INFO  com.dongbao.test_demo3.TestMybatisPlus -   列: leader_origin_ids , 类型: LONGTEXT
15:44:34.176 [main] INFO  com.dongbao.test_demo3.TestMybatisPlus -   列: last_communication_date , 类型: DATETIME
15:44:34.176 [main] INFO  com.dongbao.test_demo3.TestMybatisPlus -   列: contract_end_date , 类型: DATETIME
15:44:34.176 [main] INFO  com.dongbao.test_demo3.TestMybatisPlus -   列: flow_type , 类型: BIGINT
15:44:34.176 [main] INFO  com.dongbao.test_demo3.TestMybatisPlus -   列: work_years_entry_date , 类型: DATETIME
15:44:34.176 [main] INFO  com.dongbao.test_demo3.TestMybatisPlus -   列: level_position_id , 类型: BIGINT
15:44:34.176 [main] INFO  com.dongbao.test_demo3.TestMybatisPlus -   列: level_rank_id , 类型: BIGINT
15:44:34.176 [main] INFO  com.dongbao.test_demo3.TestMybatisPlus -   列: list_progress , 类型: DECIMAL
15:44:34.176 [main] INFO  com.dongbao.test_demo3.TestMybatisPlus -   列: flow_process , 类型: DECIMAL
15:44:34.176 [main] INFO  com.dongbao.test_demo3.TestMybatisPlus -   列: is_org_flow , 类型: INT
15:44:34.176 [main] INFO  com.dongbao.test_demo3.TestMybatisPlus -   列: area_code , 类型: VARCHAR
15:44:34.176 [main] INFO  com.dongbao.test_demo3.TestMybatisPlus -   列: company_ids , 类型: LONGTEXT
15:44:34.176 [main] INFO  com.dongbao.test_demo3.TestMybatisPlus -   列: org_parent_origin_ids , 类型: TEXT
15:44:34.176 [main] INFO  com.dongbao.test_demo3.TestMybatisPlus -   列: employ_id , 类型: BIGINT
15:44:34.176 [main] INFO  com.dongbao.test_demo3.TestMybatisPlus -   列: country_id , 类型: BIGINT
15:44:34.176 [main] INFO  com.dongbao.test_demo3.TestMybatisPlus -   列: work_age_value , 类型: VARCHAR
15:44:34.176 [main] INFO  com.dongbao.test_demo3.TestMybatisPlus -   列: last_daily_accounting_program_id , 类型: BIGINT
15:44:34.176 [main] INFO  com.dongbao.test_demo3.TestMybatisPlus -   列: last_monthly_accounting_program_id , 类型: BIGINT
15:44:34.176 [main] INFO  com.dongbao.test_demo3.TestMybatisPlus -   列: meid , 类型: VARCHAR
15:44:34.176 [main] INFO  com.dongbao.test_demo3.TestMybatisPlus -   列: native_place_id , 类型: LONGTEXT
15:44:34.176 [main] INFO  com.dongbao.test_demo3.TestMybatisPlus -   列: personal_head_portrait , 类型: VARCHAR
15:44:34.176 [main] INFO  com.dongbao.test_demo3.TestMybatisPlus -   列: district , 类型: LONGTEXT
15:44:34.176 [main] INFO  com.dongbao.test_demo3.TestMybatisPlus -   列: address_id , 类型: VARCHAR
15:44:34.176 [main] INFO  com.dongbao.test_demo3.TestMybatisPlus -   列: spell , 类型: VARCHAR
15:44:34.176 [main] INFO  com.dongbao.test_demo3.TestMybatisPlus -   列: jane_spell , 类型: VARCHAR
15:44:34.177 [main] INFO  com.dongbao.test_demo3.TestMybatisPlus -   列: tax_number , 类型: VARCHAR
15:44:34.177 [main] INFO  com.dongbao.test_demo3.TestMybatisPlus -   列: social_security_number , 类型: VARCHAR
15:44:34.177 [main] INFO  com.dongbao.test_demo3.TestMybatisPlus -   列: medical_social_security_number , 类型: VARCHAR
15:44:34.177 [main] INFO  com.dongbao.test_demo3.TestMybatisPlus -   列: name2 , 类型: VARCHAR
15:44:34.177 [main] INFO  com.dongbao.test_demo3.TestMybatisPlus -   列: name3 , 类型: VARCHAR
15:44:34.177 [main] INFO  com.dongbao.test_demo3.TestMybatisPlus -   列: name4 , 类型: VARCHAR
15:44:34.177 [main] INFO  com.dongbao.test_demo3.TestMybatisPlus -   列: name5 , 类型: VARCHAR
15:44:34.177 [main] INFO  com.dongbao.test_demo3.TestMybatisPlus -   列: name6 , 类型: VARCHAR
15:44:34.177 [main] INFO  com.dongbao.test_demo3.TestMybatisPlus -   列: full_spell , 类型: VARCHAR
15:44:34.177 [main] INFO  com.dongbao.test_demo3.TestMybatisPlus -   列: data_source_type , 类型: INT
15:44:34.177 [main] INFO  com.dongbao.test_demo3.TestMybatisPlus -   列: first_post_intention_name , 类型: VARCHAR
15:44:34.177 [main] INFO  com.dongbao.test_demo3.TestMybatisPlus -   列: second_post_intention_name , 类型: VARCHAR
15:44:34.177 [main] INFO  com.dongbao.test_demo3.TestMybatisPlus -   列: third_post_intention_name , 类型: VARCHAR
15:44:34.177 [main] INFO  com.dongbao.test_demo3.TestMybatisPlus -   列: is_talent_pool_transfer , 类型: VARCHAR
15:44:34.177 [main] INFO  com.dongbao.test_demo3.TestMybatisPlus -   列: is_get_accommodayion , 类型: VARCHAR
15:44:34.177 [main] INFO  com.dongbao.test_demo3.TestMybatisPlus -   列: accommodayion_start_date , 类型: DATETIME
15:44:34.177 [main] INFO  com.dongbao.test_demo3.TestMybatisPlus -   列: accommodayion_end_date , 类型: DATETIME
15:44:34.177 [main] INFO  com.dongbao.test_demo3.TestMybatisPlus -   列: is_id_card_imported , 类型: VARCHAR
15:44:34.177 [main] INFO  com.dongbao.test_demo3.TestMybatisPlus -   列: emp_rank , 类型: VARCHAR
15:44:34.177 [main] INFO  com.dongbao.test_demo3.TestMybatisPlus -   列: emp_post_rank , 类型: VARCHAR
15:44:34.177 [main] INFO  com.dongbao.test_demo3.TestMybatisPlus -   列: post_type , 类型: VARCHAR
15:44:34.177 [main] INFO  com.dongbao.test_demo3.TestMybatisPlus -   列: legally_admissible , 类型: VARCHAR
15:44:34.177 [main] INFO  com.dongbao.test_demo3.TestMybatisPlus -   列: certificate_type_id , 类型: BIGINT
15:44:34.177 [main] INFO  com.dongbao.test_demo3.TestMybatisPlus -   列: is_sum_work_age , 类型: VARCHAR
15:44:34.177 [main] INFO  com.dongbao.test_demo3.TestMybatisPlus -   列: work_age_year , 类型: INT
15:44:34.177 [main] INFO  com.dongbao.test_demo3.TestMybatisPlus -   列: work_age_mouth , 类型: INT
15:44:34.177 [main] INFO  com.dongbao.test_demo3.TestMybatisPlus -   列: probation_status , 类型: VARCHAR
15:44:34.177 [main] INFO  com.dongbao.test_demo3.TestMybatisPlus -   列: positive_status , 类型: VARCHAR
15:44:34.177 [main] INFO  com.dongbao.test_demo3.TestMybatisPlus -   列: mail_imap , 类型: VARCHAR
15:44:34.177 [main] INFO  com.dongbao.test_demo3.TestMybatisPlus -   列: mail_port , 类型: VARCHAR
15:44:34.177 [main] INFO  com.dongbao.test_demo3.TestMybatisPlus -   列: mail_account , 类型: VARCHAR
15:44:34.177 [main] INFO  com.dongbao.test_demo3.TestMybatisPlus -   列: account_key , 类型: VARCHAR
15:44:34.177 [main] INFO  com.dongbao.test_demo3.TestMybatisPlus -   列: mail_account_key , 类型: VARCHAR
15:44:34.177 [main] INFO  com.dongbao.test_demo3.TestMybatisPlus -   列: open_ssl , 类型: VARCHAR
15:44:34.177 [main] INFO  com.dongbao.test_demo3.TestMybatisPlus -   列: use_record_mail , 类型: VARCHAR
15:44:34.177 [main] INFO  com.dongbao.test_demo3.TestMybatisPlus -   列: mail_type , 类型: VARCHAR
15:44:34.177 [main] INFO  com.dongbao.test_demo3.TestMybatisPlus -   列: current_org_origin_id , 类型: BIGINT
15:44:34.177 [main] INFO  com.dongbao.test_demo3.TestMybatisPlus -   列: current_work_group , 类型: VARCHAR
15:44:34.177 [main] INFO  com.dongbao.test_demo3.TestMybatisPlus -   列: current_work_group_id , 类型: BIGINT
15:44:34.177 [main] INFO  com.dongbao.test_demo3.TestMybatisPlus -   列: type_of_work , 类型: VARCHAR
15:44:34.177 [main] INFO  com.dongbao.test_demo3.TestMybatisPlus -   列: cost_center_ids , 类型: LONGTEXT
15:44:34.177 [main] INFO  com.dongbao.test_demo3.TestMybatisPlus -   列: is_report_clock , 类型: VARCHAR
15:44:34.177 [main] INFO  com.dongbao.test_demo3.TestMybatisPlus -   列: qy_wx_uid , 类型: VARCHAR
15:44:34.177 [main] INFO  com.dongbao.test_demo3.TestMybatisPlus -   列: dingtalk_uid , 类型: VARCHAR
15:44:34.177 [main] INFO  com.dongbao.test_demo3.TestMybatisPlus -   列: legally_admissible_id , 类型: BIGINT
15:44:34.177 [main] INFO  com.dongbao.test_demo3.TestMybatisPlus -   列: is_wait_leave , 类型: VARCHAR
15:44:34.177 [main] INFO  com.dongbao.test_demo3.TestMybatisPlus -   列: parttime_org_origin_ids , 类型: LONGTEXT
15:44:34.177 [main] INFO  com.dongbao.test_demo3.TestMybatisPlus -   列: is_ignore_count , 类型: TINYINT
15:44:34.177 [main] INFO  com.dongbao.test_demo3.TestMybatisPlus -   列: is_master , 类型: VARCHAR
15:44:34.177 [main] INFO  com.dongbao.test_demo3.TestMybatisPlus -   列: custom_spell , 类型: VARCHAR
15:44:34.177 [main] INFO  com.dongbao.test_demo3.TestMybatisPlus -   列: parttime_org_parent_ids , 类型: LONGTEXT
15:44:34.177 [main] INFO  com.dongbao.test_demo3.TestMybatisPlus -   列: site_file_id , 类型: BIGINT
15:44:34.177 [main] INFO  com.dongbao.test_demo3.TestMybatisPlus -   列: site_file_name , 类型: VARCHAR
15:44:34.177 [main] INFO  com.dongbao.test_demo3.TestMybatisPlus -   列: audit_status_show , 类型: VARCHAR
15:44:34.177 [main] INFO  com.dongbao.test_demo3.TestMybatisPlus -   列: cost_center_names , 类型: LONGTEXT
15:44:34.177 [main] INFO  com.dongbao.test_demo3.TestMybatisPlus -   列: vir_org_names , 类型: LONGTEXT
15:44:34.177 [main] INFO  com.dongbao.test_demo3.TestMybatisPlus -   列: family_name_spell , 类型: VARCHAR
15:44:34.177 [main] INFO  com.dongbao.test_demo3.TestMybatisPlus -   列: name_spell , 类型: VARCHAR
15:44:34.177 [main] INFO  com.dongbao.test_demo3.TestMybatisPlus -   列: sn , 类型: VARCHAR
15:44:34.177 [main] INFO  com.dongbao.test_demo3.TestMybatisPlus -   列: given_name , 类型: VARCHAR
15:44:34.177 [main] INFO  com.dongbao.test_demo3.TestMybatisPlus -   列: description , 类型: VARCHAR
15:44:34.177 [main] INFO  com.dongbao.test_demo3.TestMybatisPlus -   列: emp_sort , 类型: INT
15:44:34.177 [main] INFO  com.dongbao.test_demo3.TestMybatisPlus -   列: date_of_working , 类型: DATETIME
15:44:34.177 [main] INFO  com.dongbao.test_demo3.TestMybatisPlus -   列: entry_count , 类型: INT
15:44:34.178 [main] INFO  com.dongbao.test_demo3.TestMybatisPlus -   列: third_key , 类型: VARCHAR
15:44:34.178 [main] INFO  com.dongbao.test_demo3.TestMybatisPlus -   列: age , 类型: INT
15:44:34.178 [main] INFO  com.dongbao.test_demo3.TestMybatisPlus -   列: ExtEventPersonNo , 类型: VARCHAR
15:44:34.178 [main] INFO  com.dongbao.test_demo3.TestMybatisPlus -   列: per_org_user_type , 类型: VARCHAR
15:44:34.178 [main] INFO  com.dongbao.test_demo3.TestMybatisPlus -   列: work_place , 类型: VARCHAR
15:44:34.178 [main] INFO  com.dongbao.test_demo3.TestMybatisPlus -   列: labor_dispatching_date , 类型: DATETIME
15:44:34.178 [main] INFO  com.dongbao.test_demo3.TestMybatisPlus -   列: social-insurance , 类型: VARCHAR
15:44:34.178 [main] INFO  com.dongbao.test_demo3.TestMybatisPlus -   列: Provident-Fund , 类型: VARCHAR
15:44:34.178 [main] INFO  com.dongbao.test_demo3.TestMybatisPlus -   列: social_insurance , 类型: VARCHAR
15:44:34.178 [main] INFO  com.dongbao.test_demo3.TestMybatisPlus -   列: provident_und , 类型: VARCHAR
15:44:34.178 [main] INFO  com.dongbao.test_demo3.TestMybatisPlus -   列: recruit , 类型: VARCHAR
15:44:34.178 [main] INFO  com.dongbao.test_demo3.TestMybatisPlus -   列: code , 类型: VARCHAR
15:44:34.178 [main] INFO  com.dongbao.test_demo3.TestMybatisPlus -   列: part_time_job , 类型: LONGTEXT
15:44:34.178 [main] INFO  com.dongbao.test_demo3.TestMybatisPlus -   列: c_inspect_data , 类型: DATETIME
15:44:34.178 [main] INFO  com.dongbao.test_demo3.TestMybatisPlus -   列: c_sxkssj , 类型: DATETIME
15:44:34.178 [main] INFO  com.dongbao.test_demo3.TestMybatisPlus -   列: c_sxjssj , 类型: DATETIME
15:44:34.178 [main] INFO  com.dongbao.test_demo3.TestMybatisPlus -   列: c_physics_no , 类型: VARCHAR
15:44:34.178 [main] INFO  com.dongbao.test_demo3.TestMybatisPlus -   列: application_id , 类型: VARCHAR
15:44:34.178 [main] INFO  com.dongbao.test_demo3.TestMybatisPlus -   列: c_level , 类型: INT
15:44:34.178 [main] INFO  com.dongbao.test_demo3.TestMybatisPlus -   列: c_tempType , 类型: VARCHAR
15:44:34.178 [main] INFO  com.dongbao.test_demo3.TestMybatisPlus -   列: rank_position_program_id , 类型: BIGINT
15:44:34.178 [main] INFO  com.dongbao.test_demo3.TestMybatisPlus -   列: sequence_name , 类型: VARCHAR
15:44:34.178 [main] INFO  com.dongbao.test_demo3.TestMybatisPlus -   列: sequence_level_id , 类型: BIGINT
15:44:34.178 [main] INFO  com.dongbao.test_demo3.TestMybatisPlus -   列: sequence_level_name , 类型: VARCHAR
15:44:34.178 [main] INFO  com.dongbao.test_demo3.TestMybatisPlus -   列: post_level_id , 类型: BIGINT
15:44:34.178 [main] INFO  com.dongbao.test_demo3.TestMybatisPlus -   列: is_intern , 类型: VARCHAR
15:44:34.178 [main] INFO  com.dongbao.test_demo3.TestMybatisPlus -   列: emp_level , 类型: INT
15:44:34.178 [main] INFO  com.dongbao.test_demo3.TestMybatisPlus -   列: basic_level , 类型: VARCHAR
15:44:34.178 [main] INFO  com.dongbao.test_demo3.TestMybatisPlus -   列: c_sumYdays , 类型: INT
15:44:34.178 [main] INFO  com.dongbao.test_demo3.TestMybatisPlus -   列: c_handsumYear , 类型: INT
15:44:34.178 [main] INFO  com.dongbao.test_demo3.TestMybatisPlus -   列: c_roundSumYear , 类型: INT
15:44:34.178 [main] INFO  com.dongbao.test_demo3.TestMybatisPlus -   列: c_Social_security_type , 类型: VARCHAR
15:44:34.178 [main] INFO  com.dongbao.test_demo3.TestMybatisPlus -   列: c_post_code , 类型: VARCHAR
15:44:34.178 [main] INFO  com.dongbao.test_demo3.TestMybatisPlus -   列: c_leave_type , 类型: VARCHAR
15:44:34.178 [main] INFO  com.dongbao.test_demo3.TestMybatisPlus -   列: c_become_regular_date , 类型: VARCHAR
15:44:34.178 [main] INFO  com.dongbao.test_demo3.TestMybatisPlus -   列: reinstate_way , 类型: VARCHAR
15:44:34.178 [main] INFO  com.dongbao.test_demo3.TestMybatisPlus -   列: reinstate_origin_ids , 类型: LONGTEXT
15:44:34.178 [main] INFO  com.dongbao.test_demo3.TestMybatisPlus -   列: c_lock_regular_date , 类型: VARCHAR
15:44:34.178 [main] INFO  com.dongbao.test_demo3.TestMybatisPlus -   列: c_is_sync_system , 类型: INT
15:44:34.179 [main] INFO  com.dongbao.test_demo3.TestMybatisPlus -   列: c_is_xsxzsbt , 类型: INT
15:44:34.179 [main] INFO  com.dongbao.test_demo3.TestMybatisPlus -   列: c_is_accumulation_fund , 类型: TINYINT
15:44:34.179 [main] INFO  com.dongbao.test_demo3.TestMybatisPlus -   列: c_dingtalk_unionid , 类型: VARCHAR
15:44:34.179 [main] INFO  com.dongbao.test_demo3.TestMybatisPlus -   列: c_employ_id , 类型: BIGINT
15:44:34.179 [main] INFO  com.dongbao.test_demo3.TestMybatisPlus -   列: identity_type , 类型: VARCHAR
15:44:34.179 [main] INFO  com.dongbao.test_demo3.TestMybatisPlus -   列: is_current , 类型: TINYINT
15:44:34.179 [main] INFO  com.dongbao.test_demo3.TestMybatisPlus -   列: id , 类型: BIGINT UNSIGNED
15:44:34.179 [main] INFO  com.dongbao.test_demo3.TestMybatisPlus -   列: origin_id , 类型: BIGINT
15:44:34.179 [main] INFO  com.dongbao.test_demo3.TestMybatisPlus -   列: head_portrait , 类型: VARCHAR
15:44:34.179 [main] INFO  com.dongbao.test_demo3.TestMybatisPlus -   列: name , 类型: VARCHAR
15:44:34.179 [main] INFO  com.dongbao.test_demo3.TestMybatisPlus -   列: short_name , 类型: VARCHAR
15:44:34.179 [main] INFO  com.dongbao.test_demo3.TestMybatisPlus -   列: english_name , 类型: VARCHAR
15:44:34.179 [main] INFO  com.dongbao.test_demo3.TestMybatisPlus -   列: education , 类型: VARCHAR
15:44:34.179 [main] INFO  com.dongbao.test_demo3.TestMybatisPlus -   列: sex , 类型: VARCHAR
15:44:34.179 [main] INFO  com.dongbao.test_demo3.TestMybatisPlus -   列: mobile , 类型: VARCHAR
15:44:34.179 [main] INFO  com.dongbao.test_demo3.TestMybatisPlus -   列: marital_status , 类型: VARCHAR
15:44:34.179 [main] INFO  com.dongbao.test_demo3.TestMybatisPlus -   列: email , 类型: VARCHAR
15:44:34.179 [main] INFO  com.dongbao.test_demo3.TestMybatisPlus -   列: certificate_type , 类型: VARCHAR
15:44:34.179 [main] INFO  com.dongbao.test_demo3.TestMybatisPlus -   列: certificate_no , 类型: VARCHAR
15:44:34.179 [main] INFO  com.dongbao.test_demo3.TestMybatisPlus -   列: certificate_start_date , 类型: DATETIME
15:44:34.179 [main] INFO  com.dongbao.test_demo3.TestMybatisPlus -   列: certificate_end_date , 类型: DATETIME
15:44:34.179 [main] INFO  com.dongbao.test_demo3.TestMybatisPlus -   列: id_card_address , 类型: VARCHAR
15:44:34.179 [main] INFO  com.dongbao.test_demo3.TestMybatisPlus -   列: birth_date_type , 类型: VARCHAR
15:44:34.179 [main] INFO  com.dongbao.test_demo3.TestMybatisPlus -   列: birth_date , 类型: DATETIME
15:44:34.179 [main] INFO  com.dongbao.test_demo3.TestMybatisPlus -   列: nation , 类型: VARCHAR
15:44:34.179 [main] INFO  com.dongbao.test_demo3.TestMybatisPlus -   列: nationality_id , 类型: VARCHAR
15:44:34.179 [main] INFO  com.dongbao.test_demo3.TestMybatisPlus -   列: nationality , 类型: VARCHAR
15:44:34.179 [main] INFO  com.dongbao.test_demo3.TestMybatisPlus -   列: native_place , 类型: VARCHAR
15:44:34.179 [main] INFO  com.dongbao.test_demo3.TestMybatisPlus -   列: domicile_type , 类型: VARCHAR
15:44:34.179 [main] INFO  com.dongbao.test_demo3.TestMybatisPlus -   列: politics_status , 类型: VARCHAR
15:44:34.179 [main] INFO  com.dongbao.test_demo3.TestMybatisPlus -   列: address , 类型: LONGTEXT
15:44:34.179 [main] INFO  com.dongbao.test_demo3.TestMybatisPlus -   列: blood_type , 类型: VARCHAR
15:44:34.179 [main] INFO  com.dongbao.test_demo3.TestMybatisPlus -   列: height , 类型: DECIMAL
15:44:34.179 [main] INFO  com.dongbao.test_demo3.TestMybatisPlus -   列: constellation , 类型: VARCHAR
15:44:34.179 [main] INFO  com.dongbao.test_demo3.TestMybatisPlus -   列: handedness , 类型: VARCHAR
15:44:34.179 [main] INFO  com.dongbao.test_demo3.TestMybatisPlus -   列: smoke , 类型: VARCHAR
15:44:34.179 [main] INFO  com.dongbao.test_demo3.TestMybatisPlus -   列: speciality , 类型: VARCHAR
15:44:34.179 [main] INFO  com.dongbao.test_demo3.TestMybatisPlus -   列: religion , 类型: VARCHAR
15:44:34.179 [main] INFO  com.dongbao.test_demo3.TestMybatisPlus -   列: health , 类型: VARCHAR
15:44:34.179 [main] INFO  com.dongbao.test_demo3.TestMybatisPlus -   列: remark , 类型: LONGTEXT
15:44:34.179 [main] INFO  com.dongbao.test_demo3.TestMybatisPlus -   列: emp_no , 类型: VARCHAR
15:44:34.179 [main] INFO  com.dongbao.test_demo3.TestMybatisPlus -   列: entry_date , 类型: DATETIME
15:44:34.179 [main] INFO  com.dongbao.test_demo3.TestMybatisPlus -   列: company_id , 类型: BIGINT
15:44:34.179 [main] INFO  com.dongbao.test_demo3.TestMybatisPlus -   列: company_name , 类型: VARCHAR
15:44:34.179 [main] INFO  com.dongbao.test_demo3.TestMybatisPlus -   列: attach , 类型: VARCHAR
15:44:34.179 [main] INFO  com.dongbao.test_demo3.TestMybatisPlus -   列: org_name , 类型: VARCHAR
15:44:34.179 [main] INFO  com.dongbao.test_demo3.TestMybatisPlus -   列: emp_type , 类型: VARCHAR
15:44:34.179 [main] INFO  com.dongbao.test_demo3.TestMybatisPlus -   列: post_name , 类型: VARCHAR
15:44:34.180 [main] INFO  com.dongbao.test_demo3.TestMybatisPlus -   列: duty_id , 类型: BIGINT
15:44:34.180 [main] INFO  com.dongbao.test_demo3.TestMybatisPlus -   列: duty_name , 类型: VARCHAR
15:44:34.180 [main] INFO  com.dongbao.test_demo3.TestMybatisPlus -   列: employment_nature , 类型: VARCHAR
15:44:34.180 [main] INFO  com.dongbao.test_demo3.TestMybatisPlus -   列: entry_source , 类型: VARCHAR
15:44:34.180 [main] INFO  com.dongbao.test_demo3.TestMybatisPlus -   列: probation_start_date , 类型: DATETIME
15:44:34.180 [main] INFO  com.dongbao.test_demo3.TestMybatisPlus -   列: probation_end_date , 类型: DATETIME
15:44:34.180 [main] INFO  com.dongbao.test_demo3.TestMybatisPlus -   列: work_months , 类型: INT
15:44:34.180 [main] INFO  com.dongbao.test_demo3.TestMybatisPlus -   列: leader_name , 类型: VARCHAR
15:44:34.180 [main] INFO  com.dongbao.test_demo3.TestMybatisPlus -   列: logic_no , 类型: VARCHAR
15:44:34.180 [main] INFO  com.dongbao.test_demo3.TestMybatisPlus -   列: archive_no , 类型: VARCHAR
15:44:34.180 [main] INFO  com.dongbao.test_demo3.TestMybatisPlus -   列: dispatch_company , 类型: VARCHAR
15:44:34.180 [main] INFO  com.dongbao.test_demo3.TestMybatisPlus -   列: ext_tel , 类型: VARCHAR
15:44:34.180 [main] INFO  com.dongbao.test_demo3.TestMybatisPlus -   列: first_post_intention , 类型: VARCHAR
15:44:34.180 [main] INFO  com.dongbao.test_demo3.TestMybatisPlus -   列: second_post_intention , 类型: VARCHAR
15:44:34.180 [main] INFO  com.dongbao.test_demo3.TestMybatisPlus -   列: status , 类型: VARCHAR
15:44:34.180 [main] INFO  com.dongbao.test_demo3.TestMybatisPlus -   列: third_post_intention , 类型: VARCHAR
15:44:34.180 [main] INFO  com.dongbao.test_demo3.TestMybatisPlus -   列: work_email , 类型: VARCHAR
15:44:34.180 [main] INFO  com.dongbao.test_demo3.TestMybatisPlus -   列: work_tel , 类型: VARCHAR
15:44:34.180 [main] INFO  com.dongbao.test_demo3.TestMybatisPlus -   列: physics_no , 类型: VARCHAR
15:44:34.180 [main] INFO  com.dongbao.test_demo3.TestMybatisPlus -   列: card_dept , 类型: VARCHAR
15:44:34.180 [main] INFO  com.dongbao.test_demo3.TestMybatisPlus -   列: is_probation , 类型: VARCHAR
15:44:34.180 [main] INFO  com.dongbao.test_demo3.TestMybatisPlus -   列: create_id , 类型: BIGINT
15:44:34.180 [main] INFO  com.dongbao.test_demo3.TestMybatisPlus -   列: create_name , 类型: VARCHAR
15:44:34.180 [main] INFO  com.dongbao.test_demo3.TestMybatisPlus -   列: create_date , 类型: DATETIME
15:44:34.180 [main] INFO  com.dongbao.test_demo3.TestMybatisPlus -   列: modify_id , 类型: BIGINT
15:44:34.180 [main] INFO  com.dongbao.test_demo3.TestMybatisPlus -   列: modify_name , 类型: VARCHAR
15:44:34.180 [main] INFO  com.dongbao.test_demo3.TestMybatisPlus -   列: modify_date , 类型: DATETIME
15:44:34.180 [main] INFO  com.dongbao.test_demo3.TestMybatisPlus -   列: is_delete , 类型: TINYINT
15:44:34.180 [main] INFO  com.dongbao.test_demo3.TestMybatisPlus -   列: entry_status , 类型: VARCHAR
15:44:34.180 [main] INFO  com.dongbao.test_demo3.TestMybatisPlus -   列: info_employ_id , 类型: BIGINT
15:44:34.180 [main] INFO  com.dongbao.test_demo3.TestMybatisPlus -   列: enable_date , 类型: DATETIME
15:44:34.180 [main] INFO  com.dongbao.test_demo3.TestMybatisPlus -   列: unable_date , 类型: DATETIME
15:44:34.180 [main] INFO  com.dongbao.test_demo3.TestMybatisPlus -   列: org_origin_id , 类型: BIGINT
15:44:34.180 [main] INFO  com.dongbao.test_demo3.TestMybatisPlus -   列: post_origin_id , 类型: BIGINT
15:44:34.180 [main] INFO  com.dongbao.test_demo3.TestMybatisPlus -   列: user_id , 类型: BIGINT
15:44:34.180 [main] INFO  com.dongbao.test_demo3.TestMybatisPlus -   列: audit_status , 类型: TINYINT
15:44:34.180 [main] INFO  com.dongbao.test_demo3.TestMybatisPlus -   列: position_and_rank , 类型: VARCHAR
15:44:34.180 [main] INFO  com.dongbao.test_demo3.TestMybatisPlus -   列: leave_date , 类型: DATETIME
15:44:34.180 [main] INFO  com.dongbao.test_demo3.TestMybatisPlus -   列: is_guest , 类型: VARCHAR
15:44:34.180 [main] INFO  com.dongbao.test_demo3.TestMybatisPlus -   列: introduce_name , 类型: VARCHAR
15:44:34.180 [main] INFO  com.dongbao.test_demo3.TestMybatisPlus -   列: introduce_id , 类型: BIGINT
15:44:34.180 [main] INFO  com.dongbao.test_demo3.TestMybatisPlus -   列: leader_origin_id , 类型: BIGINT
15:44:34.180 [main] INFO  com.dongbao.test_demo3.TestMybatisPlus -   列: leader_origin_ids , 类型: LONGTEXT
15:44:34.180 [main] INFO  com.dongbao.test_demo3.TestMybatisPlus -   列: last_communication_date , 类型: DATETIME
15:44:34.180 [main] INFO  com.dongbao.test_demo3.TestMybatisPlus -   列: contract_end_date , 类型: DATETIME
15:44:34.181 [main] INFO  com.dongbao.test_demo3.TestMybatisPlus -   列: flow_type , 类型: BIGINT
15:44:34.181 [main] INFO  com.dongbao.test_demo3.TestMybatisPlus -   列: work_years_entry_date , 类型: DATETIME
15:44:34.181 [main] INFO  com.dongbao.test_demo3.TestMybatisPlus -   列: level_position_id , 类型: BIGINT
15:44:34.181 [main] INFO  com.dongbao.test_demo3.TestMybatisPlus -   列: level_rank_id , 类型: BIGINT
15:44:34.181 [main] INFO  com.dongbao.test_demo3.TestMybatisPlus -   列: list_progress , 类型: DECIMAL
15:44:34.181 [main] INFO  com.dongbao.test_demo3.TestMybatisPlus -   列: flow_process , 类型: DECIMAL
15:44:34.181 [main] INFO  com.dongbao.test_demo3.TestMybatisPlus -   列: is_org_flow , 类型: INT
15:44:34.181 [main] INFO  com.dongbao.test_demo3.TestMybatisPlus -   列: area_code , 类型: VARCHAR
15:44:34.181 [main] INFO  com.dongbao.test_demo3.TestMybatisPlus -   列: company_ids , 类型: LONGTEXT
15:44:34.181 [main] INFO  com.dongbao.test_demo3.TestMybatisPlus -   列: org_parent_origin_ids , 类型: TEXT
15:44:34.181 [main] INFO  com.dongbao.test_demo3.TestMybatisPlus -   列: employ_id , 类型: BIGINT
15:44:34.181 [main] INFO  com.dongbao.test_demo3.TestMybatisPlus -   列: country_id , 类型: BIGINT
15:44:34.181 [main] INFO  com.dongbao.test_demo3.TestMybatisPlus -   列: work_age_value , 类型: VARCHAR
15:44:34.181 [main] INFO  com.dongbao.test_demo3.TestMybatisPlus -   列: last_daily_accounting_program_id , 类型: BIGINT
15:44:34.181 [main] INFO  com.dongbao.test_demo3.TestMybatisPlus -   列: last_monthly_accounting_program_id , 类型: BIGINT
15:44:34.181 [main] INFO  com.dongbao.test_demo3.TestMybatisPlus -   列: meid , 类型: VARCHAR
15:44:34.181 [main] INFO  com.dongbao.test_demo3.TestMybatisPlus -   列: native_place_id , 类型: LONGTEXT
15:44:34.181 [main] INFO  com.dongbao.test_demo3.TestMybatisPlus -   列: personal_head_portrait , 类型: VARCHAR
15:44:34.181 [main] INFO  com.dongbao.test_demo3.TestMybatisPlus -   列: district , 类型: LONGTEXT
15:44:34.181 [main] INFO  com.dongbao.test_demo3.TestMybatisPlus -   列: address_id , 类型: VARCHAR
15:44:34.181 [main] INFO  com.dongbao.test_demo3.TestMybatisPlus -   列: spell , 类型: VARCHAR
15:44:34.181 [main] INFO  com.dongbao.test_demo3.TestMybatisPlus -   列: jane_spell , 类型: VARCHAR
15:44:34.181 [main] INFO  com.dongbao.test_demo3.TestMybatisPlus -   列: tax_number , 类型: VARCHAR
15:44:34.181 [main] INFO  com.dongbao.test_demo3.TestMybatisPlus -   列: social_security_number , 类型: VARCHAR
15:44:34.181 [main] INFO  com.dongbao.test_demo3.TestMybatisPlus -   列: medical_social_security_number , 类型: VARCHAR
15:44:34.181 [main] INFO  com.dongbao.test_demo3.TestMybatisPlus -   列: name2 , 类型: VARCHAR
15:44:34.181 [main] INFO  com.dongbao.test_demo3.TestMybatisPlus -   列: name3 , 类型: VARCHAR
15:44:34.181 [main] INFO  com.dongbao.test_demo3.TestMybatisPlus -   列: name4 , 类型: VARCHAR
15:44:34.181 [main] INFO  com.dongbao.test_demo3.TestMybatisPlus -   列: name5 , 类型: VARCHAR
15:44:34.181 [main] INFO  com.dongbao.test_demo3.TestMybatisPlus -   列: name6 , 类型: VARCHAR
15:44:34.181 [main] INFO  com.dongbao.test_demo3.TestMybatisPlus -   列: full_spell , 类型: VARCHAR
15:44:34.181 [main] INFO  com.dongbao.test_demo3.TestMybatisPlus -   列: data_source_type , 类型: INT
15:44:34.181 [main] INFO  com.dongbao.test_demo3.TestMybatisPlus -   列: first_post_intention_name , 类型: VARCHAR
15:44:34.181 [main] INFO  com.dongbao.test_demo3.TestMybatisPlus -   列: second_post_intention_name , 类型: VARCHAR
15:44:34.181 [main] INFO  com.dongbao.test_demo3.TestMybatisPlus -   列: third_post_intention_name , 类型: VARCHAR
15:44:34.181 [main] INFO  com.dongbao.test_demo3.TestMybatisPlus -   列: is_talent_pool_transfer , 类型: VARCHAR
15:44:34.181 [main] INFO  com.dongbao.test_demo3.TestMybatisPlus -   列: is_get_accommodayion , 类型: VARCHAR
15:44:34.181 [main] INFO  com.dongbao.test_demo3.TestMybatisPlus -   列: accommodayion_start_date , 类型: DATETIME
15:44:34.181 [main] INFO  com.dongbao.test_demo3.TestMybatisPlus -   列: accommodayion_end_date , 类型: DATETIME
15:44:34.182 [main] INFO  com.dongbao.test_demo3.TestMybatisPlus -   列: is_id_card_imported , 类型: VARCHAR
15:44:34.182 [main] INFO  com.dongbao.test_demo3.TestMybatisPlus -   列: emp_rank , 类型: VARCHAR
15:44:34.182 [main] INFO  com.dongbao.test_demo3.TestMybatisPlus -   列: emp_post_rank , 类型: VARCHAR
15:44:34.182 [main] INFO  com.dongbao.test_demo3.TestMybatisPlus -   列: post_type , 类型: VARCHAR
15:44:34.182 [main] INFO  com.dongbao.test_demo3.TestMybatisPlus -   列: legally_admissible , 类型: VARCHAR
15:44:34.182 [main] INFO  com.dongbao.test_demo3.TestMybatisPlus -   列: certificate_type_id , 类型: BIGINT
15:44:34.182 [main] INFO  com.dongbao.test_demo3.TestMybatisPlus -   列: is_sum_work_age , 类型: VARCHAR
15:44:34.182 [main] INFO  com.dongbao.test_demo3.TestMybatisPlus -   列: work_age_year , 类型: INT
15:44:34.182 [main] INFO  com.dongbao.test_demo3.TestMybatisPlus -   列: work_age_mouth , 类型: INT
15:44:34.182 [main] INFO  com.dongbao.test_demo3.TestMybatisPlus -   列: probation_status , 类型: VARCHAR
15:44:34.182 [main] INFO  com.dongbao.test_demo3.TestMybatisPlus -   列: positive_status , 类型: VARCHAR
15:44:34.182 [main] INFO  com.dongbao.test_demo3.TestMybatisPlus -   列: mail_imap , 类型: VARCHAR
15:44:34.182 [main] INFO  com.dongbao.test_demo3.TestMybatisPlus -   列: mail_port , 类型: VARCHAR
15:44:34.182 [main] INFO  com.dongbao.test_demo3.TestMybatisPlus -   列: mail_account , 类型: VARCHAR
15:44:34.182 [main] INFO  com.dongbao.test_demo3.TestMybatisPlus -   列: account_key , 类型: VARCHAR
15:44:34.182 [main] INFO  com.dongbao.test_demo3.TestMybatisPlus -   列: mail_account_key , 类型: VARCHAR
15:44:34.182 [main] INFO  com.dongbao.test_demo3.TestMybatisPlus -   列: open_ssl , 类型: VARCHAR
15:44:34.182 [main] INFO  com.dongbao.test_demo3.TestMybatisPlus -   列: use_record_mail , 类型: VARCHAR
15:44:34.182 [main] INFO  com.dongbao.test_demo3.TestMybatisPlus -   列: mail_type , 类型: VARCHAR
15:44:34.182 [main] INFO  com.dongbao.test_demo3.TestMybatisPlus -   列: current_org_origin_id , 类型: BIGINT
15:44:34.182 [main] INFO  com.dongbao.test_demo3.TestMybatisPlus -   列: current_work_group , 类型: VARCHAR
15:44:34.182 [main] INFO  com.dongbao.test_demo3.TestMybatisPlus -   列: current_work_group_id , 类型: BIGINT
15:44:34.182 [main] INFO  com.dongbao.test_demo3.TestMybatisPlus -   列: type_of_work , 类型: VARCHAR
15:44:34.182 [main] INFO  com.dongbao.test_demo3.TestMybatisPlus -   列: cost_center_ids , 类型: LONGTEXT
15:44:34.182 [main] INFO  com.dongbao.test_demo3.TestMybatisPlus -   列: is_report_clock , 类型: VARCHAR
15:44:34.182 [main] INFO  com.dongbao.test_demo3.TestMybatisPlus -   列: qy_wx_uid , 类型: VARCHAR
15:44:34.182 [main] INFO  com.dongbao.test_demo3.TestMybatisPlus -   列: dingtalk_uid , 类型: VARCHAR
15:44:34.182 [main] INFO  com.dongbao.test_demo3.TestMybatisPlus -   列: legally_admissible_id , 类型: BIGINT
15:44:34.182 [main] INFO  com.dongbao.test_demo3.TestMybatisPlus -   列: is_wait_leave , 类型: VARCHAR
15:44:34.182 [main] INFO  com.dongbao.test_demo3.TestMybatisPlus -   列: parttime_org_origin_ids , 类型: LONGTEXT
15:44:34.182 [main] INFO  com.dongbao.test_demo3.TestMybatisPlus -   列: is_ignore_count , 类型: TINYINT
15:44:34.182 [main] INFO  com.dongbao.test_demo3.TestMybatisPlus -   列: is_master , 类型: VARCHAR
15:44:34.182 [main] INFO  com.dongbao.test_demo3.TestMybatisPlus -   列: custom_spell , 类型: VARCHAR
15:44:34.182 [main] INFO  com.dongbao.test_demo3.TestMybatisPlus -   列: parttime_org_parent_ids , 类型: LONGTEXT
15:44:34.182 [main] INFO  com.dongbao.test_demo3.TestMybatisPlus -   列: site_file_id , 类型: BIGINT
15:44:34.182 [main] INFO  com.dongbao.test_demo3.TestMybatisPlus -   列: site_file_name , 类型: VARCHAR
15:44:34.182 [main] INFO  com.dongbao.test_demo3.TestMybatisPlus -   列: audit_status_show , 类型: VARCHAR
15:44:34.182 [main] INFO  com.dongbao.test_demo3.TestMybatisPlus -   列: cost_center_names , 类型: LONGTEXT
15:44:34.182 [main] INFO  com.dongbao.test_demo3.TestMybatisPlus -   列: vir_org_names , 类型: LONGTEXT
15:44:34.182 [main] INFO  com.dongbao.test_demo3.TestMybatisPlus -   列: family_name_spell , 类型: VARCHAR
15:44:34.182 [main] INFO  com.dongbao.test_demo3.TestMybatisPlus -   列: name_spell , 类型: VARCHAR
15:44:34.182 [main] INFO  com.dongbao.test_demo3.TestMybatisPlus -   列: sn , 类型: VARCHAR
15:44:34.182 [main] INFO  com.dongbao.test_demo3.TestMybatisPlus -   列: given_name , 类型: VARCHAR
15:44:34.182 [main] INFO  com.dongbao.test_demo3.TestMybatisPlus -   列: description , 类型: VARCHAR
15:44:34.182 [main] INFO  com.dongbao.test_demo3.TestMybatisPlus -   列: emp_sort , 类型: INT
15:44:34.182 [main] INFO  com.dongbao.test_demo3.TestMybatisPlus -   列: date_of_working , 类型: DATETIME
15:44:34.183 [main] INFO  com.dongbao.test_demo3.TestMybatisPlus -   列: entry_count , 类型: INT
15:44:34.183 [main] INFO  com.dongbao.test_demo3.TestMybatisPlus -   列: third_key , 类型: VARCHAR
15:44:34.183 [main] INFO  com.dongbao.test_demo3.TestMybatisPlus -   列: age , 类型: INT
15:44:34.183 [main] INFO  com.dongbao.test_demo3.TestMybatisPlus -   列: ExtEventPersonNo , 类型: VARCHAR
15:44:34.183 [main] INFO  com.dongbao.test_demo3.TestMybatisPlus -   列: per_org_user_type , 类型: VARCHAR
15:44:34.183 [main] INFO  com.dongbao.test_demo3.TestMybatisPlus -   列: work_place , 类型: VARCHAR
15:44:34.183 [main] INFO  com.dongbao.test_demo3.TestMybatisPlus -   列: labor_dispatching_date , 类型: DATETIME
15:44:34.183 [main] INFO  com.dongbao.test_demo3.TestMybatisPlus -   列: social-insurance , 类型: VARCHAR
15:44:34.183 [main] INFO  com.dongbao.test_demo3.TestMybatisPlus -   列: Provident-Fund , 类型: VARCHAR
15:44:34.183 [main] INFO  com.dongbao.test_demo3.TestMybatisPlus -   列: social_insurance , 类型: VARCHAR
15:44:34.183 [main] INFO  com.dongbao.test_demo3.TestMybatisPlus -   列: provident_und , 类型: VARCHAR
15:44:34.183 [main] INFO  com.dongbao.test_demo3.TestMybatisPlus -   列: recruit , 类型: VARCHAR
15:44:34.183 [main] INFO  com.dongbao.test_demo3.TestMybatisPlus -   列: code , 类型: VARCHAR
15:44:34.183 [main] INFO  com.dongbao.test_demo3.TestMybatisPlus -   列: part_time_job , 类型: LONGTEXT
15:44:34.183 [main] INFO  com.dongbao.test_demo3.TestMybatisPlus -   列: c_inspect_data , 类型: DATETIME
15:44:34.183 [main] INFO  com.dongbao.test_demo3.TestMybatisPlus -   列: c_sxkssj , 类型: DATETIME
15:44:34.183 [main] INFO  com.dongbao.test_demo3.TestMybatisPlus -   列: c_sxjssj , 类型: DATETIME
15:44:34.183 [main] INFO  com.dongbao.test_demo3.TestMybatisPlus -   列: c_physics_no , 类型: VARCHAR
15:44:34.183 [main] INFO  com.dongbao.test_demo3.TestMybatisPlus -   列: application_id , 类型: VARCHAR
15:44:34.183 [main] INFO  com.dongbao.test_demo3.TestMybatisPlus -   列: c_level , 类型: INT
15:44:34.183 [main] INFO  com.dongbao.test_demo3.TestMybatisPlus -   列: c_tempType , 类型: VARCHAR
15:44:34.183 [main] INFO  com.dongbao.test_demo3.TestMybatisPlus -   列: rank_position_program_id , 类型: BIGINT
15:44:34.183 [main] INFO  com.dongbao.test_demo3.TestMybatisPlus -   列: sequence_name , 类型: VARCHAR
15:44:34.183 [main] INFO  com.dongbao.test_demo3.TestMybatisPlus -   列: sequence_level_id , 类型: BIGINT
15:44:34.183 [main] INFO  com.dongbao.test_demo3.TestMybatisPlus -   列: sequence_level_name , 类型: VARCHAR
15:44:34.183 [main] INFO  com.dongbao.test_demo3.TestMybatisPlus -   列: post_level_id , 类型: BIGINT
15:44:34.183 [main] INFO  com.dongbao.test_demo3.TestMybatisPlus -   列: is_intern , 类型: VARCHAR
15:44:34.183 [main] INFO  com.dongbao.test_demo3.TestMybatisPlus -   列: emp_level , 类型: INT
15:44:34.183 [main] INFO  com.dongbao.test_demo3.TestMybatisPlus -   列: basic_level , 类型: VARCHAR
15:44:34.183 [main] INFO  com.dongbao.test_demo3.TestMybatisPlus -   列: c_sumYdays , 类型: INT
15:44:34.183 [main] INFO  com.dongbao.test_demo3.TestMybatisPlus -   列: c_handsumYear , 类型: INT
15:44:34.183 [main] INFO  com.dongbao.test_demo3.TestMybatisPlus -   列: c_roundSumYear , 类型: INT
15:44:34.183 [main] INFO  com.dongbao.test_demo3.TestMybatisPlus -   列: c_Social_security_type , 类型: VARCHAR
15:44:34.183 [main] INFO  com.dongbao.test_demo3.TestMybatisPlus -   列: c_post_code , 类型: VARCHAR
15:44:34.183 [main] INFO  com.dongbao.test_demo3.TestMybatisPlus -   列: c_leave_type , 类型: VARCHAR
15:44:34.183 [main] INFO  com.dongbao.test_demo3.TestMybatisPlus -   列: c_become_regular_date , 类型: VARCHAR
15:44:34.183 [main] INFO  com.dongbao.test_demo3.TestMybatisPlus -   列: reinstate_way , 类型: VARCHAR
15:44:34.183 [main] INFO  com.dongbao.test_demo3.TestMybatisPlus -   列: reinstate_origin_ids , 类型: LONGTEXT
15:44:34.183 [main] INFO  com.dongbao.test_demo3.TestMybatisPlus -   列: c_lock_regular_date , 类型: VARCHAR
15:44:34.183 [main] INFO  com.dongbao.test_demo3.TestMybatisPlus -   列: c_is_sync_system , 类型: INT
15:44:34.183 [main] INFO  com.dongbao.test_demo3.TestMybatisPlus -   列: c_is_xsxzsbt , 类型: INT
15:44:34.183 [main] INFO  com.dongbao.test_demo3.TestMybatisPlus -   列: c_is_accumulation_fund , 类型: TINYINT
15:44:34.183 [main] INFO  com.dongbao.test_demo3.TestMybatisPlus -   列: c_dingtalk_unionid , 类型: VARCHAR
15:44:34.184 [main] INFO  com.dongbao.test_demo3.TestMybatisPlus -   列: c_employ_id , 类型: BIGINT
15:44:34.184 [main] INFO  com.dongbao.test_demo3.TestMybatisPlus -   列: identity_type , 类型: VARCHAR
15:44:34.184 [main] INFO  com.dongbao.test_demo3.TestMybatisPlus -   列: is_current , 类型: TINYINT
15:44:34.184 [main] INFO  com.dongbao.test_demo3.TestMybatisPlus -   列: c_intern , 类型: VARCHAR
15:44:34.184 [main] INFO  com.dongbao.test_demo3.TestMybatisPlus -   列: c_enter_country_time , 类型: DATETIME
15:44:34.184 [main] INFO  com.dongbao.test_demo3.TestMybatisPlus -   列: c_leave_country_time , 类型: DATETIME
15:44:34.184 [main] INFO  com.dongbao.test_demo3.TestMybatisPlus -   列: c_born_nationality_id , 类型: VARCHAR
15:44:34.184 [main] INFO  com.dongbao.test_demo3.TestMybatisPlus -   列: c_born_nationality , 类型: VARCHAR
15:44:34.184 [main] INFO  com.dongbao.test_demo3.TestMybatisPlus -   列: c_senior_school_major , 类型: VARCHAR
15:44:34.195 [main] INFO  com.dongbao.test_demo3.TestMybatisPlus - 📋 实际数据列名:
15:44:34.195 [main] INFO  com.dongbao.test_demo3.TestMybatisPlus -   列1: id
15:44:34.195 [main] INFO  com.dongbao.test_demo3.TestMybatisPlus -   列2: origin_id
15:44:34.195 [main] INFO  com.dongbao.test_demo3.TestMybatisPlus -   列3: head_portrait
15:44:34.195 [main] INFO  com.dongbao.test_demo3.TestMybatisPlus -   列4: name
15:44:34.195 [main] INFO  com.dongbao.test_demo3.TestMybatisPlus -   列5: short_name
15:44:34.195 [main] INFO  com.dongbao.test_demo3.TestMybatisPlus -   列6: english_name
15:44:34.195 [main] INFO  com.dongbao.test_demo3.TestMybatisPlus -   列7: education
15:44:34.195 [main] INFO  com.dongbao.test_demo3.TestMybatisPlus -   列8: sex
15:44:34.195 [main] INFO  com.dongbao.test_demo3.TestMybatisPlus -   列9: mobile
15:44:34.195 [main] INFO  com.dongbao.test_demo3.TestMybatisPlus -   列10: marital_status
15:44:34.195 [main] INFO  com.dongbao.test_demo3.TestMybatisPlus -   列11: email
15:44:34.195 [main] INFO  com.dongbao.test_demo3.TestMybatisPlus -   列12: certificate_type
15:44:34.195 [main] INFO  com.dongbao.test_demo3.TestMybatisPlus -   列13: certificate_no
15:44:34.195 [main] INFO  com.dongbao.test_demo3.TestMybatisPlus -   列14: certificate_start_date
15:44:34.195 [main] INFO  com.dongbao.test_demo3.TestMybatisPlus -   列15: certificate_end_date
15:44:34.195 [main] INFO  com.dongbao.test_demo3.TestMybatisPlus -   列16: id_card_address
15:44:34.195 [main] INFO  com.dongbao.test_demo3.TestMybatisPlus -   列17: birth_date_type
15:44:34.196 [main] INFO  com.dongbao.test_demo3.TestMybatisPlus -   列18: birth_date
15:44:34.196 [main] INFO  com.dongbao.test_demo3.TestMybatisPlus -   列19: nation
15:44:34.196 [main] INFO  com.dongbao.test_demo3.TestMybatisPlus -   列20: nationality_id
15:44:34.196 [main] INFO  com.dongbao.test_demo3.TestMybatisPlus -   列21: nationality
15:44:34.196 [main] INFO  com.dongbao.test_demo3.TestMybatisPlus -   列22: native_place
15:44:34.196 [main] INFO  com.dongbao.test_demo3.TestMybatisPlus -   列23: domicile_type
15:44:34.196 [main] INFO  com.dongbao.test_demo3.TestMybatisPlus -   列24: politics_status
15:44:34.196 [main] INFO  com.dongbao.test_demo3.TestMybatisPlus -   列25: address
15:44:34.196 [main] INFO  com.dongbao.test_demo3.TestMybatisPlus -   列26: blood_type
15:44:34.196 [main] INFO  com.dongbao.test_demo3.TestMybatisPlus -   列27: height
15:44:34.196 [main] INFO  com.dongbao.test_demo3.TestMybatisPlus -   列28: constellation
15:44:34.196 [main] INFO  com.dongbao.test_demo3.TestMybatisPlus -   列29: handedness
15:44:34.196 [main] INFO  com.dongbao.test_demo3.TestMybatisPlus -   列30: smoke
15:44:34.196 [main] INFO  com.dongbao.test_demo3.TestMybatisPlus -   列31: speciality
15:44:34.196 [main] INFO  com.dongbao.test_demo3.TestMybatisPlus -   列32: religion
15:44:34.196 [main] INFO  com.dongbao.test_demo3.TestMybatisPlus -   列33: health
15:44:34.196 [main] INFO  com.dongbao.test_demo3.TestMybatisPlus -   列34: remark
15:44:34.196 [main] INFO  com.dongbao.test_demo3.TestMybatisPlus -   列35: emp_no
15:44:34.196 [main] INFO  com.dongbao.test_demo3.TestMybatisPlus -   列36: entry_date
15:44:34.196 [main] INFO  com.dongbao.test_demo3.TestMybatisPlus -   列37: company_id
15:44:34.196 [main] INFO  com.dongbao.test_demo3.TestMybatisPlus -   列38: company_name
15:44:34.196 [main] INFO  com.dongbao.test_demo3.TestMybatisPlus -   列39: attach
15:44:34.196 [main] INFO  com.dongbao.test_demo3.TestMybatisPlus -   列40: org_name
15:44:34.196 [main] INFO  com.dongbao.test_demo3.TestMybatisPlus -   列41: emp_type
15:44:34.196 [main] INFO  com.dongbao.test_demo3.TestMybatisPlus -   列42: post_name
15:44:34.196 [main] INFO  com.dongbao.test_demo3.TestMybatisPlus -   列43: duty_id
15:44:34.196 [main] INFO  com.dongbao.test_demo3.TestMybatisPlus -   列44: duty_name
15:44:34.196 [main] INFO  com.dongbao.test_demo3.TestMybatisPlus -   列45: employment_nature
15:44:34.196 [main] INFO  com.dongbao.test_demo3.TestMybatisPlus -   列46: entry_source
15:44:34.196 [main] INFO  com.dongbao.test_demo3.TestMybatisPlus -   列47: probation_start_date
15:44:34.196 [main] INFO  com.dongbao.test_demo3.TestMybatisPlus -   列48: probation_end_date
15:44:34.196 [main] INFO  com.dongbao.test_demo3.TestMybatisPlus -   列49: work_months
15:44:34.196 [main] INFO  com.dongbao.test_demo3.TestMybatisPlus -   列50: leader_name
15:44:34.196 [main] INFO  com.dongbao.test_demo3.TestMybatisPlus -   列51: logic_no
15:44:34.196 [main] INFO  com.dongbao.test_demo3.TestMybatisPlus -   列52: archive_no
15:44:34.196 [main] INFO  com.dongbao.test_demo3.TestMybatisPlus -   列53: dispatch_company
15:44:34.196 [main] INFO  com.dongbao.test_demo3.TestMybatisPlus -   列54: ext_tel
15:44:34.196 [main] INFO  com.dongbao.test_demo3.TestMybatisPlus -   列55: first_post_intention
15:44:34.196 [main] INFO  com.dongbao.test_demo3.TestMybatisPlus -   列56: second_post_intention
15:44:34.196 [main] INFO  com.dongbao.test_demo3.TestMybatisPlus -   列57: status
15:44:34.196 [main] INFO  com.dongbao.test_demo3.TestMybatisPlus -   列58: third_post_intention
15:44:34.196 [main] INFO  com.dongbao.test_demo3.TestMybatisPlus -   列59: work_email
15:44:34.196 [main] INFO  com.dongbao.test_demo3.TestMybatisPlus -   列60: work_tel
15:44:34.196 [main] INFO  com.dongbao.test_demo3.TestMybatisPlus -   列61: physics_no
15:44:34.196 [main] INFO  com.dongbao.test_demo3.TestMybatisPlus -   列62: card_dept
15:44:34.196 [main] INFO  com.dongbao.test_demo3.TestMybatisPlus -   列63: is_probation
15:44:34.196 [main] INFO  com.dongbao.test_demo3.TestMybatisPlus -   列64: create_id
15:44:34.196 [main] INFO  com.dongbao.test_demo3.TestMybatisPlus -   列65: create_name
15:44:34.196 [main] INFO  com.dongbao.test_demo3.TestMybatisPlus -   列66: create_date
15:44:34.197 [main] INFO  com.dongbao.test_demo3.TestMybatisPlus -   列67: modify_id
15:44:34.197 [main] INFO  com.dongbao.test_demo3.TestMybatisPlus -   列68: modify_name
15:44:34.197 [main] INFO  com.dongbao.test_demo3.TestMybatisPlus -   列69: modify_date
15:44:34.197 [main] INFO  com.dongbao.test_demo3.TestMybatisPlus -   列70: is_delete
15:44:34.197 [main] INFO  com.dongbao.test_demo3.TestMybatisPlus -   列71: entry_status
15:44:34.197 [main] INFO  com.dongbao.test_demo3.TestMybatisPlus -   列72: info_employ_id
15:44:34.197 [main] INFO  com.dongbao.test_demo3.TestMybatisPlus -   列73: enable_date
15:44:34.197 [main] INFO  com.dongbao.test_demo3.TestMybatisPlus -   列74: unable_date
15:44:34.197 [main] INFO  com.dongbao.test_demo3.TestMybatisPlus -   列75: org_origin_id
15:44:34.197 [main] INFO  com.dongbao.test_demo3.TestMybatisPlus -   列76: post_origin_id
15:44:34.197 [main] INFO  com.dongbao.test_demo3.TestMybatisPlus -   列77: user_id
15:44:34.197 [main] INFO  com.dongbao.test_demo3.TestMybatisPlus -   列78: audit_status
15:44:34.197 [main] INFO  com.dongbao.test_demo3.TestMybatisPlus -   列79: position_and_rank
15:44:34.197 [main] INFO  com.dongbao.test_demo3.TestMybatisPlus -   列80: leave_date
15:44:34.197 [main] INFO  com.dongbao.test_demo3.TestMybatisPlus -   列81: is_guest
15:44:34.197 [main] INFO  com.dongbao.test_demo3.TestMybatisPlus -   列82: introduce_name
15:44:34.197 [main] INFO  com.dongbao.test_demo3.TestMybatisPlus -   列83: introduce_id
15:44:34.197 [main] INFO  com.dongbao.test_demo3.TestMybatisPlus -   列84: leader_origin_id
15:44:34.197 [main] INFO  com.dongbao.test_demo3.TestMybatisPlus -   列85: leader_origin_ids
15:44:34.197 [main] INFO  com.dongbao.test_demo3.TestMybatisPlus -   列86: last_communication_date
15:44:34.197 [main] INFO  com.dongbao.test_demo3.TestMybatisPlus -   列87: contract_end_date
15:44:34.197 [main] INFO  com.dongbao.test_demo3.TestMybatisPlus -   列88: flow_type
15:44:34.197 [main] INFO  com.dongbao.test_demo3.TestMybatisPlus -   列89: work_years_entry_date
15:44:34.197 [main] INFO  com.dongbao.test_demo3.TestMybatisPlus -   列90: level_position_id
15:44:34.197 [main] INFO  com.dongbao.test_demo3.TestMybatisPlus -   列91: level_rank_id
15:44:34.197 [main] INFO  com.dongbao.test_demo3.TestMybatisPlus -   列92: list_progress
15:44:34.197 [main] INFO  com.dongbao.test_demo3.TestMybatisPlus -   列93: flow_process
15:44:34.197 [main] INFO  com.dongbao.test_demo3.TestMybatisPlus -   列94: is_org_flow
15:44:34.197 [main] INFO  com.dongbao.test_demo3.TestMybatisPlus -   列95: area_code
15:44:34.197 [main] INFO  com.dongbao.test_demo3.TestMybatisPlus -   列96: company_ids
15:44:34.197 [main] INFO  com.dongbao.test_demo3.TestMybatisPlus -   列97: org_parent_origin_ids
15:44:34.197 [main] INFO  com.dongbao.test_demo3.TestMybatisPlus -   列98: employ_id
15:44:34.197 [main] INFO  com.dongbao.test_demo3.TestMybatisPlus -   列99: country_id
15:44:34.197 [main] INFO  com.dongbao.test_demo3.TestMybatisPlus -   列100: work_age_value
15:44:34.197 [main] INFO  com.dongbao.test_demo3.TestMybatisPlus -   列101: last_daily_accounting_program_id
15:44:34.197 [main] INFO  com.dongbao.test_demo3.TestMybatisPlus -   列102: last_monthly_accounting_program_id
15:44:34.197 [main] INFO  com.dongbao.test_demo3.TestMybatisPlus -   列103: meid
15:44:34.197 [main] INFO  com.dongbao.test_demo3.TestMybatisPlus -   列104: native_place_id
15:44:34.197 [main] INFO  com.dongbao.test_demo3.TestMybatisPlus -   列105: personal_head_portrait
15:44:34.197 [main] INFO  com.dongbao.test_demo3.TestMybatisPlus -   列106: district
15:44:34.197 [main] INFO  com.dongbao.test_demo3.TestMybatisPlus -   列107: address_id
15:44:34.197 [main] INFO  com.dongbao.test_demo3.TestMybatisPlus -   列108: spell
15:44:34.198 [main] INFO  com.dongbao.test_demo3.TestMybatisPlus -   列109: jane_spell
15:44:34.198 [main] INFO  com.dongbao.test_demo3.TestMybatisPlus -   列110: tax_number
15:44:34.198 [main] INFO  com.dongbao.test_demo3.TestMybatisPlus -   列111: social_security_number
15:44:34.198 [main] INFO  com.dongbao.test_demo3.TestMybatisPlus -   列112: medical_social_security_number
15:44:34.198 [main] INFO  com.dongbao.test_demo3.TestMybatisPlus -   列113: name2
15:44:34.198 [main] INFO  com.dongbao.test_demo3.TestMybatisPlus -   列114: name3
15:44:34.198 [main] INFO  com.dongbao.test_demo3.TestMybatisPlus -   列115: name4
15:44:34.198 [main] INFO  com.dongbao.test_demo3.TestMybatisPlus -   列116: name5
15:44:34.198 [main] INFO  com.dongbao.test_demo3.TestMybatisPlus -   列117: name6
15:44:34.198 [main] INFO  com.dongbao.test_demo3.TestMybatisPlus -   列118: full_spell
15:44:34.198 [main] INFO  com.dongbao.test_demo3.TestMybatisPlus -   列119: data_source_type
15:44:34.198 [main] INFO  com.dongbao.test_demo3.TestMybatisPlus -   列120: first_post_intention_name
15:44:34.198 [main] INFO  com.dongbao.test_demo3.TestMybatisPlus -   列121: second_post_intention_name
15:44:34.198 [main] INFO  com.dongbao.test_demo3.TestMybatisPlus -   列122: third_post_intention_name
15:44:34.198 [main] INFO  com.dongbao.test_demo3.TestMybatisPlus -   列123: is_talent_pool_transfer
15:44:34.198 [main] INFO  com.dongbao.test_demo3.TestMybatisPlus -   列124: is_get_accommodayion
15:44:34.198 [main] INFO  com.dongbao.test_demo3.TestMybatisPlus -   列125: accommodayion_start_date
15:44:34.198 [main] INFO  com.dongbao.test_demo3.TestMybatisPlus -   列126: accommodayion_end_date
15:44:34.208 [main] INFO  com.dongbao.test_demo3.TestMybatisPlus -   列127: is_id_card_imported
15:44:34.208 [main] INFO  com.dongbao.test_demo3.TestMybatisPlus -   列128: emp_rank
15:44:34.208 [main] INFO  com.dongbao.test_demo3.TestMybatisPlus -   列129: emp_post_rank
15:44:34.208 [main] INFO  com.dongbao.test_demo3.TestMybatisPlus -   列130: post_type
15:44:34.208 [main] INFO  com.dongbao.test_demo3.TestMybatisPlus -   列131: legally_admissible
15:44:34.208 [main] INFO  com.dongbao.test_demo3.TestMybatisPlus -   列132: certificate_type_id
15:44:34.208 [main] INFO  com.dongbao.test_demo3.TestMybatisPlus -   列133: is_sum_work_age
15:44:34.208 [main] INFO  com.dongbao.test_demo3.TestMybatisPlus -   列134: work_age_year
15:44:34.208 [main] INFO  com.dongbao.test_demo3.TestMybatisPlus -   列135: work_age_mouth
15:44:34.208 [main] INFO  com.dongbao.test_demo3.TestMybatisPlus -   列136: probation_status
15:44:34.208 [main] INFO  com.dongbao.test_demo3.TestMybatisPlus -   列137: positive_status
15:44:34.208 [main] INFO  com.dongbao.test_demo3.TestMybatisPlus -   列138: mail_imap
15:44:34.208 [main] INFO  com.dongbao.test_demo3.TestMybatisPlus -   列139: mail_port
15:44:34.208 [main] INFO  com.dongbao.test_demo3.TestMybatisPlus -   列140: mail_account
15:44:34.208 [main] INFO  com.dongbao.test_demo3.TestMybatisPlus -   列141: account_key
15:44:34.208 [main] INFO  com.dongbao.test_demo3.TestMybatisPlus -   列142: mail_account_key
15:44:34.208 [main] INFO  com.dongbao.test_demo3.TestMybatisPlus -   列143: open_ssl
15:44:34.208 [main] INFO  com.dongbao.test_demo3.TestMybatisPlus -   列144: use_record_mail
15:44:34.208 [main] INFO  com.dongbao.test_demo3.TestMybatisPlus -   列145: mail_type
15:44:34.208 [main] INFO  com.dongbao.test_demo3.TestMybatisPlus -   列146: current_org_origin_id
15:44:34.208 [main] INFO  com.dongbao.test_demo3.TestMybatisPlus -   列147: current_work_group
15:44:34.209 [main] INFO  com.dongbao.test_demo3.TestMybatisPlus -   列148: current_work_group_id
15:44:34.209 [main] INFO  com.dongbao.test_demo3.TestMybatisPlus -   列149: type_of_work
15:44:34.209 [main] INFO  com.dongbao.test_demo3.TestMybatisPlus -   列150: cost_center_ids
15:44:34.209 [main] INFO  com.dongbao.test_demo3.TestMybatisPlus -   列151: is_report_clock
15:44:34.209 [main] INFO  com.dongbao.test_demo3.TestMybatisPlus -   列152: qy_wx_uid
15:44:34.209 [main] INFO  com.dongbao.test_demo3.TestMybatisPlus -   列153: dingtalk_uid
15:44:34.209 [main] INFO  com.dongbao.test_demo3.TestMybatisPlus -   列154: legally_admissible_id
15:44:34.209 [main] INFO  com.dongbao.test_demo3.TestMybatisPlus -   列155: is_wait_leave
15:44:34.209 [main] INFO  com.dongbao.test_demo3.TestMybatisPlus -   列156: parttime_org_origin_ids
15:44:34.209 [main] INFO  com.dongbao.test_demo3.TestMybatisPlus -   列157: is_ignore_count
15:44:34.209 [main] INFO  com.dongbao.test_demo3.TestMybatisPlus -   列158: is_master
15:44:34.209 [main] INFO  com.dongbao.test_demo3.TestMybatisPlus -   列159: custom_spell
15:44:34.209 [main] INFO  com.dongbao.test_demo3.TestMybatisPlus -   列160: parttime_org_parent_ids
15:44:34.209 [main] INFO  com.dongbao.test_demo3.TestMybatisPlus -   列161: site_file_id
15:44:34.209 [main] INFO  com.dongbao.test_demo3.TestMybatisPlus -   列162: site_file_name
15:44:34.209 [main] INFO  com.dongbao.test_demo3.TestMybatisPlus -   列163: audit_status_show
15:44:34.209 [main] INFO  com.dongbao.test_demo3.TestMybatisPlus -   列164: cost_center_names
15:44:34.209 [main] INFO  com.dongbao.test_demo3.TestMybatisPlus -   列165: vir_org_names
15:44:34.209 [main] INFO  com.dongbao.test_demo3.TestMybatisPlus -   列166: family_name_spell
15:44:34.209 [main] INFO  com.dongbao.test_demo3.TestMybatisPlus -   列167: name_spell
15:44:34.209 [main] INFO  com.dongbao.test_demo3.TestMybatisPlus -   列168: sn
15:44:34.209 [main] INFO  com.dongbao.test_demo3.TestMybatisPlus -   列169: given_name
15:44:34.209 [main] INFO  com.dongbao.test_demo3.TestMybatisPlus -   列170: description
15:44:34.209 [main] INFO  com.dongbao.test_demo3.TestMybatisPlus -   列171: emp_sort
15:44:34.209 [main] INFO  com.dongbao.test_demo3.TestMybatisPlus -   列172: date_of_working
15:44:34.209 [main] INFO  com.dongbao.test_demo3.TestMybatisPlus -   列173: entry_count
15:44:34.209 [main] INFO  com.dongbao.test_demo3.TestMybatisPlus -   列174: third_key
15:44:34.209 [main] INFO  com.dongbao.test_demo3.TestMybatisPlus -   列175: age
15:44:34.209 [main] INFO  com.dongbao.test_demo3.TestMybatisPlus -   列176: ExtEventPersonNo
15:44:34.209 [main] INFO  com.dongbao.test_demo3.TestMybatisPlus -   列177: per_org_user_type
15:44:34.209 [main] INFO  com.dongbao.test_demo3.TestMybatisPlus -   列178: work_place
15:44:34.210 [main] INFO  com.dongbao.test_demo3.TestMybatisPlus -   列179: labor_dispatching_date
15:44:34.210 [main] INFO  com.dongbao.test_demo3.TestMybatisPlus -   列180: social-insurance
15:44:34.210 [main] INFO  com.dongbao.test_demo3.TestMybatisPlus -   列181: Provident-Fund
15:44:34.210 [main] INFO  com.dongbao.test_demo3.TestMybatisPlus -   列182: social_insurance
15:44:34.210 [main] INFO  com.dongbao.test_demo3.TestMybatisPlus -   列183: provident_und
15:44:34.210 [main] INFO  com.dongbao.test_demo3.TestMybatisPlus -   列184: recruit
15:44:34.210 [main] INFO  com.dongbao.test_demo3.TestMybatisPlus -   列185: code
15:44:34.210 [main] INFO  com.dongbao.test_demo3.TestMybatisPlus -   列186: part_time_job
15:44:34.210 [main] INFO  com.dongbao.test_demo3.TestMybatisPlus -   列187: c_inspect_data
15:44:34.210 [main] INFO  com.dongbao.test_demo3.TestMybatisPlus -   列188: c_sxkssj
15:44:34.210 [main] INFO  com.dongbao.test_demo3.TestMybatisPlus -   列189: c_sxjssj
15:44:34.210 [main] INFO  com.dongbao.test_demo3.TestMybatisPlus -   列190: c_physics_no
15:44:34.210 [main] INFO  com.dongbao.test_demo3.TestMybatisPlus -   列191: application_id
15:44:34.210 [main] INFO  com.dongbao.test_demo3.TestMybatisPlus -   列192: c_level
15:44:34.210 [main] INFO  com.dongbao.test_demo3.TestMybatisPlus -   列193: c_tempType
15:44:34.210 [main] INFO  com.dongbao.test_demo3.TestMybatisPlus -   列194: rank_position_program_id
15:44:34.210 [main] INFO  com.dongbao.test_demo3.TestMybatisPlus -   列195: sequence_name
15:44:34.210 [main] INFO  com.dongbao.test_demo3.TestMybatisPlus -   列196: sequence_level_id
15:44:34.210 [main] INFO  com.dongbao.test_demo3.TestMybatisPlus -   列197: sequence_level_name
15:44:34.210 [main] INFO  com.dongbao.test_demo3.TestMybatisPlus -   列198: post_level_id
15:44:34.210 [main] INFO  com.dongbao.test_demo3.TestMybatisPlus -   列199: is_intern
15:44:34.210 [main] INFO  com.dongbao.test_demo3.TestMybatisPlus -   列200: emp_level
15:44:34.210 [main] INFO  com.dongbao.test_demo3.TestMybatisPlus -   列201: basic_level
15:44:34.210 [main] INFO  com.dongbao.test_demo3.TestMybatisPlus -   列202: c_sumYdays
15:44:34.210 [main] INFO  com.dongbao.test_demo3.TestMybatisPlus -   列203: c_handsumYear
15:44:34.210 [main] INFO  com.dongbao.test_demo3.TestMybatisPlus -   列204: c_roundSumYear
15:44:34.210 [main] INFO  com.dongbao.test_demo3.TestMybatisPlus -   列205: c_Social_security_type
15:44:34.210 [main] INFO  com.dongbao.test_demo3.TestMybatisPlus -   列206: c_post_code
15:44:34.210 [main] INFO  com.dongbao.test_demo3.TestMybatisPlus -   列207: c_leave_type
15:44:34.210 [main] INFO  com.dongbao.test_demo3.TestMybatisPlus -   列208: c_become_regular_date
15:44:34.210 [main] INFO  com.dongbao.test_demo3.TestMybatisPlus -   列209: reinstate_way
15:44:34.210 [main] INFO  com.dongbao.test_demo3.TestMybatisPlus -   列210: reinstate_origin_ids
15:44:34.210 [main] INFO  com.dongbao.test_demo3.TestMybatisPlus -   列211: c_lock_regular_date
15:44:34.210 [main] INFO  com.dongbao.test_demo3.TestMybatisPlus -   列212: c_is_sync_system
15:44:34.210 [main] INFO  com.dongbao.test_demo3.TestMybatisPlus -   列213: c_is_xsxzsbt
15:44:34.210 [main] INFO  com.dongbao.test_demo3.TestMybatisPlus -   列214: c_is_accumulation_fund
15:44:34.210 [main] INFO  com.dongbao.test_demo3.TestMybatisPlus -   列215: c_dingtalk_unionid
15:44:34.210 [main] INFO  com.dongbao.test_demo3.TestMybatisPlus -   列216: c_employ_id
15:44:34.210 [main] INFO  com.dongbao.test_demo3.TestMybatisPlus -   列217: identity_type
15:44:34.210 [main] INFO  com.dongbao.test_demo3.TestMybatisPlus -   列218: is_current
15:44:34.210 [main] INFO  com.dongbao.test_demo3.TestMybatisPlus -   列219: c_intern
15:44:34.210 [main] INFO  com.dongbao.test_demo3.TestMybatisPlus -   列220: c_enter_country_time
15:44:34.210 [main] INFO  com.dongbao.test_demo3.TestMybatisPlus -   列221: c_leave_country_time
15:44:34.210 [main] INFO  com.dongbao.test_demo3.TestMybatisPlus -   列222: c_born_nationality_id
15:44:34.210 [main] INFO  com.dongbao.test_demo3.TestMybatisPlus -   列223: c_born_nationality
15:44:34.210 [main] INFO  com.dongbao.test_demo3.TestMybatisPlus -   列224: c_senior_school_major
15:44:34.210 [main] INFO  com.dongbao.test_demo3.TestMybatisPlus -   列225: c_badge_token_fd_id
15:44:34.210 [main] INFO  com.dongbao.test_demo3.TestMybatisPlus - 📋 请确认你的EmpInfo实体类字段:
15:44:34.210 [main] INFO  com.dongbao.test_demo3.TestMybatisPlus -   当前使用的字段: id, name, emp_no, is_delete, enable_date, unable_date
15:44:34.213 [main] INFO  com.dongbao.test_demo3.TestMybatisPlus - === 诊断结束 ===
15:44:34.232 [SpringApplicationShutdownHook] INFO  com.zaxxer.hikari.HikariDataSource - HikariPool-1 - Shutdown initiated...
15:44:34.259 [SpringApplicationShutdownHook] INFO  com.zaxxer.hikari.HikariDataSource - HikariPool-1 - Shutdown completed.
15:52:06.436 [main] INFO  com.dongbao.test_demo3.TestMybatisPlus - Starting TestMybatisPlus using Java 1.8.0_151 on IT-013487 with PID 12876 (started by 013487 in E:\javaProject\test_demo3)
15:52:06.438 [main] INFO  com.dongbao.test_demo3.TestMybatisPlus - No active profile set, falling back to 1 default profile: "default"
15:52:06.959 [main] INFO  o.s.d.r.config.RepositoryConfigurationDelegate - Multiple Spring Data modules found, entering strict repository configuration mode
15:52:06.961 [main] INFO  o.s.d.r.config.RepositoryConfigurationDelegate - Bootstrapping Spring Data Redis repositories in DEFAULT mode.
15:52:06.979 [main] INFO  o.s.d.r.config.RepositoryConfigurationDelegate - Finished Spring Data repository scanning in 8 ms. Found 0 Redis repository interfaces.
15:52:07.059 [main] WARN  org.mybatis.spring.mapper.ClassPathMapperScanner - Skipping MapperFactoryBean with name 'attWorkHourDayPlusMapper' and 'com.dongbao.test_demo3.mapper.AttWorkHourDayPlusMapper' mapperInterface. Bean already defined with the same name!
15:52:07.059 [main] WARN  org.mybatis.spring.mapper.ClassPathMapperScanner - Skipping MapperFactoryBean with name 'empInfoMapper' and 'com.dongbao.test_demo3.mapper.EmpInfoMapper' mapperInterface. Bean already defined with the same name!
15:52:07.059 [main] WARN  org.mybatis.spring.mapper.ClassPathMapperScanner - Skipping MapperFactoryBean with name 'empInfoMybatisPlusMapper' and 'com.dongbao.test_demo3.mapper.EmpInfoMybatisPlusMapper' mapperInterface. Bean already defined with the same name!
15:52:07.059 [main] WARN  org.mybatis.spring.mapper.ClassPathMapperScanner - No MyBatis mapper was found in '[com.dongbao.test_demo3.mapper]' package. Please check your configuration.
15:52:08.435 [main] WARN  c.b.mybatisplus.core.injector.DefaultSqlInjector - class com.dongbao.test_demo3.entity.AttWorkHourDay ,Not found @TableId annotation, Cannot use Mybatis-Plus 'xxById' Method.
15:52:08.701 [main] INFO  com.dongbao.test_demo3.config.AsyncConfig - 异步任务执行器已启用
15:52:09.438 [main] INFO  o.s.b.a.web.servlet.WelcomePageHandlerMapping - Adding welcome page: class path resource [static/index.html]
15:52:09.753 [main] WARN  o.s.b.a.t.ThymeleafAutoConfiguration$DefaultTemplateResolverConfiguration - Cannot find template location: classpath:/templates/ (please add some templates, check your Thymeleaf configuration, or set spring.thymeleaf.check-template-location=false)
15:52:09.759 [main] WARN  org.thymeleaf.templatemode.TemplateMode - [THYMELEAF][main] Template Mode 'HTML5' is deprecated. Using Template Mode 'HTML' instead.
15:52:10.211 [main] INFO  com.dongbao.test_demo3.TestMybatisPlus - Started TestMybatisPlus in 4.043 seconds (JVM running for 4.735)
15:52:10.250 [main] INFO  com.dongbao.test_demo3.TestMybatisPlus - === SQL日志诊断 ===
15:52:10.250 [main] INFO  com.dongbao.test_demo3.TestMybatisPlus - 1. 执行查询操作...
15:52:10.277 [main] INFO  com.dongbao.test_demo3.TestMybatisPlus - 查询结果: null
15:52:10.277 [main] INFO  com.dongbao.test_demo3.TestMybatisPlus - 2. 执行更新操作...
15:52:10.277 [main] INFO  com.dongbao.test_demo3.TestMybatisPlus - 更新结果: 0
15:52:10.277 [main] INFO  com.dongbao.test_demo3.TestMybatisPlus - === 诊断结束 ===
15:52:10.277 [main] INFO  com.dongbao.test_demo3.TestMybatisPlus - 请查看上面的MyBatis SQL日志，确认:
15:52:10.278 [main] INFO  com.dongbao.test_demo3.TestMybatisPlus -  - 执行的SQL语句是否正确
15:52:10.278 [main] INFO  com.dongbao.test_demo3.TestMybatisPlus -  - 表名和列名是否正确
15:52:10.278 [main] INFO  com.dongbao.test_demo3.TestMybatisPlus -  - 参数是否正确绑定
16:00:52.006 [main] INFO  com.dongbao.test_demo3.TestMybatisPlus - Starting TestMybatisPlus using Java 1.8.0_151 on IT-013487 with PID 2216 (started by 013487 in E:\javaProject\test_demo3)
16:00:52.008 [main] INFO  com.dongbao.test_demo3.TestMybatisPlus - No active profile set, falling back to 1 default profile: "default"
16:00:52.582 [main] INFO  o.s.d.r.config.RepositoryConfigurationDelegate - Multiple Spring Data modules found, entering strict repository configuration mode
16:00:52.585 [main] INFO  o.s.d.r.config.RepositoryConfigurationDelegate - Bootstrapping Spring Data Redis repositories in DEFAULT mode.
16:00:52.610 [main] INFO  o.s.d.r.config.RepositoryConfigurationDelegate - Finished Spring Data repository scanning in 8 ms. Found 0 Redis repository interfaces.
16:00:52.694 [main] WARN  org.mybatis.spring.mapper.ClassPathMapperScanner - Skipping MapperFactoryBean with name 'attWorkHourDayPlusMapper' and 'com.dongbao.test_demo3.mapper.AttWorkHourDayPlusMapper' mapperInterface. Bean already defined with the same name!
16:00:52.694 [main] WARN  org.mybatis.spring.mapper.ClassPathMapperScanner - Skipping MapperFactoryBean with name 'empInfoMapper' and 'com.dongbao.test_demo3.mapper.EmpInfoMapper' mapperInterface. Bean already defined with the same name!
16:00:52.694 [main] WARN  org.mybatis.spring.mapper.ClassPathMapperScanner - Skipping MapperFactoryBean with name 'empInfoMybatisPlusMapper' and 'com.dongbao.test_demo3.mapper.EmpInfoMybatisPlusMapper' mapperInterface. Bean already defined with the same name!
16:00:52.694 [main] WARN  org.mybatis.spring.mapper.ClassPathMapperScanner - No MyBatis mapper was found in '[com.dongbao.test_demo3.mapper]' package. Please check your configuration.
16:00:53.900 [main] WARN  c.b.mybatisplus.core.injector.DefaultSqlInjector - class com.dongbao.test_demo3.entity.AttWorkHourDay ,Not found @TableId annotation, Cannot use Mybatis-Plus 'xxById' Method.
16:00:54.085 [main] INFO  com.dongbao.test_demo3.config.AsyncConfig - 异步任务执行器已启用
16:00:54.674 [main] INFO  o.s.b.a.web.servlet.WelcomePageHandlerMapping - Adding welcome page: class path resource [static/index.html]
16:00:54.884 [main] WARN  o.s.b.a.t.ThymeleafAutoConfiguration$DefaultTemplateResolverConfiguration - Cannot find template location: classpath:/templates/ (please add some templates, check your Thymeleaf configuration, or set spring.thymeleaf.check-template-location=false)
16:00:54.887 [main] WARN  org.thymeleaf.templatemode.TemplateMode - [THYMELEAF][main] Template Mode 'HTML5' is deprecated. Using Template Mode 'HTML' instead.
16:00:55.260 [main] INFO  com.dongbao.test_demo3.TestMybatisPlus - Started TestMybatisPlus in 3.594 seconds (JVM running for 4.35)
16:00:55.299 [main] INFO  com.zaxxer.hikari.HikariDataSource - HikariPool-1 - Starting...
16:00:55.897 [main] INFO  com.zaxxer.hikari.HikariDataSource - HikariPool-1 - Start completed.
16:00:55.915 [main] INFO  com.dongbao.test_demo3.TestMybatisPlus - 🔍 直接SQL查询结果: 记录数 = 1
16:00:55.924 [main] INFO  com.dongbao.test_demo3.TestMybatisPlus - 🔍 MyBatis查询结果: null
16:00:55.935 [SpringApplicationShutdownHook] INFO  com.zaxxer.hikari.HikariDataSource - HikariPool-1 - Shutdown initiated...
16:00:55.937 [SpringApplicationShutdownHook] INFO  com.zaxxer.hikari.HikariDataSource - HikariPool-1 - Shutdown completed.
16:01:04.528 [main] INFO  com.dongbao.test_demo3.TestMybatisPlus - Starting TestMybatisPlus using Java 1.8.0_151 on IT-013487 with PID 8808 (started by 013487 in E:\javaProject\test_demo3)
16:01:04.529 [main] INFO  com.dongbao.test_demo3.TestMybatisPlus - No active profile set, falling back to 1 default profile: "default"
16:01:05.131 [main] INFO  o.s.d.r.config.RepositoryConfigurationDelegate - Multiple Spring Data modules found, entering strict repository configuration mode
16:01:05.133 [main] INFO  o.s.d.r.config.RepositoryConfigurationDelegate - Bootstrapping Spring Data Redis repositories in DEFAULT mode.
16:01:05.159 [main] INFO  o.s.d.r.config.RepositoryConfigurationDelegate - Finished Spring Data repository scanning in 11 ms. Found 0 Redis repository interfaces.
16:01:05.257 [main] WARN  org.mybatis.spring.mapper.ClassPathMapperScanner - Skipping MapperFactoryBean with name 'attWorkHourDayPlusMapper' and 'com.dongbao.test_demo3.mapper.AttWorkHourDayPlusMapper' mapperInterface. Bean already defined with the same name!
16:01:05.258 [main] WARN  org.mybatis.spring.mapper.ClassPathMapperScanner - Skipping MapperFactoryBean with name 'empInfoMapper' and 'com.dongbao.test_demo3.mapper.EmpInfoMapper' mapperInterface. Bean already defined with the same name!
16:01:05.258 [main] WARN  org.mybatis.spring.mapper.ClassPathMapperScanner - Skipping MapperFactoryBean with name 'empInfoMybatisPlusMapper' and 'com.dongbao.test_demo3.mapper.EmpInfoMybatisPlusMapper' mapperInterface. Bean already defined with the same name!
16:01:05.258 [main] WARN  org.mybatis.spring.mapper.ClassPathMapperScanner - No MyBatis mapper was found in '[com.dongbao.test_demo3.mapper]' package. Please check your configuration.
16:01:06.579 [main] WARN  c.b.mybatisplus.core.injector.DefaultSqlInjector - class com.dongbao.test_demo3.entity.AttWorkHourDay ,Not found @TableId annotation, Cannot use Mybatis-Plus 'xxById' Method.
16:01:06.771 [main] INFO  com.dongbao.test_demo3.config.AsyncConfig - 异步任务执行器已启用
16:01:07.368 [main] INFO  o.s.b.a.web.servlet.WelcomePageHandlerMapping - Adding welcome page: class path resource [static/index.html]
16:01:07.543 [main] WARN  o.s.b.a.t.ThymeleafAutoConfiguration$DefaultTemplateResolverConfiguration - Cannot find template location: classpath:/templates/ (please add some templates, check your Thymeleaf configuration, or set spring.thymeleaf.check-template-location=false)
16:01:07.548 [main] WARN  org.thymeleaf.templatemode.TemplateMode - [THYMELEAF][main] Template Mode 'HTML5' is deprecated. Using Template Mode 'HTML' instead.
16:01:07.954 [main] INFO  com.dongbao.test_demo3.TestMybatisPlus - Started TestMybatisPlus in 3.747 seconds (JVM running for 4.444)
16:01:07.994 [main] INFO  com.zaxxer.hikari.HikariDataSource - HikariPool-1 - Starting...
16:01:08.581 [main] INFO  com.zaxxer.hikari.HikariDataSource - HikariPool-1 - Start completed.
16:01:08.584 [main] INFO  com.dongbao.test_demo3.TestMybatisPlus - === 精确诊断开始 ===
16:01:08.601 [main] INFO  com.dongbao.test_demo3.TestMybatisPlus - ✅ 找到记录:
16:01:08.601 [main] INFO  com.dongbao.test_demo3.TestMybatisPlus -   数据库中的ID(Long): 1839563230621540353
16:01:08.601 [main] INFO  com.dongbao.test_demo3.TestMybatisPlus -   数据库中的ID(String): 1839563230621540353
16:01:08.601 [main] INFO  com.dongbao.test_demo3.TestMybatisPlus -   硬编码ID: 1839563230621540353
16:01:08.601 [main] INFO  com.dongbao.test_demo3.TestMybatisPlus -   是否精确匹配: true
16:01:08.602 [main] INFO  com.dongbao.test_demo3.TestMybatisPlus -   is_delete: 0
16:01:08.603 [main] INFO  com.dongbao.test_demo3.TestMybatisPlus -   enable_date: 2024-09-19
16:01:08.603 [main] INFO  com.dongbao.test_demo3.TestMybatisPlus -   unable_date: 8024-06-19
16:01:08.603 [main] INFO  com.dongbao.test_demo3.TestMybatisPlus - --- MyBatis查询测试 ---
16:01:08.609 [main] INFO  com.dongbao.test_demo3.TestMybatisPlus - MyBatis查询结果: null
16:01:08.610 [main] INFO  com.dongbao.test_demo3.TestMybatisPlus - --- 字符串查询测试 ---
16:01:08.612 [main] INFO  com.dongbao.test_demo3.TestMybatisPlus - === 诊断结束 ===
16:01:08.626 [SpringApplicationShutdownHook] INFO  com.zaxxer.hikari.HikariDataSource - HikariPool-1 - Shutdown initiated...
16:01:08.629 [SpringApplicationShutdownHook] INFO  com.zaxxer.hikari.HikariDataSource - HikariPool-1 - Shutdown completed.
16:01:18.554 [main] INFO  com.dongbao.test_demo3.TestMybatisPlus - Starting TestMybatisPlus using Java 1.8.0_151 on IT-013487 with PID 23856 (started by 013487 in E:\javaProject\test_demo3)
16:01:18.555 [main] INFO  com.dongbao.test_demo3.TestMybatisPlus - No active profile set, falling back to 1 default profile: "default"
16:01:19.087 [main] INFO  o.s.d.r.config.RepositoryConfigurationDelegate - Multiple Spring Data modules found, entering strict repository configuration mode
16:01:19.089 [main] INFO  o.s.d.r.config.RepositoryConfigurationDelegate - Bootstrapping Spring Data Redis repositories in DEFAULT mode.
16:01:19.110 [main] INFO  o.s.d.r.config.RepositoryConfigurationDelegate - Finished Spring Data repository scanning in 10 ms. Found 0 Redis repository interfaces.
16:01:19.209 [main] WARN  org.mybatis.spring.mapper.ClassPathMapperScanner - Skipping MapperFactoryBean with name 'attWorkHourDayPlusMapper' and 'com.dongbao.test_demo3.mapper.AttWorkHourDayPlusMapper' mapperInterface. Bean already defined with the same name!
16:01:19.209 [main] WARN  org.mybatis.spring.mapper.ClassPathMapperScanner - Skipping MapperFactoryBean with name 'empInfoMapper' and 'com.dongbao.test_demo3.mapper.EmpInfoMapper' mapperInterface. Bean already defined with the same name!
16:01:19.209 [main] WARN  org.mybatis.spring.mapper.ClassPathMapperScanner - Skipping MapperFactoryBean with name 'empInfoMybatisPlusMapper' and 'com.dongbao.test_demo3.mapper.EmpInfoMybatisPlusMapper' mapperInterface. Bean already defined with the same name!
16:01:19.209 [main] WARN  org.mybatis.spring.mapper.ClassPathMapperScanner - No MyBatis mapper was found in '[com.dongbao.test_demo3.mapper]' package. Please check your configuration.
16:01:20.441 [main] WARN  c.b.mybatisplus.core.injector.DefaultSqlInjector - class com.dongbao.test_demo3.entity.AttWorkHourDay ,Not found @TableId annotation, Cannot use Mybatis-Plus 'xxById' Method.
16:01:20.635 [main] INFO  com.dongbao.test_demo3.config.AsyncConfig - 异步任务执行器已启用
16:01:21.226 [main] INFO  o.s.b.a.web.servlet.WelcomePageHandlerMapping - Adding welcome page: class path resource [static/index.html]
16:01:21.397 [main] WARN  o.s.b.a.t.ThymeleafAutoConfiguration$DefaultTemplateResolverConfiguration - Cannot find template location: classpath:/templates/ (please add some templates, check your Thymeleaf configuration, or set spring.thymeleaf.check-template-location=false)
16:01:21.399 [main] WARN  org.thymeleaf.templatemode.TemplateMode - [THYMELEAF][main] Template Mode 'HTML5' is deprecated. Using Template Mode 'HTML' instead.
16:01:21.836 [main] INFO  com.dongbao.test_demo3.TestMybatisPlus - Started TestMybatisPlus in 3.565 seconds (JVM running for 4.24)
16:01:21.904 [main] INFO  com.dongbao.test_demo3.TestMybatisPlus - === SQL日志诊断 ===
16:01:21.905 [main] INFO  com.dongbao.test_demo3.TestMybatisPlus - 1. 执行查询操作...
16:01:21.920 [main] INFO  com.dongbao.test_demo3.TestMybatisPlus - 查询结果: null
16:01:21.920 [main] INFO  com.dongbao.test_demo3.TestMybatisPlus - 2. 执行更新操作...
16:01:21.920 [main] INFO  com.dongbao.test_demo3.TestMybatisPlus - 更新结果: 0
16:01:21.921 [main] INFO  com.dongbao.test_demo3.TestMybatisPlus - === 诊断结束 ===
16:01:21.921 [main] INFO  com.dongbao.test_demo3.TestMybatisPlus - 请查看上面的MyBatis SQL日志，确认:
16:01:21.921 [main] INFO  com.dongbao.test_demo3.TestMybatisPlus -  - 执行的SQL语句是否正确
16:01:21.921 [main] INFO  com.dongbao.test_demo3.TestMybatisPlus -  - 表名和列名是否正确
16:01:21.921 [main] INFO  com.dongbao.test_demo3.TestMybatisPlus -  - 参数是否正确绑定
16:05:18.360 [main] INFO  com.dongbao.test_demo3.TestMybatisPlus - Starting TestMybatisPlus using Java 1.8.0_151 on IT-013487 with PID 25384 (started by 013487 in E:\javaProject\test_demo3)
16:05:18.361 [main] INFO  com.dongbao.test_demo3.TestMybatisPlus - No active profile set, falling back to 1 default profile: "default"
16:05:18.875 [main] INFO  o.s.d.r.config.RepositoryConfigurationDelegate - Multiple Spring Data modules found, entering strict repository configuration mode
16:05:18.878 [main] INFO  o.s.d.r.config.RepositoryConfigurationDelegate - Bootstrapping Spring Data Redis repositories in DEFAULT mode.
16:05:18.897 [main] INFO  o.s.d.r.config.RepositoryConfigurationDelegate - Finished Spring Data repository scanning in 9 ms. Found 0 Redis repository interfaces.
16:05:18.999 [main] WARN  org.mybatis.spring.mapper.ClassPathMapperScanner - Skipping MapperFactoryBean with name 'attWorkHourDayPlusMapper' and 'com.dongbao.test_demo3.mapper.AttWorkHourDayPlusMapper' mapperInterface. Bean already defined with the same name!
16:05:18.999 [main] WARN  org.mybatis.spring.mapper.ClassPathMapperScanner - Skipping MapperFactoryBean with name 'empInfoMapper' and 'com.dongbao.test_demo3.mapper.EmpInfoMapper' mapperInterface. Bean already defined with the same name!
16:05:19.000 [main] WARN  org.mybatis.spring.mapper.ClassPathMapperScanner - Skipping MapperFactoryBean with name 'empInfoMybatisPlusMapper' and 'com.dongbao.test_demo3.mapper.EmpInfoMybatisPlusMapper' mapperInterface. Bean already defined with the same name!
16:05:19.000 [main] WARN  org.mybatis.spring.mapper.ClassPathMapperScanner - No MyBatis mapper was found in '[com.dongbao.test_demo3.mapper]' package. Please check your configuration.
16:05:20.321 [main] WARN  c.b.mybatisplus.core.injector.DefaultSqlInjector - class com.dongbao.test_demo3.entity.AttWorkHourDay ,Not found @TableId annotation, Cannot use Mybatis-Plus 'xxById' Method.
16:05:20.541 [main] INFO  com.dongbao.test_demo3.config.AsyncConfig - 异步任务执行器已启用
16:05:21.210 [main] INFO  o.s.b.a.web.servlet.WelcomePageHandlerMapping - Adding welcome page: class path resource [static/index.html]
16:05:21.395 [main] WARN  o.s.b.a.t.ThymeleafAutoConfiguration$DefaultTemplateResolverConfiguration - Cannot find template location: classpath:/templates/ (please add some templates, check your Thymeleaf configuration, or set spring.thymeleaf.check-template-location=false)
16:05:21.397 [main] WARN  org.thymeleaf.templatemode.TemplateMode - [THYMELEAF][main] Template Mode 'HTML5' is deprecated. Using Template Mode 'HTML' instead.
16:05:21.782 [main] INFO  com.dongbao.test_demo3.TestMybatisPlus - Started TestMybatisPlus in 3.718 seconds (JVM running for 4.395)
16:05:22.521 [main] ERROR c.d.test_demo3.CacheService.EmpInfoCacheService - 已删除缓存员工信息，key: empInfo:013487
16:05:22.529 [main] INFO  c.d.test_demo3.Service.impl.EmpInfoServiceImpl - 删除缓存中的员工信息，员工编号: 013487
16:05:22.544 [main] INFO  com.zaxxer.hikari.HikariDataSource - HikariPool-1 - Starting...
16:05:22.850 [main] INFO  com.zaxxer.hikari.HikariDataSource - HikariPool-1 - Start completed.
16:05:22.891 [main] INFO  c.d.test_demo3.Service.impl.EmpInfoServiceImpl - 删除员工记录数: 1
16:05:22.892 [main] INFO  c.d.test_demo3.Service.impl.EmpInfoServiceImpl - 数据库删除员工信息，员工编号: 1
16:05:22.911 [main] INFO  c.d.test_demo3.Service.impl.EmpInfoServiceImpl - 数据库插入员工信息，员工编号: 013487
16:05:22.921 [SpringApplicationShutdownHook] INFO  com.zaxxer.hikari.HikariDataSource - HikariPool-1 - Shutdown initiated...
16:05:22.924 [SpringApplicationShutdownHook] INFO  com.zaxxer.hikari.HikariDataSource - HikariPool-1 - Shutdown completed.
16:07:40.608 [main] INFO  com.dongbao.test_demo3.TestMybatisPlus - Starting TestMybatisPlus using Java 1.8.0_151 on IT-013487 with PID 14304 (started by 013487 in E:\javaProject\test_demo3)
16:07:40.609 [main] INFO  com.dongbao.test_demo3.TestMybatisPlus - No active profile set, falling back to 1 default profile: "default"
16:07:41.269 [main] INFO  o.s.d.r.config.RepositoryConfigurationDelegate - Multiple Spring Data modules found, entering strict repository configuration mode
16:07:41.271 [main] INFO  o.s.d.r.config.RepositoryConfigurationDelegate - Bootstrapping Spring Data Redis repositories in DEFAULT mode.
16:07:41.292 [main] INFO  o.s.d.r.config.RepositoryConfigurationDelegate - Finished Spring Data repository scanning in 9 ms. Found 0 Redis repository interfaces.
16:07:41.387 [main] WARN  org.mybatis.spring.mapper.ClassPathMapperScanner - Skipping MapperFactoryBean with name 'attWorkHourDayPlusMapper' and 'com.dongbao.test_demo3.mapper.AttWorkHourDayPlusMapper' mapperInterface. Bean already defined with the same name!
16:07:41.387 [main] WARN  org.mybatis.spring.mapper.ClassPathMapperScanner - Skipping MapperFactoryBean with name 'empInfoMapper' and 'com.dongbao.test_demo3.mapper.EmpInfoMapper' mapperInterface. Bean already defined with the same name!
16:07:41.387 [main] WARN  org.mybatis.spring.mapper.ClassPathMapperScanner - Skipping MapperFactoryBean with name 'empInfoMybatisPlusMapper' and 'com.dongbao.test_demo3.mapper.EmpInfoMybatisPlusMapper' mapperInterface. Bean already defined with the same name!
16:07:41.387 [main] WARN  org.mybatis.spring.mapper.ClassPathMapperScanner - No MyBatis mapper was found in '[com.dongbao.test_demo3.mapper]' package. Please check your configuration.
16:07:42.655 [main] WARN  c.b.mybatisplus.core.injector.DefaultSqlInjector - class com.dongbao.test_demo3.entity.AttWorkHourDay ,Not found @TableId annotation, Cannot use Mybatis-Plus 'xxById' Method.
16:07:42.843 [main] INFO  com.dongbao.test_demo3.config.AsyncConfig - 异步任务执行器已启用
16:07:43.491 [main] INFO  o.s.b.a.web.servlet.WelcomePageHandlerMapping - Adding welcome page: class path resource [static/index.html]
16:07:43.702 [main] WARN  o.s.b.a.t.ThymeleafAutoConfiguration$DefaultTemplateResolverConfiguration - Cannot find template location: classpath:/templates/ (please add some templates, check your Thymeleaf configuration, or set spring.thymeleaf.check-template-location=false)
16:07:43.707 [main] WARN  org.thymeleaf.templatemode.TemplateMode - [THYMELEAF][main] Template Mode 'HTML5' is deprecated. Using Template Mode 'HTML' instead.
16:07:44.062 [main] INFO  com.dongbao.test_demo3.TestMybatisPlus - Started TestMybatisPlus in 3.736 seconds (JVM running for 4.394)
16:07:44.109 [main] ERROR com.dongbao.test_demo3.TestMybatisPlus - ❌ 记录不存在 - ID: 1839563230621540353
16:08:48.911 [main] INFO  com.dongbao.test_demo3.TestMybatisPlus - Starting TestMybatisPlus using Java 1.8.0_151 on IT-013487 with PID 17916 (started by 013487 in E:\javaProject\test_demo3)
16:08:48.912 [main] INFO  com.dongbao.test_demo3.TestMybatisPlus - No active profile set, falling back to 1 default profile: "default"
16:08:49.461 [main] INFO  o.s.d.r.config.RepositoryConfigurationDelegate - Multiple Spring Data modules found, entering strict repository configuration mode
16:08:49.463 [main] INFO  o.s.d.r.config.RepositoryConfigurationDelegate - Bootstrapping Spring Data Redis repositories in DEFAULT mode.
16:08:49.483 [main] INFO  o.s.d.r.config.RepositoryConfigurationDelegate - Finished Spring Data repository scanning in 8 ms. Found 0 Redis repository interfaces.
16:08:49.580 [main] WARN  org.mybatis.spring.mapper.ClassPathMapperScanner - Skipping MapperFactoryBean with name 'attWorkHourDayPlusMapper' and 'com.dongbao.test_demo3.mapper.AttWorkHourDayPlusMapper' mapperInterface. Bean already defined with the same name!
16:08:49.580 [main] WARN  org.mybatis.spring.mapper.ClassPathMapperScanner - Skipping MapperFactoryBean with name 'empInfoMapper' and 'com.dongbao.test_demo3.mapper.EmpInfoMapper' mapperInterface. Bean already defined with the same name!
16:08:49.580 [main] WARN  org.mybatis.spring.mapper.ClassPathMapperScanner - Skipping MapperFactoryBean with name 'empInfoMybatisPlusMapper' and 'com.dongbao.test_demo3.mapper.EmpInfoMybatisPlusMapper' mapperInterface. Bean already defined with the same name!
16:08:49.580 [main] WARN  org.mybatis.spring.mapper.ClassPathMapperScanner - No MyBatis mapper was found in '[com.dongbao.test_demo3.mapper]' package. Please check your configuration.
16:08:50.974 [main] WARN  c.b.mybatisplus.core.injector.DefaultSqlInjector - class com.dongbao.test_demo3.entity.AttWorkHourDay ,Not found @TableId annotation, Cannot use Mybatis-Plus 'xxById' Method.
16:08:51.201 [main] INFO  com.dongbao.test_demo3.config.AsyncConfig - 异步任务执行器已启用
16:08:51.781 [main] INFO  o.s.b.a.web.servlet.WelcomePageHandlerMapping - Adding welcome page: class path resource [static/index.html]
16:08:51.976 [main] WARN  o.s.b.a.t.ThymeleafAutoConfiguration$DefaultTemplateResolverConfiguration - Cannot find template location: classpath:/templates/ (please add some templates, check your Thymeleaf configuration, or set spring.thymeleaf.check-template-location=false)
16:08:51.978 [main] WARN  org.thymeleaf.templatemode.TemplateMode - [THYMELEAF][main] Template Mode 'HTML5' is deprecated. Using Template Mode 'HTML' instead.
16:08:52.368 [main] INFO  com.dongbao.test_demo3.TestMybatisPlus - Started TestMybatisPlus in 3.735 seconds (JVM running for 4.363)
16:08:52.417 [main] ERROR com.dongbao.test_demo3.TestMybatisPlus - ❌ 记录不存在 - ID: 1839563230621540353
16:11:14.267 [main] INFO  com.dongbao.test_demo3.TestMybatisPlus - Starting TestMybatisPlus using Java 1.8.0_151 on IT-013487 with PID 696 (started by 013487 in E:\javaProject\test_demo3)
16:11:14.268 [main] INFO  com.dongbao.test_demo3.TestMybatisPlus - No active profile set, falling back to 1 default profile: "default"
16:11:14.793 [main] INFO  o.s.d.r.config.RepositoryConfigurationDelegate - Multiple Spring Data modules found, entering strict repository configuration mode
16:11:14.796 [main] INFO  o.s.d.r.config.RepositoryConfigurationDelegate - Bootstrapping Spring Data Redis repositories in DEFAULT mode.
16:11:14.815 [main] INFO  o.s.d.r.config.RepositoryConfigurationDelegate - Finished Spring Data repository scanning in 9 ms. Found 0 Redis repository interfaces.
16:11:14.905 [main] WARN  org.mybatis.spring.mapper.ClassPathMapperScanner - Skipping MapperFactoryBean with name 'attWorkHourDayPlusMapper' and 'com.dongbao.test_demo3.mapper.AttWorkHourDayPlusMapper' mapperInterface. Bean already defined with the same name!
16:11:14.905 [main] WARN  org.mybatis.spring.mapper.ClassPathMapperScanner - Skipping MapperFactoryBean with name 'empInfoMapper' and 'com.dongbao.test_demo3.mapper.EmpInfoMapper' mapperInterface. Bean already defined with the same name!
16:11:14.906 [main] WARN  org.mybatis.spring.mapper.ClassPathMapperScanner - Skipping MapperFactoryBean with name 'empInfoMybatisPlusMapper' and 'com.dongbao.test_demo3.mapper.EmpInfoMybatisPlusMapper' mapperInterface. Bean already defined with the same name!
16:11:14.906 [main] WARN  org.mybatis.spring.mapper.ClassPathMapperScanner - No MyBatis mapper was found in '[com.dongbao.test_demo3.mapper]' package. Please check your configuration.
16:11:16.178 [main] WARN  c.b.mybatisplus.core.injector.DefaultSqlInjector - class com.dongbao.test_demo3.entity.AttWorkHourDay ,Not found @TableId annotation, Cannot use Mybatis-Plus 'xxById' Method.
16:11:16.391 [main] INFO  com.dongbao.test_demo3.config.AsyncConfig - 异步任务执行器已启用
16:11:17.070 [main] INFO  o.s.b.a.web.servlet.WelcomePageHandlerMapping - Adding welcome page: class path resource [static/index.html]
16:11:17.278 [main] WARN  o.s.b.a.t.ThymeleafAutoConfiguration$DefaultTemplateResolverConfiguration - Cannot find template location: classpath:/templates/ (please add some templates, check your Thymeleaf configuration, or set spring.thymeleaf.check-template-location=false)
16:11:17.283 [main] WARN  org.thymeleaf.templatemode.TemplateMode - [THYMELEAF][main] Template Mode 'HTML5' is deprecated. Using Template Mode 'HTML' instead.
16:11:17.700 [main] INFO  com.dongbao.test_demo3.TestMybatisPlus - Started TestMybatisPlus in 3.761 seconds (JVM running for 4.446)
16:11:34.674 [main] INFO  com.dongbao.test_demo3.TestMybatisPlus - Starting TestMybatisPlus using Java 1.8.0_151 on IT-013487 with PID 4328 (started by 013487 in E:\javaProject\test_demo3)
16:11:34.675 [main] INFO  com.dongbao.test_demo3.TestMybatisPlus - No active profile set, falling back to 1 default profile: "default"
16:11:35.199 [main] INFO  o.s.d.r.config.RepositoryConfigurationDelegate - Multiple Spring Data modules found, entering strict repository configuration mode
16:11:35.201 [main] INFO  o.s.d.r.config.RepositoryConfigurationDelegate - Bootstrapping Spring Data Redis repositories in DEFAULT mode.
16:11:35.219 [main] INFO  o.s.d.r.config.RepositoryConfigurationDelegate - Finished Spring Data repository scanning in 8 ms. Found 0 Redis repository interfaces.
16:11:35.309 [main] WARN  org.mybatis.spring.mapper.ClassPathMapperScanner - Skipping MapperFactoryBean with name 'attWorkHourDayPlusMapper' and 'com.dongbao.test_demo3.mapper.AttWorkHourDayPlusMapper' mapperInterface. Bean already defined with the same name!
16:11:35.309 [main] WARN  org.mybatis.spring.mapper.ClassPathMapperScanner - Skipping MapperFactoryBean with name 'empInfoMapper' and 'com.dongbao.test_demo3.mapper.EmpInfoMapper' mapperInterface. Bean already defined with the same name!
16:11:35.309 [main] WARN  org.mybatis.spring.mapper.ClassPathMapperScanner - Skipping MapperFactoryBean with name 'empInfoMybatisPlusMapper' and 'com.dongbao.test_demo3.mapper.EmpInfoMybatisPlusMapper' mapperInterface. Bean already defined with the same name!
16:11:35.309 [main] WARN  org.mybatis.spring.mapper.ClassPathMapperScanner - No MyBatis mapper was found in '[com.dongbao.test_demo3.mapper]' package. Please check your configuration.
16:11:36.540 [main] WARN  c.b.mybatisplus.core.injector.DefaultSqlInjector - class com.dongbao.test_demo3.entity.AttWorkHourDay ,Not found @TableId annotation, Cannot use Mybatis-Plus 'xxById' Method.
16:11:36.730 [main] INFO  com.dongbao.test_demo3.config.AsyncConfig - 异步任务执行器已启用
16:11:37.307 [main] INFO  o.s.b.a.web.servlet.WelcomePageHandlerMapping - Adding welcome page: class path resource [static/index.html]
16:11:37.477 [main] WARN  o.s.b.a.t.ThymeleafAutoConfiguration$DefaultTemplateResolverConfiguration - Cannot find template location: classpath:/templates/ (please add some templates, check your Thymeleaf configuration, or set spring.thymeleaf.check-template-location=false)
16:11:37.480 [main] WARN  org.thymeleaf.templatemode.TemplateMode - [THYMELEAF][main] Template Mode 'HTML5' is deprecated. Using Template Mode 'HTML' instead.
16:11:37.790 [main] INFO  com.dongbao.test_demo3.TestMybatisPlus - Started TestMybatisPlus in 3.385 seconds (JVM running for 4.018)
16:11:37.846 [main] ERROR com.dongbao.test_demo3.TestMybatisPlus - ❌ 记录不存在 - ID: 1839563230621540353
16:12:10.516 [main] INFO  com.dongbao.test_demo3.TestMybatisPlus - Starting TestMybatisPlus using Java 1.8.0_151 on IT-013487 with PID 6648 (started by 013487 in E:\javaProject\test_demo3)
16:12:10.517 [main] INFO  com.dongbao.test_demo3.TestMybatisPlus - No active profile set, falling back to 1 default profile: "default"
16:12:11.051 [main] INFO  o.s.d.r.config.RepositoryConfigurationDelegate - Multiple Spring Data modules found, entering strict repository configuration mode
16:12:11.053 [main] INFO  o.s.d.r.config.RepositoryConfigurationDelegate - Bootstrapping Spring Data Redis repositories in DEFAULT mode.
16:12:11.073 [main] INFO  o.s.d.r.config.RepositoryConfigurationDelegate - Finished Spring Data repository scanning in 8 ms. Found 0 Redis repository interfaces.
16:12:11.183 [main] WARN  org.mybatis.spring.mapper.ClassPathMapperScanner - Skipping MapperFactoryBean with name 'attWorkHourDayPlusMapper' and 'com.dongbao.test_demo3.mapper.AttWorkHourDayPlusMapper' mapperInterface. Bean already defined with the same name!
16:12:11.184 [main] WARN  org.mybatis.spring.mapper.ClassPathMapperScanner - Skipping MapperFactoryBean with name 'empInfoMapper' and 'com.dongbao.test_demo3.mapper.EmpInfoMapper' mapperInterface. Bean already defined with the same name!
16:12:11.184 [main] WARN  org.mybatis.spring.mapper.ClassPathMapperScanner - Skipping MapperFactoryBean with name 'empInfoMybatisPlusMapper' and 'com.dongbao.test_demo3.mapper.EmpInfoMybatisPlusMapper' mapperInterface. Bean already defined with the same name!
16:12:11.184 [main] WARN  org.mybatis.spring.mapper.ClassPathMapperScanner - No MyBatis mapper was found in '[com.dongbao.test_demo3.mapper]' package. Please check your configuration.
16:12:12.150 [main] WARN  c.b.mybatisplus.core.injector.DefaultSqlInjector - class com.dongbao.test_demo3.entity.AttWorkHourDay ,Not found @TableId annotation, Cannot use Mybatis-Plus 'xxById' Method.
16:12:12.387 [main] INFO  com.dongbao.test_demo3.config.AsyncConfig - 异步任务执行器已启用
16:12:13.118 [main] INFO  o.s.b.a.web.servlet.WelcomePageHandlerMapping - Adding welcome page: class path resource [static/index.html]
16:12:13.334 [main] WARN  o.s.b.a.t.ThymeleafAutoConfiguration$DefaultTemplateResolverConfiguration - Cannot find template location: classpath:/templates/ (please add some templates, check your Thymeleaf configuration, or set spring.thymeleaf.check-template-location=false)
16:12:13.337 [main] WARN  org.thymeleaf.templatemode.TemplateMode - [THYMELEAF][main] Template Mode 'HTML5' is deprecated. Using Template Mode 'HTML' instead.
16:12:13.667 [main] INFO  com.dongbao.test_demo3.TestMybatisPlus - Started TestMybatisPlus in 3.415 seconds (JVM running for 4.05)
16:12:13.879 [main] INFO  com.zaxxer.hikari.HikariDataSource - HikariPool-1 - Starting...
16:12:14.528 [main] INFO  com.zaxxer.hikari.HikariDataSource - HikariPool-1 - Start completed.
16:12:14.578 [main] INFO  com.dongbao.test_demo3.TestMybatisPlus - 📋 记录详情:
16:12:14.578 [main] INFO  com.dongbao.test_demo3.TestMybatisPlus - ID: 1839563230621540353
16:12:14.578 [main] INFO  com.dongbao.test_demo3.TestMybatisPlus - is_delete: 0
16:12:14.578 [main] INFO  com.dongbao.test_demo3.TestMybatisPlus - enable_date: Thu Sep 19 00:00:00 CST 2024
16:12:14.578 [main] INFO  com.dongbao.test_demo3.TestMybatisPlus - unable_date: Wed Jun 19 00:00:00 CST 8024
16:12:14.578 [main] INFO  com.dongbao.test_demo3.TestMybatisPlus - 当前时间: Fri Nov 21 16:12:14 CST 2025
16:12:14.578 [main] INFO  com.dongbao.test_demo3.TestMybatisPlus - ✅ 条件检查:
16:12:14.578 [main] INFO  com.dongbao.test_demo3.TestMybatisPlus - ID匹配: true
16:12:14.578 [main] INFO  com.dongbao.test_demo3.TestMybatisPlus - 启用日期<=当前时间: true
16:12:14.578 [main] INFO  com.dongbao.test_demo3.TestMybatisPlus - 失效日期>=当前时间: true
16:12:14.578 [main] INFO  com.dongbao.test_demo3.TestMybatisPlus - 未删除(is_delete=0): true
16:12:14.579 [main] INFO  com.dongbao.test_demo3.TestMybatisPlus - 🎯 所有条件满足: true
16:12:14.590 [SpringApplicationShutdownHook] INFO  com.zaxxer.hikari.HikariDataSource - HikariPool-1 - Shutdown initiated...
16:12:14.592 [SpringApplicationShutdownHook] INFO  com.zaxxer.hikari.HikariDataSource - HikariPool-1 - Shutdown completed.
16:28:00.481 [main] INFO  com.dongbao.test_demo3.TestMybatisPlus - Starting TestMybatisPlus using Java 1.8.0_151 on IT-013487 with PID 13428 (started by 013487 in E:\javaProject\test_demo3)
16:28:00.484 [main] INFO  com.dongbao.test_demo3.TestMybatisPlus - No active profile set, falling back to 1 default profile: "default"
16:28:01.250 [main] INFO  o.s.d.r.config.RepositoryConfigurationDelegate - Multiple Spring Data modules found, entering strict repository configuration mode
16:28:01.254 [main] INFO  o.s.d.r.config.RepositoryConfigurationDelegate - Bootstrapping Spring Data Redis repositories in DEFAULT mode.
16:28:01.298 [main] INFO  o.s.d.r.config.RepositoryConfigurationDelegate - Finished Spring Data repository scanning in 25 ms. Found 0 Redis repository interfaces.
16:28:01.455 [main] WARN  org.mybatis.spring.mapper.ClassPathMapperScanner - Skipping MapperFactoryBean with name 'attWorkHourDayPlusMapper' and 'com.dongbao.test_demo3.mapper.AttWorkHourDayPlusMapper' mapperInterface. Bean already defined with the same name!
16:28:01.456 [main] WARN  org.mybatis.spring.mapper.ClassPathMapperScanner - Skipping MapperFactoryBean with name 'empInfoMapper' and 'com.dongbao.test_demo3.mapper.EmpInfoMapper' mapperInterface. Bean already defined with the same name!
16:28:01.456 [main] WARN  org.mybatis.spring.mapper.ClassPathMapperScanner - Skipping MapperFactoryBean with name 'empInfoMybatisPlusMapper' and 'com.dongbao.test_demo3.mapper.EmpInfoMybatisPlusMapper' mapperInterface. Bean already defined with the same name!
16:28:01.456 [main] WARN  org.mybatis.spring.mapper.ClassPathMapperScanner - No MyBatis mapper was found in '[com.dongbao.test_demo3.mapper]' package. Please check your configuration.
16:28:02.630 [main] WARN  c.b.mybatisplus.core.injector.DefaultSqlInjector - class com.dongbao.test_demo3.entity.AttWorkHourDay ,Not found @TableId annotation, Cannot use Mybatis-Plus 'xxById' Method.
16:28:02.905 [main] INFO  com.dongbao.test_demo3.config.AsyncConfig - 异步任务执行器已启用
16:28:03.446 [main] INFO  o.s.b.a.web.servlet.WelcomePageHandlerMapping - Adding welcome page: class path resource [static/index.html]
16:28:03.640 [main] WARN  o.s.b.a.t.ThymeleafAutoConfiguration$DefaultTemplateResolverConfiguration - Cannot find template location: classpath:/templates/ (please add some templates, check your Thymeleaf configuration, or set spring.thymeleaf.check-template-location=false)
16:28:03.642 [main] WARN  org.thymeleaf.templatemode.TemplateMode - [THYMELEAF][main] Template Mode 'HTML5' is deprecated. Using Template Mode 'HTML' instead.
16:28:04.061 [main] INFO  com.dongbao.test_demo3.TestMybatisPlus - Started TestMybatisPlus in 3.897 seconds (JVM running for 4.723)
16:28:04.321 [main] INFO  com.zaxxer.hikari.HikariDataSource - HikariPool-1 - Starting...
16:28:04.861 [main] INFO  com.zaxxer.hikari.HikariDataSource - HikariPool-1 - Start completed.
16:28:04.894 [main] INFO  c.d.test_demo3.Service.impl.EmpInfoServiceImpl - 删除员工记录数: 1
16:28:04.894 [main] INFO  c.d.test_demo3.Service.impl.EmpInfoServiceImpl - 数据库删除员工信息，员工编号: 1
16:28:04.907 [SpringApplicationShutdownHook] INFO  com.zaxxer.hikari.HikariDataSource - HikariPool-1 - Shutdown initiated...
16:28:04.910 [SpringApplicationShutdownHook] INFO  com.zaxxer.hikari.HikariDataSource - HikariPool-1 - Shutdown completed.
16:29:04.863 [main] INFO  com.dongbao.test_demo3.TestMybatisPlus - Starting TestMybatisPlus using Java 1.8.0_151 on IT-013487 with PID 16972 (started by 013487 in E:\javaProject\test_demo3)
16:29:04.864 [main] INFO  com.dongbao.test_demo3.TestMybatisPlus - No active profile set, falling back to 1 default profile: "default"
16:29:05.411 [main] INFO  o.s.d.r.config.RepositoryConfigurationDelegate - Multiple Spring Data modules found, entering strict repository configuration mode
16:29:05.414 [main] INFO  o.s.d.r.config.RepositoryConfigurationDelegate - Bootstrapping Spring Data Redis repositories in DEFAULT mode.
16:29:05.441 [main] INFO  o.s.d.r.config.RepositoryConfigurationDelegate - Finished Spring Data repository scanning in 11 ms. Found 0 Redis repository interfaces.
16:29:05.548 [main] WARN  org.mybatis.spring.mapper.ClassPathMapperScanner - Skipping MapperFactoryBean with name 'attWorkHourDayPlusMapper' and 'com.dongbao.test_demo3.mapper.AttWorkHourDayPlusMapper' mapperInterface. Bean already defined with the same name!
16:29:05.548 [main] WARN  org.mybatis.spring.mapper.ClassPathMapperScanner - Skipping MapperFactoryBean with name 'empInfoMapper' and 'com.dongbao.test_demo3.mapper.EmpInfoMapper' mapperInterface. Bean already defined with the same name!
16:29:05.548 [main] WARN  org.mybatis.spring.mapper.ClassPathMapperScanner - Skipping MapperFactoryBean with name 'empInfoMybatisPlusMapper' and 'com.dongbao.test_demo3.mapper.EmpInfoMybatisPlusMapper' mapperInterface. Bean already defined with the same name!
16:29:05.548 [main] WARN  org.mybatis.spring.mapper.ClassPathMapperScanner - No MyBatis mapper was found in '[com.dongbao.test_demo3.mapper]' package. Please check your configuration.
16:29:06.554 [main] WARN  c.b.mybatisplus.core.injector.DefaultSqlInjector - class com.dongbao.test_demo3.entity.AttWorkHourDay ,Not found @TableId annotation, Cannot use Mybatis-Plus 'xxById' Method.
16:29:06.839 [main] INFO  com.dongbao.test_demo3.config.AsyncConfig - 异步任务执行器已启用
16:29:07.540 [main] INFO  o.s.b.a.web.servlet.WelcomePageHandlerMapping - Adding welcome page: class path resource [static/index.html]
16:29:07.739 [main] WARN  o.s.b.a.t.ThymeleafAutoConfiguration$DefaultTemplateResolverConfiguration - Cannot find template location: classpath:/templates/ (please add some templates, check your Thymeleaf configuration, or set spring.thymeleaf.check-template-location=false)
16:29:07.741 [main] WARN  org.thymeleaf.templatemode.TemplateMode - [THYMELEAF][main] Template Mode 'HTML5' is deprecated. Using Template Mode 'HTML' instead.
16:29:08.090 [main] INFO  com.dongbao.test_demo3.TestMybatisPlus - Started TestMybatisPlus in 3.494 seconds (JVM running for 4.123)
16:29:08.130 [main] INFO  com.zaxxer.hikari.HikariDataSource - HikariPool-1 - Starting...
16:29:08.708 [main] INFO  com.zaxxer.hikari.HikariDataSource - HikariPool-1 - Start completed.
16:29:08.722 [main] INFO  o.s.test.context.transaction.TransactionContext - Began transaction (1) for test context [DefaultTestContext@c05fddc testClass = TestMybatisPlus, testInstance = com.dongbao.test_demo3.TestMybatisPlus@2a2b7a35, testMethod = testUpdateByEmpNo@TestMybatisPlus, testException = [null], mergedContextConfiguration = [WebMergedContextConfiguration@25df00a0 testClass = TestMybatisPlus, locations = '{}', classes = '{class com.dongbao.test_demo3.TestDemo3Application}', contextInitializerClasses = '[]', activeProfiles = '{}', propertySourceLocations = '{}', propertySourceProperties = '{org.springframework.boot.test.context.SpringBootTestContextBootstrapper=true}', contextCustomizers = set[[ImportsContextCustomizer@4d15107f key = [@org.springframework.context.annotation.Import(value=[class com.dongbao.test_demo3.config.MybatisPlusConfig]), @org.springframework.boot.test.context.SpringBootTest(args=[], webEnvironment=MOCK, value=[], properties=[], classes=[]), @org.springframework.test.context.BootstrapWith(value=class org.springframework.boot.test.context.SpringBootTestContextBootstrapper), @org.springframework.transaction.annotation.Transactional(propagation=REQUIRED, rollbackForClassName=[], readOnly=false, transactionManager=, isolation=DEFAULT, timeoutString=, label=[], noRollbackForClassName=[], noRollbackFor=[], value=, timeout=-1, rollbackFor=[]), @org.mybatis.spring.annotation.MapperScan(sqlSessionFactoryRef=, sqlSessionTemplateRef=, lazyInitialization=, annotationClass=interface java.lang.annotation.Annotation, basePackageClasses=[], markerInterface=class java.lang.Class, nameGenerator=interface org.springframework.beans.factory.support.BeanNameGenerator, basePackages=[], value=[com.dongbao.test_demo3.mapper], factoryBean=class org.mybatis.spring.mapper.MapperFactoryBean, defaultScope=), @org.springframework.context.annotation.Import(value=[class org.mybatis.spring.annotation.MapperScannerRegistrar])]], org.springframework.boot.test.context.filter.ExcludeFilterContextCustomizer@4218d6a3, org.springframework.boot.test.json.DuplicateJsonObjectContextCustomizerFactory$DuplicateJsonObjectContextCustomizer@71d44a3, org.springframework.boot.test.mock.mockito.MockitoContextCustomizer@0, org.springframework.boot.test.web.client.TestRestTemplateContextCustomizer@62379589, org.springframework.boot.test.autoconfigure.actuate.metrics.MetricsExportContextCustomizerFactory$DisableMetricExportContextCustomizer@7c7a06ec, org.springframework.boot.test.autoconfigure.properties.PropertyMappingContextCustomizer@0, org.springframework.boot.test.autoconfigure.web.servlet.WebDriverContextCustomizerFactory$Customizer@3b69e7d1, org.springframework.boot.test.context.SpringBootTestArgs@1, org.springframework.boot.test.context.SpringBootTestWebEnvironment@6737fd8f], resourceBasePath = 'src/main/webapp', contextLoader = 'org.springframework.boot.test.context.SpringBootContextLoader', parent = [null]], attributes = map['org.springframework.test.context.web.ServletTestExecutionListener.activateListener' -> true, 'org.springframework.test.context.web.ServletTestExecutionListener.populatedRequestContextHolder' -> true, 'org.springframework.test.context.web.ServletTestExecutionListener.resetRequestContextHolder' -> true, 'org.springframework.test.context.event.ApplicationEventsTestExecutionListener.recordApplicationEvents' -> false]]; transaction manager [org.springframework.jdbc.support.JdbcTransactionManager@58186f9f]; rollback [true]
16:29:09.019 [main] INFO  c.d.test_demo3.Service.impl.EmpInfoServiceImpl - 删除员工记录数: 1
16:29:09.019 [main] INFO  c.d.test_demo3.Service.impl.EmpInfoServiceImpl - 数据库删除员工信息，员工编号: 1
16:29:09.047 [main] INFO  o.s.test.context.transaction.TransactionContext - Rolled back transaction for test: [DefaultTestContext@c05fddc testClass = TestMybatisPlus, testInstance = com.dongbao.test_demo3.TestMybatisPlus@2a2b7a35, testMethod = testUpdateByEmpNo@TestMybatisPlus, testException = [null], mergedContextConfiguration = [WebMergedContextConfiguration@25df00a0 testClass = TestMybatisPlus, locations = '{}', classes = '{class com.dongbao.test_demo3.TestDemo3Application}', contextInitializerClasses = '[]', activeProfiles = '{}', propertySourceLocations = '{}', propertySourceProperties = '{org.springframework.boot.test.context.SpringBootTestContextBootstrapper=true}', contextCustomizers = set[[ImportsContextCustomizer@4d15107f key = [@org.springframework.context.annotation.Import(value=[class com.dongbao.test_demo3.config.MybatisPlusConfig]), @org.springframework.boot.test.context.SpringBootTest(args=[], webEnvironment=MOCK, value=[], properties=[], classes=[]), @org.springframework.test.context.BootstrapWith(value=class org.springframework.boot.test.context.SpringBootTestContextBootstrapper), @org.springframework.transaction.annotation.Transactional(propagation=REQUIRED, rollbackForClassName=[], readOnly=false, transactionManager=, isolation=DEFAULT, timeoutString=, label=[], noRollbackForClassName=[], noRollbackFor=[], value=, timeout=-1, rollbackFor=[]), @org.mybatis.spring.annotation.MapperScan(sqlSessionFactoryRef=, sqlSessionTemplateRef=, lazyInitialization=, annotationClass=interface java.lang.annotation.Annotation, basePackageClasses=[], markerInterface=class java.lang.Class, nameGenerator=interface org.springframework.beans.factory.support.BeanNameGenerator, basePackages=[], value=[com.dongbao.test_demo3.mapper], factoryBean=class org.mybatis.spring.mapper.MapperFactoryBean, defaultScope=), @org.springframework.context.annotation.Import(value=[class org.mybatis.spring.annotation.MapperScannerRegistrar])]], org.springframework.boot.test.context.filter.ExcludeFilterContextCustomizer@4218d6a3, org.springframework.boot.test.json.DuplicateJsonObjectContextCustomizerFactory$DuplicateJsonObjectContextCustomizer@71d44a3, org.springframework.boot.test.mock.mockito.MockitoContextCustomizer@0, org.springframework.boot.test.web.client.TestRestTemplateContextCustomizer@62379589, org.springframework.boot.test.autoconfigure.actuate.metrics.MetricsExportContextCustomizerFactory$DisableMetricExportContextCustomizer@7c7a06ec, org.springframework.boot.test.autoconfigure.properties.PropertyMappingContextCustomizer@0, org.springframework.boot.test.autoconfigure.web.servlet.WebDriverContextCustomizerFactory$Customizer@3b69e7d1, org.springframework.boot.test.context.SpringBootTestArgs@1, org.springframework.boot.test.context.SpringBootTestWebEnvironment@6737fd8f], resourceBasePath = 'src/main/webapp', contextLoader = 'org.springframework.boot.test.context.SpringBootContextLoader', parent = [null]], attributes = map['org.springframework.test.context.web.ServletTestExecutionListener.activateListener' -> true, 'org.springframework.test.context.web.ServletTestExecutionListener.populatedRequestContextHolder' -> true, 'org.springframework.test.context.web.ServletTestExecutionListener.resetRequestContextHolder' -> true, 'org.springframework.test.context.event.ApplicationEventsTestExecutionListener.recordApplicationEvents' -> false]]
16:29:09.056 [SpringApplicationShutdownHook] INFO  com.zaxxer.hikari.HikariDataSource - HikariPool-1 - Shutdown initiated...
16:29:09.126 [SpringApplicationShutdownHook] INFO  com.zaxxer.hikari.HikariDataSource - HikariPool-1 - Shutdown completed.
16:31:52.897 [main] INFO  com.dongbao.test_demo3.TestMybatisPlus - Starting TestMybatisPlus using Java 1.8.0_151 on IT-013487 with PID 22904 (started by 013487 in E:\javaProject\test_demo3)
16:31:52.898 [main] INFO  com.dongbao.test_demo3.TestMybatisPlus - No active profile set, falling back to 1 default profile: "default"
16:31:53.413 [main] INFO  o.s.d.r.config.RepositoryConfigurationDelegate - Multiple Spring Data modules found, entering strict repository configuration mode
16:31:53.416 [main] INFO  o.s.d.r.config.RepositoryConfigurationDelegate - Bootstrapping Spring Data Redis repositories in DEFAULT mode.
16:31:53.435 [main] INFO  o.s.d.r.config.RepositoryConfigurationDelegate - Finished Spring Data repository scanning in 8 ms. Found 0 Redis repository interfaces.
16:31:53.526 [main] WARN  org.mybatis.spring.mapper.ClassPathMapperScanner - Skipping MapperFactoryBean with name 'attWorkHourDayPlusMapper' and 'com.dongbao.test_demo3.mapper.AttWorkHourDayPlusMapper' mapperInterface. Bean already defined with the same name!
16:31:53.526 [main] WARN  org.mybatis.spring.mapper.ClassPathMapperScanner - Skipping MapperFactoryBean with name 'empInfoMapper' and 'com.dongbao.test_demo3.mapper.EmpInfoMapper' mapperInterface. Bean already defined with the same name!
16:31:53.526 [main] WARN  org.mybatis.spring.mapper.ClassPathMapperScanner - Skipping MapperFactoryBean with name 'empInfoMybatisPlusMapper' and 'com.dongbao.test_demo3.mapper.EmpInfoMybatisPlusMapper' mapperInterface. Bean already defined with the same name!
16:31:53.526 [main] WARN  org.mybatis.spring.mapper.ClassPathMapperScanner - No MyBatis mapper was found in '[com.dongbao.test_demo3.mapper]' package. Please check your configuration.
16:31:54.536 [main] WARN  c.b.mybatisplus.core.injector.DefaultSqlInjector - class com.dongbao.test_demo3.entity.AttWorkHourDay ,Not found @TableId annotation, Cannot use Mybatis-Plus 'xxById' Method.
16:31:54.763 [main] INFO  com.dongbao.test_demo3.config.AsyncConfig - 异步任务执行器已启用
16:31:55.374 [main] INFO  o.s.b.a.web.servlet.WelcomePageHandlerMapping - Adding welcome page: class path resource [static/index.html]
16:31:55.582 [main] WARN  o.s.b.a.t.ThymeleafAutoConfiguration$DefaultTemplateResolverConfiguration - Cannot find template location: classpath:/templates/ (please add some templates, check your Thymeleaf configuration, or set spring.thymeleaf.check-template-location=false)
16:31:55.586 [main] WARN  org.thymeleaf.templatemode.TemplateMode - [THYMELEAF][main] Template Mode 'HTML5' is deprecated. Using Template Mode 'HTML' instead.
16:31:56.031 [main] INFO  com.dongbao.test_demo3.TestMybatisPlus - Started TestMybatisPlus in 3.403 seconds (JVM running for 4.0)
16:31:56.066 [main] INFO  com.zaxxer.hikari.HikariDataSource - HikariPool-1 - Starting...
16:31:56.574 [main] INFO  com.zaxxer.hikari.HikariDataSource - HikariPool-1 - Start completed.
16:31:56.582 [main] INFO  o.s.test.context.transaction.TransactionContext - Began transaction (1) for test context [DefaultTestContext@c05fddc testClass = TestMybatisPlus, testInstance = com.dongbao.test_demo3.TestMybatisPlus@2a2b7a35, testMethod = testUpdateByEmpNo@TestMybatisPlus, testException = [null], mergedContextConfiguration = [WebMergedContextConfiguration@25df00a0 testClass = TestMybatisPlus, locations = '{}', classes = '{class com.dongbao.test_demo3.TestDemo3Application}', contextInitializerClasses = '[]', activeProfiles = '{}', propertySourceLocations = '{}', propertySourceProperties = '{org.springframework.boot.test.context.SpringBootTestContextBootstrapper=true}', contextCustomizers = set[[ImportsContextCustomizer@4d15107f key = [@org.springframework.context.annotation.Import(value=[class com.dongbao.test_demo3.config.MybatisPlusConfig]), @org.springframework.boot.test.context.SpringBootTest(args=[], webEnvironment=MOCK, value=[], properties=[], classes=[]), @org.springframework.test.context.BootstrapWith(value=class org.springframework.boot.test.context.SpringBootTestContextBootstrapper), @org.springframework.transaction.annotation.Transactional(propagation=REQUIRED, rollbackForClassName=[], readOnly=false, isolation=DEFAULT, timeoutString=, transactionManager=, label=[], noRollbackFor=[], noRollbackForClassName=[], value=, timeout=-1, rollbackFor=[]), @org.mybatis.spring.annotation.MapperScan(sqlSessionFactoryRef=, sqlSessionTemplateRef=, lazyInitialization=, annotationClass=interface java.lang.annotation.Annotation, basePackageClasses=[], nameGenerator=interface org.springframework.beans.factory.support.BeanNameGenerator, markerInterface=class java.lang.Class, basePackages=[], value=[com.dongbao.test_demo3.mapper], factoryBean=class org.mybatis.spring.mapper.MapperFactoryBean, defaultScope=), @org.springframework.context.annotation.Import(value=[class org.mybatis.spring.annotation.MapperScannerRegistrar])]], org.springframework.boot.test.context.filter.ExcludeFilterContextCustomizer@4218d6a3, org.springframework.boot.test.json.DuplicateJsonObjectContextCustomizerFactory$DuplicateJsonObjectContextCustomizer@71d44a3, org.springframework.boot.test.mock.mockito.MockitoContextCustomizer@0, org.springframework.boot.test.web.client.TestRestTemplateContextCustomizer@62379589, org.springframework.boot.test.autoconfigure.actuate.metrics.MetricsExportContextCustomizerFactory$DisableMetricExportContextCustomizer@7c7a06ec, org.springframework.boot.test.autoconfigure.properties.PropertyMappingContextCustomizer@0, org.springframework.boot.test.autoconfigure.web.servlet.WebDriverContextCustomizerFactory$Customizer@3b69e7d1, org.springframework.boot.test.context.SpringBootTestArgs@1, org.springframework.boot.test.context.SpringBootTestWebEnvironment@6737fd8f], resourceBasePath = 'src/main/webapp', contextLoader = 'org.springframework.boot.test.context.SpringBootContextLoader', parent = [null]], attributes = map['org.springframework.test.context.web.ServletTestExecutionListener.activateListener' -> true, 'org.springframework.test.context.web.ServletTestExecutionListener.populatedRequestContextHolder' -> true, 'org.springframework.test.context.web.ServletTestExecutionListener.resetRequestContextHolder' -> true, 'org.springframework.test.context.event.ApplicationEventsTestExecutionListener.recordApplicationEvents' -> false]]; transaction manager [org.springframework.jdbc.support.JdbcTransactionManager@58186f9f]; rollback [true]
16:31:57.238 [main] ERROR c.d.test_demo3.CacheService.EmpInfoCacheService - 已删除缓存员工信息，key: empInfo:013487
16:31:57.248 [main] INFO  c.d.test_demo3.Service.impl.EmpInfoServiceImpl - 删除缓存中的员工信息，员工编号: 013487
16:32:24.446 [SpringApplicationShutdownHook] INFO  com.zaxxer.hikari.HikariDataSource - HikariPool-1 - Shutdown initiated...
16:32:24.459 [SpringApplicationShutdownHook] INFO  com.zaxxer.hikari.HikariDataSource - HikariPool-1 - Shutdown completed.
16:32:24.462 [main] WARN  com.zaxxer.hikari.pool.ProxyConnection - HikariPool-1 - Connection com.mysql.cj.jdbc.ConnectionImpl@7a730479 marked as broken because of SQLSTATE(08S01), ErrorCode(0)
com.mysql.cj.jdbc.exceptions.CommunicationsException: Communications link failure

The last packet successfully received from the server was 27,170 milliseconds ago. The last packet sent successfully to the server was 27,170 milliseconds ago.
	at com.mysql.cj.jdbc.exceptions.SQLError.createCommunicationsException(SQLError.java:174)
	at com.mysql.cj.jdbc.exceptions.SQLExceptionsMapping.translateException(SQLExceptionsMapping.java:64)
	at com.mysql.cj.jdbc.ClientPreparedStatement.executeInternal(ClientPreparedStatement.java:916)
	at com.mysql.cj.jdbc.ClientPreparedStatement.execute(ClientPreparedStatement.java:354)
	at com.zaxxer.hikari.pool.ProxyPreparedStatement.execute(ProxyPreparedStatement.java:44)
	at com.zaxxer.hikari.pool.HikariProxyPreparedStatement.execute(HikariProxyPreparedStatement.java)
	at sun.reflect.NativeMethodAccessorImpl.invoke0(Native Method)
	at sun.reflect.NativeMethodAccessorImpl.invoke(NativeMethodAccessorImpl.java:62)
	at sun.reflect.DelegatingMethodAccessorImpl.invoke(DelegatingMethodAccessorImpl.java:43)
	at java.lang.reflect.Method.invoke(Method.java:498)
	at org.apache.ibatis.logging.jdbc.PreparedStatementLogger.invoke(PreparedStatementLogger.java:59)
	at com.sun.proxy.$Proxy144.execute(Unknown Source)
	at org.apache.ibatis.executor.statement.PreparedStatementHandler.update(PreparedStatementHandler.java:47)
	at org.apache.ibatis.executor.statement.RoutingStatementHandler.update(RoutingStatementHandler.java:74)
	at sun.reflect.NativeMethodAccessorImpl.invoke0(Native Method)
	at sun.reflect.NativeMethodAccessorImpl.invoke(NativeMethodAccessorImpl.java:62)
	at sun.reflect.DelegatingMethodAccessorImpl.invoke(DelegatingMethodAccessorImpl.java:43)
	at java.lang.reflect.Method.invoke(Method.java:498)
	at org.apache.ibatis.plugin.Plugin.invoke(Plugin.java:64)
	at com.sun.proxy.$Proxy142.update(Unknown Source)
	at org.apache.ibatis.executor.SimpleExecutor.doUpdate(SimpleExecutor.java:50)
	at org.apache.ibatis.executor.BaseExecutor.update(BaseExecutor.java:117)
	at org.apache.ibatis.executor.CachingExecutor.update(CachingExecutor.java:76)
	at sun.reflect.NativeMethodAccessorImpl.invoke0(Native Method)
	at sun.reflect.NativeMethodAccessorImpl.invoke(NativeMethodAccessorImpl.java:62)
	at sun.reflect.DelegatingMethodAccessorImpl.invoke(DelegatingMethodAccessorImpl.java:43)
	at java.lang.reflect.Method.invoke(Method.java:498)
	at org.apache.ibatis.plugin.Invocation.proceed(Invocation.java:49)
	at com.baomidou.mybatisplus.extension.plugins.MybatisPlusInterceptor.intercept(MybatisPlusInterceptor.java:106)
	at org.apache.ibatis.plugin.Plugin.invoke(Plugin.java:62)
	at com.sun.proxy.$Proxy141.update(Unknown Source)
	at org.apache.ibatis.session.defaults.DefaultSqlSession.update(DefaultSqlSession.java:194)
	at sun.reflect.NativeMethodAccessorImpl.invoke0(Native Method)
	at sun.reflect.NativeMethodAccessorImpl.invoke(NativeMethodAccessorImpl.java:62)
	at sun.reflect.DelegatingMethodAccessorImpl.invoke(DelegatingMethodAccessorImpl.java:43)
	at java.lang.reflect.Method.invoke(Method.java:498)
	at org.mybatis.spring.SqlSessionTemplate$SqlSessionInterceptor.invoke(SqlSessionTemplate.java:427)
	at com.sun.proxy.$Proxy89.update(Unknown Source)
	at org.mybatis.spring.SqlSessionTemplate.update(SqlSessionTemplate.java:288)
	at com.baomidou.mybatisplus.core.override.MybatisMapperMethod.execute(MybatisMapperMethod.java:64)
	at com.baomidou.mybatisplus.core.override.MybatisMapperProxy$PlainMethodInvoker.invoke(MybatisMapperProxy.java:148)
	at com.baomidou.mybatisplus.core.override.MybatisMapperProxy.invoke(MybatisMapperProxy.java:89)
	at com.sun.proxy.$Proxy94.fff(Unknown Source)
	at com.dongbao.test_demo3.Service.impl.EmpInfoServiceImpl.DeleteEmpInfoByEmpNo(EmpInfoServiceImpl.java:51)
	at com.dongbao.test_demo3.Service.impl.EmpInfoServiceImpl.updateEmpInfoByEmpNo(EmpInfoServiceImpl.java:36)
	at com.dongbao.test_demo3.TestMybatisPlus.testUpdateByEmpNo(TestMybatisPlus.java:183)
	at sun.reflect.NativeMethodAccessorImpl.invoke0(Native Method)
	at sun.reflect.NativeMethodAccessorImpl.invoke(NativeMethodAccessorImpl.java:62)
	at sun.reflect.DelegatingMethodAccessorImpl.invoke(DelegatingMethodAccessorImpl.java:43)
	at java.lang.reflect.Method.invoke(Method.java:498)
	at org.junit.platform.commons.util.ReflectionUtils.invokeMethod(ReflectionUtils.java:725)
	at org.junit.jupiter.engine.execution.MethodInvocation.proceed(MethodInvocation.java:60)
	at org.junit.jupiter.engine.execution.InvocationInterceptorChain$ValidatingInvocation.proceed(InvocationInterceptorChain.java:131)
	at org.junit.jupiter.engine.extension.TimeoutExtension.intercept(TimeoutExtension.java:149)
	at org.junit.jupiter.engine.extension.TimeoutExtension.interceptTestableMethod(TimeoutExtension.java:140)
	at org.junit.jupiter.engine.extension.TimeoutExtension.interceptTestMethod(TimeoutExtension.java:84)
	at org.junit.jupiter.engine.execution.ExecutableInvoker$ReflectiveInterceptorCall.lambda$ofVoidMethod$0(ExecutableInvoker.java:115)
	at org.junit.jupiter.engine.execution.ExecutableInvoker.lambda$invoke$0(ExecutableInvoker.java:105)
	at org.junit.jupiter.engine.execution.InvocationInterceptorChain$InterceptedInvocation.proceed(InvocationInterceptorChain.java:106)
	at org.junit.jupiter.engine.execution.InvocationInterceptorChain.proceed(InvocationInterceptorChain.java:64)
	at org.junit.jupiter.engine.execution.InvocationInterceptorChain.chainAndInvoke(InvocationInterceptorChain.java:45)
	at org.junit.jupiter.engine.execution.InvocationInterceptorChain.invoke(InvocationInterceptorChain.java:37)
	at org.junit.jupiter.engine.execution.ExecutableInvoker.invoke(ExecutableInvoker.java:104)
	at org.junit.jupiter.engine.execution.ExecutableInvoker.invoke(ExecutableInvoker.java:98)
	at org.junit.jupiter.engine.descriptor.TestMethodTestDescriptor.lambda$invokeTestMethod$7(TestMethodTestDescriptor.java:214)
	at org.junit.platform.engine.support.hierarchical.ThrowableCollector.execute(ThrowableCollector.java:73)
	at org.junit.jupiter.engine.descriptor.TestMethodTestDescriptor.invokeTestMethod(TestMethodTestDescriptor.java:210)
	at org.junit.jupiter.engine.descriptor.TestMethodTestDescriptor.execute(TestMethodTestDescriptor.java:135)
	at org.junit.jupiter.engine.descriptor.TestMethodTestDescriptor.execute(TestMethodTestDescriptor.java:66)
	at org.junit.platform.engine.support.hierarchical.NodeTestTask.lambda$executeRecursively$6(NodeTestTask.java:151)
	at org.junit.platform.engine.support.hierarchical.ThrowableCollector.execute(ThrowableCollector.java:73)
	at org.junit.platform.engine.support.hierarchical.NodeTestTask.lambda$executeRecursively$8(NodeTestTask.java:141)
	at org.junit.platform.engine.support.hierarchical.Node.around(Node.java:137)
	at org.junit.platform.engine.support.hierarchical.NodeTestTask.lambda$executeRecursively$9(NodeTestTask.java:139)
	at org.junit.platform.engine.support.hierarchical.ThrowableCollector.execute(ThrowableCollector.java:73)
	at org.junit.platform.engine.support.hierarchical.NodeTestTask.executeRecursively(NodeTestTask.java:138)
	at org.junit.platform.engine.support.hierarchical.NodeTestTask.execute(NodeTestTask.java:95)
	at java.util.ArrayList.forEach(ArrayList.java:1255)
	at org.junit.platform.engine.support.hierarchical.SameThreadHierarchicalTestExecutorService.invokeAll(SameThreadHierarchicalTestExecutorService.java:41)
	at org.junit.platform.engine.support.hierarchical.NodeTestTask.lambda$executeRecursively$6(NodeTestTask.java:155)
	at org.junit.platform.engine.support.hierarchical.ThrowableCollector.execute(ThrowableCollector.java:73)
	at org.junit.platform.engine.support.hierarchical.NodeTestTask.lambda$executeRecursively$8(NodeTestTask.java:141)
	at org.junit.platform.engine.support.hierarchical.Node.around(Node.java:137)
	at org.junit.platform.engine.support.hierarchical.NodeTestTask.lambda$executeRecursively$9(NodeTestTask.java:139)
	at org.junit.platform.engine.support.hierarchical.ThrowableCollector.execute(ThrowableCollector.java:73)
	at org.junit.platform.engine.support.hierarchical.NodeTestTask.executeRecursively(NodeTestTask.java:138)
	at org.junit.platform.engine.support.hierarchical.NodeTestTask.execute(NodeTestTask.java:95)
	at java.util.ArrayList.forEach(ArrayList.java:1255)
	at org.junit.platform.engine.support.hierarchical.SameThreadHierarchicalTestExecutorService.invokeAll(SameThreadHierarchicalTestExecutorService.java:41)
	at org.junit.platform.engine.support.hierarchical.NodeTestTask.lambda$executeRecursively$6(NodeTestTask.java:155)
	at org.junit.platform.engine.support.hierarchical.ThrowableCollector.execute(ThrowableCollector.java:73)
	at org.junit.platform.engine.support.hierarchical.NodeTestTask.lambda$executeRecursively$8(NodeTestTask.java:141)
	at org.junit.platform.engine.support.hierarchical.Node.around(Node.java:137)
	at org.junit.platform.engine.support.hierarchical.NodeTestTask.lambda$executeRecursively$9(NodeTestTask.java:139)
	at org.junit.platform.engine.support.hierarchical.ThrowableCollector.execute(ThrowableCollector.java:73)
	at org.junit.platform.engine.support.hierarchical.NodeTestTask.executeRecursively(NodeTestTask.java:138)
	at org.junit.platform.engine.support.hierarchical.NodeTestTask.execute(NodeTestTask.java:95)
	at org.junit.platform.engine.support.hierarchical.SameThreadHierarchicalTestExecutorService.submit(SameThreadHierarchicalTestExecutorService.java:35)
	at org.junit.platform.engine.support.hierarchical.HierarchicalTestExecutor.execute(HierarchicalTestExecutor.java:57)
	at org.junit.platform.engine.support.hierarchical.HierarchicalTestEngine.execute(HierarchicalTestEngine.java:54)
	at org.junit.platform.launcher.core.EngineExecutionOrchestrator.execute(EngineExecutionOrchestrator.java:107)
	at org.junit.platform.launcher.core.EngineExecutionOrchestrator.execute(EngineExecutionOrchestrator.java:88)
	at org.junit.platform.launcher.core.EngineExecutionOrchestrator.lambda$execute$0(EngineExecutionOrchestrator.java:54)
	at org.junit.platform.launcher.core.EngineExecutionOrchestrator.withInterceptedStreams(EngineExecutionOrchestrator.java:67)
	at org.junit.platform.launcher.core.EngineExecutionOrchestrator.execute(EngineExecutionOrchestrator.java:52)
	at org.junit.platform.launcher.core.DefaultLauncher.execute(DefaultLauncher.java:114)
	at org.junit.platform.launcher.core.DefaultLauncher.execute(DefaultLauncher.java:86)
	at org.junit.platform.launcher.core.DefaultLauncherSession$DelegatingLauncher.execute(DefaultLauncherSession.java:86)
	at org.junit.platform.launcher.core.SessionPerRequestLauncher.execute(SessionPerRequestLauncher.java:53)
	at com.intellij.junit5.JUnit5IdeaTestRunner.startRunnerWithArgs(JUnit5IdeaTestRunner.java:57)
	at com.intellij.rt.junit.IdeaTestRunner$Repeater$1.execute(IdeaTestRunner.java:38)
	at com.intellij.rt.execution.junit.TestsRepeater.repeat(TestsRepeater.java:11)
	at com.intellij.rt.junit.IdeaTestRunner$Repeater.startRunnerWithArgs(IdeaTestRunner.java:35)
	at com.intellij.rt.junit.JUnitStarter.prepareStreamsAndStart(JUnitStarter.java:232)
	at com.intellij.rt.junit.JUnitStarter.main(JUnitStarter.java:55)
Caused by: com.mysql.cj.exceptions.CJCommunicationsException: Communications link failure

The last packet successfully received from the server was 27,170 milliseconds ago. The last packet sent successfully to the server was 27,170 milliseconds ago.
	at sun.reflect.NativeConstructorAccessorImpl.newInstance0(Native Method)
	at sun.reflect.NativeConstructorAccessorImpl.newInstance(NativeConstructorAccessorImpl.java:62)
	at sun.reflect.DelegatingConstructorAccessorImpl.newInstance(DelegatingConstructorAccessorImpl.java:45)
	at java.lang.reflect.Constructor.newInstance(Constructor.java:423)
	at com.mysql.cj.exceptions.ExceptionFactory.createException(ExceptionFactory.java:61)
	at com.mysql.cj.exceptions.ExceptionFactory.createException(ExceptionFactory.java:105)
	at com.mysql.cj.exceptions.ExceptionFactory.createException(ExceptionFactory.java:151)
	at com.mysql.cj.exceptions.ExceptionFactory.createCommunicationsException(ExceptionFactory.java:167)
	at com.mysql.cj.protocol.a.NativeProtocol.readMessage(NativeProtocol.java:581)
	at com.mysql.cj.protocol.a.NativeProtocol.checkErrorMessage(NativeProtocol.java:761)
	at com.mysql.cj.protocol.a.NativeProtocol.sendCommand(NativeProtocol.java:700)
	at com.mysql.cj.protocol.a.NativeProtocol.sendQueryPacket(NativeProtocol.java:1051)
	at com.mysql.cj.NativeSession.execSQL(NativeSession.java:665)
	at com.mysql.cj.jdbc.ClientPreparedStatement.executeInternal(ClientPreparedStatement.java:893)
	... 112 common frames omitted
Caused by: java.net.SocketException: Socket closed
	at java.net.SocketInputStream.socketRead0(Native Method)
	at java.net.SocketInputStream.socketRead(SocketInputStream.java:116)
	at java.net.SocketInputStream.read(SocketInputStream.java:171)
	at java.net.SocketInputStream.read(SocketInputStream.java:141)
	at sun.security.ssl.InputRecord.readFully(InputRecord.java:465)
	at sun.security.ssl.InputRecord.read(InputRecord.java:503)
	at sun.security.ssl.SSLSocketImpl.readRecord(SSLSocketImpl.java:983)
	at sun.security.ssl.SSLSocketImpl.readDataRecord(SSLSocketImpl.java:940)
	at sun.security.ssl.AppInputStream.read(AppInputStream.java:105)
	at java.io.FilterInputStream.read(FilterInputStream.java:133)
	at com.mysql.cj.protocol.FullReadInputStream.readFully(FullReadInputStream.java:64)
	at com.mysql.cj.protocol.a.SimplePacketReader.readHeaderLocal(SimplePacketReader.java:81)
	at com.mysql.cj.protocol.a.SimplePacketReader.readHeader(SimplePacketReader.java:63)
	at com.mysql.cj.protocol.a.SimplePacketReader.readHeader(SimplePacketReader.java:45)
	at com.mysql.cj.protocol.a.TimeTrackingPacketReader.readHeader(TimeTrackingPacketReader.java:52)
	at com.mysql.cj.protocol.a.TimeTrackingPacketReader.readHeader(TimeTrackingPacketReader.java:41)
	at com.mysql.cj.protocol.a.MultiPacketReader.readHeader(MultiPacketReader.java:54)
	at com.mysql.cj.protocol.a.MultiPacketReader.readHeader(MultiPacketReader.java:44)
	at com.mysql.cj.protocol.a.NativeProtocol.readMessage(NativeProtocol.java:575)
	... 117 common frames omitted
16:32:24.502 [main] WARN  o.s.jdbc.support.SQLErrorCodesFactory - Error while extracting database name
org.springframework.jdbc.support.MetaDataAccessException: Error while extracting DatabaseMetaData; nested exception is java.sql.SQLException: HikariDataSource HikariDataSource (HikariPool-1) has been closed.
	at org.springframework.jdbc.support.JdbcUtils.extractDatabaseMetaData(JdbcUtils.java:366)
	at org.springframework.jdbc.support.SQLErrorCodesFactory.resolveErrorCodes(SQLErrorCodesFactory.java:235)
	at org.springframework.jdbc.support.SQLErrorCodeSQLExceptionTranslator.lambda$setDataSource$0(SQLErrorCodeSQLExceptionTranslator.java:140)
	at org.springframework.util.function.SingletonSupplier.get(SingletonSupplier.java:97)
	at org.springframework.jdbc.support.SQLErrorCodeSQLExceptionTranslator.setDataSource(SQLErrorCodeSQLExceptionTranslator.java:141)
	at org.springframework.jdbc.support.SQLErrorCodeSQLExceptionTranslator.<init>(SQLErrorCodeSQLExceptionTranslator.java:102)
	at org.mybatis.spring.MyBatisExceptionTranslator.lambda$new$0(MyBatisExceptionTranslator.java:55)
	at org.mybatis.spring.MyBatisExceptionTranslator.initExceptionTranslator(MyBatisExceptionTranslator.java:106)
	at org.mybatis.spring.MyBatisExceptionTranslator.translateExceptionIfPossible(MyBatisExceptionTranslator.java:88)
	at org.mybatis.spring.SqlSessionTemplate$SqlSessionInterceptor.invoke(SqlSessionTemplate.java:441)
	at com.sun.proxy.$Proxy89.update(Unknown Source)
	at org.mybatis.spring.SqlSessionTemplate.update(SqlSessionTemplate.java:288)
	at com.baomidou.mybatisplus.core.override.MybatisMapperMethod.execute(MybatisMapperMethod.java:64)
	at com.baomidou.mybatisplus.core.override.MybatisMapperProxy$PlainMethodInvoker.invoke(MybatisMapperProxy.java:148)
	at com.baomidou.mybatisplus.core.override.MybatisMapperProxy.invoke(MybatisMapperProxy.java:89)
	at com.sun.proxy.$Proxy94.fff(Unknown Source)
	at com.dongbao.test_demo3.Service.impl.EmpInfoServiceImpl.DeleteEmpInfoByEmpNo(EmpInfoServiceImpl.java:51)
	at com.dongbao.test_demo3.Service.impl.EmpInfoServiceImpl.updateEmpInfoByEmpNo(EmpInfoServiceImpl.java:36)
	at com.dongbao.test_demo3.TestMybatisPlus.testUpdateByEmpNo(TestMybatisPlus.java:183)
	at sun.reflect.NativeMethodAccessorImpl.invoke0(Native Method)
	at sun.reflect.NativeMethodAccessorImpl.invoke(NativeMethodAccessorImpl.java:62)
	at sun.reflect.DelegatingMethodAccessorImpl.invoke(DelegatingMethodAccessorImpl.java:43)
	at java.lang.reflect.Method.invoke(Method.java:498)
	at org.junit.platform.commons.util.ReflectionUtils.invokeMethod(ReflectionUtils.java:725)
	at org.junit.jupiter.engine.execution.MethodInvocation.proceed(MethodInvocation.java:60)
	at org.junit.jupiter.engine.execution.InvocationInterceptorChain$ValidatingInvocation.proceed(InvocationInterceptorChain.java:131)
	at org.junit.jupiter.engine.extension.TimeoutExtension.intercept(TimeoutExtension.java:149)
	at org.junit.jupiter.engine.extension.TimeoutExtension.interceptTestableMethod(TimeoutExtension.java:140)
	at org.junit.jupiter.engine.extension.TimeoutExtension.interceptTestMethod(TimeoutExtension.java:84)
	at org.junit.jupiter.engine.execution.ExecutableInvoker$ReflectiveInterceptorCall.lambda$ofVoidMethod$0(ExecutableInvoker.java:115)
	at org.junit.jupiter.engine.execution.ExecutableInvoker.lambda$invoke$0(ExecutableInvoker.java:105)
	at org.junit.jupiter.engine.execution.InvocationInterceptorChain$InterceptedInvocation.proceed(InvocationInterceptorChain.java:106)
	at org.junit.jupiter.engine.execution.InvocationInterceptorChain.proceed(InvocationInterceptorChain.java:64)
	at org.junit.jupiter.engine.execution.InvocationInterceptorChain.chainAndInvoke(InvocationInterceptorChain.java:45)
	at org.junit.jupiter.engine.execution.InvocationInterceptorChain.invoke(InvocationInterceptorChain.java:37)
	at org.junit.jupiter.engine.execution.ExecutableInvoker.invoke(ExecutableInvoker.java:104)
	at org.junit.jupiter.engine.execution.ExecutableInvoker.invoke(ExecutableInvoker.java:98)
	at org.junit.jupiter.engine.descriptor.TestMethodTestDescriptor.lambda$invokeTestMethod$7(TestMethodTestDescriptor.java:214)
	at org.junit.platform.engine.support.hierarchical.ThrowableCollector.execute(ThrowableCollector.java:73)
	at org.junit.jupiter.engine.descriptor.TestMethodTestDescriptor.invokeTestMethod(TestMethodTestDescriptor.java:210)
	at org.junit.jupiter.engine.descriptor.TestMethodTestDescriptor.execute(TestMethodTestDescriptor.java:135)
	at org.junit.jupiter.engine.descriptor.TestMethodTestDescriptor.execute(TestMethodTestDescriptor.java:66)
	at org.junit.platform.engine.support.hierarchical.NodeTestTask.lambda$executeRecursively$6(NodeTestTask.java:151)
	at org.junit.platform.engine.support.hierarchical.ThrowableCollector.execute(ThrowableCollector.java:73)
	at org.junit.platform.engine.support.hierarchical.NodeTestTask.lambda$executeRecursively$8(NodeTestTask.java:141)
	at org.junit.platform.engine.support.hierarchical.Node.around(Node.java:137)
	at org.junit.platform.engine.support.hierarchical.NodeTestTask.lambda$executeRecursively$9(NodeTestTask.java:139)
	at org.junit.platform.engine.support.hierarchical.ThrowableCollector.execute(ThrowableCollector.java:73)
	at org.junit.platform.engine.support.hierarchical.NodeTestTask.executeRecursively(NodeTestTask.java:138)
	at org.junit.platform.engine.support.hierarchical.NodeTestTask.execute(NodeTestTask.java:95)
	at java.util.ArrayList.forEach(ArrayList.java:1255)
	at org.junit.platform.engine.support.hierarchical.SameThreadHierarchicalTestExecutorService.invokeAll(SameThreadHierarchicalTestExecutorService.java:41)
	at org.junit.platform.engine.support.hierarchical.NodeTestTask.lambda$executeRecursively$6(NodeTestTask.java:155)
	at org.junit.platform.engine.support.hierarchical.ThrowableCollector.execute(ThrowableCollector.java:73)
	at org.junit.platform.engine.support.hierarchical.NodeTestTask.lambda$executeRecursively$8(NodeTestTask.java:141)
	at org.junit.platform.engine.support.hierarchical.Node.around(Node.java:137)
	at org.junit.platform.engine.support.hierarchical.NodeTestTask.lambda$executeRecursively$9(NodeTestTask.java:139)
	at org.junit.platform.engine.support.hierarchical.ThrowableCollector.execute(ThrowableCollector.java:73)
	at org.junit.platform.engine.support.hierarchical.NodeTestTask.executeRecursively(NodeTestTask.java:138)
	at org.junit.platform.engine.support.hierarchical.NodeTestTask.execute(NodeTestTask.java:95)
	at java.util.ArrayList.forEach(ArrayList.java:1255)
	at org.junit.platform.engine.support.hierarchical.SameThreadHierarchicalTestExecutorService.invokeAll(SameThreadHierarchicalTestExecutorService.java:41)
	at org.junit.platform.engine.support.hierarchical.NodeTestTask.lambda$executeRecursively$6(NodeTestTask.java:155)
	at org.junit.platform.engine.support.hierarchical.ThrowableCollector.execute(ThrowableCollector.java:73)
	at org.junit.platform.engine.support.hierarchical.NodeTestTask.lambda$executeRecursively$8(NodeTestTask.java:141)
	at org.junit.platform.engine.support.hierarchical.Node.around(Node.java:137)
	at org.junit.platform.engine.support.hierarchical.NodeTestTask.lambda$executeRecursively$9(NodeTestTask.java:139)
	at org.junit.platform.engine.support.hierarchical.ThrowableCollector.execute(ThrowableCollector.java:73)
	at org.junit.platform.engine.support.hierarchical.NodeTestTask.executeRecursively(NodeTestTask.java:138)
	at org.junit.platform.engine.support.hierarchical.NodeTestTask.execute(NodeTestTask.java:95)
	at org.junit.platform.engine.support.hierarchical.SameThreadHierarchicalTestExecutorService.submit(SameThreadHierarchicalTestExecutorService.java:35)
	at org.junit.platform.engine.support.hierarchical.HierarchicalTestExecutor.execute(HierarchicalTestExecutor.java:57)
	at org.junit.platform.engine.support.hierarchical.HierarchicalTestEngine.execute(HierarchicalTestEngine.java:54)
	at org.junit.platform.launcher.core.EngineExecutionOrchestrator.execute(EngineExecutionOrchestrator.java:107)
	at org.junit.platform.launcher.core.EngineExecutionOrchestrator.execute(EngineExecutionOrchestrator.java:88)
	at org.junit.platform.launcher.core.EngineExecutionOrchestrator.lambda$execute$0(EngineExecutionOrchestrator.java:54)
	at org.junit.platform.launcher.core.EngineExecutionOrchestrator.withInterceptedStreams(EngineExecutionOrchestrator.java:67)
	at org.junit.platform.launcher.core.EngineExecutionOrchestrator.execute(EngineExecutionOrchestrator.java:52)
	at org.junit.platform.launcher.core.DefaultLauncher.execute(DefaultLauncher.java:114)
	at org.junit.platform.launcher.core.DefaultLauncher.execute(DefaultLauncher.java:86)
	at org.junit.platform.launcher.core.DefaultLauncherSession$DelegatingLauncher.execute(DefaultLauncherSession.java:86)
	at org.junit.platform.launcher.core.SessionPerRequestLauncher.execute(SessionPerRequestLauncher.java:53)
	at com.intellij.junit5.JUnit5IdeaTestRunner.startRunnerWithArgs(JUnit5IdeaTestRunner.java:57)
	at com.intellij.rt.junit.IdeaTestRunner$Repeater$1.execute(IdeaTestRunner.java:38)
	at com.intellij.rt.execution.junit.TestsRepeater.repeat(TestsRepeater.java:11)
	at com.intellij.rt.junit.IdeaTestRunner$Repeater.startRunnerWithArgs(IdeaTestRunner.java:35)
	at com.intellij.rt.junit.JUnitStarter.prepareStreamsAndStart(JUnitStarter.java:232)
	at com.intellij.rt.junit.JUnitStarter.main(JUnitStarter.java:55)
Caused by: java.sql.SQLException: HikariDataSource HikariDataSource (HikariPool-1) has been closed.
	at com.zaxxer.hikari.HikariDataSource.getConnection(HikariDataSource.java:96)
	at org.springframework.jdbc.support.JdbcUtils.extractDatabaseMetaData(JdbcUtils.java:349)
	... 87 common frames omitted
16:32:24.504 [main] WARN  o.s.jdbc.support.SQLErrorCodesFactory - Error while extracting database name
org.springframework.jdbc.support.MetaDataAccessException: Error while extracting DatabaseMetaData; nested exception is java.sql.SQLException: HikariDataSource HikariDataSource (HikariPool-1) has been closed.
	at org.springframework.jdbc.support.JdbcUtils.extractDatabaseMetaData(JdbcUtils.java:366)
	at org.springframework.jdbc.support.SQLErrorCodesFactory.resolveErrorCodes(SQLErrorCodesFactory.java:235)
	at org.springframework.jdbc.support.SQLErrorCodeSQLExceptionTranslator.lambda$setDataSource$0(SQLErrorCodeSQLExceptionTranslator.java:140)
	at org.springframework.util.function.SingletonSupplier.get(SingletonSupplier.java:97)
	at org.springframework.util.function.SupplierUtils.resolve(SupplierUtils.java:40)
	at org.springframework.jdbc.support.SQLErrorCodeSQLExceptionTranslator.getSqlErrorCodes(SQLErrorCodeSQLExceptionTranslator.java:171)
	at org.springframework.jdbc.support.SQLErrorCodeSQLExceptionTranslator.doTranslate(SQLErrorCodeSQLExceptionTranslator.java:193)
	at org.springframework.jdbc.support.AbstractFallbackSQLExceptionTranslator.translate(AbstractFallbackSQLExceptionTranslator.java:70)
	at org.mybatis.spring.MyBatisExceptionTranslator.translateExceptionIfPossible(MyBatisExceptionTranslator.java:91)
	at org.mybatis.spring.SqlSessionTemplate$SqlSessionInterceptor.invoke(SqlSessionTemplate.java:441)
	at com.sun.proxy.$Proxy89.update(Unknown Source)
	at org.mybatis.spring.SqlSessionTemplate.update(SqlSessionTemplate.java:288)
	at com.baomidou.mybatisplus.core.override.MybatisMapperMethod.execute(MybatisMapperMethod.java:64)
	at com.baomidou.mybatisplus.core.override.MybatisMapperProxy$PlainMethodInvoker.invoke(MybatisMapperProxy.java:148)
	at com.baomidou.mybatisplus.core.override.MybatisMapperProxy.invoke(MybatisMapperProxy.java:89)
	at com.sun.proxy.$Proxy94.fff(Unknown Source)
	at com.dongbao.test_demo3.Service.impl.EmpInfoServiceImpl.DeleteEmpInfoByEmpNo(EmpInfoServiceImpl.java:51)
	at com.dongbao.test_demo3.Service.impl.EmpInfoServiceImpl.updateEmpInfoByEmpNo(EmpInfoServiceImpl.java:36)
	at com.dongbao.test_demo3.TestMybatisPlus.testUpdateByEmpNo(TestMybatisPlus.java:183)
	at sun.reflect.NativeMethodAccessorImpl.invoke0(Native Method)
	at sun.reflect.NativeMethodAccessorImpl.invoke(NativeMethodAccessorImpl.java:62)
	at sun.reflect.DelegatingMethodAccessorImpl.invoke(DelegatingMethodAccessorImpl.java:43)
	at java.lang.reflect.Method.invoke(Method.java:498)
	at org.junit.platform.commons.util.ReflectionUtils.invokeMethod(ReflectionUtils.java:725)
	at org.junit.jupiter.engine.execution.MethodInvocation.proceed(MethodInvocation.java:60)
	at org.junit.jupiter.engine.execution.InvocationInterceptorChain$ValidatingInvocation.proceed(InvocationInterceptorChain.java:131)
	at org.junit.jupiter.engine.extension.TimeoutExtension.intercept(TimeoutExtension.java:149)
	at org.junit.jupiter.engine.extension.TimeoutExtension.interceptTestableMethod(TimeoutExtension.java:140)
	at org.junit.jupiter.engine.extension.TimeoutExtension.interceptTestMethod(TimeoutExtension.java:84)
	at org.junit.jupiter.engine.execution.ExecutableInvoker$ReflectiveInterceptorCall.lambda$ofVoidMethod$0(ExecutableInvoker.java:115)
	at org.junit.jupiter.engine.execution.ExecutableInvoker.lambda$invoke$0(ExecutableInvoker.java:105)
	at org.junit.jupiter.engine.execution.InvocationInterceptorChain$InterceptedInvocation.proceed(InvocationInterceptorChain.java:106)
	at org.junit.jupiter.engine.execution.InvocationInterceptorChain.proceed(InvocationInterceptorChain.java:64)
	at org.junit.jupiter.engine.execution.InvocationInterceptorChain.chainAndInvoke(InvocationInterceptorChain.java:45)
	at org.junit.jupiter.engine.execution.InvocationInterceptorChain.invoke(InvocationInterceptorChain.java:37)
	at org.junit.jupiter.engine.execution.ExecutableInvoker.invoke(ExecutableInvoker.java:104)
	at org.junit.jupiter.engine.execution.ExecutableInvoker.invoke(ExecutableInvoker.java:98)
	at org.junit.jupiter.engine.descriptor.TestMethodTestDescriptor.lambda$invokeTestMethod$7(TestMethodTestDescriptor.java:214)
	at org.junit.platform.engine.support.hierarchical.ThrowableCollector.execute(ThrowableCollector.java:73)
	at org.junit.jupiter.engine.descriptor.TestMethodTestDescriptor.invokeTestMethod(TestMethodTestDescriptor.java:210)
	at org.junit.jupiter.engine.descriptor.TestMethodTestDescriptor.execute(TestMethodTestDescriptor.java:135)
	at org.junit.jupiter.engine.descriptor.TestMethodTestDescriptor.execute(TestMethodTestDescriptor.java:66)
	at org.junit.platform.engine.support.hierarchical.NodeTestTask.lambda$executeRecursively$6(NodeTestTask.java:151)
	at org.junit.platform.engine.support.hierarchical.ThrowableCollector.execute(ThrowableCollector.java:73)
	at org.junit.platform.engine.support.hierarchical.NodeTestTask.lambda$executeRecursively$8(NodeTestTask.java:141)
	at org.junit.platform.engine.support.hierarchical.Node.around(Node.java:137)
	at org.junit.platform.engine.support.hierarchical.NodeTestTask.lambda$executeRecursively$9(NodeTestTask.java:139)
	at org.junit.platform.engine.support.hierarchical.ThrowableCollector.execute(ThrowableCollector.java:73)
	at org.junit.platform.engine.support.hierarchical.NodeTestTask.executeRecursively(NodeTestTask.java:138)
	at org.junit.platform.engine.support.hierarchical.NodeTestTask.execute(NodeTestTask.java:95)
	at java.util.ArrayList.forEach(ArrayList.java:1255)
	at org.junit.platform.engine.support.hierarchical.SameThreadHierarchicalTestExecutorService.invokeAll(SameThreadHierarchicalTestExecutorService.java:41)
	at org.junit.platform.engine.support.hierarchical.NodeTestTask.lambda$executeRecursively$6(NodeTestTask.java:155)
	at org.junit.platform.engine.support.hierarchical.ThrowableCollector.execute(ThrowableCollector.java:73)
	at org.junit.platform.engine.support.hierarchical.NodeTestTask.lambda$executeRecursively$8(NodeTestTask.java:141)
	at org.junit.platform.engine.support.hierarchical.Node.around(Node.java:137)
	at org.junit.platform.engine.support.hierarchical.NodeTestTask.lambda$executeRecursively$9(NodeTestTask.java:139)
	at org.junit.platform.engine.support.hierarchical.ThrowableCollector.execute(ThrowableCollector.java:73)
	at org.junit.platform.engine.support.hierarchical.NodeTestTask.executeRecursively(NodeTestTask.java:138)
	at org.junit.platform.engine.support.hierarchical.NodeTestTask.execute(NodeTestTask.java:95)
	at java.util.ArrayList.forEach(ArrayList.java:1255)
	at org.junit.platform.engine.support.hierarchical.SameThreadHierarchicalTestExecutorService.invokeAll(SameThreadHierarchicalTestExecutorService.java:41)
	at org.junit.platform.engine.support.hierarchical.NodeTestTask.lambda$executeRecursively$6(NodeTestTask.java:155)
	at org.junit.platform.engine.support.hierarchical.ThrowableCollector.execute(ThrowableCollector.java:73)
	at org.junit.platform.engine.support.hierarchical.NodeTestTask.lambda$executeRecursively$8(NodeTestTask.java:141)
	at org.junit.platform.engine.support.hierarchical.Node.around(Node.java:137)
	at org.junit.platform.engine.support.hierarchical.NodeTestTask.lambda$executeRecursively$9(NodeTestTask.java:139)
	at org.junit.platform.engine.support.hierarchical.ThrowableCollector.execute(ThrowableCollector.java:73)
	at org.junit.platform.engine.support.hierarchical.NodeTestTask.executeRecursively(NodeTestTask.java:138)
	at org.junit.platform.engine.support.hierarchical.NodeTestTask.execute(NodeTestTask.java:95)
	at org.junit.platform.engine.support.hierarchical.SameThreadHierarchicalTestExecutorService.submit(SameThreadHierarchicalTestExecutorService.java:35)
	at org.junit.platform.engine.support.hierarchical.HierarchicalTestExecutor.execute(HierarchicalTestExecutor.java:57)
	at org.junit.platform.engine.support.hierarchical.HierarchicalTestEngine.execute(HierarchicalTestEngine.java:54)
	at org.junit.platform.launcher.core.EngineExecutionOrchestrator.execute(EngineExecutionOrchestrator.java:107)
	at org.junit.platform.launcher.core.EngineExecutionOrchestrator.execute(EngineExecutionOrchestrator.java:88)
	at org.junit.platform.launcher.core.EngineExecutionOrchestrator.lambda$execute$0(EngineExecutionOrchestrator.java:54)
	at org.junit.platform.launcher.core.EngineExecutionOrchestrator.withInterceptedStreams(EngineExecutionOrchestrator.java:67)
	at org.junit.platform.launcher.core.EngineExecutionOrchestrator.execute(EngineExecutionOrchestrator.java:52)
	at org.junit.platform.launcher.core.DefaultLauncher.execute(DefaultLauncher.java:114)
	at org.junit.platform.launcher.core.DefaultLauncher.execute(DefaultLauncher.java:86)
	at org.junit.platform.launcher.core.DefaultLauncherSession$DelegatingLauncher.execute(DefaultLauncherSession.java:86)
	at org.junit.platform.launcher.core.SessionPerRequestLauncher.execute(SessionPerRequestLauncher.java:53)
	at com.intellij.junit5.JUnit5IdeaTestRunner.startRunnerWithArgs(JUnit5IdeaTestRunner.java:57)
	at com.intellij.rt.junit.IdeaTestRunner$Repeater$1.execute(IdeaTestRunner.java:38)
	at com.intellij.rt.execution.junit.TestsRepeater.repeat(TestsRepeater.java:11)
	at com.intellij.rt.junit.IdeaTestRunner$Repeater.startRunnerWithArgs(IdeaTestRunner.java:35)
	at com.intellij.rt.junit.JUnitStarter.prepareStreamsAndStart(JUnitStarter.java:232)
	at com.intellij.rt.junit.JUnitStarter.main(JUnitStarter.java:55)
Caused by: java.sql.SQLException: HikariDataSource HikariDataSource (HikariPool-1) has been closed.
	at com.zaxxer.hikari.HikariDataSource.getConnection(HikariDataSource.java:96)
	at org.springframework.jdbc.support.JdbcUtils.extractDatabaseMetaData(JdbcUtils.java:349)
	... 87 common frames omitted
16:32:24.509 [main] WARN  o.s.jdbc.support.SQLErrorCodesFactory - Error while extracting database name
org.springframework.jdbc.support.MetaDataAccessException: Error while extracting DatabaseMetaData; nested exception is java.sql.SQLException: HikariDataSource HikariDataSource (HikariPool-1) has been closed.
	at org.springframework.jdbc.support.JdbcUtils.extractDatabaseMetaData(JdbcUtils.java:366)
	at org.springframework.jdbc.support.SQLErrorCodesFactory.resolveErrorCodes(SQLErrorCodesFactory.java:235)
	at org.springframework.jdbc.support.SQLErrorCodeSQLExceptionTranslator.lambda$setDataSource$0(SQLErrorCodeSQLExceptionTranslator.java:140)
	at org.springframework.util.function.SingletonSupplier.get(SingletonSupplier.java:97)
	at org.springframework.jdbc.support.SQLErrorCodeSQLExceptionTranslator.setDataSource(SQLErrorCodeSQLExceptionTranslator.java:141)
	at org.springframework.jdbc.support.SQLErrorCodeSQLExceptionTranslator.<init>(SQLErrorCodeSQLExceptionTranslator.java:102)
	at org.springframework.jdbc.support.JdbcTransactionManager.getExceptionTranslator(JdbcTransactionManager.java:135)
	at org.springframework.jdbc.support.JdbcTransactionManager.translateException(JdbcTransactionManager.java:184)
	at org.springframework.jdbc.datasource.DataSourceTransactionManager.doRollback(DataSourceTransactionManager.java:351)
	at org.springframework.transaction.support.AbstractPlatformTransactionManager.processRollback(AbstractPlatformTransactionManager.java:835)
	at org.springframework.transaction.support.AbstractPlatformTransactionManager.rollback(AbstractPlatformTransactionManager.java:809)
	at org.springframework.test.context.transaction.TransactionContext.endTransaction(TransactionContext.java:128)
	at org.springframework.test.context.transaction.TransactionalTestExecutionListener.afterTestMethod(TransactionalTestExecutionListener.java:255)
	at org.springframework.test.context.TestContextManager.afterTestMethod(TestContextManager.java:445)
	at org.springframework.test.context.junit.jupiter.SpringExtension.afterEach(SpringExtension.java:206)
	at org.junit.jupiter.engine.descriptor.TestMethodTestDescriptor.lambda$invokeAfterEachCallbacks$12(TestMethodTestDescriptor.java:257)
	at org.junit.jupiter.engine.descriptor.TestMethodTestDescriptor.lambda$invokeAllAfterMethodsOrCallbacks$13(TestMethodTestDescriptor.java:273)
	at org.junit.platform.engine.support.hierarchical.ThrowableCollector.execute(ThrowableCollector.java:73)
	at org.junit.jupiter.engine.descriptor.TestMethodTestDescriptor.lambda$invokeAllAfterMethodsOrCallbacks$14(TestMethodTestDescriptor.java:273)
	at java.util.ArrayList.forEach(ArrayList.java:1255)
	at org.junit.jupiter.engine.descriptor.TestMethodTestDescriptor.invokeAllAfterMethodsOrCallbacks(TestMethodTestDescriptor.java:272)
	at org.junit.jupiter.engine.descriptor.TestMethodTestDescriptor.invokeAfterEachCallbacks(TestMethodTestDescriptor.java:256)
	at org.junit.jupiter.engine.descriptor.TestMethodTestDescriptor.execute(TestMethodTestDescriptor.java:141)
	at org.junit.jupiter.engine.descriptor.TestMethodTestDescriptor.execute(TestMethodTestDescriptor.java:66)
	at org.junit.platform.engine.support.hierarchical.NodeTestTask.lambda$executeRecursively$6(NodeTestTask.java:151)
	at org.junit.platform.engine.support.hierarchical.ThrowableCollector.execute(ThrowableCollector.java:73)
	at org.junit.platform.engine.support.hierarchical.NodeTestTask.lambda$executeRecursively$8(NodeTestTask.java:141)
	at org.junit.platform.engine.support.hierarchical.Node.around(Node.java:137)
	at org.junit.platform.engine.support.hierarchical.NodeTestTask.lambda$executeRecursively$9(NodeTestTask.java:139)
	at org.junit.platform.engine.support.hierarchical.ThrowableCollector.execute(ThrowableCollector.java:73)
	at org.junit.platform.engine.support.hierarchical.NodeTestTask.executeRecursively(NodeTestTask.java:138)
	at org.junit.platform.engine.support.hierarchical.NodeTestTask.execute(NodeTestTask.java:95)
	at java.util.ArrayList.forEach(ArrayList.java:1255)
	at org.junit.platform.engine.support.hierarchical.SameThreadHierarchicalTestExecutorService.invokeAll(SameThreadHierarchicalTestExecutorService.java:41)
	at org.junit.platform.engine.support.hierarchical.NodeTestTask.lambda$executeRecursively$6(NodeTestTask.java:155)
	at org.junit.platform.engine.support.hierarchical.ThrowableCollector.execute(ThrowableCollector.java:73)
	at org.junit.platform.engine.support.hierarchical.NodeTestTask.lambda$executeRecursively$8(NodeTestTask.java:141)
	at org.junit.platform.engine.support.hierarchical.Node.around(Node.java:137)
	at org.junit.platform.engine.support.hierarchical.NodeTestTask.lambda$executeRecursively$9(NodeTestTask.java:139)
	at org.junit.platform.engine.support.hierarchical.ThrowableCollector.execute(ThrowableCollector.java:73)
	at org.junit.platform.engine.support.hierarchical.NodeTestTask.executeRecursively(NodeTestTask.java:138)
	at org.junit.platform.engine.support.hierarchical.NodeTestTask.execute(NodeTestTask.java:95)
	at java.util.ArrayList.forEach(ArrayList.java:1255)
	at org.junit.platform.engine.support.hierarchical.SameThreadHierarchicalTestExecutorService.invokeAll(SameThreadHierarchicalTestExecutorService.java:41)
	at org.junit.platform.engine.support.hierarchical.NodeTestTask.lambda$executeRecursively$6(NodeTestTask.java:155)
	at org.junit.platform.engine.support.hierarchical.ThrowableCollector.execute(ThrowableCollector.java:73)
	at org.junit.platform.engine.support.hierarchical.NodeTestTask.lambda$executeRecursively$8(NodeTestTask.java:141)
	at org.junit.platform.engine.support.hierarchical.Node.around(Node.java:137)
	at org.junit.platform.engine.support.hierarchical.NodeTestTask.lambda$executeRecursively$9(NodeTestTask.java:139)
	at org.junit.platform.engine.support.hierarchical.ThrowableCollector.execute(ThrowableCollector.java:73)
	at org.junit.platform.engine.support.hierarchical.NodeTestTask.executeRecursively(NodeTestTask.java:138)
	at org.junit.platform.engine.support.hierarchical.NodeTestTask.execute(NodeTestTask.java:95)
	at org.junit.platform.engine.support.hierarchical.SameThreadHierarchicalTestExecutorService.submit(SameThreadHierarchicalTestExecutorService.java:35)
	at org.junit.platform.engine.support.hierarchical.HierarchicalTestExecutor.execute(HierarchicalTestExecutor.java:57)
	at org.junit.platform.engine.support.hierarchical.HierarchicalTestEngine.execute(HierarchicalTestEngine.java:54)
	at org.junit.platform.launcher.core.EngineExecutionOrchestrator.execute(EngineExecutionOrchestrator.java:107)
	at org.junit.platform.launcher.core.EngineExecutionOrchestrator.execute(EngineExecutionOrchestrator.java:88)
	at org.junit.platform.launcher.core.EngineExecutionOrchestrator.lambda$execute$0(EngineExecutionOrchestrator.java:54)
	at org.junit.platform.launcher.core.EngineExecutionOrchestrator.withInterceptedStreams(EngineExecutionOrchestrator.java:67)
	at org.junit.platform.launcher.core.EngineExecutionOrchestrator.execute(EngineExecutionOrchestrator.java:52)
	at org.junit.platform.launcher.core.DefaultLauncher.execute(DefaultLauncher.java:114)
	at org.junit.platform.launcher.core.DefaultLauncher.execute(DefaultLauncher.java:86)
	at org.junit.platform.launcher.core.DefaultLauncherSession$DelegatingLauncher.execute(DefaultLauncherSession.java:86)
	at org.junit.platform.launcher.core.SessionPerRequestLauncher.execute(SessionPerRequestLauncher.java:53)
	at com.intellij.junit5.JUnit5IdeaTestRunner.startRunnerWithArgs(JUnit5IdeaTestRunner.java:57)
	at com.intellij.rt.junit.IdeaTestRunner$Repeater$1.execute(IdeaTestRunner.java:38)
	at com.intellij.rt.execution.junit.TestsRepeater.repeat(TestsRepeater.java:11)
	at com.intellij.rt.junit.IdeaTestRunner$Repeater.startRunnerWithArgs(IdeaTestRunner.java:35)
	at com.intellij.rt.junit.JUnitStarter.prepareStreamsAndStart(JUnitStarter.java:232)
	at com.intellij.rt.junit.JUnitStarter.main(JUnitStarter.java:55)
Caused by: java.sql.SQLException: HikariDataSource HikariDataSource (HikariPool-1) has been closed.
	at com.zaxxer.hikari.HikariDataSource.getConnection(HikariDataSource.java:96)
	at org.springframework.jdbc.support.JdbcUtils.extractDatabaseMetaData(JdbcUtils.java:349)
	... 69 common frames omitted
16:32:24.510 [main] WARN  o.s.jdbc.support.SQLErrorCodesFactory - Error while extracting database name
org.springframework.jdbc.support.MetaDataAccessException: Error while extracting DatabaseMetaData; nested exception is java.sql.SQLException: HikariDataSource HikariDataSource (HikariPool-1) has been closed.
	at org.springframework.jdbc.support.JdbcUtils.extractDatabaseMetaData(JdbcUtils.java:366)
	at org.springframework.jdbc.support.SQLErrorCodesFactory.resolveErrorCodes(SQLErrorCodesFactory.java:235)
	at org.springframework.jdbc.support.SQLErrorCodeSQLExceptionTranslator.lambda$setDataSource$0(SQLErrorCodeSQLExceptionTranslator.java:140)
	at org.springframework.util.function.SingletonSupplier.get(SingletonSupplier.java:97)
	at org.springframework.util.function.SupplierUtils.resolve(SupplierUtils.java:40)
	at org.springframework.jdbc.support.SQLErrorCodeSQLExceptionTranslator.getSqlErrorCodes(SQLErrorCodeSQLExceptionTranslator.java:171)
	at org.springframework.jdbc.support.SQLErrorCodeSQLExceptionTranslator.doTranslate(SQLErrorCodeSQLExceptionTranslator.java:193)
	at org.springframework.jdbc.support.AbstractFallbackSQLExceptionTranslator.translate(AbstractFallbackSQLExceptionTranslator.java:70)
	at org.springframework.jdbc.support.JdbcTransactionManager.translateException(JdbcTransactionManager.java:184)
	at org.springframework.jdbc.datasource.DataSourceTransactionManager.doRollback(DataSourceTransactionManager.java:351)
	at org.springframework.transaction.support.AbstractPlatformTransactionManager.processRollback(AbstractPlatformTransactionManager.java:835)
	at org.springframework.transaction.support.AbstractPlatformTransactionManager.rollback(AbstractPlatformTransactionManager.java:809)
	at org.springframework.test.context.transaction.TransactionContext.endTransaction(TransactionContext.java:128)
	at org.springframework.test.context.transaction.TransactionalTestExecutionListener.afterTestMethod(TransactionalTestExecutionListener.java:255)
	at org.springframework.test.context.TestContextManager.afterTestMethod(TestContextManager.java:445)
	at org.springframework.test.context.junit.jupiter.SpringExtension.afterEach(SpringExtension.java:206)
	at org.junit.jupiter.engine.descriptor.TestMethodTestDescriptor.lambda$invokeAfterEachCallbacks$12(TestMethodTestDescriptor.java:257)
	at org.junit.jupiter.engine.descriptor.TestMethodTestDescriptor.lambda$invokeAllAfterMethodsOrCallbacks$13(TestMethodTestDescriptor.java:273)
	at org.junit.platform.engine.support.hierarchical.ThrowableCollector.execute(ThrowableCollector.java:73)
	at org.junit.jupiter.engine.descriptor.TestMethodTestDescriptor.lambda$invokeAllAfterMethodsOrCallbacks$14(TestMethodTestDescriptor.java:273)
	at java.util.ArrayList.forEach(ArrayList.java:1255)
	at org.junit.jupiter.engine.descriptor.TestMethodTestDescriptor.invokeAllAfterMethodsOrCallbacks(TestMethodTestDescriptor.java:272)
	at org.junit.jupiter.engine.descriptor.TestMethodTestDescriptor.invokeAfterEachCallbacks(TestMethodTestDescriptor.java:256)
	at org.junit.jupiter.engine.descriptor.TestMethodTestDescriptor.execute(TestMethodTestDescriptor.java:141)
	at org.junit.jupiter.engine.descriptor.TestMethodTestDescriptor.execute(TestMethodTestDescriptor.java:66)
	at org.junit.platform.engine.support.hierarchical.NodeTestTask.lambda$executeRecursively$6(NodeTestTask.java:151)
	at org.junit.platform.engine.support.hierarchical.ThrowableCollector.execute(ThrowableCollector.java:73)
	at org.junit.platform.engine.support.hierarchical.NodeTestTask.lambda$executeRecursively$8(NodeTestTask.java:141)
	at org.junit.platform.engine.support.hierarchical.Node.around(Node.java:137)
	at org.junit.platform.engine.support.hierarchical.NodeTestTask.lambda$executeRecursively$9(NodeTestTask.java:139)
	at org.junit.platform.engine.support.hierarchical.ThrowableCollector.execute(ThrowableCollector.java:73)
	at org.junit.platform.engine.support.hierarchical.NodeTestTask.executeRecursively(NodeTestTask.java:138)
	at org.junit.platform.engine.support.hierarchical.NodeTestTask.execute(NodeTestTask.java:95)
	at java.util.ArrayList.forEach(ArrayList.java:1255)
	at org.junit.platform.engine.support.hierarchical.SameThreadHierarchicalTestExecutorService.invokeAll(SameThreadHierarchicalTestExecutorService.java:41)
	at org.junit.platform.engine.support.hierarchical.NodeTestTask.lambda$executeRecursively$6(NodeTestTask.java:155)
	at org.junit.platform.engine.support.hierarchical.ThrowableCollector.execute(ThrowableCollector.java:73)
	at org.junit.platform.engine.support.hierarchical.NodeTestTask.lambda$executeRecursively$8(NodeTestTask.java:141)
	at org.junit.platform.engine.support.hierarchical.Node.around(Node.java:137)
	at org.junit.platform.engine.support.hierarchical.NodeTestTask.lambda$executeRecursively$9(NodeTestTask.java:139)
	at org.junit.platform.engine.support.hierarchical.ThrowableCollector.execute(ThrowableCollector.java:73)
	at org.junit.platform.engine.support.hierarchical.NodeTestTask.executeRecursively(NodeTestTask.java:138)
	at org.junit.platform.engine.support.hierarchical.NodeTestTask.execute(NodeTestTask.java:95)
	at java.util.ArrayList.forEach(ArrayList.java:1255)
	at org.junit.platform.engine.support.hierarchical.SameThreadHierarchicalTestExecutorService.invokeAll(SameThreadHierarchicalTestExecutorService.java:41)
	at org.junit.platform.engine.support.hierarchical.NodeTestTask.lambda$executeRecursively$6(NodeTestTask.java:155)
	at org.junit.platform.engine.support.hierarchical.ThrowableCollector.execute(ThrowableCollector.java:73)
	at org.junit.platform.engine.support.hierarchical.NodeTestTask.lambda$executeRecursively$8(NodeTestTask.java:141)
	at org.junit.platform.engine.support.hierarchical.Node.around(Node.java:137)
	at org.junit.platform.engine.support.hierarchical.NodeTestTask.lambda$executeRecursively$9(NodeTestTask.java:139)
	at org.junit.platform.engine.support.hierarchical.ThrowableCollector.execute(ThrowableCollector.java:73)
	at org.junit.platform.engine.support.hierarchical.NodeTestTask.executeRecursively(NodeTestTask.java:138)
	at org.junit.platform.engine.support.hierarchical.NodeTestTask.execute(NodeTestTask.java:95)
	at org.junit.platform.engine.support.hierarchical.SameThreadHierarchicalTestExecutorService.submit(SameThreadHierarchicalTestExecutorService.java:35)
	at org.junit.platform.engine.support.hierarchical.HierarchicalTestExecutor.execute(HierarchicalTestExecutor.java:57)
	at org.junit.platform.engine.support.hierarchical.HierarchicalTestEngine.execute(HierarchicalTestEngine.java:54)
	at org.junit.platform.launcher.core.EngineExecutionOrchestrator.execute(EngineExecutionOrchestrator.java:107)
	at org.junit.platform.launcher.core.EngineExecutionOrchestrator.execute(EngineExecutionOrchestrator.java:88)
	at org.junit.platform.launcher.core.EngineExecutionOrchestrator.lambda$execute$0(EngineExecutionOrchestrator.java:54)
	at org.junit.platform.launcher.core.EngineExecutionOrchestrator.withInterceptedStreams(EngineExecutionOrchestrator.java:67)
	at org.junit.platform.launcher.core.EngineExecutionOrchestrator.execute(EngineExecutionOrchestrator.java:52)
	at org.junit.platform.launcher.core.DefaultLauncher.execute(DefaultLauncher.java:114)
	at org.junit.platform.launcher.core.DefaultLauncher.execute(DefaultLauncher.java:86)
	at org.junit.platform.launcher.core.DefaultLauncherSession$DelegatingLauncher.execute(DefaultLauncherSession.java:86)
	at org.junit.platform.launcher.core.SessionPerRequestLauncher.execute(SessionPerRequestLauncher.java:53)
	at com.intellij.junit5.JUnit5IdeaTestRunner.startRunnerWithArgs(JUnit5IdeaTestRunner.java:57)
	at com.intellij.rt.junit.IdeaTestRunner$Repeater$1.execute(IdeaTestRunner.java:38)
	at com.intellij.rt.execution.junit.TestsRepeater.repeat(TestsRepeater.java:11)
	at com.intellij.rt.junit.IdeaTestRunner$Repeater.startRunnerWithArgs(IdeaTestRunner.java:35)
	at com.intellij.rt.junit.JUnitStarter.prepareStreamsAndStart(JUnitStarter.java:232)
	at com.intellij.rt.junit.JUnitStarter.main(JUnitStarter.java:55)
Caused by: java.sql.SQLException: HikariDataSource HikariDataSource (HikariPool-1) has been closed.
	at com.zaxxer.hikari.HikariDataSource.getConnection(HikariDataSource.java:96)
	at org.springframework.jdbc.support.JdbcUtils.extractDatabaseMetaData(JdbcUtils.java:349)
	... 70 common frames omitted
16:32:24.511 [main] WARN  o.springframework.test.context.TestContextManager - Caught exception while invoking 'afterTestMethod' callback on TestExecutionListener [org.springframework.test.context.transaction.TransactionalTestExecutionListener@65f8f5ae] for test method [public void com.dongbao.test_demo3.TestMybatisPlus.testUpdateByEmpNo()] and test instance [com.dongbao.test_demo3.TestMybatisPlus@2a2b7a35]
org.springframework.transaction.TransactionSystemException: JDBC rollback failed; nested exception is java.sql.SQLException: Connection is closed
	at org.springframework.jdbc.datasource.DataSourceTransactionManager.translateException(DataSourceTransactionManager.java:435)
	at org.springframework.jdbc.support.JdbcTransactionManager.translateException(JdbcTransactionManager.java:188)
	at org.springframework.jdbc.datasource.DataSourceTransactionManager.doRollback(DataSourceTransactionManager.java:351)
	at org.springframework.transaction.support.AbstractPlatformTransactionManager.processRollback(AbstractPlatformTransactionManager.java:835)
	at org.springframework.transaction.support.AbstractPlatformTransactionManager.rollback(AbstractPlatformTransactionManager.java:809)
	at org.springframework.test.context.transaction.TransactionContext.endTransaction(TransactionContext.java:128)
	at org.springframework.test.context.transaction.TransactionalTestExecutionListener.afterTestMethod(TransactionalTestExecutionListener.java:255)
	at org.springframework.test.context.TestContextManager.afterTestMethod(TestContextManager.java:445)
	at org.springframework.test.context.junit.jupiter.SpringExtension.afterEach(SpringExtension.java:206)
	at org.junit.jupiter.engine.descriptor.TestMethodTestDescriptor.lambda$invokeAfterEachCallbacks$12(TestMethodTestDescriptor.java:257)
	at org.junit.jupiter.engine.descriptor.TestMethodTestDescriptor.lambda$invokeAllAfterMethodsOrCallbacks$13(TestMethodTestDescriptor.java:273)
	at org.junit.platform.engine.support.hierarchical.ThrowableCollector.execute(ThrowableCollector.java:73)
	at org.junit.jupiter.engine.descriptor.TestMethodTestDescriptor.lambda$invokeAllAfterMethodsOrCallbacks$14(TestMethodTestDescriptor.java:273)
	at java.util.ArrayList.forEach(ArrayList.java:1255)
	at org.junit.jupiter.engine.descriptor.TestMethodTestDescriptor.invokeAllAfterMethodsOrCallbacks(TestMethodTestDescriptor.java:272)
	at org.junit.jupiter.engine.descriptor.TestMethodTestDescriptor.invokeAfterEachCallbacks(TestMethodTestDescriptor.java:256)
	at org.junit.jupiter.engine.descriptor.TestMethodTestDescriptor.execute(TestMethodTestDescriptor.java:141)
	at org.junit.jupiter.engine.descriptor.TestMethodTestDescriptor.execute(TestMethodTestDescriptor.java:66)
	at org.junit.platform.engine.support.hierarchical.NodeTestTask.lambda$executeRecursively$6(NodeTestTask.java:151)
	at org.junit.platform.engine.support.hierarchical.ThrowableCollector.execute(ThrowableCollector.java:73)
	at org.junit.platform.engine.support.hierarchical.NodeTestTask.lambda$executeRecursively$8(NodeTestTask.java:141)
	at org.junit.platform.engine.support.hierarchical.Node.around(Node.java:137)
	at org.junit.platform.engine.support.hierarchical.NodeTestTask.lambda$executeRecursively$9(NodeTestTask.java:139)
	at org.junit.platform.engine.support.hierarchical.ThrowableCollector.execute(ThrowableCollector.java:73)
	at org.junit.platform.engine.support.hierarchical.NodeTestTask.executeRecursively(NodeTestTask.java:138)
	at org.junit.platform.engine.support.hierarchical.NodeTestTask.execute(NodeTestTask.java:95)
	at java.util.ArrayList.forEach(ArrayList.java:1255)
	at org.junit.platform.engine.support.hierarchical.SameThreadHierarchicalTestExecutorService.invokeAll(SameThreadHierarchicalTestExecutorService.java:41)
	at org.junit.platform.engine.support.hierarchical.NodeTestTask.lambda$executeRecursively$6(NodeTestTask.java:155)
	at org.junit.platform.engine.support.hierarchical.ThrowableCollector.execute(ThrowableCollector.java:73)
	at org.junit.platform.engine.support.hierarchical.NodeTestTask.lambda$executeRecursively$8(NodeTestTask.java:141)
	at org.junit.platform.engine.support.hierarchical.Node.around(Node.java:137)
	at org.junit.platform.engine.support.hierarchical.NodeTestTask.lambda$executeRecursively$9(NodeTestTask.java:139)
	at org.junit.platform.engine.support.hierarchical.ThrowableCollector.execute(ThrowableCollector.java:73)
	at org.junit.platform.engine.support.hierarchical.NodeTestTask.executeRecursively(NodeTestTask.java:138)
	at org.junit.platform.engine.support.hierarchical.NodeTestTask.execute(NodeTestTask.java:95)
	at java.util.ArrayList.forEach(ArrayList.java:1255)
	at org.junit.platform.engine.support.hierarchical.SameThreadHierarchicalTestExecutorService.invokeAll(SameThreadHierarchicalTestExecutorService.java:41)
	at org.junit.platform.engine.support.hierarchical.NodeTestTask.lambda$executeRecursively$6(NodeTestTask.java:155)
	at org.junit.platform.engine.support.hierarchical.ThrowableCollector.execute(ThrowableCollector.java:73)
	at org.junit.platform.engine.support.hierarchical.NodeTestTask.lambda$executeRecursively$8(NodeTestTask.java:141)
	at org.junit.platform.engine.support.hierarchical.Node.around(Node.java:137)
	at org.junit.platform.engine.support.hierarchical.NodeTestTask.lambda$executeRecursively$9(NodeTestTask.java:139)
	at org.junit.platform.engine.support.hierarchical.ThrowableCollector.execute(ThrowableCollector.java:73)
	at org.junit.platform.engine.support.hierarchical.NodeTestTask.executeRecursively(NodeTestTask.java:138)
	at org.junit.platform.engine.support.hierarchical.NodeTestTask.execute(NodeTestTask.java:95)
	at org.junit.platform.engine.support.hierarchical.SameThreadHierarchicalTestExecutorService.submit(SameThreadHierarchicalTestExecutorService.java:35)
	at org.junit.platform.engine.support.hierarchical.HierarchicalTestExecutor.execute(HierarchicalTestExecutor.java:57)
	at org.junit.platform.engine.support.hierarchical.HierarchicalTestEngine.execute(HierarchicalTestEngine.java:54)
	at org.junit.platform.launcher.core.EngineExecutionOrchestrator.execute(EngineExecutionOrchestrator.java:107)
	at org.junit.platform.launcher.core.EngineExecutionOrchestrator.execute(EngineExecutionOrchestrator.java:88)
	at org.junit.platform.launcher.core.EngineExecutionOrchestrator.lambda$execute$0(EngineExecutionOrchestrator.java:54)
	at org.junit.platform.launcher.core.EngineExecutionOrchestrator.withInterceptedStreams(EngineExecutionOrchestrator.java:67)
	at org.junit.platform.launcher.core.EngineExecutionOrchestrator.execute(EngineExecutionOrchestrator.java:52)
	at org.junit.platform.launcher.core.DefaultLauncher.execute(DefaultLauncher.java:114)
	at org.junit.platform.launcher.core.DefaultLauncher.execute(DefaultLauncher.java:86)
	at org.junit.platform.launcher.core.DefaultLauncherSession$DelegatingLauncher.execute(DefaultLauncherSession.java:86)
	at org.junit.platform.launcher.core.SessionPerRequestLauncher.execute(SessionPerRequestLauncher.java:53)
	at com.intellij.junit5.JUnit5IdeaTestRunner.startRunnerWithArgs(JUnit5IdeaTestRunner.java:57)
	at com.intellij.rt.junit.IdeaTestRunner$Repeater$1.execute(IdeaTestRunner.java:38)
	at com.intellij.rt.execution.junit.TestsRepeater.repeat(TestsRepeater.java:11)
	at com.intellij.rt.junit.IdeaTestRunner$Repeater.startRunnerWithArgs(IdeaTestRunner.java:35)
	at com.intellij.rt.junit.JUnitStarter.prepareStreamsAndStart(JUnitStarter.java:232)
	at com.intellij.rt.junit.JUnitStarter.main(JUnitStarter.java:55)
Caused by: java.sql.SQLException: Connection is closed
	at com.zaxxer.hikari.pool.ProxyConnection$ClosedConnection.lambda$getClosedConnection$0(ProxyConnection.java:515)
	at com.sun.proxy.$Proxy143.rollback(Unknown Source)
	at com.zaxxer.hikari.pool.ProxyConnection.rollback(ProxyConnection.java:396)
	at com.zaxxer.hikari.pool.HikariProxyConnection.rollback(HikariProxyConnection.java)
	at org.springframework.jdbc.datasource.DataSourceTransactionManager.doRollback(DataSourceTransactionManager.java:348)
	... 61 common frames omitted
16:32:59.605 [main] INFO  com.dongbao.test_demo3.TestMybatisPlus - Starting TestMybatisPlus using Java 1.8.0_151 on IT-013487 with PID 26680 (started by 013487 in E:\javaProject\test_demo3)
16:32:59.606 [main] INFO  com.dongbao.test_demo3.TestMybatisPlus - No active profile set, falling back to 1 default profile: "default"
16:33:00.136 [main] INFO  o.s.d.r.config.RepositoryConfigurationDelegate - Multiple Spring Data modules found, entering strict repository configuration mode
16:33:00.138 [main] INFO  o.s.d.r.config.RepositoryConfigurationDelegate - Bootstrapping Spring Data Redis repositories in DEFAULT mode.
16:33:00.155 [main] INFO  o.s.d.r.config.RepositoryConfigurationDelegate - Finished Spring Data repository scanning in 7 ms. Found 0 Redis repository interfaces.
16:33:00.252 [main] WARN  org.mybatis.spring.mapper.ClassPathMapperScanner - Skipping MapperFactoryBean with name 'attWorkHourDayPlusMapper' and 'com.dongbao.test_demo3.mapper.AttWorkHourDayPlusMapper' mapperInterface. Bean already defined with the same name!
16:33:00.252 [main] WARN  org.mybatis.spring.mapper.ClassPathMapperScanner - Skipping MapperFactoryBean with name 'empInfoMapper' and 'com.dongbao.test_demo3.mapper.EmpInfoMapper' mapperInterface. Bean already defined with the same name!
16:33:00.252 [main] WARN  org.mybatis.spring.mapper.ClassPathMapperScanner - Skipping MapperFactoryBean with name 'empInfoMybatisPlusMapper' and 'com.dongbao.test_demo3.mapper.EmpInfoMybatisPlusMapper' mapperInterface. Bean already defined with the same name!
16:33:00.252 [main] WARN  org.mybatis.spring.mapper.ClassPathMapperScanner - No MyBatis mapper was found in '[com.dongbao.test_demo3.mapper]' package. Please check your configuration.
16:33:01.228 [main] WARN  c.b.mybatisplus.core.injector.DefaultSqlInjector - class com.dongbao.test_demo3.entity.AttWorkHourDay ,Not found @TableId annotation, Cannot use Mybatis-Plus 'xxById' Method.
16:33:01.471 [main] INFO  com.dongbao.test_demo3.config.AsyncConfig - 异步任务执行器已启用
16:33:02.125 [main] INFO  o.s.b.a.web.servlet.WelcomePageHandlerMapping - Adding welcome page: class path resource [static/index.html]
16:33:02.310 [main] WARN  o.s.b.a.t.ThymeleafAutoConfiguration$DefaultTemplateResolverConfiguration - Cannot find template location: classpath:/templates/ (please add some templates, check your Thymeleaf configuration, or set spring.thymeleaf.check-template-location=false)
16:33:02.313 [main] WARN  org.thymeleaf.templatemode.TemplateMode - [THYMELEAF][main] Template Mode 'HTML5' is deprecated. Using Template Mode 'HTML' instead.
16:33:02.705 [main] INFO  com.dongbao.test_demo3.TestMybatisPlus - Started TestMybatisPlus in 3.389 seconds (JVM running for 4.052)
16:33:02.729 [main] INFO  com.zaxxer.hikari.HikariDataSource - HikariPool-1 - Starting...
16:33:03.203 [main] INFO  com.zaxxer.hikari.HikariDataSource - HikariPool-1 - Start completed.
16:33:03.211 [main] INFO  o.s.test.context.transaction.TransactionContext - Began transaction (1) for test context [DefaultTestContext@c05fddc testClass = TestMybatisPlus, testInstance = com.dongbao.test_demo3.TestMybatisPlus@12209826, testMethod = testUpdateByEmpNo@TestMybatisPlus, testException = [null], mergedContextConfiguration = [WebMergedContextConfiguration@25df00a0 testClass = TestMybatisPlus, locations = '{}', classes = '{class com.dongbao.test_demo3.TestDemo3Application}', contextInitializerClasses = '[]', activeProfiles = '{}', propertySourceLocations = '{}', propertySourceProperties = '{org.springframework.boot.test.context.SpringBootTestContextBootstrapper=true}', contextCustomizers = set[[ImportsContextCustomizer@4d15107f key = [@org.springframework.context.annotation.Import(value=[class com.dongbao.test_demo3.config.MybatisPlusConfig]), @org.springframework.boot.test.context.SpringBootTest(args=[], webEnvironment=MOCK, value=[], properties=[], classes=[]), @org.springframework.test.context.BootstrapWith(value=class org.springframework.boot.test.context.SpringBootTestContextBootstrapper), @org.springframework.transaction.annotation.Transactional(propagation=REQUIRED, rollbackForClassName=[], readOnly=false, isolation=DEFAULT, timeoutString=, transactionManager=, label=[], noRollbackFor=[], noRollbackForClassName=[], value=, timeout=-1, rollbackFor=[]), @org.mybatis.spring.annotation.MapperScan(sqlSessionFactoryRef=, sqlSessionTemplateRef=, lazyInitialization=, annotationClass=interface java.lang.annotation.Annotation, basePackageClasses=[], markerInterface=class java.lang.Class, nameGenerator=interface org.springframework.beans.factory.support.BeanNameGenerator, basePackages=[], value=[com.dongbao.test_demo3.mapper], factoryBean=class org.mybatis.spring.mapper.MapperFactoryBean, defaultScope=), @org.springframework.context.annotation.Import(value=[class org.mybatis.spring.annotation.MapperScannerRegistrar])]], org.springframework.boot.test.context.filter.ExcludeFilterContextCustomizer@4218d6a3, org.springframework.boot.test.json.DuplicateJsonObjectContextCustomizerFactory$DuplicateJsonObjectContextCustomizer@71d44a3, org.springframework.boot.test.mock.mockito.MockitoContextCustomizer@0, org.springframework.boot.test.web.client.TestRestTemplateContextCustomizer@62379589, org.springframework.boot.test.autoconfigure.actuate.metrics.MetricsExportContextCustomizerFactory$DisableMetricExportContextCustomizer@7c7a06ec, org.springframework.boot.test.autoconfigure.properties.PropertyMappingContextCustomizer@0, org.springframework.boot.test.autoconfigure.web.servlet.WebDriverContextCustomizerFactory$Customizer@3b69e7d1, org.springframework.boot.test.context.SpringBootTestArgs@1, org.springframework.boot.test.context.SpringBootTestWebEnvironment@6737fd8f], resourceBasePath = 'src/main/webapp', contextLoader = 'org.springframework.boot.test.context.SpringBootContextLoader', parent = [null]], attributes = map['org.springframework.test.context.web.ServletTestExecutionListener.activateListener' -> true, 'org.springframework.test.context.web.ServletTestExecutionListener.populatedRequestContextHolder' -> true, 'org.springframework.test.context.web.ServletTestExecutionListener.resetRequestContextHolder' -> true, 'org.springframework.test.context.event.ApplicationEventsTestExecutionListener.recordApplicationEvents' -> false]]; transaction manager [org.springframework.jdbc.support.JdbcTransactionManager@6cd45b6c]; rollback [true]
16:33:03.840 [main] ERROR c.d.test_demo3.CacheService.EmpInfoCacheService - 已删除缓存员工信息，key: empInfo:013487
16:33:03.840 [main] INFO  c.d.test_demo3.Service.impl.EmpInfoServiceImpl - 删除缓存中的员工信息，员工编号: 013487
16:33:30.618 [SpringApplicationShutdownHook] INFO  com.zaxxer.hikari.HikariDataSource - HikariPool-1 - Shutdown initiated...
16:33:30.631 [SpringApplicationShutdownHook] INFO  com.zaxxer.hikari.HikariDataSource - HikariPool-1 - Shutdown completed.
16:33:30.632 [main] WARN  com.zaxxer.hikari.pool.ProxyConnection - HikariPool-1 - Connection com.mysql.cj.jdbc.ConnectionImpl@7c69e1e1 marked as broken because of SQLSTATE(08S01), ErrorCode(0)
com.mysql.cj.jdbc.exceptions.CommunicationsException: Communications link failure

The last packet successfully received from the server was 26,754 milliseconds ago. The last packet sent successfully to the server was 26,754 milliseconds ago.
	at com.mysql.cj.jdbc.exceptions.SQLError.createCommunicationsException(SQLError.java:174)
	at com.mysql.cj.jdbc.exceptions.SQLExceptionsMapping.translateException(SQLExceptionsMapping.java:64)
	at com.mysql.cj.jdbc.ClientPreparedStatement.executeInternal(ClientPreparedStatement.java:916)
	at com.mysql.cj.jdbc.ClientPreparedStatement.execute(ClientPreparedStatement.java:354)
	at com.zaxxer.hikari.pool.ProxyPreparedStatement.execute(ProxyPreparedStatement.java:44)
	at com.zaxxer.hikari.pool.HikariProxyPreparedStatement.execute(HikariProxyPreparedStatement.java)
	at sun.reflect.NativeMethodAccessorImpl.invoke0(Native Method)
	at sun.reflect.NativeMethodAccessorImpl.invoke(NativeMethodAccessorImpl.java:62)
	at sun.reflect.DelegatingMethodAccessorImpl.invoke(DelegatingMethodAccessorImpl.java:43)
	at java.lang.reflect.Method.invoke(Method.java:498)
	at org.apache.ibatis.logging.jdbc.PreparedStatementLogger.invoke(PreparedStatementLogger.java:59)
	at com.sun.proxy.$Proxy144.execute(Unknown Source)
	at org.apache.ibatis.executor.statement.PreparedStatementHandler.update(PreparedStatementHandler.java:47)
	at org.apache.ibatis.executor.statement.RoutingStatementHandler.update(RoutingStatementHandler.java:74)
	at sun.reflect.NativeMethodAccessorImpl.invoke0(Native Method)
	at sun.reflect.NativeMethodAccessorImpl.invoke(NativeMethodAccessorImpl.java:62)
	at sun.reflect.DelegatingMethodAccessorImpl.invoke(DelegatingMethodAccessorImpl.java:43)
	at java.lang.reflect.Method.invoke(Method.java:498)
	at org.apache.ibatis.plugin.Plugin.invoke(Plugin.java:64)
	at com.sun.proxy.$Proxy142.update(Unknown Source)
	at org.apache.ibatis.executor.SimpleExecutor.doUpdate(SimpleExecutor.java:50)
	at org.apache.ibatis.executor.BaseExecutor.update(BaseExecutor.java:117)
	at org.apache.ibatis.executor.CachingExecutor.update(CachingExecutor.java:76)
	at sun.reflect.NativeMethodAccessorImpl.invoke0(Native Method)
	at sun.reflect.NativeMethodAccessorImpl.invoke(NativeMethodAccessorImpl.java:62)
	at sun.reflect.DelegatingMethodAccessorImpl.invoke(DelegatingMethodAccessorImpl.java:43)
	at java.lang.reflect.Method.invoke(Method.java:498)
	at org.apache.ibatis.plugin.Invocation.proceed(Invocation.java:49)
	at com.baomidou.mybatisplus.extension.plugins.MybatisPlusInterceptor.intercept(MybatisPlusInterceptor.java:106)
	at org.apache.ibatis.plugin.Plugin.invoke(Plugin.java:62)
	at com.sun.proxy.$Proxy141.update(Unknown Source)
	at org.apache.ibatis.session.defaults.DefaultSqlSession.update(DefaultSqlSession.java:194)
	at sun.reflect.NativeMethodAccessorImpl.invoke0(Native Method)
	at sun.reflect.NativeMethodAccessorImpl.invoke(NativeMethodAccessorImpl.java:62)
	at sun.reflect.DelegatingMethodAccessorImpl.invoke(DelegatingMethodAccessorImpl.java:43)
	at java.lang.reflect.Method.invoke(Method.java:498)
	at org.mybatis.spring.SqlSessionTemplate$SqlSessionInterceptor.invoke(SqlSessionTemplate.java:427)
	at com.sun.proxy.$Proxy89.update(Unknown Source)
	at org.mybatis.spring.SqlSessionTemplate.update(SqlSessionTemplate.java:288)
	at com.baomidou.mybatisplus.core.override.MybatisMapperMethod.execute(MybatisMapperMethod.java:64)
	at com.baomidou.mybatisplus.core.override.MybatisMapperProxy$PlainMethodInvoker.invoke(MybatisMapperProxy.java:148)
	at com.baomidou.mybatisplus.core.override.MybatisMapperProxy.invoke(MybatisMapperProxy.java:89)
	at com.sun.proxy.$Proxy94.fff(Unknown Source)
	at com.dongbao.test_demo3.Service.impl.EmpInfoServiceImpl.DeleteEmpInfoByEmpNo(EmpInfoServiceImpl.java:51)
	at com.dongbao.test_demo3.Service.impl.EmpInfoServiceImpl.updateEmpInfoByEmpNo(EmpInfoServiceImpl.java:36)
	at com.dongbao.test_demo3.TestMybatisPlus.testUpdateByEmpNo(TestMybatisPlus.java:183)
	at sun.reflect.NativeMethodAccessorImpl.invoke0(Native Method)
	at sun.reflect.NativeMethodAccessorImpl.invoke(NativeMethodAccessorImpl.java:62)
	at sun.reflect.DelegatingMethodAccessorImpl.invoke(DelegatingMethodAccessorImpl.java:43)
	at java.lang.reflect.Method.invoke(Method.java:498)
	at org.junit.platform.commons.util.ReflectionUtils.invokeMethod(ReflectionUtils.java:725)
	at org.junit.jupiter.engine.execution.MethodInvocation.proceed(MethodInvocation.java:60)
	at org.junit.jupiter.engine.execution.InvocationInterceptorChain$ValidatingInvocation.proceed(InvocationInterceptorChain.java:131)
	at org.junit.jupiter.engine.extension.TimeoutExtension.intercept(TimeoutExtension.java:149)
	at org.junit.jupiter.engine.extension.TimeoutExtension.interceptTestableMethod(TimeoutExtension.java:140)
	at org.junit.jupiter.engine.extension.TimeoutExtension.interceptTestMethod(TimeoutExtension.java:84)
	at org.junit.jupiter.engine.execution.ExecutableInvoker$ReflectiveInterceptorCall.lambda$ofVoidMethod$0(ExecutableInvoker.java:115)
	at org.junit.jupiter.engine.execution.ExecutableInvoker.lambda$invoke$0(ExecutableInvoker.java:105)
	at org.junit.jupiter.engine.execution.InvocationInterceptorChain$InterceptedInvocation.proceed(InvocationInterceptorChain.java:106)
	at org.junit.jupiter.engine.execution.InvocationInterceptorChain.proceed(InvocationInterceptorChain.java:64)
	at org.junit.jupiter.engine.execution.InvocationInterceptorChain.chainAndInvoke(InvocationInterceptorChain.java:45)
	at org.junit.jupiter.engine.execution.InvocationInterceptorChain.invoke(InvocationInterceptorChain.java:37)
	at org.junit.jupiter.engine.execution.ExecutableInvoker.invoke(ExecutableInvoker.java:104)
	at org.junit.jupiter.engine.execution.ExecutableInvoker.invoke(ExecutableInvoker.java:98)
	at org.junit.jupiter.engine.descriptor.TestMethodTestDescriptor.lambda$invokeTestMethod$7(TestMethodTestDescriptor.java:214)
	at org.junit.platform.engine.support.hierarchical.ThrowableCollector.execute(ThrowableCollector.java:73)
	at org.junit.jupiter.engine.descriptor.TestMethodTestDescriptor.invokeTestMethod(TestMethodTestDescriptor.java:210)
	at org.junit.jupiter.engine.descriptor.TestMethodTestDescriptor.execute(TestMethodTestDescriptor.java:135)
	at org.junit.jupiter.engine.descriptor.TestMethodTestDescriptor.execute(TestMethodTestDescriptor.java:66)
	at org.junit.platform.engine.support.hierarchical.NodeTestTask.lambda$executeRecursively$6(NodeTestTask.java:151)
	at org.junit.platform.engine.support.hierarchical.ThrowableCollector.execute(ThrowableCollector.java:73)
	at org.junit.platform.engine.support.hierarchical.NodeTestTask.lambda$executeRecursively$8(NodeTestTask.java:141)
	at org.junit.platform.engine.support.hierarchical.Node.around(Node.java:137)
	at org.junit.platform.engine.support.hierarchical.NodeTestTask.lambda$executeRecursively$9(NodeTestTask.java:139)
	at org.junit.platform.engine.support.hierarchical.ThrowableCollector.execute(ThrowableCollector.java:73)
	at org.junit.platform.engine.support.hierarchical.NodeTestTask.executeRecursively(NodeTestTask.java:138)
	at org.junit.platform.engine.support.hierarchical.NodeTestTask.execute(NodeTestTask.java:95)
	at java.util.ArrayList.forEach(ArrayList.java:1255)
	at org.junit.platform.engine.support.hierarchical.SameThreadHierarchicalTestExecutorService.invokeAll(SameThreadHierarchicalTestExecutorService.java:41)
	at org.junit.platform.engine.support.hierarchical.NodeTestTask.lambda$executeRecursively$6(NodeTestTask.java:155)
	at org.junit.platform.engine.support.hierarchical.ThrowableCollector.execute(ThrowableCollector.java:73)
	at org.junit.platform.engine.support.hierarchical.NodeTestTask.lambda$executeRecursively$8(NodeTestTask.java:141)
	at org.junit.platform.engine.support.hierarchical.Node.around(Node.java:137)
	at org.junit.platform.engine.support.hierarchical.NodeTestTask.lambda$executeRecursively$9(NodeTestTask.java:139)
	at org.junit.platform.engine.support.hierarchical.ThrowableCollector.execute(ThrowableCollector.java:73)
	at org.junit.platform.engine.support.hierarchical.NodeTestTask.executeRecursively(NodeTestTask.java:138)
	at org.junit.platform.engine.support.hierarchical.NodeTestTask.execute(NodeTestTask.java:95)
	at java.util.ArrayList.forEach(ArrayList.java:1255)
	at org.junit.platform.engine.support.hierarchical.SameThreadHierarchicalTestExecutorService.invokeAll(SameThreadHierarchicalTestExecutorService.java:41)
	at org.junit.platform.engine.support.hierarchical.NodeTestTask.lambda$executeRecursively$6(NodeTestTask.java:155)
	at org.junit.platform.engine.support.hierarchical.ThrowableCollector.execute(ThrowableCollector.java:73)
	at org.junit.platform.engine.support.hierarchical.NodeTestTask.lambda$executeRecursively$8(NodeTestTask.java:141)
	at org.junit.platform.engine.support.hierarchical.Node.around(Node.java:137)
	at org.junit.platform.engine.support.hierarchical.NodeTestTask.lambda$executeRecursively$9(NodeTestTask.java:139)
	at org.junit.platform.engine.support.hierarchical.ThrowableCollector.execute(ThrowableCollector.java:73)
	at org.junit.platform.engine.support.hierarchical.NodeTestTask.executeRecursively(NodeTestTask.java:138)
	at org.junit.platform.engine.support.hierarchical.NodeTestTask.execute(NodeTestTask.java:95)
	at org.junit.platform.engine.support.hierarchical.SameThreadHierarchicalTestExecutorService.submit(SameThreadHierarchicalTestExecutorService.java:35)
	at org.junit.platform.engine.support.hierarchical.HierarchicalTestExecutor.execute(HierarchicalTestExecutor.java:57)
	at org.junit.platform.engine.support.hierarchical.HierarchicalTestEngine.execute(HierarchicalTestEngine.java:54)
	at org.junit.platform.launcher.core.EngineExecutionOrchestrator.execute(EngineExecutionOrchestrator.java:107)
	at org.junit.platform.launcher.core.EngineExecutionOrchestrator.execute(EngineExecutionOrchestrator.java:88)
	at org.junit.platform.launcher.core.EngineExecutionOrchestrator.lambda$execute$0(EngineExecutionOrchestrator.java:54)
	at org.junit.platform.launcher.core.EngineExecutionOrchestrator.withInterceptedStreams(EngineExecutionOrchestrator.java:67)
	at org.junit.platform.launcher.core.EngineExecutionOrchestrator.execute(EngineExecutionOrchestrator.java:52)
	at org.junit.platform.launcher.core.DefaultLauncher.execute(DefaultLauncher.java:114)
	at org.junit.platform.launcher.core.DefaultLauncher.execute(DefaultLauncher.java:86)
	at org.junit.platform.launcher.core.DefaultLauncherSession$DelegatingLauncher.execute(DefaultLauncherSession.java:86)
	at org.junit.platform.launcher.core.SessionPerRequestLauncher.execute(SessionPerRequestLauncher.java:53)
	at com.intellij.junit5.JUnit5IdeaTestRunner.startRunnerWithArgs(JUnit5IdeaTestRunner.java:57)
	at com.intellij.rt.junit.IdeaTestRunner$Repeater$1.execute(IdeaTestRunner.java:38)
	at com.intellij.rt.execution.junit.TestsRepeater.repeat(TestsRepeater.java:11)
	at com.intellij.rt.junit.IdeaTestRunner$Repeater.startRunnerWithArgs(IdeaTestRunner.java:35)
	at com.intellij.rt.junit.JUnitStarter.prepareStreamsAndStart(JUnitStarter.java:232)
	at com.intellij.rt.junit.JUnitStarter.main(JUnitStarter.java:55)
Caused by: com.mysql.cj.exceptions.CJCommunicationsException: Communications link failure

The last packet successfully received from the server was 26,754 milliseconds ago. The last packet sent successfully to the server was 26,754 milliseconds ago.
	at sun.reflect.NativeConstructorAccessorImpl.newInstance0(Native Method)
	at sun.reflect.NativeConstructorAccessorImpl.newInstance(NativeConstructorAccessorImpl.java:62)
	at sun.reflect.DelegatingConstructorAccessorImpl.newInstance(DelegatingConstructorAccessorImpl.java:45)
	at java.lang.reflect.Constructor.newInstance(Constructor.java:423)
	at com.mysql.cj.exceptions.ExceptionFactory.createException(ExceptionFactory.java:61)
	at com.mysql.cj.exceptions.ExceptionFactory.createException(ExceptionFactory.java:105)
	at com.mysql.cj.exceptions.ExceptionFactory.createException(ExceptionFactory.java:151)
	at com.mysql.cj.exceptions.ExceptionFactory.createCommunicationsException(ExceptionFactory.java:167)
	at com.mysql.cj.protocol.a.NativeProtocol.readMessage(NativeProtocol.java:581)
	at com.mysql.cj.protocol.a.NativeProtocol.checkErrorMessage(NativeProtocol.java:761)
	at com.mysql.cj.protocol.a.NativeProtocol.sendCommand(NativeProtocol.java:700)
	at com.mysql.cj.protocol.a.NativeProtocol.sendQueryPacket(NativeProtocol.java:1051)
	at com.mysql.cj.NativeSession.execSQL(NativeSession.java:665)
	at com.mysql.cj.jdbc.ClientPreparedStatement.executeInternal(ClientPreparedStatement.java:893)
	... 112 common frames omitted
Caused by: java.net.SocketException: Socket closed
	at java.net.SocketInputStream.socketRead0(Native Method)
	at java.net.SocketInputStream.socketRead(SocketInputStream.java:116)
	at java.net.SocketInputStream.read(SocketInputStream.java:171)
	at java.net.SocketInputStream.read(SocketInputStream.java:141)
	at sun.security.ssl.InputRecord.readFully(InputRecord.java:465)
	at sun.security.ssl.InputRecord.read(InputRecord.java:503)
	at sun.security.ssl.SSLSocketImpl.readRecord(SSLSocketImpl.java:983)
	at sun.security.ssl.SSLSocketImpl.readDataRecord(SSLSocketImpl.java:940)
	at sun.security.ssl.AppInputStream.read(AppInputStream.java:105)
	at java.io.FilterInputStream.read(FilterInputStream.java:133)
	at com.mysql.cj.protocol.FullReadInputStream.readFully(FullReadInputStream.java:64)
	at com.mysql.cj.protocol.a.SimplePacketReader.readHeaderLocal(SimplePacketReader.java:81)
	at com.mysql.cj.protocol.a.SimplePacketReader.readHeader(SimplePacketReader.java:63)
	at com.mysql.cj.protocol.a.SimplePacketReader.readHeader(SimplePacketReader.java:45)
	at com.mysql.cj.protocol.a.TimeTrackingPacketReader.readHeader(TimeTrackingPacketReader.java:52)
	at com.mysql.cj.protocol.a.TimeTrackingPacketReader.readHeader(TimeTrackingPacketReader.java:41)
	at com.mysql.cj.protocol.a.MultiPacketReader.readHeader(MultiPacketReader.java:54)
	at com.mysql.cj.protocol.a.MultiPacketReader.readHeader(MultiPacketReader.java:44)
	at com.mysql.cj.protocol.a.NativeProtocol.readMessage(NativeProtocol.java:575)
	... 117 common frames omitted
16:33:30.665 [main] WARN  o.s.jdbc.support.SQLErrorCodesFactory - Error while extracting database name
org.springframework.jdbc.support.MetaDataAccessException: Error while extracting DatabaseMetaData; nested exception is java.sql.SQLException: HikariDataSource HikariDataSource (HikariPool-1) has been closed.
	at org.springframework.jdbc.support.JdbcUtils.extractDatabaseMetaData(JdbcUtils.java:366)
	at org.springframework.jdbc.support.SQLErrorCodesFactory.resolveErrorCodes(SQLErrorCodesFactory.java:235)
	at org.springframework.jdbc.support.SQLErrorCodeSQLExceptionTranslator.lambda$setDataSource$0(SQLErrorCodeSQLExceptionTranslator.java:140)
	at org.springframework.util.function.SingletonSupplier.get(SingletonSupplier.java:97)
	at org.springframework.jdbc.support.SQLErrorCodeSQLExceptionTranslator.setDataSource(SQLErrorCodeSQLExceptionTranslator.java:141)
	at org.springframework.jdbc.support.SQLErrorCodeSQLExceptionTranslator.<init>(SQLErrorCodeSQLExceptionTranslator.java:102)
	at org.mybatis.spring.MyBatisExceptionTranslator.lambda$new$0(MyBatisExceptionTranslator.java:55)
	at org.mybatis.spring.MyBatisExceptionTranslator.initExceptionTranslator(MyBatisExceptionTranslator.java:106)
	at org.mybatis.spring.MyBatisExceptionTranslator.translateExceptionIfPossible(MyBatisExceptionTranslator.java:88)
	at org.mybatis.spring.SqlSessionTemplate$SqlSessionInterceptor.invoke(SqlSessionTemplate.java:441)
	at com.sun.proxy.$Proxy89.update(Unknown Source)
	at org.mybatis.spring.SqlSessionTemplate.update(SqlSessionTemplate.java:288)
	at com.baomidou.mybatisplus.core.override.MybatisMapperMethod.execute(MybatisMapperMethod.java:64)
	at com.baomidou.mybatisplus.core.override.MybatisMapperProxy$PlainMethodInvoker.invoke(MybatisMapperProxy.java:148)
	at com.baomidou.mybatisplus.core.override.MybatisMapperProxy.invoke(MybatisMapperProxy.java:89)
	at com.sun.proxy.$Proxy94.fff(Unknown Source)
	at com.dongbao.test_demo3.Service.impl.EmpInfoServiceImpl.DeleteEmpInfoByEmpNo(EmpInfoServiceImpl.java:51)
	at com.dongbao.test_demo3.Service.impl.EmpInfoServiceImpl.updateEmpInfoByEmpNo(EmpInfoServiceImpl.java:36)
	at com.dongbao.test_demo3.TestMybatisPlus.testUpdateByEmpNo(TestMybatisPlus.java:183)
	at sun.reflect.NativeMethodAccessorImpl.invoke0(Native Method)
	at sun.reflect.NativeMethodAccessorImpl.invoke(NativeMethodAccessorImpl.java:62)
	at sun.reflect.DelegatingMethodAccessorImpl.invoke(DelegatingMethodAccessorImpl.java:43)
	at java.lang.reflect.Method.invoke(Method.java:498)
	at org.junit.platform.commons.util.ReflectionUtils.invokeMethod(ReflectionUtils.java:725)
	at org.junit.jupiter.engine.execution.MethodInvocation.proceed(MethodInvocation.java:60)
	at org.junit.jupiter.engine.execution.InvocationInterceptorChain$ValidatingInvocation.proceed(InvocationInterceptorChain.java:131)
	at org.junit.jupiter.engine.extension.TimeoutExtension.intercept(TimeoutExtension.java:149)
	at org.junit.jupiter.engine.extension.TimeoutExtension.interceptTestableMethod(TimeoutExtension.java:140)
	at org.junit.jupiter.engine.extension.TimeoutExtension.interceptTestMethod(TimeoutExtension.java:84)
	at org.junit.jupiter.engine.execution.ExecutableInvoker$ReflectiveInterceptorCall.lambda$ofVoidMethod$0(ExecutableInvoker.java:115)
	at org.junit.jupiter.engine.execution.ExecutableInvoker.lambda$invoke$0(ExecutableInvoker.java:105)
	at org.junit.jupiter.engine.execution.InvocationInterceptorChain$InterceptedInvocation.proceed(InvocationInterceptorChain.java:106)
	at org.junit.jupiter.engine.execution.InvocationInterceptorChain.proceed(InvocationInterceptorChain.java:64)
	at org.junit.jupiter.engine.execution.InvocationInterceptorChain.chainAndInvoke(InvocationInterceptorChain.java:45)
	at org.junit.jupiter.engine.execution.InvocationInterceptorChain.invoke(InvocationInterceptorChain.java:37)
	at org.junit.jupiter.engine.execution.ExecutableInvoker.invoke(ExecutableInvoker.java:104)
	at org.junit.jupiter.engine.execution.ExecutableInvoker.invoke(ExecutableInvoker.java:98)
	at org.junit.jupiter.engine.descriptor.TestMethodTestDescriptor.lambda$invokeTestMethod$7(TestMethodTestDescriptor.java:214)
	at org.junit.platform.engine.support.hierarchical.ThrowableCollector.execute(ThrowableCollector.java:73)
	at org.junit.jupiter.engine.descriptor.TestMethodTestDescriptor.invokeTestMethod(TestMethodTestDescriptor.java:210)
	at org.junit.jupiter.engine.descriptor.TestMethodTestDescriptor.execute(TestMethodTestDescriptor.java:135)
	at org.junit.jupiter.engine.descriptor.TestMethodTestDescriptor.execute(TestMethodTestDescriptor.java:66)
	at org.junit.platform.engine.support.hierarchical.NodeTestTask.lambda$executeRecursively$6(NodeTestTask.java:151)
	at org.junit.platform.engine.support.hierarchical.ThrowableCollector.execute(ThrowableCollector.java:73)
	at org.junit.platform.engine.support.hierarchical.NodeTestTask.lambda$executeRecursively$8(NodeTestTask.java:141)
	at org.junit.platform.engine.support.hierarchical.Node.around(Node.java:137)
	at org.junit.platform.engine.support.hierarchical.NodeTestTask.lambda$executeRecursively$9(NodeTestTask.java:139)
	at org.junit.platform.engine.support.hierarchical.ThrowableCollector.execute(ThrowableCollector.java:73)
	at org.junit.platform.engine.support.hierarchical.NodeTestTask.executeRecursively(NodeTestTask.java:138)
	at org.junit.platform.engine.support.hierarchical.NodeTestTask.execute(NodeTestTask.java:95)
	at java.util.ArrayList.forEach(ArrayList.java:1255)
	at org.junit.platform.engine.support.hierarchical.SameThreadHierarchicalTestExecutorService.invokeAll(SameThreadHierarchicalTestExecutorService.java:41)
	at org.junit.platform.engine.support.hierarchical.NodeTestTask.lambda$executeRecursively$6(NodeTestTask.java:155)
	at org.junit.platform.engine.support.hierarchical.ThrowableCollector.execute(ThrowableCollector.java:73)
	at org.junit.platform.engine.support.hierarchical.NodeTestTask.lambda$executeRecursively$8(NodeTestTask.java:141)
	at org.junit.platform.engine.support.hierarchical.Node.around(Node.java:137)
	at org.junit.platform.engine.support.hierarchical.NodeTestTask.lambda$executeRecursively$9(NodeTestTask.java:139)
	at org.junit.platform.engine.support.hierarchical.ThrowableCollector.execute(ThrowableCollector.java:73)
	at org.junit.platform.engine.support.hierarchical.NodeTestTask.executeRecursively(NodeTestTask.java:138)
	at org.junit.platform.engine.support.hierarchical.NodeTestTask.execute(NodeTestTask.java:95)
	at java.util.ArrayList.forEach(ArrayList.java:1255)
	at org.junit.platform.engine.support.hierarchical.SameThreadHierarchicalTestExecutorService.invokeAll(SameThreadHierarchicalTestExecutorService.java:41)
	at org.junit.platform.engine.support.hierarchical.NodeTestTask.lambda$executeRecursively$6(NodeTestTask.java:155)
	at org.junit.platform.engine.support.hierarchical.ThrowableCollector.execute(ThrowableCollector.java:73)
	at org.junit.platform.engine.support.hierarchical.NodeTestTask.lambda$executeRecursively$8(NodeTestTask.java:141)
	at org.junit.platform.engine.support.hierarchical.Node.around(Node.java:137)
	at org.junit.platform.engine.support.hierarchical.NodeTestTask.lambda$executeRecursively$9(NodeTestTask.java:139)
	at org.junit.platform.engine.support.hierarchical.ThrowableCollector.execute(ThrowableCollector.java:73)
	at org.junit.platform.engine.support.hierarchical.NodeTestTask.executeRecursively(NodeTestTask.java:138)
	at org.junit.platform.engine.support.hierarchical.NodeTestTask.execute(NodeTestTask.java:95)
	at org.junit.platform.engine.support.hierarchical.SameThreadHierarchicalTestExecutorService.submit(SameThreadHierarchicalTestExecutorService.java:35)
	at org.junit.platform.engine.support.hierarchical.HierarchicalTestExecutor.execute(HierarchicalTestExecutor.java:57)
	at org.junit.platform.engine.support.hierarchical.HierarchicalTestEngine.execute(HierarchicalTestEngine.java:54)
	at org.junit.platform.launcher.core.EngineExecutionOrchestrator.execute(EngineExecutionOrchestrator.java:107)
	at org.junit.platform.launcher.core.EngineExecutionOrchestrator.execute(EngineExecutionOrchestrator.java:88)
	at org.junit.platform.launcher.core.EngineExecutionOrchestrator.lambda$execute$0(EngineExecutionOrchestrator.java:54)
	at org.junit.platform.launcher.core.EngineExecutionOrchestrator.withInterceptedStreams(EngineExecutionOrchestrator.java:67)
	at org.junit.platform.launcher.core.EngineExecutionOrchestrator.execute(EngineExecutionOrchestrator.java:52)
	at org.junit.platform.launcher.core.DefaultLauncher.execute(DefaultLauncher.java:114)
	at org.junit.platform.launcher.core.DefaultLauncher.execute(DefaultLauncher.java:86)
	at org.junit.platform.launcher.core.DefaultLauncherSession$DelegatingLauncher.execute(DefaultLauncherSession.java:86)
	at org.junit.platform.launcher.core.SessionPerRequestLauncher.execute(SessionPerRequestLauncher.java:53)
	at com.intellij.junit5.JUnit5IdeaTestRunner.startRunnerWithArgs(JUnit5IdeaTestRunner.java:57)
	at com.intellij.rt.junit.IdeaTestRunner$Repeater$1.execute(IdeaTestRunner.java:38)
	at com.intellij.rt.execution.junit.TestsRepeater.repeat(TestsRepeater.java:11)
	at com.intellij.rt.junit.IdeaTestRunner$Repeater.startRunnerWithArgs(IdeaTestRunner.java:35)
	at com.intellij.rt.junit.JUnitStarter.prepareStreamsAndStart(JUnitStarter.java:232)
	at com.intellij.rt.junit.JUnitStarter.main(JUnitStarter.java:55)
Caused by: java.sql.SQLException: HikariDataSource HikariDataSource (HikariPool-1) has been closed.
	at com.zaxxer.hikari.HikariDataSource.getConnection(HikariDataSource.java:96)
	at org.springframework.jdbc.support.JdbcUtils.extractDatabaseMetaData(JdbcUtils.java:349)
	... 87 common frames omitted
16:33:30.665 [main] WARN  o.s.jdbc.support.SQLErrorCodesFactory - Error while extracting database name
org.springframework.jdbc.support.MetaDataAccessException: Error while extracting DatabaseMetaData; nested exception is java.sql.SQLException: HikariDataSource HikariDataSource (HikariPool-1) has been closed.
	at org.springframework.jdbc.support.JdbcUtils.extractDatabaseMetaData(JdbcUtils.java:366)
	at org.springframework.jdbc.support.SQLErrorCodesFactory.resolveErrorCodes(SQLErrorCodesFactory.java:235)
	at org.springframework.jdbc.support.SQLErrorCodeSQLExceptionTranslator.lambda$setDataSource$0(SQLErrorCodeSQLExceptionTranslator.java:140)
	at org.springframework.util.function.SingletonSupplier.get(SingletonSupplier.java:97)
	at org.springframework.util.function.SupplierUtils.resolve(SupplierUtils.java:40)
	at org.springframework.jdbc.support.SQLErrorCodeSQLExceptionTranslator.getSqlErrorCodes(SQLErrorCodeSQLExceptionTranslator.java:171)
	at org.springframework.jdbc.support.SQLErrorCodeSQLExceptionTranslator.doTranslate(SQLErrorCodeSQLExceptionTranslator.java:193)
	at org.springframework.jdbc.support.AbstractFallbackSQLExceptionTranslator.translate(AbstractFallbackSQLExceptionTranslator.java:70)
	at org.mybatis.spring.MyBatisExceptionTranslator.translateExceptionIfPossible(MyBatisExceptionTranslator.java:91)
	at org.mybatis.spring.SqlSessionTemplate$SqlSessionInterceptor.invoke(SqlSessionTemplate.java:441)
	at com.sun.proxy.$Proxy89.update(Unknown Source)
	at org.mybatis.spring.SqlSessionTemplate.update(SqlSessionTemplate.java:288)
	at com.baomidou.mybatisplus.core.override.MybatisMapperMethod.execute(MybatisMapperMethod.java:64)
	at com.baomidou.mybatisplus.core.override.MybatisMapperProxy$PlainMethodInvoker.invoke(MybatisMapperProxy.java:148)
	at com.baomidou.mybatisplus.core.override.MybatisMapperProxy.invoke(MybatisMapperProxy.java:89)
	at com.sun.proxy.$Proxy94.fff(Unknown Source)
	at com.dongbao.test_demo3.Service.impl.EmpInfoServiceImpl.DeleteEmpInfoByEmpNo(EmpInfoServiceImpl.java:51)
	at com.dongbao.test_demo3.Service.impl.EmpInfoServiceImpl.updateEmpInfoByEmpNo(EmpInfoServiceImpl.java:36)
	at com.dongbao.test_demo3.TestMybatisPlus.testUpdateByEmpNo(TestMybatisPlus.java:183)
	at sun.reflect.NativeMethodAccessorImpl.invoke0(Native Method)
	at sun.reflect.NativeMethodAccessorImpl.invoke(NativeMethodAccessorImpl.java:62)
	at sun.reflect.DelegatingMethodAccessorImpl.invoke(DelegatingMethodAccessorImpl.java:43)
	at java.lang.reflect.Method.invoke(Method.java:498)
	at org.junit.platform.commons.util.ReflectionUtils.invokeMethod(ReflectionUtils.java:725)
	at org.junit.jupiter.engine.execution.MethodInvocation.proceed(MethodInvocation.java:60)
	at org.junit.jupiter.engine.execution.InvocationInterceptorChain$ValidatingInvocation.proceed(InvocationInterceptorChain.java:131)
	at org.junit.jupiter.engine.extension.TimeoutExtension.intercept(TimeoutExtension.java:149)
	at org.junit.jupiter.engine.extension.TimeoutExtension.interceptTestableMethod(TimeoutExtension.java:140)
	at org.junit.jupiter.engine.extension.TimeoutExtension.interceptTestMethod(TimeoutExtension.java:84)
	at org.junit.jupiter.engine.execution.ExecutableInvoker$ReflectiveInterceptorCall.lambda$ofVoidMethod$0(ExecutableInvoker.java:115)
	at org.junit.jupiter.engine.execution.ExecutableInvoker.lambda$invoke$0(ExecutableInvoker.java:105)
	at org.junit.jupiter.engine.execution.InvocationInterceptorChain$InterceptedInvocation.proceed(InvocationInterceptorChain.java:106)
	at org.junit.jupiter.engine.execution.InvocationInterceptorChain.proceed(InvocationInterceptorChain.java:64)
	at org.junit.jupiter.engine.execution.InvocationInterceptorChain.chainAndInvoke(InvocationInterceptorChain.java:45)
	at org.junit.jupiter.engine.execution.InvocationInterceptorChain.invoke(InvocationInterceptorChain.java:37)
	at org.junit.jupiter.engine.execution.ExecutableInvoker.invoke(ExecutableInvoker.java:104)
	at org.junit.jupiter.engine.execution.ExecutableInvoker.invoke(ExecutableInvoker.java:98)
	at org.junit.jupiter.engine.descriptor.TestMethodTestDescriptor.lambda$invokeTestMethod$7(TestMethodTestDescriptor.java:214)
	at org.junit.platform.engine.support.hierarchical.ThrowableCollector.execute(ThrowableCollector.java:73)
	at org.junit.jupiter.engine.descriptor.TestMethodTestDescriptor.invokeTestMethod(TestMethodTestDescriptor.java:210)
	at org.junit.jupiter.engine.descriptor.TestMethodTestDescriptor.execute(TestMethodTestDescriptor.java:135)
	at org.junit.jupiter.engine.descriptor.TestMethodTestDescriptor.execute(TestMethodTestDescriptor.java:66)
	at org.junit.platform.engine.support.hierarchical.NodeTestTask.lambda$executeRecursively$6(NodeTestTask.java:151)
	at org.junit.platform.engine.support.hierarchical.ThrowableCollector.execute(ThrowableCollector.java:73)
	at org.junit.platform.engine.support.hierarchical.NodeTestTask.lambda$executeRecursively$8(NodeTestTask.java:141)
	at org.junit.platform.engine.support.hierarchical.Node.around(Node.java:137)
	at org.junit.platform.engine.support.hierarchical.NodeTestTask.lambda$executeRecursively$9(NodeTestTask.java:139)
	at org.junit.platform.engine.support.hierarchical.ThrowableCollector.execute(ThrowableCollector.java:73)
	at org.junit.platform.engine.support.hierarchical.NodeTestTask.executeRecursively(NodeTestTask.java:138)
	at org.junit.platform.engine.support.hierarchical.NodeTestTask.execute(NodeTestTask.java:95)
	at java.util.ArrayList.forEach(ArrayList.java:1255)
	at org.junit.platform.engine.support.hierarchical.SameThreadHierarchicalTestExecutorService.invokeAll(SameThreadHierarchicalTestExecutorService.java:41)
	at org.junit.platform.engine.support.hierarchical.NodeTestTask.lambda$executeRecursively$6(NodeTestTask.java:155)
	at org.junit.platform.engine.support.hierarchical.ThrowableCollector.execute(ThrowableCollector.java:73)
	at org.junit.platform.engine.support.hierarchical.NodeTestTask.lambda$executeRecursively$8(NodeTestTask.java:141)
	at org.junit.platform.engine.support.hierarchical.Node.around(Node.java:137)
	at org.junit.platform.engine.support.hierarchical.NodeTestTask.lambda$executeRecursively$9(NodeTestTask.java:139)
	at org.junit.platform.engine.support.hierarchical.ThrowableCollector.execute(ThrowableCollector.java:73)
	at org.junit.platform.engine.support.hierarchical.NodeTestTask.executeRecursively(NodeTestTask.java:138)
	at org.junit.platform.engine.support.hierarchical.NodeTestTask.execute(NodeTestTask.java:95)
	at java.util.ArrayList.forEach(ArrayList.java:1255)
	at org.junit.platform.engine.support.hierarchical.SameThreadHierarchicalTestExecutorService.invokeAll(SameThreadHierarchicalTestExecutorService.java:41)
	at org.junit.platform.engine.support.hierarchical.NodeTestTask.lambda$executeRecursively$6(NodeTestTask.java:155)
	at org.junit.platform.engine.support.hierarchical.ThrowableCollector.execute(ThrowableCollector.java:73)
	at org.junit.platform.engine.support.hierarchical.NodeTestTask.lambda$executeRecursively$8(NodeTestTask.java:141)
	at org.junit.platform.engine.support.hierarchical.Node.around(Node.java:137)
	at org.junit.platform.engine.support.hierarchical.NodeTestTask.lambda$executeRecursively$9(NodeTestTask.java:139)
	at org.junit.platform.engine.support.hierarchical.ThrowableCollector.execute(ThrowableCollector.java:73)
	at org.junit.platform.engine.support.hierarchical.NodeTestTask.executeRecursively(NodeTestTask.java:138)
	at org.junit.platform.engine.support.hierarchical.NodeTestTask.execute(NodeTestTask.java:95)
	at org.junit.platform.engine.support.hierarchical.SameThreadHierarchicalTestExecutorService.submit(SameThreadHierarchicalTestExecutorService.java:35)
	at org.junit.platform.engine.support.hierarchical.HierarchicalTestExecutor.execute(HierarchicalTestExecutor.java:57)
	at org.junit.platform.engine.support.hierarchical.HierarchicalTestEngine.execute(HierarchicalTestEngine.java:54)
	at org.junit.platform.launcher.core.EngineExecutionOrchestrator.execute(EngineExecutionOrchestrator.java:107)
	at org.junit.platform.launcher.core.EngineExecutionOrchestrator.execute(EngineExecutionOrchestrator.java:88)
	at org.junit.platform.launcher.core.EngineExecutionOrchestrator.lambda$execute$0(EngineExecutionOrchestrator.java:54)
	at org.junit.platform.launcher.core.EngineExecutionOrchestrator.withInterceptedStreams(EngineExecutionOrchestrator.java:67)
	at org.junit.platform.launcher.core.EngineExecutionOrchestrator.execute(EngineExecutionOrchestrator.java:52)
	at org.junit.platform.launcher.core.DefaultLauncher.execute(DefaultLauncher.java:114)
	at org.junit.platform.launcher.core.DefaultLauncher.execute(DefaultLauncher.java:86)
	at org.junit.platform.launcher.core.DefaultLauncherSession$DelegatingLauncher.execute(DefaultLauncherSession.java:86)
	at org.junit.platform.launcher.core.SessionPerRequestLauncher.execute(SessionPerRequestLauncher.java:53)
	at com.intellij.junit5.JUnit5IdeaTestRunner.startRunnerWithArgs(JUnit5IdeaTestRunner.java:57)
	at com.intellij.rt.junit.IdeaTestRunner$Repeater$1.execute(IdeaTestRunner.java:38)
	at com.intellij.rt.execution.junit.TestsRepeater.repeat(TestsRepeater.java:11)
	at com.intellij.rt.junit.IdeaTestRunner$Repeater.startRunnerWithArgs(IdeaTestRunner.java:35)
	at com.intellij.rt.junit.JUnitStarter.prepareStreamsAndStart(JUnitStarter.java:232)
	at com.intellij.rt.junit.JUnitStarter.main(JUnitStarter.java:55)
Caused by: java.sql.SQLException: HikariDataSource HikariDataSource (HikariPool-1) has been closed.
	at com.zaxxer.hikari.HikariDataSource.getConnection(HikariDataSource.java:96)
	at org.springframework.jdbc.support.JdbcUtils.extractDatabaseMetaData(JdbcUtils.java:349)
	... 87 common frames omitted
16:33:30.671 [main] WARN  o.s.jdbc.support.SQLErrorCodesFactory - Error while extracting database name
org.springframework.jdbc.support.MetaDataAccessException: Error while extracting DatabaseMetaData; nested exception is java.sql.SQLException: HikariDataSource HikariDataSource (HikariPool-1) has been closed.
	at org.springframework.jdbc.support.JdbcUtils.extractDatabaseMetaData(JdbcUtils.java:366)
	at org.springframework.jdbc.support.SQLErrorCodesFactory.resolveErrorCodes(SQLErrorCodesFactory.java:235)
	at org.springframework.jdbc.support.SQLErrorCodeSQLExceptionTranslator.lambda$setDataSource$0(SQLErrorCodeSQLExceptionTranslator.java:140)
	at org.springframework.util.function.SingletonSupplier.get(SingletonSupplier.java:97)
	at org.springframework.jdbc.support.SQLErrorCodeSQLExceptionTranslator.setDataSource(SQLErrorCodeSQLExceptionTranslator.java:141)
	at org.springframework.jdbc.support.SQLErrorCodeSQLExceptionTranslator.<init>(SQLErrorCodeSQLExceptionTranslator.java:102)
	at org.springframework.jdbc.support.JdbcTransactionManager.getExceptionTranslator(JdbcTransactionManager.java:135)
	at org.springframework.jdbc.support.JdbcTransactionManager.translateException(JdbcTransactionManager.java:184)
	at org.springframework.jdbc.datasource.DataSourceTransactionManager.doRollback(DataSourceTransactionManager.java:351)
	at org.springframework.transaction.support.AbstractPlatformTransactionManager.processRollback(AbstractPlatformTransactionManager.java:835)
	at org.springframework.transaction.support.AbstractPlatformTransactionManager.rollback(AbstractPlatformTransactionManager.java:809)
	at org.springframework.test.context.transaction.TransactionContext.endTransaction(TransactionContext.java:128)
	at org.springframework.test.context.transaction.TransactionalTestExecutionListener.afterTestMethod(TransactionalTestExecutionListener.java:255)
	at org.springframework.test.context.TestContextManager.afterTestMethod(TestContextManager.java:445)
	at org.springframework.test.context.junit.jupiter.SpringExtension.afterEach(SpringExtension.java:206)
	at org.junit.jupiter.engine.descriptor.TestMethodTestDescriptor.lambda$invokeAfterEachCallbacks$12(TestMethodTestDescriptor.java:257)
	at org.junit.jupiter.engine.descriptor.TestMethodTestDescriptor.lambda$invokeAllAfterMethodsOrCallbacks$13(TestMethodTestDescriptor.java:273)
	at org.junit.platform.engine.support.hierarchical.ThrowableCollector.execute(ThrowableCollector.java:73)
	at org.junit.jupiter.engine.descriptor.TestMethodTestDescriptor.lambda$invokeAllAfterMethodsOrCallbacks$14(TestMethodTestDescriptor.java:273)
	at java.util.ArrayList.forEach(ArrayList.java:1255)
	at org.junit.jupiter.engine.descriptor.TestMethodTestDescriptor.invokeAllAfterMethodsOrCallbacks(TestMethodTestDescriptor.java:272)
	at org.junit.jupiter.engine.descriptor.TestMethodTestDescriptor.invokeAfterEachCallbacks(TestMethodTestDescriptor.java:256)
	at org.junit.jupiter.engine.descriptor.TestMethodTestDescriptor.execute(TestMethodTestDescriptor.java:141)
	at org.junit.jupiter.engine.descriptor.TestMethodTestDescriptor.execute(TestMethodTestDescriptor.java:66)
	at org.junit.platform.engine.support.hierarchical.NodeTestTask.lambda$executeRecursively$6(NodeTestTask.java:151)
	at org.junit.platform.engine.support.hierarchical.ThrowableCollector.execute(ThrowableCollector.java:73)
	at org.junit.platform.engine.support.hierarchical.NodeTestTask.lambda$executeRecursively$8(NodeTestTask.java:141)
	at org.junit.platform.engine.support.hierarchical.Node.around(Node.java:137)
	at org.junit.platform.engine.support.hierarchical.NodeTestTask.lambda$executeRecursively$9(NodeTestTask.java:139)
	at org.junit.platform.engine.support.hierarchical.ThrowableCollector.execute(ThrowableCollector.java:73)
	at org.junit.platform.engine.support.hierarchical.NodeTestTask.executeRecursively(NodeTestTask.java:138)
	at org.junit.platform.engine.support.hierarchical.NodeTestTask.execute(NodeTestTask.java:95)
	at java.util.ArrayList.forEach(ArrayList.java:1255)
	at org.junit.platform.engine.support.hierarchical.SameThreadHierarchicalTestExecutorService.invokeAll(SameThreadHierarchicalTestExecutorService.java:41)
	at org.junit.platform.engine.support.hierarchical.NodeTestTask.lambda$executeRecursively$6(NodeTestTask.java:155)
	at org.junit.platform.engine.support.hierarchical.ThrowableCollector.execute(ThrowableCollector.java:73)
	at org.junit.platform.engine.support.hierarchical.NodeTestTask.lambda$executeRecursively$8(NodeTestTask.java:141)
	at org.junit.platform.engine.support.hierarchical.Node.around(Node.java:137)
	at org.junit.platform.engine.support.hierarchical.NodeTestTask.lambda$executeRecursively$9(NodeTestTask.java:139)
	at org.junit.platform.engine.support.hierarchical.ThrowableCollector.execute(ThrowableCollector.java:73)
	at org.junit.platform.engine.support.hierarchical.NodeTestTask.executeRecursively(NodeTestTask.java:138)
	at org.junit.platform.engine.support.hierarchical.NodeTestTask.execute(NodeTestTask.java:95)
	at java.util.ArrayList.forEach(ArrayList.java:1255)
	at org.junit.platform.engine.support.hierarchical.SameThreadHierarchicalTestExecutorService.invokeAll(SameThreadHierarchicalTestExecutorService.java:41)
	at org.junit.platform.engine.support.hierarchical.NodeTestTask.lambda$executeRecursively$6(NodeTestTask.java:155)
	at org.junit.platform.engine.support.hierarchical.ThrowableCollector.execute(ThrowableCollector.java:73)
	at org.junit.platform.engine.support.hierarchical.NodeTestTask.lambda$executeRecursively$8(NodeTestTask.java:141)
	at org.junit.platform.engine.support.hierarchical.Node.around(Node.java:137)
	at org.junit.platform.engine.support.hierarchical.NodeTestTask.lambda$executeRecursively$9(NodeTestTask.java:139)
	at org.junit.platform.engine.support.hierarchical.ThrowableCollector.execute(ThrowableCollector.java:73)
	at org.junit.platform.engine.support.hierarchical.NodeTestTask.executeRecursively(NodeTestTask.java:138)
	at org.junit.platform.engine.support.hierarchical.NodeTestTask.execute(NodeTestTask.java:95)
	at org.junit.platform.engine.support.hierarchical.SameThreadHierarchicalTestExecutorService.submit(SameThreadHierarchicalTestExecutorService.java:35)
	at org.junit.platform.engine.support.hierarchical.HierarchicalTestExecutor.execute(HierarchicalTestExecutor.java:57)
	at org.junit.platform.engine.support.hierarchical.HierarchicalTestEngine.execute(HierarchicalTestEngine.java:54)
	at org.junit.platform.launcher.core.EngineExecutionOrchestrator.execute(EngineExecutionOrchestrator.java:107)
	at org.junit.platform.launcher.core.EngineExecutionOrchestrator.execute(EngineExecutionOrchestrator.java:88)
	at org.junit.platform.launcher.core.EngineExecutionOrchestrator.lambda$execute$0(EngineExecutionOrchestrator.java:54)
	at org.junit.platform.launcher.core.EngineExecutionOrchestrator.withInterceptedStreams(EngineExecutionOrchestrator.java:67)
	at org.junit.platform.launcher.core.EngineExecutionOrchestrator.execute(EngineExecutionOrchestrator.java:52)
	at org.junit.platform.launcher.core.DefaultLauncher.execute(DefaultLauncher.java:114)
	at org.junit.platform.launcher.core.DefaultLauncher.execute(DefaultLauncher.java:86)
	at org.junit.platform.launcher.core.DefaultLauncherSession$DelegatingLauncher.execute(DefaultLauncherSession.java:86)
	at org.junit.platform.launcher.core.SessionPerRequestLauncher.execute(SessionPerRequestLauncher.java:53)
	at com.intellij.junit5.JUnit5IdeaTestRunner.startRunnerWithArgs(JUnit5IdeaTestRunner.java:57)
	at com.intellij.rt.junit.IdeaTestRunner$Repeater$1.execute(IdeaTestRunner.java:38)
	at com.intellij.rt.execution.junit.TestsRepeater.repeat(TestsRepeater.java:11)
	at com.intellij.rt.junit.IdeaTestRunner$Repeater.startRunnerWithArgs(IdeaTestRunner.java:35)
	at com.intellij.rt.junit.JUnitStarter.prepareStreamsAndStart(JUnitStarter.java:232)
	at com.intellij.rt.junit.JUnitStarter.main(JUnitStarter.java:55)
Caused by: java.sql.SQLException: HikariDataSource HikariDataSource (HikariPool-1) has been closed.
	at com.zaxxer.hikari.HikariDataSource.getConnection(HikariDataSource.java:96)
	at org.springframework.jdbc.support.JdbcUtils.extractDatabaseMetaData(JdbcUtils.java:349)
	... 69 common frames omitted
16:33:30.671 [main] WARN  o.s.jdbc.support.SQLErrorCodesFactory - Error while extracting database name
org.springframework.jdbc.support.MetaDataAccessException: Error while extracting DatabaseMetaData; nested exception is java.sql.SQLException: HikariDataSource HikariDataSource (HikariPool-1) has been closed.
	at org.springframework.jdbc.support.JdbcUtils.extractDatabaseMetaData(JdbcUtils.java:366)
	at org.springframework.jdbc.support.SQLErrorCodesFactory.resolveErrorCodes(SQLErrorCodesFactory.java:235)
	at org.springframework.jdbc.support.SQLErrorCodeSQLExceptionTranslator.lambda$setDataSource$0(SQLErrorCodeSQLExceptionTranslator.java:140)
	at org.springframework.util.function.SingletonSupplier.get(SingletonSupplier.java:97)
	at org.springframework.util.function.SupplierUtils.resolve(SupplierUtils.java:40)
	at org.springframework.jdbc.support.SQLErrorCodeSQLExceptionTranslator.getSqlErrorCodes(SQLErrorCodeSQLExceptionTranslator.java:171)
	at org.springframework.jdbc.support.SQLErrorCodeSQLExceptionTranslator.doTranslate(SQLErrorCodeSQLExceptionTranslator.java:193)
	at org.springframework.jdbc.support.AbstractFallbackSQLExceptionTranslator.translate(AbstractFallbackSQLExceptionTranslator.java:70)
	at org.springframework.jdbc.support.JdbcTransactionManager.translateException(JdbcTransactionManager.java:184)
	at org.springframework.jdbc.datasource.DataSourceTransactionManager.doRollback(DataSourceTransactionManager.java:351)
	at org.springframework.transaction.support.AbstractPlatformTransactionManager.processRollback(AbstractPlatformTransactionManager.java:835)
	at org.springframework.transaction.support.AbstractPlatformTransactionManager.rollback(AbstractPlatformTransactionManager.java:809)
	at org.springframework.test.context.transaction.TransactionContext.endTransaction(TransactionContext.java:128)
	at org.springframework.test.context.transaction.TransactionalTestExecutionListener.afterTestMethod(TransactionalTestExecutionListener.java:255)
	at org.springframework.test.context.TestContextManager.afterTestMethod(TestContextManager.java:445)
	at org.springframework.test.context.junit.jupiter.SpringExtension.afterEach(SpringExtension.java:206)
	at org.junit.jupiter.engine.descriptor.TestMethodTestDescriptor.lambda$invokeAfterEachCallbacks$12(TestMethodTestDescriptor.java:257)
	at org.junit.jupiter.engine.descriptor.TestMethodTestDescriptor.lambda$invokeAllAfterMethodsOrCallbacks$13(TestMethodTestDescriptor.java:273)
	at org.junit.platform.engine.support.hierarchical.ThrowableCollector.execute(ThrowableCollector.java:73)
	at org.junit.jupiter.engine.descriptor.TestMethodTestDescriptor.lambda$invokeAllAfterMethodsOrCallbacks$14(TestMethodTestDescriptor.java:273)
	at java.util.ArrayList.forEach(ArrayList.java:1255)
	at org.junit.jupiter.engine.descriptor.TestMethodTestDescriptor.invokeAllAfterMethodsOrCallbacks(TestMethodTestDescriptor.java:272)
	at org.junit.jupiter.engine.descriptor.TestMethodTestDescriptor.invokeAfterEachCallbacks(TestMethodTestDescriptor.java:256)
	at org.junit.jupiter.engine.descriptor.TestMethodTestDescriptor.execute(TestMethodTestDescriptor.java:141)
	at org.junit.jupiter.engine.descriptor.TestMethodTestDescriptor.execute(TestMethodTestDescriptor.java:66)
	at org.junit.platform.engine.support.hierarchical.NodeTestTask.lambda$executeRecursively$6(NodeTestTask.java:151)
	at org.junit.platform.engine.support.hierarchical.ThrowableCollector.execute(ThrowableCollector.java:73)
	at org.junit.platform.engine.support.hierarchical.NodeTestTask.lambda$executeRecursively$8(NodeTestTask.java:141)
	at org.junit.platform.engine.support.hierarchical.Node.around(Node.java:137)
	at org.junit.platform.engine.support.hierarchical.NodeTestTask.lambda$executeRecursively$9(NodeTestTask.java:139)
	at org.junit.platform.engine.support.hierarchical.ThrowableCollector.execute(ThrowableCollector.java:73)
	at org.junit.platform.engine.support.hierarchical.NodeTestTask.executeRecursively(NodeTestTask.java:138)
	at org.junit.platform.engine.support.hierarchical.NodeTestTask.execute(NodeTestTask.java:95)
	at java.util.ArrayList.forEach(ArrayList.java:1255)
	at org.junit.platform.engine.support.hierarchical.SameThreadHierarchicalTestExecutorService.invokeAll(SameThreadHierarchicalTestExecutorService.java:41)
	at org.junit.platform.engine.support.hierarchical.NodeTestTask.lambda$executeRecursively$6(NodeTestTask.java:155)
	at org.junit.platform.engine.support.hierarchical.ThrowableCollector.execute(ThrowableCollector.java:73)
	at org.junit.platform.engine.support.hierarchical.NodeTestTask.lambda$executeRecursively$8(NodeTestTask.java:141)
	at org.junit.platform.engine.support.hierarchical.Node.around(Node.java:137)
	at org.junit.platform.engine.support.hierarchical.NodeTestTask.lambda$executeRecursively$9(NodeTestTask.java:139)
	at org.junit.platform.engine.support.hierarchical.ThrowableCollector.execute(ThrowableCollector.java:73)
	at org.junit.platform.engine.support.hierarchical.NodeTestTask.executeRecursively(NodeTestTask.java:138)
	at org.junit.platform.engine.support.hierarchical.NodeTestTask.execute(NodeTestTask.java:95)
	at java.util.ArrayList.forEach(ArrayList.java:1255)
	at org.junit.platform.engine.support.hierarchical.SameThreadHierarchicalTestExecutorService.invokeAll(SameThreadHierarchicalTestExecutorService.java:41)
	at org.junit.platform.engine.support.hierarchical.NodeTestTask.lambda$executeRecursively$6(NodeTestTask.java:155)
	at org.junit.platform.engine.support.hierarchical.ThrowableCollector.execute(ThrowableCollector.java:73)
	at org.junit.platform.engine.support.hierarchical.NodeTestTask.lambda$executeRecursively$8(NodeTestTask.java:141)
	at org.junit.platform.engine.support.hierarchical.Node.around(Node.java:137)
	at org.junit.platform.engine.support.hierarchical.NodeTestTask.lambda$executeRecursively$9(NodeTestTask.java:139)
	at org.junit.platform.engine.support.hierarchical.ThrowableCollector.execute(ThrowableCollector.java:73)
	at org.junit.platform.engine.support.hierarchical.NodeTestTask.executeRecursively(NodeTestTask.java:138)
	at org.junit.platform.engine.support.hierarchical.NodeTestTask.execute(NodeTestTask.java:95)
	at org.junit.platform.engine.support.hierarchical.SameThreadHierarchicalTestExecutorService.submit(SameThreadHierarchicalTestExecutorService.java:35)
	at org.junit.platform.engine.support.hierarchical.HierarchicalTestExecutor.execute(HierarchicalTestExecutor.java:57)
	at org.junit.platform.engine.support.hierarchical.HierarchicalTestEngine.execute(HierarchicalTestEngine.java:54)
	at org.junit.platform.launcher.core.EngineExecutionOrchestrator.execute(EngineExecutionOrchestrator.java:107)
	at org.junit.platform.launcher.core.EngineExecutionOrchestrator.execute(EngineExecutionOrchestrator.java:88)
	at org.junit.platform.launcher.core.EngineExecutionOrchestrator.lambda$execute$0(EngineExecutionOrchestrator.java:54)
	at org.junit.platform.launcher.core.EngineExecutionOrchestrator.withInterceptedStreams(EngineExecutionOrchestrator.java:67)
	at org.junit.platform.launcher.core.EngineExecutionOrchestrator.execute(EngineExecutionOrchestrator.java:52)
	at org.junit.platform.launcher.core.DefaultLauncher.execute(DefaultLauncher.java:114)
	at org.junit.platform.launcher.core.DefaultLauncher.execute(DefaultLauncher.java:86)
	at org.junit.platform.launcher.core.DefaultLauncherSession$DelegatingLauncher.execute(DefaultLauncherSession.java:86)
	at org.junit.platform.launcher.core.SessionPerRequestLauncher.execute(SessionPerRequestLauncher.java:53)
	at com.intellij.junit5.JUnit5IdeaTestRunner.startRunnerWithArgs(JUnit5IdeaTestRunner.java:57)
	at com.intellij.rt.junit.IdeaTestRunner$Repeater$1.execute(IdeaTestRunner.java:38)
	at com.intellij.rt.execution.junit.TestsRepeater.repeat(TestsRepeater.java:11)
	at com.intellij.rt.junit.IdeaTestRunner$Repeater.startRunnerWithArgs(IdeaTestRunner.java:35)
	at com.intellij.rt.junit.JUnitStarter.prepareStreamsAndStart(JUnitStarter.java:232)
	at com.intellij.rt.junit.JUnitStarter.main(JUnitStarter.java:55)
Caused by: java.sql.SQLException: HikariDataSource HikariDataSource (HikariPool-1) has been closed.
	at com.zaxxer.hikari.HikariDataSource.getConnection(HikariDataSource.java:96)
	at org.springframework.jdbc.support.JdbcUtils.extractDatabaseMetaData(JdbcUtils.java:349)
	... 70 common frames omitted
16:33:30.672 [main] WARN  o.springframework.test.context.TestContextManager - Caught exception while invoking 'afterTestMethod' callback on TestExecutionListener [org.springframework.test.context.transaction.TransactionalTestExecutionListener@65f8f5ae] for test method [public void com.dongbao.test_demo3.TestMybatisPlus.testUpdateByEmpNo()] and test instance [com.dongbao.test_demo3.TestMybatisPlus@12209826]
org.springframework.transaction.TransactionSystemException: JDBC rollback failed; nested exception is java.sql.SQLException: Connection is closed
	at org.springframework.jdbc.datasource.DataSourceTransactionManager.translateException(DataSourceTransactionManager.java:435)
	at org.springframework.jdbc.support.JdbcTransactionManager.translateException(JdbcTransactionManager.java:188)
	at org.springframework.jdbc.datasource.DataSourceTransactionManager.doRollback(DataSourceTransactionManager.java:351)
	at org.springframework.transaction.support.AbstractPlatformTransactionManager.processRollback(AbstractPlatformTransactionManager.java:835)
	at org.springframework.transaction.support.AbstractPlatformTransactionManager.rollback(AbstractPlatformTransactionManager.java:809)
	at org.springframework.test.context.transaction.TransactionContext.endTransaction(TransactionContext.java:128)
	at org.springframework.test.context.transaction.TransactionalTestExecutionListener.afterTestMethod(TransactionalTestExecutionListener.java:255)
	at org.springframework.test.context.TestContextManager.afterTestMethod(TestContextManager.java:445)
	at org.springframework.test.context.junit.jupiter.SpringExtension.afterEach(SpringExtension.java:206)
	at org.junit.jupiter.engine.descriptor.TestMethodTestDescriptor.lambda$invokeAfterEachCallbacks$12(TestMethodTestDescriptor.java:257)
	at org.junit.jupiter.engine.descriptor.TestMethodTestDescriptor.lambda$invokeAllAfterMethodsOrCallbacks$13(TestMethodTestDescriptor.java:273)
	at org.junit.platform.engine.support.hierarchical.ThrowableCollector.execute(ThrowableCollector.java:73)
	at org.junit.jupiter.engine.descriptor.TestMethodTestDescriptor.lambda$invokeAllAfterMethodsOrCallbacks$14(TestMethodTestDescriptor.java:273)
	at java.util.ArrayList.forEach(ArrayList.java:1255)
	at org.junit.jupiter.engine.descriptor.TestMethodTestDescriptor.invokeAllAfterMethodsOrCallbacks(TestMethodTestDescriptor.java:272)
	at org.junit.jupiter.engine.descriptor.TestMethodTestDescriptor.invokeAfterEachCallbacks(TestMethodTestDescriptor.java:256)
	at org.junit.jupiter.engine.descriptor.TestMethodTestDescriptor.execute(TestMethodTestDescriptor.java:141)
	at org.junit.jupiter.engine.descriptor.TestMethodTestDescriptor.execute(TestMethodTestDescriptor.java:66)
	at org.junit.platform.engine.support.hierarchical.NodeTestTask.lambda$executeRecursively$6(NodeTestTask.java:151)
	at org.junit.platform.engine.support.hierarchical.ThrowableCollector.execute(ThrowableCollector.java:73)
	at org.junit.platform.engine.support.hierarchical.NodeTestTask.lambda$executeRecursively$8(NodeTestTask.java:141)
	at org.junit.platform.engine.support.hierarchical.Node.around(Node.java:137)
	at org.junit.platform.engine.support.hierarchical.NodeTestTask.lambda$executeRecursively$9(NodeTestTask.java:139)
	at org.junit.platform.engine.support.hierarchical.ThrowableCollector.execute(ThrowableCollector.java:73)
	at org.junit.platform.engine.support.hierarchical.NodeTestTask.executeRecursively(NodeTestTask.java:138)
	at org.junit.platform.engine.support.hierarchical.NodeTestTask.execute(NodeTestTask.java:95)
	at java.util.ArrayList.forEach(ArrayList.java:1255)
	at org.junit.platform.engine.support.hierarchical.SameThreadHierarchicalTestExecutorService.invokeAll(SameThreadHierarchicalTestExecutorService.java:41)
	at org.junit.platform.engine.support.hierarchical.NodeTestTask.lambda$executeRecursively$6(NodeTestTask.java:155)
	at org.junit.platform.engine.support.hierarchical.ThrowableCollector.execute(ThrowableCollector.java:73)
	at org.junit.platform.engine.support.hierarchical.NodeTestTask.lambda$executeRecursively$8(NodeTestTask.java:141)
	at org.junit.platform.engine.support.hierarchical.Node.around(Node.java:137)
	at org.junit.platform.engine.support.hierarchical.NodeTestTask.lambda$executeRecursively$9(NodeTestTask.java:139)
	at org.junit.platform.engine.support.hierarchical.ThrowableCollector.execute(ThrowableCollector.java:73)
	at org.junit.platform.engine.support.hierarchical.NodeTestTask.executeRecursively(NodeTestTask.java:138)
	at org.junit.platform.engine.support.hierarchical.NodeTestTask.execute(NodeTestTask.java:95)
	at java.util.ArrayList.forEach(ArrayList.java:1255)
	at org.junit.platform.engine.support.hierarchical.SameThreadHierarchicalTestExecutorService.invokeAll(SameThreadHierarchicalTestExecutorService.java:41)
	at org.junit.platform.engine.support.hierarchical.NodeTestTask.lambda$executeRecursively$6(NodeTestTask.java:155)
	at org.junit.platform.engine.support.hierarchical.ThrowableCollector.execute(ThrowableCollector.java:73)
	at org.junit.platform.engine.support.hierarchical.NodeTestTask.lambda$executeRecursively$8(NodeTestTask.java:141)
	at org.junit.platform.engine.support.hierarchical.Node.around(Node.java:137)
	at org.junit.platform.engine.support.hierarchical.NodeTestTask.lambda$executeRecursively$9(NodeTestTask.java:139)
	at org.junit.platform.engine.support.hierarchical.ThrowableCollector.execute(ThrowableCollector.java:73)
	at org.junit.platform.engine.support.hierarchical.NodeTestTask.executeRecursively(NodeTestTask.java:138)
	at org.junit.platform.engine.support.hierarchical.NodeTestTask.execute(NodeTestTask.java:95)
	at org.junit.platform.engine.support.hierarchical.SameThreadHierarchicalTestExecutorService.submit(SameThreadHierarchicalTestExecutorService.java:35)
	at org.junit.platform.engine.support.hierarchical.HierarchicalTestExecutor.execute(HierarchicalTestExecutor.java:57)
	at org.junit.platform.engine.support.hierarchical.HierarchicalTestEngine.execute(HierarchicalTestEngine.java:54)
	at org.junit.platform.launcher.core.EngineExecutionOrchestrator.execute(EngineExecutionOrchestrator.java:107)
	at org.junit.platform.launcher.core.EngineExecutionOrchestrator.execute(EngineExecutionOrchestrator.java:88)
	at org.junit.platform.launcher.core.EngineExecutionOrchestrator.lambda$execute$0(EngineExecutionOrchestrator.java:54)
	at org.junit.platform.launcher.core.EngineExecutionOrchestrator.withInterceptedStreams(EngineExecutionOrchestrator.java:67)
	at org.junit.platform.launcher.core.EngineExecutionOrchestrator.execute(EngineExecutionOrchestrator.java:52)
	at org.junit.platform.launcher.core.DefaultLauncher.execute(DefaultLauncher.java:114)
	at org.junit.platform.launcher.core.DefaultLauncher.execute(DefaultLauncher.java:86)
	at org.junit.platform.launcher.core.DefaultLauncherSession$DelegatingLauncher.execute(DefaultLauncherSession.java:86)
	at org.junit.platform.launcher.core.SessionPerRequestLauncher.execute(SessionPerRequestLauncher.java:53)
	at com.intellij.junit5.JUnit5IdeaTestRunner.startRunnerWithArgs(JUnit5IdeaTestRunner.java:57)
	at com.intellij.rt.junit.IdeaTestRunner$Repeater$1.execute(IdeaTestRunner.java:38)
	at com.intellij.rt.execution.junit.TestsRepeater.repeat(TestsRepeater.java:11)
	at com.intellij.rt.junit.IdeaTestRunner$Repeater.startRunnerWithArgs(IdeaTestRunner.java:35)
	at com.intellij.rt.junit.JUnitStarter.prepareStreamsAndStart(JUnitStarter.java:232)
	at com.intellij.rt.junit.JUnitStarter.main(JUnitStarter.java:55)
Caused by: java.sql.SQLException: Connection is closed
	at com.zaxxer.hikari.pool.ProxyConnection$ClosedConnection.lambda$getClosedConnection$0(ProxyConnection.java:515)
	at com.sun.proxy.$Proxy143.rollback(Unknown Source)
	at com.zaxxer.hikari.pool.ProxyConnection.rollback(ProxyConnection.java:396)
	at com.zaxxer.hikari.pool.HikariProxyConnection.rollback(HikariProxyConnection.java)
	at org.springframework.jdbc.datasource.DataSourceTransactionManager.doRollback(DataSourceTransactionManager.java:348)
	... 61 common frames omitted
16:33:44.622 [main] INFO  com.dongbao.test_demo3.TestMybatisPlus - Starting TestMybatisPlus using Java 1.8.0_151 on IT-013487 with PID 25956 (started by 013487 in E:\javaProject\test_demo3)
16:33:44.623 [main] INFO  com.dongbao.test_demo3.TestMybatisPlus - No active profile set, falling back to 1 default profile: "default"
16:33:45.149 [main] INFO  o.s.d.r.config.RepositoryConfigurationDelegate - Multiple Spring Data modules found, entering strict repository configuration mode
16:33:45.152 [main] INFO  o.s.d.r.config.RepositoryConfigurationDelegate - Bootstrapping Spring Data Redis repositories in DEFAULT mode.
16:33:45.171 [main] INFO  o.s.d.r.config.RepositoryConfigurationDelegate - Finished Spring Data repository scanning in 8 ms. Found 0 Redis repository interfaces.
16:33:45.276 [main] WARN  org.mybatis.spring.mapper.ClassPathMapperScanner - Skipping MapperFactoryBean with name 'attWorkHourDayPlusMapper' and 'com.dongbao.test_demo3.mapper.AttWorkHourDayPlusMapper' mapperInterface. Bean already defined with the same name!
16:33:45.276 [main] WARN  org.mybatis.spring.mapper.ClassPathMapperScanner - Skipping MapperFactoryBean with name 'empInfoMapper' and 'com.dongbao.test_demo3.mapper.EmpInfoMapper' mapperInterface. Bean already defined with the same name!
16:33:45.276 [main] WARN  org.mybatis.spring.mapper.ClassPathMapperScanner - Skipping MapperFactoryBean with name 'empInfoMybatisPlusMapper' and 'com.dongbao.test_demo3.mapper.EmpInfoMybatisPlusMapper' mapperInterface. Bean already defined with the same name!
16:33:45.276 [main] WARN  org.mybatis.spring.mapper.ClassPathMapperScanner - No MyBatis mapper was found in '[com.dongbao.test_demo3.mapper]' package. Please check your configuration.
16:33:46.239 [main] WARN  c.b.mybatisplus.core.injector.DefaultSqlInjector - class com.dongbao.test_demo3.entity.AttWorkHourDay ,Not found @TableId annotation, Cannot use Mybatis-Plus 'xxById' Method.
16:33:46.476 [main] INFO  com.dongbao.test_demo3.config.AsyncConfig - 异步任务执行器已启用
16:33:47.118 [main] INFO  o.s.b.a.web.servlet.WelcomePageHandlerMapping - Adding welcome page: class path resource [static/index.html]
16:33:47.337 [main] WARN  o.s.b.a.t.ThymeleafAutoConfiguration$DefaultTemplateResolverConfiguration - Cannot find template location: classpath:/templates/ (please add some templates, check your Thymeleaf configuration, or set spring.thymeleaf.check-template-location=false)
16:33:47.340 [main] WARN  org.thymeleaf.templatemode.TemplateMode - [THYMELEAF][main] Template Mode 'HTML5' is deprecated. Using Template Mode 'HTML' instead.
16:33:47.722 [main] INFO  com.dongbao.test_demo3.TestMybatisPlus - Started TestMybatisPlus in 3.368 seconds (JVM running for 3.987)
16:33:47.746 [main] INFO  com.zaxxer.hikari.HikariDataSource - HikariPool-1 - Starting...
16:33:48.223 [main] INFO  com.zaxxer.hikari.HikariDataSource - HikariPool-1 - Start completed.
16:33:48.230 [main] INFO  o.s.test.context.transaction.TransactionContext - Began transaction (1) for test context [DefaultTestContext@c05fddc testClass = TestMybatisPlus, testInstance = com.dongbao.test_demo3.TestMybatisPlus@2a2b7a35, testMethod = testUpdateByEmpNo@TestMybatisPlus, testException = [null], mergedContextConfiguration = [WebMergedContextConfiguration@25df00a0 testClass = TestMybatisPlus, locations = '{}', classes = '{class com.dongbao.test_demo3.TestDemo3Application}', contextInitializerClasses = '[]', activeProfiles = '{}', propertySourceLocations = '{}', propertySourceProperties = '{org.springframework.boot.test.context.SpringBootTestContextBootstrapper=true}', contextCustomizers = set[[ImportsContextCustomizer@4d15107f key = [@org.springframework.context.annotation.Import(value=[class com.dongbao.test_demo3.config.MybatisPlusConfig]), @org.springframework.boot.test.context.SpringBootTest(args=[], webEnvironment=MOCK, value=[], properties=[], classes=[]), @org.springframework.test.context.BootstrapWith(value=class org.springframework.boot.test.context.SpringBootTestContextBootstrapper), @org.springframework.transaction.annotation.Transactional(propagation=REQUIRED, rollbackForClassName=[], readOnly=false, transactionManager=, isolation=DEFAULT, timeoutString=, label=[], noRollbackForClassName=[], noRollbackFor=[], value=, timeout=-1, rollbackFor=[]), @org.mybatis.spring.annotation.MapperScan(sqlSessionFactoryRef=, sqlSessionTemplateRef=, lazyInitialization=, annotationClass=interface java.lang.annotation.Annotation, basePackageClasses=[], nameGenerator=interface org.springframework.beans.factory.support.BeanNameGenerator, markerInterface=class java.lang.Class, basePackages=[], value=[com.dongbao.test_demo3.mapper], factoryBean=class org.mybatis.spring.mapper.MapperFactoryBean, defaultScope=), @org.springframework.context.annotation.Import(value=[class org.mybatis.spring.annotation.MapperScannerRegistrar])]], org.springframework.boot.test.context.filter.ExcludeFilterContextCustomizer@4218d6a3, org.springframework.boot.test.json.DuplicateJsonObjectContextCustomizerFactory$DuplicateJsonObjectContextCustomizer@71d44a3, org.springframework.boot.test.mock.mockito.MockitoContextCustomizer@0, org.springframework.boot.test.web.client.TestRestTemplateContextCustomizer@62379589, org.springframework.boot.test.autoconfigure.actuate.metrics.MetricsExportContextCustomizerFactory$DisableMetricExportContextCustomizer@7c7a06ec, org.springframework.boot.test.autoconfigure.properties.PropertyMappingContextCustomizer@0, org.springframework.boot.test.autoconfigure.web.servlet.WebDriverContextCustomizerFactory$Customizer@3b69e7d1, org.springframework.boot.test.context.SpringBootTestArgs@1, org.springframework.boot.test.context.SpringBootTestWebEnvironment@6737fd8f], resourceBasePath = 'src/main/webapp', contextLoader = 'org.springframework.boot.test.context.SpringBootContextLoader', parent = [null]], attributes = map['org.springframework.test.context.web.ServletTestExecutionListener.activateListener' -> true, 'org.springframework.test.context.web.ServletTestExecutionListener.populatedRequestContextHolder' -> true, 'org.springframework.test.context.web.ServletTestExecutionListener.resetRequestContextHolder' -> true, 'org.springframework.test.context.event.ApplicationEventsTestExecutionListener.recordApplicationEvents' -> false]]; transaction manager [org.springframework.jdbc.support.JdbcTransactionManager@58186f9f]; rollback [true]
16:33:48.790 [main] ERROR c.d.test_demo3.CacheService.EmpInfoCacheService - 已删除缓存员工信息，key: empInfo:013487
16:33:48.790 [main] INFO  c.d.test_demo3.Service.impl.EmpInfoServiceImpl - 删除缓存中的员工信息，员工编号: 013487
16:33:55.877 [SpringApplicationShutdownHook] INFO  com.zaxxer.hikari.HikariDataSource - HikariPool-1 - Shutdown initiated...
16:33:55.889 [SpringApplicationShutdownHook] INFO  com.zaxxer.hikari.HikariDataSource - HikariPool-1 - Shutdown completed.
16:33:55.891 [main] WARN  com.zaxxer.hikari.pool.ProxyConnection - HikariPool-1 - Connection com.mysql.cj.jdbc.ConnectionImpl@7a730479 marked as broken because of SQLSTATE(08S01), ErrorCode(0)
com.mysql.cj.jdbc.exceptions.CommunicationsException: Communications link failure

The last packet successfully received from the server was 7,061 milliseconds ago. The last packet sent successfully to the server was 7,061 milliseconds ago.
	at com.mysql.cj.jdbc.exceptions.SQLError.createCommunicationsException(SQLError.java:174)
	at com.mysql.cj.jdbc.exceptions.SQLExceptionsMapping.translateException(SQLExceptionsMapping.java:64)
	at com.mysql.cj.jdbc.ClientPreparedStatement.executeInternal(ClientPreparedStatement.java:916)
	at com.mysql.cj.jdbc.ClientPreparedStatement.execute(ClientPreparedStatement.java:354)
	at com.zaxxer.hikari.pool.ProxyPreparedStatement.execute(ProxyPreparedStatement.java:44)
	at com.zaxxer.hikari.pool.HikariProxyPreparedStatement.execute(HikariProxyPreparedStatement.java)
	at sun.reflect.NativeMethodAccessorImpl.invoke0(Native Method)
	at sun.reflect.NativeMethodAccessorImpl.invoke(NativeMethodAccessorImpl.java:62)
	at sun.reflect.DelegatingMethodAccessorImpl.invoke(DelegatingMethodAccessorImpl.java:43)
	at java.lang.reflect.Method.invoke(Method.java:498)
	at org.apache.ibatis.logging.jdbc.PreparedStatementLogger.invoke(PreparedStatementLogger.java:59)
	at com.sun.proxy.$Proxy144.execute(Unknown Source)
	at org.apache.ibatis.executor.statement.PreparedStatementHandler.update(PreparedStatementHandler.java:47)
	at org.apache.ibatis.executor.statement.RoutingStatementHandler.update(RoutingStatementHandler.java:74)
	at sun.reflect.NativeMethodAccessorImpl.invoke0(Native Method)
	at sun.reflect.NativeMethodAccessorImpl.invoke(NativeMethodAccessorImpl.java:62)
	at sun.reflect.DelegatingMethodAccessorImpl.invoke(DelegatingMethodAccessorImpl.java:43)
	at java.lang.reflect.Method.invoke(Method.java:498)
	at org.apache.ibatis.plugin.Plugin.invoke(Plugin.java:64)
	at com.sun.proxy.$Proxy142.update(Unknown Source)
	at org.apache.ibatis.executor.SimpleExecutor.doUpdate(SimpleExecutor.java:50)
	at org.apache.ibatis.executor.BaseExecutor.update(BaseExecutor.java:117)
	at org.apache.ibatis.executor.CachingExecutor.update(CachingExecutor.java:76)
	at sun.reflect.NativeMethodAccessorImpl.invoke0(Native Method)
	at sun.reflect.NativeMethodAccessorImpl.invoke(NativeMethodAccessorImpl.java:62)
	at sun.reflect.DelegatingMethodAccessorImpl.invoke(DelegatingMethodAccessorImpl.java:43)
	at java.lang.reflect.Method.invoke(Method.java:498)
	at org.apache.ibatis.plugin.Invocation.proceed(Invocation.java:49)
	at com.baomidou.mybatisplus.extension.plugins.MybatisPlusInterceptor.intercept(MybatisPlusInterceptor.java:106)
	at org.apache.ibatis.plugin.Plugin.invoke(Plugin.java:62)
	at com.sun.proxy.$Proxy141.update(Unknown Source)
	at org.apache.ibatis.session.defaults.DefaultSqlSession.update(DefaultSqlSession.java:194)
	at sun.reflect.NativeMethodAccessorImpl.invoke0(Native Method)
	at sun.reflect.NativeMethodAccessorImpl.invoke(NativeMethodAccessorImpl.java:62)
	at sun.reflect.DelegatingMethodAccessorImpl.invoke(DelegatingMethodAccessorImpl.java:43)
	at java.lang.reflect.Method.invoke(Method.java:498)
	at org.mybatis.spring.SqlSessionTemplate$SqlSessionInterceptor.invoke(SqlSessionTemplate.java:427)
	at com.sun.proxy.$Proxy89.update(Unknown Source)
	at org.mybatis.spring.SqlSessionTemplate.update(SqlSessionTemplate.java:288)
	at com.baomidou.mybatisplus.core.override.MybatisMapperMethod.execute(MybatisMapperMethod.java:64)
	at com.baomidou.mybatisplus.core.override.MybatisMapperProxy$PlainMethodInvoker.invoke(MybatisMapperProxy.java:148)
	at com.baomidou.mybatisplus.core.override.MybatisMapperProxy.invoke(MybatisMapperProxy.java:89)
	at com.sun.proxy.$Proxy94.fff(Unknown Source)
	at com.dongbao.test_demo3.Service.impl.EmpInfoServiceImpl.DeleteEmpInfoByEmpNo(EmpInfoServiceImpl.java:51)
	at com.dongbao.test_demo3.Service.impl.EmpInfoServiceImpl.updateEmpInfoByEmpNo(EmpInfoServiceImpl.java:36)
	at com.dongbao.test_demo3.TestMybatisPlus.testUpdateByEmpNo(TestMybatisPlus.java:183)
	at sun.reflect.NativeMethodAccessorImpl.invoke0(Native Method)
	at sun.reflect.NativeMethodAccessorImpl.invoke(NativeMethodAccessorImpl.java:62)
	at sun.reflect.DelegatingMethodAccessorImpl.invoke(DelegatingMethodAccessorImpl.java:43)
	at java.lang.reflect.Method.invoke(Method.java:498)
	at org.junit.platform.commons.util.ReflectionUtils.invokeMethod(ReflectionUtils.java:725)
	at org.junit.jupiter.engine.execution.MethodInvocation.proceed(MethodInvocation.java:60)
	at org.junit.jupiter.engine.execution.InvocationInterceptorChain$ValidatingInvocation.proceed(InvocationInterceptorChain.java:131)
	at org.junit.jupiter.engine.extension.TimeoutExtension.intercept(TimeoutExtension.java:149)
	at org.junit.jupiter.engine.extension.TimeoutExtension.interceptTestableMethod(TimeoutExtension.java:140)
	at org.junit.jupiter.engine.extension.TimeoutExtension.interceptTestMethod(TimeoutExtension.java:84)
	at org.junit.jupiter.engine.execution.ExecutableInvoker$ReflectiveInterceptorCall.lambda$ofVoidMethod$0(ExecutableInvoker.java:115)
	at org.junit.jupiter.engine.execution.ExecutableInvoker.lambda$invoke$0(ExecutableInvoker.java:105)
	at org.junit.jupiter.engine.execution.InvocationInterceptorChain$InterceptedInvocation.proceed(InvocationInterceptorChain.java:106)
	at org.junit.jupiter.engine.execution.InvocationInterceptorChain.proceed(InvocationInterceptorChain.java:64)
	at org.junit.jupiter.engine.execution.InvocationInterceptorChain.chainAndInvoke(InvocationInterceptorChain.java:45)
	at org.junit.jupiter.engine.execution.InvocationInterceptorChain.invoke(InvocationInterceptorChain.java:37)
	at org.junit.jupiter.engine.execution.ExecutableInvoker.invoke(ExecutableInvoker.java:104)
	at org.junit.jupiter.engine.execution.ExecutableInvoker.invoke(ExecutableInvoker.java:98)
	at org.junit.jupiter.engine.descriptor.TestMethodTestDescriptor.lambda$invokeTestMethod$7(TestMethodTestDescriptor.java:214)
	at org.junit.platform.engine.support.hierarchical.ThrowableCollector.execute(ThrowableCollector.java:73)
	at org.junit.jupiter.engine.descriptor.TestMethodTestDescriptor.invokeTestMethod(TestMethodTestDescriptor.java:210)
	at org.junit.jupiter.engine.descriptor.TestMethodTestDescriptor.execute(TestMethodTestDescriptor.java:135)
	at org.junit.jupiter.engine.descriptor.TestMethodTestDescriptor.execute(TestMethodTestDescriptor.java:66)
	at org.junit.platform.engine.support.hierarchical.NodeTestTask.lambda$executeRecursively$6(NodeTestTask.java:151)
	at org.junit.platform.engine.support.hierarchical.ThrowableCollector.execute(ThrowableCollector.java:73)
	at org.junit.platform.engine.support.hierarchical.NodeTestTask.lambda$executeRecursively$8(NodeTestTask.java:141)
	at org.junit.platform.engine.support.hierarchical.Node.around(Node.java:137)
	at org.junit.platform.engine.support.hierarchical.NodeTestTask.lambda$executeRecursively$9(NodeTestTask.java:139)
	at org.junit.platform.engine.support.hierarchical.ThrowableCollector.execute(ThrowableCollector.java:73)
	at org.junit.platform.engine.support.hierarchical.NodeTestTask.executeRecursively(NodeTestTask.java:138)
	at org.junit.platform.engine.support.hierarchical.NodeTestTask.execute(NodeTestTask.java:95)
	at java.util.ArrayList.forEach(ArrayList.java:1255)
	at org.junit.platform.engine.support.hierarchical.SameThreadHierarchicalTestExecutorService.invokeAll(SameThreadHierarchicalTestExecutorService.java:41)
	at org.junit.platform.engine.support.hierarchical.NodeTestTask.lambda$executeRecursively$6(NodeTestTask.java:155)
	at org.junit.platform.engine.support.hierarchical.ThrowableCollector.execute(ThrowableCollector.java:73)
	at org.junit.platform.engine.support.hierarchical.NodeTestTask.lambda$executeRecursively$8(NodeTestTask.java:141)
	at org.junit.platform.engine.support.hierarchical.Node.around(Node.java:137)
	at org.junit.platform.engine.support.hierarchical.NodeTestTask.lambda$executeRecursively$9(NodeTestTask.java:139)
	at org.junit.platform.engine.support.hierarchical.ThrowableCollector.execute(ThrowableCollector.java:73)
	at org.junit.platform.engine.support.hierarchical.NodeTestTask.executeRecursively(NodeTestTask.java:138)
	at org.junit.platform.engine.support.hierarchical.NodeTestTask.execute(NodeTestTask.java:95)
	at java.util.ArrayList.forEach(ArrayList.java:1255)
	at org.junit.platform.engine.support.hierarchical.SameThreadHierarchicalTestExecutorService.invokeAll(SameThreadHierarchicalTestExecutorService.java:41)
	at org.junit.platform.engine.support.hierarchical.NodeTestTask.lambda$executeRecursively$6(NodeTestTask.java:155)
	at org.junit.platform.engine.support.hierarchical.ThrowableCollector.execute(ThrowableCollector.java:73)
	at org.junit.platform.engine.support.hierarchical.NodeTestTask.lambda$executeRecursively$8(NodeTestTask.java:141)
	at org.junit.platform.engine.support.hierarchical.Node.around(Node.java:137)
	at org.junit.platform.engine.support.hierarchical.NodeTestTask.lambda$executeRecursively$9(NodeTestTask.java:139)
	at org.junit.platform.engine.support.hierarchical.ThrowableCollector.execute(ThrowableCollector.java:73)
	at org.junit.platform.engine.support.hierarchical.NodeTestTask.executeRecursively(NodeTestTask.java:138)
	at org.junit.platform.engine.support.hierarchical.NodeTestTask.execute(NodeTestTask.java:95)
	at org.junit.platform.engine.support.hierarchical.SameThreadHierarchicalTestExecutorService.submit(SameThreadHierarchicalTestExecutorService.java:35)
	at org.junit.platform.engine.support.hierarchical.HierarchicalTestExecutor.execute(HierarchicalTestExecutor.java:57)
	at org.junit.platform.engine.support.hierarchical.HierarchicalTestEngine.execute(HierarchicalTestEngine.java:54)
	at org.junit.platform.launcher.core.EngineExecutionOrchestrator.execute(EngineExecutionOrchestrator.java:107)
	at org.junit.platform.launcher.core.EngineExecutionOrchestrator.execute(EngineExecutionOrchestrator.java:88)
	at org.junit.platform.launcher.core.EngineExecutionOrchestrator.lambda$execute$0(EngineExecutionOrchestrator.java:54)
	at org.junit.platform.launcher.core.EngineExecutionOrchestrator.withInterceptedStreams(EngineExecutionOrchestrator.java:67)
	at org.junit.platform.launcher.core.EngineExecutionOrchestrator.execute(EngineExecutionOrchestrator.java:52)
	at org.junit.platform.launcher.core.DefaultLauncher.execute(DefaultLauncher.java:114)
	at org.junit.platform.launcher.core.DefaultLauncher.execute(DefaultLauncher.java:86)
	at org.junit.platform.launcher.core.DefaultLauncherSession$DelegatingLauncher.execute(DefaultLauncherSession.java:86)
	at org.junit.platform.launcher.core.SessionPerRequestLauncher.execute(SessionPerRequestLauncher.java:53)
	at com.intellij.junit5.JUnit5IdeaTestRunner.startRunnerWithArgs(JUnit5IdeaTestRunner.java:57)
	at com.intellij.rt.junit.IdeaTestRunner$Repeater$1.execute(IdeaTestRunner.java:38)
	at com.intellij.rt.execution.junit.TestsRepeater.repeat(TestsRepeater.java:11)
	at com.intellij.rt.junit.IdeaTestRunner$Repeater.startRunnerWithArgs(IdeaTestRunner.java:35)
	at com.intellij.rt.junit.JUnitStarter.prepareStreamsAndStart(JUnitStarter.java:232)
	at com.intellij.rt.junit.JUnitStarter.main(JUnitStarter.java:55)
Caused by: com.mysql.cj.exceptions.CJCommunicationsException: Communications link failure

The last packet successfully received from the server was 7,061 milliseconds ago. The last packet sent successfully to the server was 7,061 milliseconds ago.
	at sun.reflect.NativeConstructorAccessorImpl.newInstance0(Native Method)
	at sun.reflect.NativeConstructorAccessorImpl.newInstance(NativeConstructorAccessorImpl.java:62)
	at sun.reflect.DelegatingConstructorAccessorImpl.newInstance(DelegatingConstructorAccessorImpl.java:45)
	at java.lang.reflect.Constructor.newInstance(Constructor.java:423)
	at com.mysql.cj.exceptions.ExceptionFactory.createException(ExceptionFactory.java:61)
	at com.mysql.cj.exceptions.ExceptionFactory.createException(ExceptionFactory.java:105)
	at com.mysql.cj.exceptions.ExceptionFactory.createException(ExceptionFactory.java:151)
	at com.mysql.cj.exceptions.ExceptionFactory.createCommunicationsException(ExceptionFactory.java:167)
	at com.mysql.cj.protocol.a.NativeProtocol.readMessage(NativeProtocol.java:581)
	at com.mysql.cj.protocol.a.NativeProtocol.checkErrorMessage(NativeProtocol.java:761)
	at com.mysql.cj.protocol.a.NativeProtocol.sendCommand(NativeProtocol.java:700)
	at com.mysql.cj.protocol.a.NativeProtocol.sendQueryPacket(NativeProtocol.java:1051)
	at com.mysql.cj.NativeSession.execSQL(NativeSession.java:665)
	at com.mysql.cj.jdbc.ClientPreparedStatement.executeInternal(ClientPreparedStatement.java:893)
	... 112 common frames omitted
Caused by: java.net.SocketException: Socket closed
	at java.net.SocketInputStream.socketRead0(Native Method)
	at java.net.SocketInputStream.socketRead(SocketInputStream.java:116)
	at java.net.SocketInputStream.read(SocketInputStream.java:171)
	at java.net.SocketInputStream.read(SocketInputStream.java:141)
	at sun.security.ssl.InputRecord.readFully(InputRecord.java:465)
	at sun.security.ssl.InputRecord.read(InputRecord.java:503)
	at sun.security.ssl.SSLSocketImpl.readRecord(SSLSocketImpl.java:983)
	at sun.security.ssl.SSLSocketImpl.readDataRecord(SSLSocketImpl.java:940)
	at sun.security.ssl.AppInputStream.read(AppInputStream.java:105)
	at java.io.FilterInputStream.read(FilterInputStream.java:133)
	at com.mysql.cj.protocol.FullReadInputStream.readFully(FullReadInputStream.java:64)
	at com.mysql.cj.protocol.a.SimplePacketReader.readHeaderLocal(SimplePacketReader.java:81)
	at com.mysql.cj.protocol.a.SimplePacketReader.readHeader(SimplePacketReader.java:63)
	at com.mysql.cj.protocol.a.SimplePacketReader.readHeader(SimplePacketReader.java:45)
	at com.mysql.cj.protocol.a.TimeTrackingPacketReader.readHeader(TimeTrackingPacketReader.java:52)
	at com.mysql.cj.protocol.a.TimeTrackingPacketReader.readHeader(TimeTrackingPacketReader.java:41)
	at com.mysql.cj.protocol.a.MultiPacketReader.readHeader(MultiPacketReader.java:54)
	at com.mysql.cj.protocol.a.MultiPacketReader.readHeader(MultiPacketReader.java:44)
	at com.mysql.cj.protocol.a.NativeProtocol.readMessage(NativeProtocol.java:575)
	... 117 common frames omitted
16:33:55.918 [main] WARN  o.s.jdbc.support.SQLErrorCodesFactory - Error while extracting database name
org.springframework.jdbc.support.MetaDataAccessException: Error while extracting DatabaseMetaData; nested exception is java.sql.SQLException: HikariDataSource HikariDataSource (HikariPool-1) has been closed.
	at org.springframework.jdbc.support.JdbcUtils.extractDatabaseMetaData(JdbcUtils.java:366)
	at org.springframework.jdbc.support.SQLErrorCodesFactory.resolveErrorCodes(SQLErrorCodesFactory.java:235)
	at org.springframework.jdbc.support.SQLErrorCodeSQLExceptionTranslator.lambda$setDataSource$0(SQLErrorCodeSQLExceptionTranslator.java:140)
	at org.springframework.util.function.SingletonSupplier.get(SingletonSupplier.java:97)
	at org.springframework.jdbc.support.SQLErrorCodeSQLExceptionTranslator.setDataSource(SQLErrorCodeSQLExceptionTranslator.java:141)
	at org.springframework.jdbc.support.SQLErrorCodeSQLExceptionTranslator.<init>(SQLErrorCodeSQLExceptionTranslator.java:102)
	at org.mybatis.spring.MyBatisExceptionTranslator.lambda$new$0(MyBatisExceptionTranslator.java:55)
	at org.mybatis.spring.MyBatisExceptionTranslator.initExceptionTranslator(MyBatisExceptionTranslator.java:106)
	at org.mybatis.spring.MyBatisExceptionTranslator.translateExceptionIfPossible(MyBatisExceptionTranslator.java:88)
	at org.mybatis.spring.SqlSessionTemplate$SqlSessionInterceptor.invoke(SqlSessionTemplate.java:441)
	at com.sun.proxy.$Proxy89.update(Unknown Source)
	at org.mybatis.spring.SqlSessionTemplate.update(SqlSessionTemplate.java:288)
	at com.baomidou.mybatisplus.core.override.MybatisMapperMethod.execute(MybatisMapperMethod.java:64)
	at com.baomidou.mybatisplus.core.override.MybatisMapperProxy$PlainMethodInvoker.invoke(MybatisMapperProxy.java:148)
	at com.baomidou.mybatisplus.core.override.MybatisMapperProxy.invoke(MybatisMapperProxy.java:89)
	at com.sun.proxy.$Proxy94.fff(Unknown Source)
	at com.dongbao.test_demo3.Service.impl.EmpInfoServiceImpl.DeleteEmpInfoByEmpNo(EmpInfoServiceImpl.java:51)
	at com.dongbao.test_demo3.Service.impl.EmpInfoServiceImpl.updateEmpInfoByEmpNo(EmpInfoServiceImpl.java:36)
	at com.dongbao.test_demo3.TestMybatisPlus.testUpdateByEmpNo(TestMybatisPlus.java:183)
	at sun.reflect.NativeMethodAccessorImpl.invoke0(Native Method)
	at sun.reflect.NativeMethodAccessorImpl.invoke(NativeMethodAccessorImpl.java:62)
	at sun.reflect.DelegatingMethodAccessorImpl.invoke(DelegatingMethodAccessorImpl.java:43)
	at java.lang.reflect.Method.invoke(Method.java:498)
	at org.junit.platform.commons.util.ReflectionUtils.invokeMethod(ReflectionUtils.java:725)
	at org.junit.jupiter.engine.execution.MethodInvocation.proceed(MethodInvocation.java:60)
	at org.junit.jupiter.engine.execution.InvocationInterceptorChain$ValidatingInvocation.proceed(InvocationInterceptorChain.java:131)
	at org.junit.jupiter.engine.extension.TimeoutExtension.intercept(TimeoutExtension.java:149)
	at org.junit.jupiter.engine.extension.TimeoutExtension.interceptTestableMethod(TimeoutExtension.java:140)
	at org.junit.jupiter.engine.extension.TimeoutExtension.interceptTestMethod(TimeoutExtension.java:84)
	at org.junit.jupiter.engine.execution.ExecutableInvoker$ReflectiveInterceptorCall.lambda$ofVoidMethod$0(ExecutableInvoker.java:115)
	at org.junit.jupiter.engine.execution.ExecutableInvoker.lambda$invoke$0(ExecutableInvoker.java:105)
	at org.junit.jupiter.engine.execution.InvocationInterceptorChain$InterceptedInvocation.proceed(InvocationInterceptorChain.java:106)
	at org.junit.jupiter.engine.execution.InvocationInterceptorChain.proceed(InvocationInterceptorChain.java:64)
	at org.junit.jupiter.engine.execution.InvocationInterceptorChain.chainAndInvoke(InvocationInterceptorChain.java:45)
	at org.junit.jupiter.engine.execution.InvocationInterceptorChain.invoke(InvocationInterceptorChain.java:37)
	at org.junit.jupiter.engine.execution.ExecutableInvoker.invoke(ExecutableInvoker.java:104)
	at org.junit.jupiter.engine.execution.ExecutableInvoker.invoke(ExecutableInvoker.java:98)
	at org.junit.jupiter.engine.descriptor.TestMethodTestDescriptor.lambda$invokeTestMethod$7(TestMethodTestDescriptor.java:214)
	at org.junit.platform.engine.support.hierarchical.ThrowableCollector.execute(ThrowableCollector.java:73)
	at org.junit.jupiter.engine.descriptor.TestMethodTestDescriptor.invokeTestMethod(TestMethodTestDescriptor.java:210)
	at org.junit.jupiter.engine.descriptor.TestMethodTestDescriptor.execute(TestMethodTestDescriptor.java:135)
	at org.junit.jupiter.engine.descriptor.TestMethodTestDescriptor.execute(TestMethodTestDescriptor.java:66)
	at org.junit.platform.engine.support.hierarchical.NodeTestTask.lambda$executeRecursively$6(NodeTestTask.java:151)
	at org.junit.platform.engine.support.hierarchical.ThrowableCollector.execute(ThrowableCollector.java:73)
	at org.junit.platform.engine.support.hierarchical.NodeTestTask.lambda$executeRecursively$8(NodeTestTask.java:141)
	at org.junit.platform.engine.support.hierarchical.Node.around(Node.java:137)
	at org.junit.platform.engine.support.hierarchical.NodeTestTask.lambda$executeRecursively$9(NodeTestTask.java:139)
	at org.junit.platform.engine.support.hierarchical.ThrowableCollector.execute(ThrowableCollector.java:73)
	at org.junit.platform.engine.support.hierarchical.NodeTestTask.executeRecursively(NodeTestTask.java:138)
	at org.junit.platform.engine.support.hierarchical.NodeTestTask.execute(NodeTestTask.java:95)
	at java.util.ArrayList.forEach(ArrayList.java:1255)
	at org.junit.platform.engine.support.hierarchical.SameThreadHierarchicalTestExecutorService.invokeAll(SameThreadHierarchicalTestExecutorService.java:41)
	at org.junit.platform.engine.support.hierarchical.NodeTestTask.lambda$executeRecursively$6(NodeTestTask.java:155)
	at org.junit.platform.engine.support.hierarchical.ThrowableCollector.execute(ThrowableCollector.java:73)
	at org.junit.platform.engine.support.hierarchical.NodeTestTask.lambda$executeRecursively$8(NodeTestTask.java:141)
	at org.junit.platform.engine.support.hierarchical.Node.around(Node.java:137)
	at org.junit.platform.engine.support.hierarchical.NodeTestTask.lambda$executeRecursively$9(NodeTestTask.java:139)
	at org.junit.platform.engine.support.hierarchical.ThrowableCollector.execute(ThrowableCollector.java:73)
	at org.junit.platform.engine.support.hierarchical.NodeTestTask.executeRecursively(NodeTestTask.java:138)
	at org.junit.platform.engine.support.hierarchical.NodeTestTask.execute(NodeTestTask.java:95)
	at java.util.ArrayList.forEach(ArrayList.java:1255)
	at org.junit.platform.engine.support.hierarchical.SameThreadHierarchicalTestExecutorService.invokeAll(SameThreadHierarchicalTestExecutorService.java:41)
	at org.junit.platform.engine.support.hierarchical.NodeTestTask.lambda$executeRecursively$6(NodeTestTask.java:155)
	at org.junit.platform.engine.support.hierarchical.ThrowableCollector.execute(ThrowableCollector.java:73)
	at org.junit.platform.engine.support.hierarchical.NodeTestTask.lambda$executeRecursively$8(NodeTestTask.java:141)
	at org.junit.platform.engine.support.hierarchical.Node.around(Node.java:137)
	at org.junit.platform.engine.support.hierarchical.NodeTestTask.lambda$executeRecursively$9(NodeTestTask.java:139)
	at org.junit.platform.engine.support.hierarchical.ThrowableCollector.execute(ThrowableCollector.java:73)
	at org.junit.platform.engine.support.hierarchical.NodeTestTask.executeRecursively(NodeTestTask.java:138)
	at org.junit.platform.engine.support.hierarchical.NodeTestTask.execute(NodeTestTask.java:95)
	at org.junit.platform.engine.support.hierarchical.SameThreadHierarchicalTestExecutorService.submit(SameThreadHierarchicalTestExecutorService.java:35)
	at org.junit.platform.engine.support.hierarchical.HierarchicalTestExecutor.execute(HierarchicalTestExecutor.java:57)
	at org.junit.platform.engine.support.hierarchical.HierarchicalTestEngine.execute(HierarchicalTestEngine.java:54)
	at org.junit.platform.launcher.core.EngineExecutionOrchestrator.execute(EngineExecutionOrchestrator.java:107)
	at org.junit.platform.launcher.core.EngineExecutionOrchestrator.execute(EngineExecutionOrchestrator.java:88)
	at org.junit.platform.launcher.core.EngineExecutionOrchestrator.lambda$execute$0(EngineExecutionOrchestrator.java:54)
	at org.junit.platform.launcher.core.EngineExecutionOrchestrator.withInterceptedStreams(EngineExecutionOrchestrator.java:67)
	at org.junit.platform.launcher.core.EngineExecutionOrchestrator.execute(EngineExecutionOrchestrator.java:52)
	at org.junit.platform.launcher.core.DefaultLauncher.execute(DefaultLauncher.java:114)
	at org.junit.platform.launcher.core.DefaultLauncher.execute(DefaultLauncher.java:86)
	at org.junit.platform.launcher.core.DefaultLauncherSession$DelegatingLauncher.execute(DefaultLauncherSession.java:86)
	at org.junit.platform.launcher.core.SessionPerRequestLauncher.execute(SessionPerRequestLauncher.java:53)
	at com.intellij.junit5.JUnit5IdeaTestRunner.startRunnerWithArgs(JUnit5IdeaTestRunner.java:57)
	at com.intellij.rt.junit.IdeaTestRunner$Repeater$1.execute(IdeaTestRunner.java:38)
	at com.intellij.rt.execution.junit.TestsRepeater.repeat(TestsRepeater.java:11)
	at com.intellij.rt.junit.IdeaTestRunner$Repeater.startRunnerWithArgs(IdeaTestRunner.java:35)
	at com.intellij.rt.junit.JUnitStarter.prepareStreamsAndStart(JUnitStarter.java:232)
	at com.intellij.rt.junit.JUnitStarter.main(JUnitStarter.java:55)
Caused by: java.sql.SQLException: HikariDataSource HikariDataSource (HikariPool-1) has been closed.
	at com.zaxxer.hikari.HikariDataSource.getConnection(HikariDataSource.java:96)
	at org.springframework.jdbc.support.JdbcUtils.extractDatabaseMetaData(JdbcUtils.java:349)
	... 87 common frames omitted
16:33:55.920 [main] WARN  o.s.jdbc.support.SQLErrorCodesFactory - Error while extracting database name
org.springframework.jdbc.support.MetaDataAccessException: Error while extracting DatabaseMetaData; nested exception is java.sql.SQLException: HikariDataSource HikariDataSource (HikariPool-1) has been closed.
	at org.springframework.jdbc.support.JdbcUtils.extractDatabaseMetaData(JdbcUtils.java:366)
	at org.springframework.jdbc.support.SQLErrorCodesFactory.resolveErrorCodes(SQLErrorCodesFactory.java:235)
	at org.springframework.jdbc.support.SQLErrorCodeSQLExceptionTranslator.lambda$setDataSource$0(SQLErrorCodeSQLExceptionTranslator.java:140)
	at org.springframework.util.function.SingletonSupplier.get(SingletonSupplier.java:97)
	at org.springframework.util.function.SupplierUtils.resolve(SupplierUtils.java:40)
	at org.springframework.jdbc.support.SQLErrorCodeSQLExceptionTranslator.getSqlErrorCodes(SQLErrorCodeSQLExceptionTranslator.java:171)
	at org.springframework.jdbc.support.SQLErrorCodeSQLExceptionTranslator.doTranslate(SQLErrorCodeSQLExceptionTranslator.java:193)
	at org.springframework.jdbc.support.AbstractFallbackSQLExceptionTranslator.translate(AbstractFallbackSQLExceptionTranslator.java:70)
	at org.mybatis.spring.MyBatisExceptionTranslator.translateExceptionIfPossible(MyBatisExceptionTranslator.java:91)
	at org.mybatis.spring.SqlSessionTemplate$SqlSessionInterceptor.invoke(SqlSessionTemplate.java:441)
	at com.sun.proxy.$Proxy89.update(Unknown Source)
	at org.mybatis.spring.SqlSessionTemplate.update(SqlSessionTemplate.java:288)
	at com.baomidou.mybatisplus.core.override.MybatisMapperMethod.execute(MybatisMapperMethod.java:64)
	at com.baomidou.mybatisplus.core.override.MybatisMapperProxy$PlainMethodInvoker.invoke(MybatisMapperProxy.java:148)
	at com.baomidou.mybatisplus.core.override.MybatisMapperProxy.invoke(MybatisMapperProxy.java:89)
	at com.sun.proxy.$Proxy94.fff(Unknown Source)
	at com.dongbao.test_demo3.Service.impl.EmpInfoServiceImpl.DeleteEmpInfoByEmpNo(EmpInfoServiceImpl.java:51)
	at com.dongbao.test_demo3.Service.impl.EmpInfoServiceImpl.updateEmpInfoByEmpNo(EmpInfoServiceImpl.java:36)
	at com.dongbao.test_demo3.TestMybatisPlus.testUpdateByEmpNo(TestMybatisPlus.java:183)
	at sun.reflect.NativeMethodAccessorImpl.invoke0(Native Method)
	at sun.reflect.NativeMethodAccessorImpl.invoke(NativeMethodAccessorImpl.java:62)
	at sun.reflect.DelegatingMethodAccessorImpl.invoke(DelegatingMethodAccessorImpl.java:43)
	at java.lang.reflect.Method.invoke(Method.java:498)
	at org.junit.platform.commons.util.ReflectionUtils.invokeMethod(ReflectionUtils.java:725)
	at org.junit.jupiter.engine.execution.MethodInvocation.proceed(MethodInvocation.java:60)
	at org.junit.jupiter.engine.execution.InvocationInterceptorChain$ValidatingInvocation.proceed(InvocationInterceptorChain.java:131)
	at org.junit.jupiter.engine.extension.TimeoutExtension.intercept(TimeoutExtension.java:149)
	at org.junit.jupiter.engine.extension.TimeoutExtension.interceptTestableMethod(TimeoutExtension.java:140)
	at org.junit.jupiter.engine.extension.TimeoutExtension.interceptTestMethod(TimeoutExtension.java:84)
	at org.junit.jupiter.engine.execution.ExecutableInvoker$ReflectiveInterceptorCall.lambda$ofVoidMethod$0(ExecutableInvoker.java:115)
	at org.junit.jupiter.engine.execution.ExecutableInvoker.lambda$invoke$0(ExecutableInvoker.java:105)
	at org.junit.jupiter.engine.execution.InvocationInterceptorChain$InterceptedInvocation.proceed(InvocationInterceptorChain.java:106)
	at org.junit.jupiter.engine.execution.InvocationInterceptorChain.proceed(InvocationInterceptorChain.java:64)
	at org.junit.jupiter.engine.execution.InvocationInterceptorChain.chainAndInvoke(InvocationInterceptorChain.java:45)
	at org.junit.jupiter.engine.execution.InvocationInterceptorChain.invoke(InvocationInterceptorChain.java:37)
	at org.junit.jupiter.engine.execution.ExecutableInvoker.invoke(ExecutableInvoker.java:104)
	at org.junit.jupiter.engine.execution.ExecutableInvoker.invoke(ExecutableInvoker.java:98)
	at org.junit.jupiter.engine.descriptor.TestMethodTestDescriptor.lambda$invokeTestMethod$7(TestMethodTestDescriptor.java:214)
	at org.junit.platform.engine.support.hierarchical.ThrowableCollector.execute(ThrowableCollector.java:73)
	at org.junit.jupiter.engine.descriptor.TestMethodTestDescriptor.invokeTestMethod(TestMethodTestDescriptor.java:210)
	at org.junit.jupiter.engine.descriptor.TestMethodTestDescriptor.execute(TestMethodTestDescriptor.java:135)
	at org.junit.jupiter.engine.descriptor.TestMethodTestDescriptor.execute(TestMethodTestDescriptor.java:66)
	at org.junit.platform.engine.support.hierarchical.NodeTestTask.lambda$executeRecursively$6(NodeTestTask.java:151)
	at org.junit.platform.engine.support.hierarchical.ThrowableCollector.execute(ThrowableCollector.java:73)
	at org.junit.platform.engine.support.hierarchical.NodeTestTask.lambda$executeRecursively$8(NodeTestTask.java:141)
	at org.junit.platform.engine.support.hierarchical.Node.around(Node.java:137)
	at org.junit.platform.engine.support.hierarchical.NodeTestTask.lambda$executeRecursively$9(NodeTestTask.java:139)
	at org.junit.platform.engine.support.hierarchical.ThrowableCollector.execute(ThrowableCollector.java:73)
	at org.junit.platform.engine.support.hierarchical.NodeTestTask.executeRecursively(NodeTestTask.java:138)
	at org.junit.platform.engine.support.hierarchical.NodeTestTask.execute(NodeTestTask.java:95)
	at java.util.ArrayList.forEach(ArrayList.java:1255)
	at org.junit.platform.engine.support.hierarchical.SameThreadHierarchicalTestExecutorService.invokeAll(SameThreadHierarchicalTestExecutorService.java:41)
	at org.junit.platform.engine.support.hierarchical.NodeTestTask.lambda$executeRecursively$6(NodeTestTask.java:155)
	at org.junit.platform.engine.support.hierarchical.ThrowableCollector.execute(ThrowableCollector.java:73)
	at org.junit.platform.engine.support.hierarchical.NodeTestTask.lambda$executeRecursively$8(NodeTestTask.java:141)
	at org.junit.platform.engine.support.hierarchical.Node.around(Node.java:137)
	at org.junit.platform.engine.support.hierarchical.NodeTestTask.lambda$executeRecursively$9(NodeTestTask.java:139)
	at org.junit.platform.engine.support.hierarchical.ThrowableCollector.execute(ThrowableCollector.java:73)
	at org.junit.platform.engine.support.hierarchical.NodeTestTask.executeRecursively(NodeTestTask.java:138)
	at org.junit.platform.engine.support.hierarchical.NodeTestTask.execute(NodeTestTask.java:95)
	at java.util.ArrayList.forEach(ArrayList.java:1255)
	at org.junit.platform.engine.support.hierarchical.SameThreadHierarchicalTestExecutorService.invokeAll(SameThreadHierarchicalTestExecutorService.java:41)
	at org.junit.platform.engine.support.hierarchical.NodeTestTask.lambda$executeRecursively$6(NodeTestTask.java:155)
	at org.junit.platform.engine.support.hierarchical.ThrowableCollector.execute(ThrowableCollector.java:73)
	at org.junit.platform.engine.support.hierarchical.NodeTestTask.lambda$executeRecursively$8(NodeTestTask.java:141)
	at org.junit.platform.engine.support.hierarchical.Node.around(Node.java:137)
	at org.junit.platform.engine.support.hierarchical.NodeTestTask.lambda$executeRecursively$9(NodeTestTask.java:139)
	at org.junit.platform.engine.support.hierarchical.ThrowableCollector.execute(ThrowableCollector.java:73)
	at org.junit.platform.engine.support.hierarchical.NodeTestTask.executeRecursively(NodeTestTask.java:138)
	at org.junit.platform.engine.support.hierarchical.NodeTestTask.execute(NodeTestTask.java:95)
	at org.junit.platform.engine.support.hierarchical.SameThreadHierarchicalTestExecutorService.submit(SameThreadHierarchicalTestExecutorService.java:35)
	at org.junit.platform.engine.support.hierarchical.HierarchicalTestExecutor.execute(HierarchicalTestExecutor.java:57)
	at org.junit.platform.engine.support.hierarchical.HierarchicalTestEngine.execute(HierarchicalTestEngine.java:54)
	at org.junit.platform.launcher.core.EngineExecutionOrchestrator.execute(EngineExecutionOrchestrator.java:107)
	at org.junit.platform.launcher.core.EngineExecutionOrchestrator.execute(EngineExecutionOrchestrator.java:88)
	at org.junit.platform.launcher.core.EngineExecutionOrchestrator.lambda$execute$0(EngineExecutionOrchestrator.java:54)
	at org.junit.platform.launcher.core.EngineExecutionOrchestrator.withInterceptedStreams(EngineExecutionOrchestrator.java:67)
	at org.junit.platform.launcher.core.EngineExecutionOrchestrator.execute(EngineExecutionOrchestrator.java:52)
	at org.junit.platform.launcher.core.DefaultLauncher.execute(DefaultLauncher.java:114)
	at org.junit.platform.launcher.core.DefaultLauncher.execute(DefaultLauncher.java:86)
	at org.junit.platform.launcher.core.DefaultLauncherSession$DelegatingLauncher.execute(DefaultLauncherSession.java:86)
	at org.junit.platform.launcher.core.SessionPerRequestLauncher.execute(SessionPerRequestLauncher.java:53)
	at com.intellij.junit5.JUnit5IdeaTestRunner.startRunnerWithArgs(JUnit5IdeaTestRunner.java:57)
	at com.intellij.rt.junit.IdeaTestRunner$Repeater$1.execute(IdeaTestRunner.java:38)
	at com.intellij.rt.execution.junit.TestsRepeater.repeat(TestsRepeater.java:11)
	at com.intellij.rt.junit.IdeaTestRunner$Repeater.startRunnerWithArgs(IdeaTestRunner.java:35)
	at com.intellij.rt.junit.JUnitStarter.prepareStreamsAndStart(JUnitStarter.java:232)
	at com.intellij.rt.junit.JUnitStarter.main(JUnitStarter.java:55)
Caused by: java.sql.SQLException: HikariDataSource HikariDataSource (HikariPool-1) has been closed.
	at com.zaxxer.hikari.HikariDataSource.getConnection(HikariDataSource.java:96)
	at org.springframework.jdbc.support.JdbcUtils.extractDatabaseMetaData(JdbcUtils.java:349)
	... 87 common frames omitted
16:33:55.925 [main] WARN  o.s.jdbc.support.SQLErrorCodesFactory - Error while extracting database name
org.springframework.jdbc.support.MetaDataAccessException: Error while extracting DatabaseMetaData; nested exception is java.sql.SQLException: HikariDataSource HikariDataSource (HikariPool-1) has been closed.
	at org.springframework.jdbc.support.JdbcUtils.extractDatabaseMetaData(JdbcUtils.java:366)
	at org.springframework.jdbc.support.SQLErrorCodesFactory.resolveErrorCodes(SQLErrorCodesFactory.java:235)
	at org.springframework.jdbc.support.SQLErrorCodeSQLExceptionTranslator.lambda$setDataSource$0(SQLErrorCodeSQLExceptionTranslator.java:140)
	at org.springframework.util.function.SingletonSupplier.get(SingletonSupplier.java:97)
	at org.springframework.jdbc.support.SQLErrorCodeSQLExceptionTranslator.setDataSource(SQLErrorCodeSQLExceptionTranslator.java:141)
	at org.springframework.jdbc.support.SQLErrorCodeSQLExceptionTranslator.<init>(SQLErrorCodeSQLExceptionTranslator.java:102)
	at org.springframework.jdbc.support.JdbcTransactionManager.getExceptionTranslator(JdbcTransactionManager.java:135)
	at org.springframework.jdbc.support.JdbcTransactionManager.translateException(JdbcTransactionManager.java:184)
	at org.springframework.jdbc.datasource.DataSourceTransactionManager.doRollback(DataSourceTransactionManager.java:351)
	at org.springframework.transaction.support.AbstractPlatformTransactionManager.processRollback(AbstractPlatformTransactionManager.java:835)
	at org.springframework.transaction.support.AbstractPlatformTransactionManager.rollback(AbstractPlatformTransactionManager.java:809)
	at org.springframework.test.context.transaction.TransactionContext.endTransaction(TransactionContext.java:128)
	at org.springframework.test.context.transaction.TransactionalTestExecutionListener.afterTestMethod(TransactionalTestExecutionListener.java:255)
	at org.springframework.test.context.TestContextManager.afterTestMethod(TestContextManager.java:445)
	at org.springframework.test.context.junit.jupiter.SpringExtension.afterEach(SpringExtension.java:206)
	at org.junit.jupiter.engine.descriptor.TestMethodTestDescriptor.lambda$invokeAfterEachCallbacks$12(TestMethodTestDescriptor.java:257)
	at org.junit.jupiter.engine.descriptor.TestMethodTestDescriptor.lambda$invokeAllAfterMethodsOrCallbacks$13(TestMethodTestDescriptor.java:273)
	at org.junit.platform.engine.support.hierarchical.ThrowableCollector.execute(ThrowableCollector.java:73)
	at org.junit.jupiter.engine.descriptor.TestMethodTestDescriptor.lambda$invokeAllAfterMethodsOrCallbacks$14(TestMethodTestDescriptor.java:273)
	at java.util.ArrayList.forEach(ArrayList.java:1255)
	at org.junit.jupiter.engine.descriptor.TestMethodTestDescriptor.invokeAllAfterMethodsOrCallbacks(TestMethodTestDescriptor.java:272)
	at org.junit.jupiter.engine.descriptor.TestMethodTestDescriptor.invokeAfterEachCallbacks(TestMethodTestDescriptor.java:256)
	at org.junit.jupiter.engine.descriptor.TestMethodTestDescriptor.execute(TestMethodTestDescriptor.java:141)
	at org.junit.jupiter.engine.descriptor.TestMethodTestDescriptor.execute(TestMethodTestDescriptor.java:66)
	at org.junit.platform.engine.support.hierarchical.NodeTestTask.lambda$executeRecursively$6(NodeTestTask.java:151)
	at org.junit.platform.engine.support.hierarchical.ThrowableCollector.execute(ThrowableCollector.java:73)
	at org.junit.platform.engine.support.hierarchical.NodeTestTask.lambda$executeRecursively$8(NodeTestTask.java:141)
	at org.junit.platform.engine.support.hierarchical.Node.around(Node.java:137)
	at org.junit.platform.engine.support.hierarchical.NodeTestTask.lambda$executeRecursively$9(NodeTestTask.java:139)
	at org.junit.platform.engine.support.hierarchical.ThrowableCollector.execute(ThrowableCollector.java:73)
	at org.junit.platform.engine.support.hierarchical.NodeTestTask.executeRecursively(NodeTestTask.java:138)
	at org.junit.platform.engine.support.hierarchical.NodeTestTask.execute(NodeTestTask.java:95)
	at java.util.ArrayList.forEach(ArrayList.java:1255)
	at org.junit.platform.engine.support.hierarchical.SameThreadHierarchicalTestExecutorService.invokeAll(SameThreadHierarchicalTestExecutorService.java:41)
	at org.junit.platform.engine.support.hierarchical.NodeTestTask.lambda$executeRecursively$6(NodeTestTask.java:155)
	at org.junit.platform.engine.support.hierarchical.ThrowableCollector.execute(ThrowableCollector.java:73)
	at org.junit.platform.engine.support.hierarchical.NodeTestTask.lambda$executeRecursively$8(NodeTestTask.java:141)
	at org.junit.platform.engine.support.hierarchical.Node.around(Node.java:137)
	at org.junit.platform.engine.support.hierarchical.NodeTestTask.lambda$executeRecursively$9(NodeTestTask.java:139)
	at org.junit.platform.engine.support.hierarchical.ThrowableCollector.execute(ThrowableCollector.java:73)
	at org.junit.platform.engine.support.hierarchical.NodeTestTask.executeRecursively(NodeTestTask.java:138)
	at org.junit.platform.engine.support.hierarchical.NodeTestTask.execute(NodeTestTask.java:95)
	at java.util.ArrayList.forEach(ArrayList.java:1255)
	at org.junit.platform.engine.support.hierarchical.SameThreadHierarchicalTestExecutorService.invokeAll(SameThreadHierarchicalTestExecutorService.java:41)
	at org.junit.platform.engine.support.hierarchical.NodeTestTask.lambda$executeRecursively$6(NodeTestTask.java:155)
	at org.junit.platform.engine.support.hierarchical.ThrowableCollector.execute(ThrowableCollector.java:73)
	at org.junit.platform.engine.support.hierarchical.NodeTestTask.lambda$executeRecursively$8(NodeTestTask.java:141)
	at org.junit.platform.engine.support.hierarchical.Node.around(Node.java:137)
	at org.junit.platform.engine.support.hierarchical.NodeTestTask.lambda$executeRecursively$9(NodeTestTask.java:139)
	at org.junit.platform.engine.support.hierarchical.ThrowableCollector.execute(ThrowableCollector.java:73)
	at org.junit.platform.engine.support.hierarchical.NodeTestTask.executeRecursively(NodeTestTask.java:138)
	at org.junit.platform.engine.support.hierarchical.NodeTestTask.execute(NodeTestTask.java:95)
	at org.junit.platform.engine.support.hierarchical.SameThreadHierarchicalTestExecutorService.submit(SameThreadHierarchicalTestExecutorService.java:35)
	at org.junit.platform.engine.support.hierarchical.HierarchicalTestExecutor.execute(HierarchicalTestExecutor.java:57)
	at org.junit.platform.engine.support.hierarchical.HierarchicalTestEngine.execute(HierarchicalTestEngine.java:54)
	at org.junit.platform.launcher.core.EngineExecutionOrchestrator.execute(EngineExecutionOrchestrator.java:107)
	at org.junit.platform.launcher.core.EngineExecutionOrchestrator.execute(EngineExecutionOrchestrator.java:88)
	at org.junit.platform.launcher.core.EngineExecutionOrchestrator.lambda$execute$0(EngineExecutionOrchestrator.java:54)
	at org.junit.platform.launcher.core.EngineExecutionOrchestrator.withInterceptedStreams(EngineExecutionOrchestrator.java:67)
	at org.junit.platform.launcher.core.EngineExecutionOrchestrator.execute(EngineExecutionOrchestrator.java:52)
	at org.junit.platform.launcher.core.DefaultLauncher.execute(DefaultLauncher.java:114)
	at org.junit.platform.launcher.core.DefaultLauncher.execute(DefaultLauncher.java:86)
	at org.junit.platform.launcher.core.DefaultLauncherSession$DelegatingLauncher.execute(DefaultLauncherSession.java:86)
	at org.junit.platform.launcher.core.SessionPerRequestLauncher.execute(SessionPerRequestLauncher.java:53)
	at com.intellij.junit5.JUnit5IdeaTestRunner.startRunnerWithArgs(JUnit5IdeaTestRunner.java:57)
	at com.intellij.rt.junit.IdeaTestRunner$Repeater$1.execute(IdeaTestRunner.java:38)
	at com.intellij.rt.execution.junit.TestsRepeater.repeat(TestsRepeater.java:11)
	at com.intellij.rt.junit.IdeaTestRunner$Repeater.startRunnerWithArgs(IdeaTestRunner.java:35)
	at com.intellij.rt.junit.JUnitStarter.prepareStreamsAndStart(JUnitStarter.java:232)
	at com.intellij.rt.junit.JUnitStarter.main(JUnitStarter.java:55)
Caused by: java.sql.SQLException: HikariDataSource HikariDataSource (HikariPool-1) has been closed.
	at com.zaxxer.hikari.HikariDataSource.getConnection(HikariDataSource.java:96)
	at org.springframework.jdbc.support.JdbcUtils.extractDatabaseMetaData(JdbcUtils.java:349)
	... 69 common frames omitted
16:33:55.926 [main] WARN  o.s.jdbc.support.SQLErrorCodesFactory - Error while extracting database name
org.springframework.jdbc.support.MetaDataAccessException: Error while extracting DatabaseMetaData; nested exception is java.sql.SQLException: HikariDataSource HikariDataSource (HikariPool-1) has been closed.
	at org.springframework.jdbc.support.JdbcUtils.extractDatabaseMetaData(JdbcUtils.java:366)
	at org.springframework.jdbc.support.SQLErrorCodesFactory.resolveErrorCodes(SQLErrorCodesFactory.java:235)
	at org.springframework.jdbc.support.SQLErrorCodeSQLExceptionTranslator.lambda$setDataSource$0(SQLErrorCodeSQLExceptionTranslator.java:140)
	at org.springframework.util.function.SingletonSupplier.get(SingletonSupplier.java:97)
	at org.springframework.util.function.SupplierUtils.resolve(SupplierUtils.java:40)
	at org.springframework.jdbc.support.SQLErrorCodeSQLExceptionTranslator.getSqlErrorCodes(SQLErrorCodeSQLExceptionTranslator.java:171)
	at org.springframework.jdbc.support.SQLErrorCodeSQLExceptionTranslator.doTranslate(SQLErrorCodeSQLExceptionTranslator.java:193)
	at org.springframework.jdbc.support.AbstractFallbackSQLExceptionTranslator.translate(AbstractFallbackSQLExceptionTranslator.java:70)
	at org.springframework.jdbc.support.JdbcTransactionManager.translateException(JdbcTransactionManager.java:184)
	at org.springframework.jdbc.datasource.DataSourceTransactionManager.doRollback(DataSourceTransactionManager.java:351)
	at org.springframework.transaction.support.AbstractPlatformTransactionManager.processRollback(AbstractPlatformTransactionManager.java:835)
	at org.springframework.transaction.support.AbstractPlatformTransactionManager.rollback(AbstractPlatformTransactionManager.java:809)
	at org.springframework.test.context.transaction.TransactionContext.endTransaction(TransactionContext.java:128)
	at org.springframework.test.context.transaction.TransactionalTestExecutionListener.afterTestMethod(TransactionalTestExecutionListener.java:255)
	at org.springframework.test.context.TestContextManager.afterTestMethod(TestContextManager.java:445)
	at org.springframework.test.context.junit.jupiter.SpringExtension.afterEach(SpringExtension.java:206)
	at org.junit.jupiter.engine.descriptor.TestMethodTestDescriptor.lambda$invokeAfterEachCallbacks$12(TestMethodTestDescriptor.java:257)
	at org.junit.jupiter.engine.descriptor.TestMethodTestDescriptor.lambda$invokeAllAfterMethodsOrCallbacks$13(TestMethodTestDescriptor.java:273)
	at org.junit.platform.engine.support.hierarchical.ThrowableCollector.execute(ThrowableCollector.java:73)
	at org.junit.jupiter.engine.descriptor.TestMethodTestDescriptor.lambda$invokeAllAfterMethodsOrCallbacks$14(TestMethodTestDescriptor.java:273)
	at java.util.ArrayList.forEach(ArrayList.java:1255)
	at org.junit.jupiter.engine.descriptor.TestMethodTestDescriptor.invokeAllAfterMethodsOrCallbacks(TestMethodTestDescriptor.java:272)
	at org.junit.jupiter.engine.descriptor.TestMethodTestDescriptor.invokeAfterEachCallbacks(TestMethodTestDescriptor.java:256)
	at org.junit.jupiter.engine.descriptor.TestMethodTestDescriptor.execute(TestMethodTestDescriptor.java:141)
	at org.junit.jupiter.engine.descriptor.TestMethodTestDescriptor.execute(TestMethodTestDescriptor.java:66)
	at org.junit.platform.engine.support.hierarchical.NodeTestTask.lambda$executeRecursively$6(NodeTestTask.java:151)
	at org.junit.platform.engine.support.hierarchical.ThrowableCollector.execute(ThrowableCollector.java:73)
	at org.junit.platform.engine.support.hierarchical.NodeTestTask.lambda$executeRecursively$8(NodeTestTask.java:141)
	at org.junit.platform.engine.support.hierarchical.Node.around(Node.java:137)
	at org.junit.platform.engine.support.hierarchical.NodeTestTask.lambda$executeRecursively$9(NodeTestTask.java:139)
	at org.junit.platform.engine.support.hierarchical.ThrowableCollector.execute(ThrowableCollector.java:73)
	at org.junit.platform.engine.support.hierarchical.NodeTestTask.executeRecursively(NodeTestTask.java:138)
	at org.junit.platform.engine.support.hierarchical.NodeTestTask.execute(NodeTestTask.java:95)
	at java.util.ArrayList.forEach(ArrayList.java:1255)
	at org.junit.platform.engine.support.hierarchical.SameThreadHierarchicalTestExecutorService.invokeAll(SameThreadHierarchicalTestExecutorService.java:41)
	at org.junit.platform.engine.support.hierarchical.NodeTestTask.lambda$executeRecursively$6(NodeTestTask.java:155)
	at org.junit.platform.engine.support.hierarchical.ThrowableCollector.execute(ThrowableCollector.java:73)
	at org.junit.platform.engine.support.hierarchical.NodeTestTask.lambda$executeRecursively$8(NodeTestTask.java:141)
	at org.junit.platform.engine.support.hierarchical.Node.around(Node.java:137)
	at org.junit.platform.engine.support.hierarchical.NodeTestTask.lambda$executeRecursively$9(NodeTestTask.java:139)
	at org.junit.platform.engine.support.hierarchical.ThrowableCollector.execute(ThrowableCollector.java:73)
	at org.junit.platform.engine.support.hierarchical.NodeTestTask.executeRecursively(NodeTestTask.java:138)
	at org.junit.platform.engine.support.hierarchical.NodeTestTask.execute(NodeTestTask.java:95)
	at java.util.ArrayList.forEach(ArrayList.java:1255)
	at org.junit.platform.engine.support.hierarchical.SameThreadHierarchicalTestExecutorService.invokeAll(SameThreadHierarchicalTestExecutorService.java:41)
	at org.junit.platform.engine.support.hierarchical.NodeTestTask.lambda$executeRecursively$6(NodeTestTask.java:155)
	at org.junit.platform.engine.support.hierarchical.ThrowableCollector.execute(ThrowableCollector.java:73)
	at org.junit.platform.engine.support.hierarchical.NodeTestTask.lambda$executeRecursively$8(NodeTestTask.java:141)
	at org.junit.platform.engine.support.hierarchical.Node.around(Node.java:137)
	at org.junit.platform.engine.support.hierarchical.NodeTestTask.lambda$executeRecursively$9(NodeTestTask.java:139)
	at org.junit.platform.engine.support.hierarchical.ThrowableCollector.execute(ThrowableCollector.java:73)
	at org.junit.platform.engine.support.hierarchical.NodeTestTask.executeRecursively(NodeTestTask.java:138)
	at org.junit.platform.engine.support.hierarchical.NodeTestTask.execute(NodeTestTask.java:95)
	at org.junit.platform.engine.support.hierarchical.SameThreadHierarchicalTestExecutorService.submit(SameThreadHierarchicalTestExecutorService.java:35)
	at org.junit.platform.engine.support.hierarchical.HierarchicalTestExecutor.execute(HierarchicalTestExecutor.java:57)
	at org.junit.platform.engine.support.hierarchical.HierarchicalTestEngine.execute(HierarchicalTestEngine.java:54)
	at org.junit.platform.launcher.core.EngineExecutionOrchestrator.execute(EngineExecutionOrchestrator.java:107)
	at org.junit.platform.launcher.core.EngineExecutionOrchestrator.execute(EngineExecutionOrchestrator.java:88)
	at org.junit.platform.launcher.core.EngineExecutionOrchestrator.lambda$execute$0(EngineExecutionOrchestrator.java:54)
	at org.junit.platform.launcher.core.EngineExecutionOrchestrator.withInterceptedStreams(EngineExecutionOrchestrator.java:67)
	at org.junit.platform.launcher.core.EngineExecutionOrchestrator.execute(EngineExecutionOrchestrator.java:52)
	at org.junit.platform.launcher.core.DefaultLauncher.execute(DefaultLauncher.java:114)
	at org.junit.platform.launcher.core.DefaultLauncher.execute(DefaultLauncher.java:86)
	at org.junit.platform.launcher.core.DefaultLauncherSession$DelegatingLauncher.execute(DefaultLauncherSession.java:86)
	at org.junit.platform.launcher.core.SessionPerRequestLauncher.execute(SessionPerRequestLauncher.java:53)
	at com.intellij.junit5.JUnit5IdeaTestRunner.startRunnerWithArgs(JUnit5IdeaTestRunner.java:57)
	at com.intellij.rt.junit.IdeaTestRunner$Repeater$1.execute(IdeaTestRunner.java:38)
	at com.intellij.rt.execution.junit.TestsRepeater.repeat(TestsRepeater.java:11)
	at com.intellij.rt.junit.IdeaTestRunner$Repeater.startRunnerWithArgs(IdeaTestRunner.java:35)
	at com.intellij.rt.junit.JUnitStarter.prepareStreamsAndStart(JUnitStarter.java:232)
	at com.intellij.rt.junit.JUnitStarter.main(JUnitStarter.java:55)
Caused by: java.sql.SQLException: HikariDataSource HikariDataSource (HikariPool-1) has been closed.
	at com.zaxxer.hikari.HikariDataSource.getConnection(HikariDataSource.java:96)
	at org.springframework.jdbc.support.JdbcUtils.extractDatabaseMetaData(JdbcUtils.java:349)
	... 70 common frames omitted
16:33:55.927 [main] WARN  o.springframework.test.context.TestContextManager - Caught exception while invoking 'afterTestMethod' callback on TestExecutionListener [org.springframework.test.context.transaction.TransactionalTestExecutionListener@65f8f5ae] for test method [public void com.dongbao.test_demo3.TestMybatisPlus.testUpdateByEmpNo()] and test instance [com.dongbao.test_demo3.TestMybatisPlus@2a2b7a35]
org.springframework.transaction.TransactionSystemException: JDBC rollback failed; nested exception is java.sql.SQLException: Connection is closed
	at org.springframework.jdbc.datasource.DataSourceTransactionManager.translateException(DataSourceTransactionManager.java:435)
	at org.springframework.jdbc.support.JdbcTransactionManager.translateException(JdbcTransactionManager.java:188)
	at org.springframework.jdbc.datasource.DataSourceTransactionManager.doRollback(DataSourceTransactionManager.java:351)
	at org.springframework.transaction.support.AbstractPlatformTransactionManager.processRollback(AbstractPlatformTransactionManager.java:835)
	at org.springframework.transaction.support.AbstractPlatformTransactionManager.rollback(AbstractPlatformTransactionManager.java:809)
	at org.springframework.test.context.transaction.TransactionContext.endTransaction(TransactionContext.java:128)
	at org.springframework.test.context.transaction.TransactionalTestExecutionListener.afterTestMethod(TransactionalTestExecutionListener.java:255)
	at org.springframework.test.context.TestContextManager.afterTestMethod(TestContextManager.java:445)
	at org.springframework.test.context.junit.jupiter.SpringExtension.afterEach(SpringExtension.java:206)
	at org.junit.jupiter.engine.descriptor.TestMethodTestDescriptor.lambda$invokeAfterEachCallbacks$12(TestMethodTestDescriptor.java:257)
	at org.junit.jupiter.engine.descriptor.TestMethodTestDescriptor.lambda$invokeAllAfterMethodsOrCallbacks$13(TestMethodTestDescriptor.java:273)
	at org.junit.platform.engine.support.hierarchical.ThrowableCollector.execute(ThrowableCollector.java:73)
	at org.junit.jupiter.engine.descriptor.TestMethodTestDescriptor.lambda$invokeAllAfterMethodsOrCallbacks$14(TestMethodTestDescriptor.java:273)
	at java.util.ArrayList.forEach(ArrayList.java:1255)
	at org.junit.jupiter.engine.descriptor.TestMethodTestDescriptor.invokeAllAfterMethodsOrCallbacks(TestMethodTestDescriptor.java:272)
	at org.junit.jupiter.engine.descriptor.TestMethodTestDescriptor.invokeAfterEachCallbacks(TestMethodTestDescriptor.java:256)
	at org.junit.jupiter.engine.descriptor.TestMethodTestDescriptor.execute(TestMethodTestDescriptor.java:141)
	at org.junit.jupiter.engine.descriptor.TestMethodTestDescriptor.execute(TestMethodTestDescriptor.java:66)
	at org.junit.platform.engine.support.hierarchical.NodeTestTask.lambda$executeRecursively$6(NodeTestTask.java:151)
	at org.junit.platform.engine.support.hierarchical.ThrowableCollector.execute(ThrowableCollector.java:73)
	at org.junit.platform.engine.support.hierarchical.NodeTestTask.lambda$executeRecursively$8(NodeTestTask.java:141)
	at org.junit.platform.engine.support.hierarchical.Node.around(Node.java:137)
	at org.junit.platform.engine.support.hierarchical.NodeTestTask.lambda$executeRecursively$9(NodeTestTask.java:139)
	at org.junit.platform.engine.support.hierarchical.ThrowableCollector.execute(ThrowableCollector.java:73)
	at org.junit.platform.engine.support.hierarchical.NodeTestTask.executeRecursively(NodeTestTask.java:138)
	at org.junit.platform.engine.support.hierarchical.NodeTestTask.execute(NodeTestTask.java:95)
	at java.util.ArrayList.forEach(ArrayList.java:1255)
	at org.junit.platform.engine.support.hierarchical.SameThreadHierarchicalTestExecutorService.invokeAll(SameThreadHierarchicalTestExecutorService.java:41)
	at org.junit.platform.engine.support.hierarchical.NodeTestTask.lambda$executeRecursively$6(NodeTestTask.java:155)
	at org.junit.platform.engine.support.hierarchical.ThrowableCollector.execute(ThrowableCollector.java:73)
	at org.junit.platform.engine.support.hierarchical.NodeTestTask.lambda$executeRecursively$8(NodeTestTask.java:141)
	at org.junit.platform.engine.support.hierarchical.Node.around(Node.java:137)
	at org.junit.platform.engine.support.hierarchical.NodeTestTask.lambda$executeRecursively$9(NodeTestTask.java:139)
	at org.junit.platform.engine.support.hierarchical.ThrowableCollector.execute(ThrowableCollector.java:73)
	at org.junit.platform.engine.support.hierarchical.NodeTestTask.executeRecursively(NodeTestTask.java:138)
	at org.junit.platform.engine.support.hierarchical.NodeTestTask.execute(NodeTestTask.java:95)
	at java.util.ArrayList.forEach(ArrayList.java:1255)
	at org.junit.platform.engine.support.hierarchical.SameThreadHierarchicalTestExecutorService.invokeAll(SameThreadHierarchicalTestExecutorService.java:41)
	at org.junit.platform.engine.support.hierarchical.NodeTestTask.lambda$executeRecursively$6(NodeTestTask.java:155)
	at org.junit.platform.engine.support.hierarchical.ThrowableCollector.execute(ThrowableCollector.java:73)
	at org.junit.platform.engine.support.hierarchical.NodeTestTask.lambda$executeRecursively$8(NodeTestTask.java:141)
	at org.junit.platform.engine.support.hierarchical.Node.around(Node.java:137)
	at org.junit.platform.engine.support.hierarchical.NodeTestTask.lambda$executeRecursively$9(NodeTestTask.java:139)
	at org.junit.platform.engine.support.hierarchical.ThrowableCollector.execute(ThrowableCollector.java:73)
	at org.junit.platform.engine.support.hierarchical.NodeTestTask.executeRecursively(NodeTestTask.java:138)
	at org.junit.platform.engine.support.hierarchical.NodeTestTask.execute(NodeTestTask.java:95)
	at org.junit.platform.engine.support.hierarchical.SameThreadHierarchicalTestExecutorService.submit(SameThreadHierarchicalTestExecutorService.java:35)
	at org.junit.platform.engine.support.hierarchical.HierarchicalTestExecutor.execute(HierarchicalTestExecutor.java:57)
	at org.junit.platform.engine.support.hierarchical.HierarchicalTestEngine.execute(HierarchicalTestEngine.java:54)
	at org.junit.platform.launcher.core.EngineExecutionOrchestrator.execute(EngineExecutionOrchestrator.java:107)
	at org.junit.platform.launcher.core.EngineExecutionOrchestrator.execute(EngineExecutionOrchestrator.java:88)
	at org.junit.platform.launcher.core.EngineExecutionOrchestrator.lambda$execute$0(EngineExecutionOrchestrator.java:54)
	at org.junit.platform.launcher.core.EngineExecutionOrchestrator.withInterceptedStreams(EngineExecutionOrchestrator.java:67)
	at org.junit.platform.launcher.core.EngineExecutionOrchestrator.execute(EngineExecutionOrchestrator.java:52)
	at org.junit.platform.launcher.core.DefaultLauncher.execute(DefaultLauncher.java:114)
	at org.junit.platform.launcher.core.DefaultLauncher.execute(DefaultLauncher.java:86)
	at org.junit.platform.launcher.core.DefaultLauncherSession$DelegatingLauncher.execute(DefaultLauncherSession.java:86)
	at org.junit.platform.launcher.core.SessionPerRequestLauncher.execute(SessionPerRequestLauncher.java:53)
	at com.intellij.junit5.JUnit5IdeaTestRunner.startRunnerWithArgs(JUnit5IdeaTestRunner.java:57)
	at com.intellij.rt.junit.IdeaTestRunner$Repeater$1.execute(IdeaTestRunner.java:38)
	at com.intellij.rt.execution.junit.TestsRepeater.repeat(TestsRepeater.java:11)
	at com.intellij.rt.junit.IdeaTestRunner$Repeater.startRunnerWithArgs(IdeaTestRunner.java:35)
	at com.intellij.rt.junit.JUnitStarter.prepareStreamsAndStart(JUnitStarter.java:232)
	at com.intellij.rt.junit.JUnitStarter.main(JUnitStarter.java:55)
Caused by: java.sql.SQLException: Connection is closed
	at com.zaxxer.hikari.pool.ProxyConnection$ClosedConnection.lambda$getClosedConnection$0(ProxyConnection.java:515)
	at com.sun.proxy.$Proxy143.rollback(Unknown Source)
	at com.zaxxer.hikari.pool.ProxyConnection.rollback(ProxyConnection.java:396)
	at com.zaxxer.hikari.pool.HikariProxyConnection.rollback(HikariProxyConnection.java)
	at org.springframework.jdbc.datasource.DataSourceTransactionManager.doRollback(DataSourceTransactionManager.java:348)
	... 61 common frames omitted
16:35:08.615 [main] INFO  com.dongbao.test_demo3.TestMybatisPlus - Starting TestMybatisPlus using Java 1.8.0_151 on IT-013487 with PID 19268 (started by 013487 in E:\javaProject\test_demo3)
16:35:08.616 [main] INFO  com.dongbao.test_demo3.TestMybatisPlus - No active profile set, falling back to 1 default profile: "default"
16:35:09.138 [main] INFO  o.s.d.r.config.RepositoryConfigurationDelegate - Multiple Spring Data modules found, entering strict repository configuration mode
16:35:09.140 [main] INFO  o.s.d.r.config.RepositoryConfigurationDelegate - Bootstrapping Spring Data Redis repositories in DEFAULT mode.
16:35:09.159 [main] INFO  o.s.d.r.config.RepositoryConfigurationDelegate - Finished Spring Data repository scanning in 8 ms. Found 0 Redis repository interfaces.
16:35:09.258 [main] WARN  org.mybatis.spring.mapper.ClassPathMapperScanner - Skipping MapperFactoryBean with name 'attWorkHourDayPlusMapper' and 'com.dongbao.test_demo3.mapper.AttWorkHourDayPlusMapper' mapperInterface. Bean already defined with the same name!
16:35:09.258 [main] WARN  org.mybatis.spring.mapper.ClassPathMapperScanner - Skipping MapperFactoryBean with name 'empInfoMapper' and 'com.dongbao.test_demo3.mapper.EmpInfoMapper' mapperInterface. Bean already defined with the same name!
16:35:09.258 [main] WARN  org.mybatis.spring.mapper.ClassPathMapperScanner - Skipping MapperFactoryBean with name 'empInfoMybatisPlusMapper' and 'com.dongbao.test_demo3.mapper.EmpInfoMybatisPlusMapper' mapperInterface. Bean already defined with the same name!
16:35:09.259 [main] WARN  org.mybatis.spring.mapper.ClassPathMapperScanner - No MyBatis mapper was found in '[com.dongbao.test_demo3.mapper]' package. Please check your configuration.
16:35:10.204 [main] WARN  c.b.mybatisplus.core.injector.DefaultSqlInjector - class com.dongbao.test_demo3.entity.AttWorkHourDay ,Not found @TableId annotation, Cannot use Mybatis-Plus 'xxById' Method.
16:35:10.420 [main] INFO  com.dongbao.test_demo3.config.AsyncConfig - 异步任务执行器已启用
16:35:11.006 [main] INFO  o.s.b.a.web.servlet.WelcomePageHandlerMapping - Adding welcome page: class path resource [static/index.html]
16:35:11.177 [main] WARN  o.s.b.a.t.ThymeleafAutoConfiguration$DefaultTemplateResolverConfiguration - Cannot find template location: classpath:/templates/ (please add some templates, check your Thymeleaf configuration, or set spring.thymeleaf.check-template-location=false)
16:35:11.180 [main] WARN  org.thymeleaf.templatemode.TemplateMode - [THYMELEAF][main] Template Mode 'HTML5' is deprecated. Using Template Mode 'HTML' instead.
16:35:11.526 [main] INFO  com.dongbao.test_demo3.TestMybatisPlus - Started TestMybatisPlus in 3.189 seconds (JVM running for 3.836)
16:35:11.555 [main] INFO  com.zaxxer.hikari.HikariDataSource - HikariPool-1 - Starting...
16:35:12.078 [main] INFO  com.zaxxer.hikari.HikariDataSource - HikariPool-1 - Start completed.
16:35:12.093 [main] INFO  o.s.test.context.transaction.TransactionContext - Began transaction (1) for test context [DefaultTestContext@c05fddc testClass = TestMybatisPlus, testInstance = com.dongbao.test_demo3.TestMybatisPlus@12209826, testMethod = testUpdateByEmpNo@TestMybatisPlus, testException = [null], mergedContextConfiguration = [WebMergedContextConfiguration@25df00a0 testClass = TestMybatisPlus, locations = '{}', classes = '{class com.dongbao.test_demo3.TestDemo3Application}', contextInitializerClasses = '[]', activeProfiles = '{}', propertySourceLocations = '{}', propertySourceProperties = '{org.springframework.boot.test.context.SpringBootTestContextBootstrapper=true}', contextCustomizers = set[[ImportsContextCustomizer@4d15107f key = [@org.springframework.context.annotation.Import(value=[class com.dongbao.test_demo3.config.MybatisPlusConfig]), @org.springframework.boot.test.context.SpringBootTest(args=[], webEnvironment=MOCK, value=[], properties=[], classes=[]), @org.springframework.test.context.BootstrapWith(value=class org.springframework.boot.test.context.SpringBootTestContextBootstrapper), @org.springframework.transaction.annotation.Transactional(propagation=REQUIRED, rollbackForClassName=[], readOnly=false, transactionManager=, timeoutString=, isolation=DEFAULT, label=[], noRollbackForClassName=[], noRollbackFor=[], value=, timeout=-1, rollbackFor=[]), @org.mybatis.spring.annotation.MapperScan(sqlSessionFactoryRef=, sqlSessionTemplateRef=, lazyInitialization=, annotationClass=interface java.lang.annotation.Annotation, basePackageClasses=[], markerInterface=class java.lang.Class, nameGenerator=interface org.springframework.beans.factory.support.BeanNameGenerator, basePackages=[], value=[com.dongbao.test_demo3.mapper], factoryBean=class org.mybatis.spring.mapper.MapperFactoryBean, defaultScope=), @org.springframework.context.annotation.Import(value=[class org.mybatis.spring.annotation.MapperScannerRegistrar])]], org.springframework.boot.test.context.filter.ExcludeFilterContextCustomizer@4218d6a3, org.springframework.boot.test.json.DuplicateJsonObjectContextCustomizerFactory$DuplicateJsonObjectContextCustomizer@71d44a3, org.springframework.boot.test.mock.mockito.MockitoContextCustomizer@0, org.springframework.boot.test.web.client.TestRestTemplateContextCustomizer@62379589, org.springframework.boot.test.autoconfigure.actuate.metrics.MetricsExportContextCustomizerFactory$DisableMetricExportContextCustomizer@7c7a06ec, org.springframework.boot.test.autoconfigure.properties.PropertyMappingContextCustomizer@0, org.springframework.boot.test.autoconfigure.web.servlet.WebDriverContextCustomizerFactory$Customizer@3b69e7d1, org.springframework.boot.test.context.SpringBootTestArgs@1, org.springframework.boot.test.context.SpringBootTestWebEnvironment@6737fd8f], resourceBasePath = 'src/main/webapp', contextLoader = 'org.springframework.boot.test.context.SpringBootContextLoader', parent = [null]], attributes = map['org.springframework.test.context.web.ServletTestExecutionListener.activateListener' -> true, 'org.springframework.test.context.web.ServletTestExecutionListener.populatedRequestContextHolder' -> true, 'org.springframework.test.context.web.ServletTestExecutionListener.resetRequestContextHolder' -> true, 'org.springframework.test.context.event.ApplicationEventsTestExecutionListener.recordApplicationEvents' -> false]]; transaction manager [org.springframework.jdbc.support.JdbcTransactionManager@6cd45b6c]; rollback [true]
16:35:12.683 [main] ERROR c.d.test_demo3.CacheService.EmpInfoCacheService - 已删除缓存员工信息，key: empInfo:013487
16:35:12.683 [main] INFO  c.d.test_demo3.Service.impl.EmpInfoServiceImpl - 删除缓存中的员工信息，员工编号: 013487
16:35:12.721 [main] INFO  c.d.test_demo3.Service.impl.EmpInfoServiceImpl - 删除员工记录数: 1
16:35:12.721 [main] INFO  c.d.test_demo3.Service.impl.EmpInfoServiceImpl - 数据库删除员工信息，员工编号: 1
16:35:12.735 [main] INFO  o.s.test.context.transaction.TransactionContext - Rolled back transaction for test: [DefaultTestContext@c05fddc testClass = TestMybatisPlus, testInstance = com.dongbao.test_demo3.TestMybatisPlus@12209826, testMethod = testUpdateByEmpNo@TestMybatisPlus, testException = [null], mergedContextConfiguration = [WebMergedContextConfiguration@25df00a0 testClass = TestMybatisPlus, locations = '{}', classes = '{class com.dongbao.test_demo3.TestDemo3Application}', contextInitializerClasses = '[]', activeProfiles = '{}', propertySourceLocations = '{}', propertySourceProperties = '{org.springframework.boot.test.context.SpringBootTestContextBootstrapper=true}', contextCustomizers = set[[ImportsContextCustomizer@4d15107f key = [@org.springframework.context.annotation.Import(value=[class com.dongbao.test_demo3.config.MybatisPlusConfig]), @org.springframework.boot.test.context.SpringBootTest(args=[], webEnvironment=MOCK, value=[], properties=[], classes=[]), @org.springframework.test.context.BootstrapWith(value=class org.springframework.boot.test.context.SpringBootTestContextBootstrapper), @org.springframework.transaction.annotation.Transactional(propagation=REQUIRED, rollbackForClassName=[], readOnly=false, transactionManager=, timeoutString=, isolation=DEFAULT, label=[], noRollbackForClassName=[], noRollbackFor=[], value=, timeout=-1, rollbackFor=[]), @org.mybatis.spring.annotation.MapperScan(sqlSessionFactoryRef=, sqlSessionTemplateRef=, lazyInitialization=, annotationClass=interface java.lang.annotation.Annotation, basePackageClasses=[], markerInterface=class java.lang.Class, nameGenerator=interface org.springframework.beans.factory.support.BeanNameGenerator, basePackages=[], value=[com.dongbao.test_demo3.mapper], factoryBean=class org.mybatis.spring.mapper.MapperFactoryBean, defaultScope=), @org.springframework.context.annotation.Import(value=[class org.mybatis.spring.annotation.MapperScannerRegistrar])]], org.springframework.boot.test.context.filter.ExcludeFilterContextCustomizer@4218d6a3, org.springframework.boot.test.json.DuplicateJsonObjectContextCustomizerFactory$DuplicateJsonObjectContextCustomizer@71d44a3, org.springframework.boot.test.mock.mockito.MockitoContextCustomizer@0, org.springframework.boot.test.web.client.TestRestTemplateContextCustomizer@62379589, org.springframework.boot.test.autoconfigure.actuate.metrics.MetricsExportContextCustomizerFactory$DisableMetricExportContextCustomizer@7c7a06ec, org.springframework.boot.test.autoconfigure.properties.PropertyMappingContextCustomizer@0, org.springframework.boot.test.autoconfigure.web.servlet.WebDriverContextCustomizerFactory$Customizer@3b69e7d1, org.springframework.boot.test.context.SpringBootTestArgs@1, org.springframework.boot.test.context.SpringBootTestWebEnvironment@6737fd8f], resourceBasePath = 'src/main/webapp', contextLoader = 'org.springframework.boot.test.context.SpringBootContextLoader', parent = [null]], attributes = map['org.springframework.test.context.web.ServletTestExecutionListener.activateListener' -> true, 'org.springframework.test.context.web.ServletTestExecutionListener.populatedRequestContextHolder' -> true, 'org.springframework.test.context.web.ServletTestExecutionListener.resetRequestContextHolder' -> true, 'org.springframework.test.context.event.ApplicationEventsTestExecutionListener.recordApplicationEvents' -> false]]
16:35:12.743 [SpringApplicationShutdownHook] INFO  com.zaxxer.hikari.HikariDataSource - HikariPool-1 - Shutdown initiated...
16:35:12.750 [SpringApplicationShutdownHook] INFO  com.zaxxer.hikari.HikariDataSource - HikariPool-1 - Shutdown completed.
16:35:47.867 [main] INFO  com.dongbao.test_demo3.TestMybatisPlus - Starting TestMybatisPlus using Java 1.8.0_151 on IT-013487 with PID 13416 (started by 013487 in E:\javaProject\test_demo3)
16:35:47.868 [main] INFO  com.dongbao.test_demo3.TestMybatisPlus - No active profile set, falling back to 1 default profile: "default"
16:35:48.388 [main] INFO  o.s.d.r.config.RepositoryConfigurationDelegate - Multiple Spring Data modules found, entering strict repository configuration mode
16:35:48.390 [main] INFO  o.s.d.r.config.RepositoryConfigurationDelegate - Bootstrapping Spring Data Redis repositories in DEFAULT mode.
16:35:48.412 [main] INFO  o.s.d.r.config.RepositoryConfigurationDelegate - Finished Spring Data repository scanning in 10 ms. Found 0 Redis repository interfaces.
16:35:48.501 [main] WARN  org.mybatis.spring.mapper.ClassPathMapperScanner - Skipping MapperFactoryBean with name 'attWorkHourDayPlusMapper' and 'com.dongbao.test_demo3.mapper.AttWorkHourDayPlusMapper' mapperInterface. Bean already defined with the same name!
16:35:48.501 [main] WARN  org.mybatis.spring.mapper.ClassPathMapperScanner - Skipping MapperFactoryBean with name 'empInfoMapper' and 'com.dongbao.test_demo3.mapper.EmpInfoMapper' mapperInterface. Bean already defined with the same name!
16:35:48.501 [main] WARN  org.mybatis.spring.mapper.ClassPathMapperScanner - Skipping MapperFactoryBean with name 'empInfoMybatisPlusMapper' and 'com.dongbao.test_demo3.mapper.EmpInfoMybatisPlusMapper' mapperInterface. Bean already defined with the same name!
16:35:48.501 [main] WARN  org.mybatis.spring.mapper.ClassPathMapperScanner - No MyBatis mapper was found in '[com.dongbao.test_demo3.mapper]' package. Please check your configuration.
16:35:49.616 [main] WARN  c.b.mybatisplus.core.injector.DefaultSqlInjector - class com.dongbao.test_demo3.entity.AttWorkHourDay ,Not found @TableId annotation, Cannot use Mybatis-Plus 'xxById' Method.
16:35:49.856 [main] INFO  com.dongbao.test_demo3.config.AsyncConfig - 异步任务执行器已启用
16:35:50.537 [main] INFO  o.s.b.a.web.servlet.WelcomePageHandlerMapping - Adding welcome page: class path resource [static/index.html]
16:35:50.752 [main] WARN  o.s.b.a.t.ThymeleafAutoConfiguration$DefaultTemplateResolverConfiguration - Cannot find template location: classpath:/templates/ (please add some templates, check your Thymeleaf configuration, or set spring.thymeleaf.check-template-location=false)
16:35:50.756 [main] WARN  org.thymeleaf.templatemode.TemplateMode - [THYMELEAF][main] Template Mode 'HTML5' is deprecated. Using Template Mode 'HTML' instead.
16:35:51.131 [main] INFO  com.dongbao.test_demo3.TestMybatisPlus - Started TestMybatisPlus in 3.524 seconds (JVM running for 4.149)
16:35:51.158 [main] INFO  com.zaxxer.hikari.HikariDataSource - HikariPool-1 - Starting...
16:35:51.644 [main] INFO  com.zaxxer.hikari.HikariDataSource - HikariPool-1 - Start completed.
16:35:51.659 [main] INFO  o.s.test.context.transaction.TransactionContext - Began transaction (1) for test context [DefaultTestContext@c05fddc testClass = TestMybatisPlus, testInstance = com.dongbao.test_demo3.TestMybatisPlus@34ab26a, testMethod = testUpdateByEmpNo@TestMybatisPlus, testException = [null], mergedContextConfiguration = [WebMergedContextConfiguration@25df00a0 testClass = TestMybatisPlus, locations = '{}', classes = '{class com.dongbao.test_demo3.TestDemo3Application}', contextInitializerClasses = '[]', activeProfiles = '{}', propertySourceLocations = '{}', propertySourceProperties = '{org.springframework.boot.test.context.SpringBootTestContextBootstrapper=true}', contextCustomizers = set[[ImportsContextCustomizer@4d15107f key = [@org.springframework.context.annotation.Import(value=[class com.dongbao.test_demo3.config.MybatisPlusConfig]), @org.springframework.boot.test.context.SpringBootTest(args=[], webEnvironment=MOCK, value=[], properties=[], classes=[]), @org.springframework.test.context.BootstrapWith(value=class org.springframework.boot.test.context.SpringBootTestContextBootstrapper), @org.springframework.transaction.annotation.Transactional(propagation=REQUIRED, rollbackForClassName=[], readOnly=false, isolation=DEFAULT, timeoutString=, transactionManager=, label=[], noRollbackFor=[], noRollbackForClassName=[], value=, timeout=-1, rollbackFor=[]), @org.mybatis.spring.annotation.MapperScan(sqlSessionFactoryRef=, sqlSessionTemplateRef=, lazyInitialization=, annotationClass=interface java.lang.annotation.Annotation, basePackageClasses=[], nameGenerator=interface org.springframework.beans.factory.support.BeanNameGenerator, markerInterface=class java.lang.Class, basePackages=[], value=[com.dongbao.test_demo3.mapper], factoryBean=class org.mybatis.spring.mapper.MapperFactoryBean, defaultScope=), @org.springframework.context.annotation.Import(value=[class org.mybatis.spring.annotation.MapperScannerRegistrar])]], org.springframework.boot.test.context.filter.ExcludeFilterContextCustomizer@4218d6a3, org.springframework.boot.test.json.DuplicateJsonObjectContextCustomizerFactory$DuplicateJsonObjectContextCustomizer@71d44a3, org.springframework.boot.test.mock.mockito.MockitoContextCustomizer@0, org.springframework.boot.test.web.client.TestRestTemplateContextCustomizer@62379589, org.springframework.boot.test.autoconfigure.actuate.metrics.MetricsExportContextCustomizerFactory$DisableMetricExportContextCustomizer@7c7a06ec, org.springframework.boot.test.autoconfigure.properties.PropertyMappingContextCustomizer@0, org.springframework.boot.test.autoconfigure.web.servlet.WebDriverContextCustomizerFactory$Customizer@3b69e7d1, org.springframework.boot.test.context.SpringBootTestArgs@1, org.springframework.boot.test.context.SpringBootTestWebEnvironment@6737fd8f], resourceBasePath = 'src/main/webapp', contextLoader = 'org.springframework.boot.test.context.SpringBootContextLoader', parent = [null]], attributes = map['org.springframework.test.context.web.ServletTestExecutionListener.activateListener' -> true, 'org.springframework.test.context.web.ServletTestExecutionListener.populatedRequestContextHolder' -> true, 'org.springframework.test.context.web.ServletTestExecutionListener.resetRequestContextHolder' -> true, 'org.springframework.test.context.event.ApplicationEventsTestExecutionListener.recordApplicationEvents' -> false]]; transaction manager [org.springframework.jdbc.support.JdbcTransactionManager@259195fe]; rollback [true]
16:35:52.232 [main] ERROR c.d.test_demo3.CacheService.EmpInfoCacheService - 已删除缓存员工信息，key: empInfo:013487
16:35:52.232 [main] INFO  c.d.test_demo3.Service.impl.EmpInfoServiceImpl - 删除缓存中的员工信息，员工编号: 013487
16:35:52.270 [main] INFO  c.d.test_demo3.Service.impl.EmpInfoServiceImpl - 删除员工记录数: 1
16:35:52.270 [main] INFO  c.d.test_demo3.Service.impl.EmpInfoServiceImpl - 数据库删除员工信息，员工编号: 1
16:35:52.329 [main] INFO  o.s.test.context.transaction.TransactionContext - Rolled back transaction for test: [DefaultTestContext@c05fddc testClass = TestMybatisPlus, testInstance = com.dongbao.test_demo3.TestMybatisPlus@34ab26a, testMethod = testUpdateByEmpNo@TestMybatisPlus, testException = org.springframework.dao.DuplicateKeyException: 
### Error updating database.  Cause: java.sql.SQLIntegrityConstraintViolationException: Duplicate entry '1988616910413074434' for key 'PRIMARY'
### The error may exist in file [E:\javaProject\test_demo3\target\classes\mapper\EmpInfo.xml]
### The error may involve com.dongbao.test_demo3.mapper.EmpInfoMapper.insertByEmpNo-Inline
### The error occurred while setting parameters
### SQL: INSERT INTO `dhg`.`emp_info` (`id`, `origin_id`, `head_portrait`, `name`, `short_name`, `english_name`, `education`, `sex`, `mobile`, `marital_status`, `email`, `certificate_type`, `certificate_no`, `certificate_start_date`, `certificate_end_date`, `id_card_address`, `birth_date_type`, `birth_date`, `nation`, `nationality_id`, `nationality`, `native_place`, `domicile_type`, `politics_status`, `address`, `blood_type`, `height`, `constellation`, `handedness`, `smoke`, `speciality`, `religion`, `health`, `remark`, `emp_no`, `entry_date`, `company_id`, `company_name`, `attach`, `org_name`, `emp_type`, `post_name`, `duty_id`, `duty_name`, `employment_nature`, `entry_source`, `probation_start_date`, `probation_end_date`, `work_months`, `leader_name`, `logic_no`, `archive_no`, `dispatch_company`, `ext_tel`, `first_post_intention`, `second_post_intention`, `status`, `third_post_intention`, `work_email`, `work_tel`, `physics_no`, `card_dept`, `is_probation`, `create_id`, `create_name`, `create_date`, `modify_id`, `modify_name`, `modify_date`, `is_delete`, `entry_status`, `info_employ_id`, `enable_date`, `unable_date`, `org_origin_id`, `post_origin_id`, `user_id`, `audit_status`, `position_and_rank`, `leave_date`, `is_guest`, `introduce_name`, `introduce_id`, `leader_origin_id`, `leader_origin_ids`, `last_communication_date`, `contract_end_date`, `flow_type`, `work_years_entry_date`, `level_position_id`, `level_rank_id`, `list_progress`, `flow_process`, `is_org_flow`, `area_code`, `company_ids`, `org_parent_origin_ids`, `employ_id`, `country_id`, `work_age_value`, `last_daily_accounting_program_id`, `last_monthly_accounting_program_id`, `meid`, `native_place_id`, `personal_head_portrait`, `district`, `address_id`, `spell`, `jane_spell`, `tax_number`, `social_security_number`, `medical_social_security_number`, `name2`, `name3`, `name4`, `name5`, `name6`, `full_spell`, `data_source_type`, `first_post_intention_name`, `second_post_intention_name`, `third_post_intention_name`, `is_talent_pool_transfer`, `is_get_accommodayion`, `accommodayion_start_date`, `accommodayion_end_date`, `is_id_card_imported`, `emp_rank`, `emp_post_rank`, `post_type`, `legally_admissible`, `certificate_type_id`, `is_sum_work_age`, `work_age_year`, `work_age_mouth`, `probation_status`, `positive_status`, `mail_imap`, `mail_port`, `mail_account`, `account_key`, `mail_account_key`, `open_ssl`, `use_record_mail`, `mail_type`, `current_org_origin_id`, `current_work_group`, `current_work_group_id`, `type_of_work`, `cost_center_ids`, `is_report_clock`, `qy_wx_uid`, `dingtalk_uid`, `legally_admissible_id`, `is_wait_leave`, `parttime_org_origin_ids`, `is_ignore_count`, `is_master`, `custom_spell`, `parttime_org_parent_ids`, `site_file_id`, `site_file_name`, `audit_status_show`, `cost_center_names`, `vir_org_names`, `family_name_spell`, `name_spell`, `sn`, `given_name`, `description`, `emp_sort`, `date_of_working`, `entry_count`, `third_key`, `age`, `ExtEventPersonNo`, `per_org_user_type`, `work_place`, `labor_dispatching_date`, `social-insurance`, `Provident-Fund`, `social_insurance`, `provident_und`, `recruit`, `code`, `part_time_job`, `c_inspect_data`, `c_sxkssj`, `c_sxjssj`, `c_physics_no`, `application_id`, `c_level`, `c_tempType`, `rank_position_program_id`, `sequence_name`, `sequence_level_id`, `sequence_level_name`, `post_level_id`, `is_intern`, `emp_level`, `basic_level`, `c_sumYdays`, `c_handsumYear`, `c_roundSumYear`, `c_Social_security_type`, `c_post_code`, `c_leave_type`, `c_become_regular_date`, `reinstate_way`, `reinstate_origin_ids`, `c_lock_regular_date`, `c_is_sync_system`, `c_is_xsxzsbt`, `c_is_accumulation_fund`, `c_dingtalk_unionid`, `c_employ_id`, `identity_type`, `is_current`, `c_intern`, `c_enter_country_time`, `c_leave_country_time`, `c_born_nationality`, `c_born_nationality_id`, `c_senior_school_major`, `c_badge_token_fd_id`) VALUES (1988616910413074434, 1988616910413074434, '1988617733809475585', '曹裕祺', NULL, NULL, '6', '2', '18674012367', '1', '312903768@qq.com', '居民身份证', '420104199801230448', '2019-01-16 00:00:00', '2029-01-16 00:00:00', '武汉市硚口区解放大道210号6楼6号', '0', '1998-01-23 00:00:00', '0', '156', '中国', '湖北省,武汉市,硚口区', NULL, '1', '湖北省,武汉市,硚口区', NULL, NULL, NULL, NULL, '0', NULL, NULL, '1', NULL, '910388', '2025-11-18 00:00:00', 1494295255082618882, '武汉公司', NULL, '武汉客服组', '1', '海外服务运营', NULL, NULL, '5', NULL, '2025-11-18 00:00:00', '2026-02-17 00:00:00', 64, '赵雅欣', '482446', 'DA42961', NULL, NULL, NULL, NULL, '0', NULL, NULL, NULL, NULL, '武汉市公安局硚口分局', '1', 0, 'administrator', '2025-11-12 23:25:34', 1714810075383664642, '陈曦', '2025-11-19 11:34:27', 0, '3', 1986283989966573570, '2025-11-12 00:00:00', '2025-11-18 00:00:00', 1948544666525827074, 1948549320001257474, 1990587426216660994, 5, NULL, NULL, NULL, NULL, NULL, 1942172917269856258, '0,1525015481642180610,1839112685652910082,1942172917269856258,', NULL, NULL, NULL, '2025-11-18 00:00:00', NULL, NULL, 1.0000, 1.0000, NULL, '86', '0,1,1494295255082618882,', '0,1,1494295255082618882,1948543602086969346,1948544666525827074,', 1986283424016551938, 156, '0个月', NULL, NULL, '7040a877a5da45a59057c247b902da15', '42,4201,420104', NULL, '解放大道宝丰路营房社区', '42,4201,420104', 'caoyuqi', 'cyq', NULL, NULL, NULL, NULL, '曹裕祺', NULL, NULL, NULL, 'caoyuqi', 3, NULL, NULL, NULL, NULL, '0', NULL, NULL, '0', NULL, NULL, NULL, '韶音科技（武汉）有限公司', 1, NULL, 0, 0, '0', NULL, NULL, NULL, NULL, NULL, NULL, NULL, NULL, '1', NULL, NULL, NULL, NULL, NULL, NULL, NULL, '910388', 1515296989229641729, '1', NULL, 0, '0', 'CYQ', NULL, NULL, NULL, NULL, NULL, NULL, NULL, NULL, NULL, NULL, NULL, NULL, '2020-06-30 00:00:00', 1, NULL, 27, NULL, NULL, '4', NULL, NULL, NULL, NULL, NULL, '1', NULL, NULL, NULL, NULL, NULL, NULL, NULL, NULL, NULL, NULL, NULL, NULL, NULL, NULL, '0', NULL, '0', NULL, 3, 0, NULL, NULL, NULL, NULL, NULL, NULL, NULL, 0, 3, 0, NULL, 1986283424016551938, '1', 0, NULL, NULL, NULL, NULL, NULL, '文科生', 'eyJ0eXAiOiJKV1QiLCJhbGciOiJIUzI1NiJ9.eyJzdWIiOiIxODY3NDAxMjM2NyIsImlhdCI6MTc2Mjk1OTA0NCwiZXhwIjoxNzYyOTczNDQ0fQ.NrB_Jy4S8DOzwsnaT2OHmCbbzQJ-2HDzDugbwzlOdPk;-3');
### Cause: java.sql.SQLIntegrityConstraintViolationException: Duplicate entry '1988616910413074434' for key 'PRIMARY'
; Duplicate entry '1988616910413074434' for key 'PRIMARY'; nested exception is java.sql.SQLIntegrityConstraintViolationException: Duplicate entry '1988616910413074434' for key 'PRIMARY', mergedContextConfiguration = [WebMergedContextConfiguration@25df00a0 testClass = TestMybatisPlus, locations = '{}', classes = '{class com.dongbao.test_demo3.TestDemo3Application}', contextInitializerClasses = '[]', activeProfiles = '{}', propertySourceLocations = '{}', propertySourceProperties = '{org.springframework.boot.test.context.SpringBootTestContextBootstrapper=true}', contextCustomizers = set[[ImportsContextCustomizer@4d15107f key = [@org.springframework.context.annotation.Import(value=[class com.dongbao.test_demo3.config.MybatisPlusConfig]), @org.springframework.boot.test.context.SpringBootTest(args=[], webEnvironment=MOCK, value=[], properties=[], classes=[]), @org.springframework.test.context.BootstrapWith(value=class org.springframework.boot.test.context.SpringBootTestContextBootstrapper), @org.springframework.transaction.annotation.Transactional(propagation=REQUIRED, rollbackForClassName=[], readOnly=false, isolation=DEFAULT, timeoutString=, transactionManager=, label=[], noRollbackFor=[], noRollbackForClassName=[], value=, timeout=-1, rollbackFor=[]), @org.mybatis.spring.annotation.MapperScan(sqlSessionFactoryRef=, sqlSessionTemplateRef=, lazyInitialization=, annotationClass=interface java.lang.annotation.Annotation, basePackageClasses=[], nameGenerator=interface org.springframework.beans.factory.support.BeanNameGenerator, markerInterface=class java.lang.Class, basePackages=[], value=[com.dongbao.test_demo3.mapper], factoryBean=class org.mybatis.spring.mapper.MapperFactoryBean, defaultScope=), @org.springframework.context.annotation.Import(value=[class org.mybatis.spring.annotation.MapperScannerRegistrar])]], org.springframework.boot.test.context.filter.ExcludeFilterContextCustomizer@4218d6a3, org.springframework.boot.test.json.DuplicateJsonObjectContextCustomizerFactory$DuplicateJsonObjectContextCustomizer@71d44a3, org.springframework.boot.test.mock.mockito.MockitoContextCustomizer@0, org.springframework.boot.test.web.client.TestRestTemplateContextCustomizer@62379589, org.springframework.boot.test.autoconfigure.actuate.metrics.MetricsExportContextCustomizerFactory$DisableMetricExportContextCustomizer@7c7a06ec, org.springframework.boot.test.autoconfigure.properties.PropertyMappingContextCustomizer@0, org.springframework.boot.test.autoconfigure.web.servlet.WebDriverContextCustomizerFactory$Customizer@3b69e7d1, org.springframework.boot.test.context.SpringBootTestArgs@1, org.springframework.boot.test.context.SpringBootTestWebEnvironment@6737fd8f], resourceBasePath = 'src/main/webapp', contextLoader = 'org.springframework.boot.test.context.SpringBootContextLoader', parent = [null]], attributes = map['org.springframework.test.context.web.ServletTestExecutionListener.activateListener' -> true, 'org.springframework.test.context.web.ServletTestExecutionListener.populatedRequestContextHolder' -> true, 'org.springframework.test.context.web.ServletTestExecutionListener.resetRequestContextHolder' -> true, 'org.springframework.test.context.event.ApplicationEventsTestExecutionListener.recordApplicationEvents' -> false]]
16:35:52.341 [SpringApplicationShutdownHook] INFO  com.zaxxer.hikari.HikariDataSource - HikariPool-1 - Shutdown initiated...
16:35:52.350 [SpringApplicationShutdownHook] INFO  com.zaxxer.hikari.HikariDataSource - HikariPool-1 - Shutdown completed.
16:37:39.777 [main] INFO  com.dongbao.test_demo3.TestMybatisPlus - Starting TestMybatisPlus using Java 1.8.0_151 on IT-013487 with PID 14992 (started by 013487 in E:\javaProject\test_demo3)
16:37:39.778 [main] INFO  com.dongbao.test_demo3.TestMybatisPlus - No active profile set, falling back to 1 default profile: "default"
16:37:40.311 [main] INFO  o.s.d.r.config.RepositoryConfigurationDelegate - Multiple Spring Data modules found, entering strict repository configuration mode
16:37:40.313 [main] INFO  o.s.d.r.config.RepositoryConfigurationDelegate - Bootstrapping Spring Data Redis repositories in DEFAULT mode.
16:37:40.332 [main] INFO  o.s.d.r.config.RepositoryConfigurationDelegate - Finished Spring Data repository scanning in 8 ms. Found 0 Redis repository interfaces.
16:37:40.426 [main] WARN  org.mybatis.spring.mapper.ClassPathMapperScanner - Skipping MapperFactoryBean with name 'attWorkHourDayPlusMapper' and 'com.dongbao.test_demo3.mapper.AttWorkHourDayPlusMapper' mapperInterface. Bean already defined with the same name!
16:37:40.426 [main] WARN  org.mybatis.spring.mapper.ClassPathMapperScanner - Skipping MapperFactoryBean with name 'empInfoMapper' and 'com.dongbao.test_demo3.mapper.EmpInfoMapper' mapperInterface. Bean already defined with the same name!
16:37:40.426 [main] WARN  org.mybatis.spring.mapper.ClassPathMapperScanner - Skipping MapperFactoryBean with name 'empInfoMybatisPlusMapper' and 'com.dongbao.test_demo3.mapper.EmpInfoMybatisPlusMapper' mapperInterface. Bean already defined with the same name!
16:37:40.426 [main] WARN  org.mybatis.spring.mapper.ClassPathMapperScanner - No MyBatis mapper was found in '[com.dongbao.test_demo3.mapper]' package. Please check your configuration.
16:37:41.395 [main] WARN  c.b.mybatisplus.core.injector.DefaultSqlInjector - class com.dongbao.test_demo3.entity.AttWorkHourDay ,Not found @TableId annotation, Cannot use Mybatis-Plus 'xxById' Method.
16:37:41.621 [main] INFO  com.dongbao.test_demo3.config.AsyncConfig - 异步任务执行器已启用
16:37:42.281 [main] INFO  o.s.b.a.web.servlet.WelcomePageHandlerMapping - Adding welcome page: class path resource [static/index.html]
16:37:42.458 [main] WARN  o.s.b.a.t.ThymeleafAutoConfiguration$DefaultTemplateResolverConfiguration - Cannot find template location: classpath:/templates/ (please add some templates, check your Thymeleaf configuration, or set spring.thymeleaf.check-template-location=false)
16:37:42.460 [main] WARN  org.thymeleaf.templatemode.TemplateMode - [THYMELEAF][main] Template Mode 'HTML5' is deprecated. Using Template Mode 'HTML' instead.
16:37:42.795 [main] INFO  com.dongbao.test_demo3.TestMybatisPlus - Started TestMybatisPlus in 3.286 seconds (JVM running for 3.916)
16:37:42.822 [main] INFO  com.zaxxer.hikari.HikariDataSource - HikariPool-1 - Starting...
16:37:43.361 [main] INFO  com.zaxxer.hikari.HikariDataSource - HikariPool-1 - Start completed.
16:37:43.367 [main] INFO  o.s.test.context.transaction.TransactionContext - Began transaction (1) for test context [DefaultTestContext@c05fddc testClass = TestMybatisPlus, testInstance = com.dongbao.test_demo3.TestMybatisPlus@2a2b7a35, testMethod = testUpdateByEmpNo@TestMybatisPlus, testException = [null], mergedContextConfiguration = [WebMergedContextConfiguration@25df00a0 testClass = TestMybatisPlus, locations = '{}', classes = '{class com.dongbao.test_demo3.TestDemo3Application}', contextInitializerClasses = '[]', activeProfiles = '{}', propertySourceLocations = '{}', propertySourceProperties = '{org.springframework.boot.test.context.SpringBootTestContextBootstrapper=true}', contextCustomizers = set[[ImportsContextCustomizer@4d15107f key = [@org.springframework.context.annotation.Import(value=[class com.dongbao.test_demo3.config.MybatisPlusConfig]), @org.springframework.boot.test.context.SpringBootTest(args=[], webEnvironment=MOCK, value=[], properties=[], classes=[]), @org.springframework.test.context.BootstrapWith(value=class org.springframework.boot.test.context.SpringBootTestContextBootstrapper), @org.springframework.transaction.annotation.Transactional(propagation=REQUIRED, rollbackForClassName=[], readOnly=false, timeoutString=, isolation=DEFAULT, transactionManager=, label=[], noRollbackFor=[], noRollbackForClassName=[], value=, timeout=-1, rollbackFor=[]), @org.mybatis.spring.annotation.MapperScan(sqlSessionFactoryRef=, sqlSessionTemplateRef=, lazyInitialization=, annotationClass=interface java.lang.annotation.Annotation, basePackageClasses=[], nameGenerator=interface org.springframework.beans.factory.support.BeanNameGenerator, markerInterface=class java.lang.Class, basePackages=[], value=[com.dongbao.test_demo3.mapper], factoryBean=class org.mybatis.spring.mapper.MapperFactoryBean, defaultScope=), @org.springframework.context.annotation.Import(value=[class org.mybatis.spring.annotation.MapperScannerRegistrar])]], org.springframework.boot.test.context.filter.ExcludeFilterContextCustomizer@4218d6a3, org.springframework.boot.test.json.DuplicateJsonObjectContextCustomizerFactory$DuplicateJsonObjectContextCustomizer@71d44a3, org.springframework.boot.test.mock.mockito.MockitoContextCustomizer@0, org.springframework.boot.test.web.client.TestRestTemplateContextCustomizer@62379589, org.springframework.boot.test.autoconfigure.actuate.metrics.MetricsExportContextCustomizerFactory$DisableMetricExportContextCustomizer@7c7a06ec, org.springframework.boot.test.autoconfigure.properties.PropertyMappingContextCustomizer@0, org.springframework.boot.test.autoconfigure.web.servlet.WebDriverContextCustomizerFactory$Customizer@3b69e7d1, org.springframework.boot.test.context.SpringBootTestArgs@1, org.springframework.boot.test.context.SpringBootTestWebEnvironment@6737fd8f], resourceBasePath = 'src/main/webapp', contextLoader = 'org.springframework.boot.test.context.SpringBootContextLoader', parent = [null]], attributes = map['org.springframework.test.context.web.ServletTestExecutionListener.activateListener' -> true, 'org.springframework.test.context.web.ServletTestExecutionListener.populatedRequestContextHolder' -> true, 'org.springframework.test.context.web.ServletTestExecutionListener.resetRequestContextHolder' -> true, 'org.springframework.test.context.event.ApplicationEventsTestExecutionListener.recordApplicationEvents' -> false]]; transaction manager [org.springframework.jdbc.support.JdbcTransactionManager@58186f9f]; rollback [true]
16:37:43.938 [main] ERROR c.d.test_demo3.CacheService.EmpInfoCacheService - 已删除缓存员工信息，key: empInfo:013487
16:37:43.938 [main] INFO  c.d.test_demo3.Service.impl.EmpInfoServiceImpl - 删除缓存中的员工信息，员工编号: 013487
16:37:43.976 [main] INFO  c.d.test_demo3.Service.impl.EmpInfoServiceImpl - 删除员工记录数: 1
16:37:43.976 [main] INFO  c.d.test_demo3.Service.impl.EmpInfoServiceImpl - 数据库删除员工信息，员工编号: 1
16:37:43.986 [main] INFO  c.d.test_demo3.Service.impl.EmpInfoServiceImpl - 数据库插入员工信息，员工编号: 013487
16:37:43.992 [main] INFO  c.d.test_demo3.Service.impl.EmpInfoServiceImpl - 从缓存中获取的员工信息: null
16:37:43.993 [main] INFO  c.d.test_demo3.Service.impl.EmpInfoServiceImpl - 缓存未命中，查询数据库，员工编号: 013487
16:37:44.087 [main] INFO  c.d.test_demo3.Service.impl.EmpInfoServiceImpl - 从数据库中查询到的员工信息: null
16:37:44.094 [main] INFO  c.d.test_demo3.Service.impl.EmpInfoServiceImpl - 将员工信息缓存起来，员工编号: 013487
16:37:44.097 [main] INFO  c.d.test_demo3.Service.impl.EmpInfoServiceImpl - 更新缓存中的员工信息，员工编号: 013487
16:37:44.112 [main] INFO  o.s.test.context.transaction.TransactionContext - Rolled back transaction for test: [DefaultTestContext@c05fddc testClass = TestMybatisPlus, testInstance = com.dongbao.test_demo3.TestMybatisPlus@2a2b7a35, testMethod = testUpdateByEmpNo@TestMybatisPlus, testException = [null], mergedContextConfiguration = [WebMergedContextConfiguration@25df00a0 testClass = TestMybatisPlus, locations = '{}', classes = '{class com.dongbao.test_demo3.TestDemo3Application}', contextInitializerClasses = '[]', activeProfiles = '{}', propertySourceLocations = '{}', propertySourceProperties = '{org.springframework.boot.test.context.SpringBootTestContextBootstrapper=true}', contextCustomizers = set[[ImportsContextCustomizer@4d15107f key = [@org.springframework.context.annotation.Import(value=[class com.dongbao.test_demo3.config.MybatisPlusConfig]), @org.springframework.boot.test.context.SpringBootTest(args=[], webEnvironment=MOCK, value=[], properties=[], classes=[]), @org.springframework.test.context.BootstrapWith(value=class org.springframework.boot.test.context.SpringBootTestContextBootstrapper), @org.springframework.transaction.annotation.Transactional(propagation=REQUIRED, rollbackForClassName=[], readOnly=false, timeoutString=, isolation=DEFAULT, transactionManager=, label=[], noRollbackFor=[], noRollbackForClassName=[], value=, timeout=-1, rollbackFor=[]), @org.mybatis.spring.annotation.MapperScan(sqlSessionFactoryRef=, sqlSessionTemplateRef=, lazyInitialization=, annotationClass=interface java.lang.annotation.Annotation, basePackageClasses=[], nameGenerator=interface org.springframework.beans.factory.support.BeanNameGenerator, markerInterface=class java.lang.Class, basePackages=[], value=[com.dongbao.test_demo3.mapper], factoryBean=class org.mybatis.spring.mapper.MapperFactoryBean, defaultScope=), @org.springframework.context.annotation.Import(value=[class org.mybatis.spring.annotation.MapperScannerRegistrar])]], org.springframework.boot.test.context.filter.ExcludeFilterContextCustomizer@4218d6a3, org.springframework.boot.test.json.DuplicateJsonObjectContextCustomizerFactory$DuplicateJsonObjectContextCustomizer@71d44a3, org.springframework.boot.test.mock.mockito.MockitoContextCustomizer@0, org.springframework.boot.test.web.client.TestRestTemplateContextCustomizer@62379589, org.springframework.boot.test.autoconfigure.actuate.metrics.MetricsExportContextCustomizerFactory$DisableMetricExportContextCustomizer@7c7a06ec, org.springframework.boot.test.autoconfigure.properties.PropertyMappingContextCustomizer@0, org.springframework.boot.test.autoconfigure.web.servlet.WebDriverContextCustomizerFactory$Customizer@3b69e7d1, org.springframework.boot.test.context.SpringBootTestArgs@1, org.springframework.boot.test.context.SpringBootTestWebEnvironment@6737fd8f], resourceBasePath = 'src/main/webapp', contextLoader = 'org.springframework.boot.test.context.SpringBootContextLoader', parent = [null]], attributes = map['org.springframework.test.context.web.ServletTestExecutionListener.activateListener' -> true, 'org.springframework.test.context.web.ServletTestExecutionListener.populatedRequestContextHolder' -> true, 'org.springframework.test.context.web.ServletTestExecutionListener.resetRequestContextHolder' -> true, 'org.springframework.test.context.event.ApplicationEventsTestExecutionListener.recordApplicationEvents' -> false]]
16:37:44.119 [SpringApplicationShutdownHook] INFO  com.zaxxer.hikari.HikariDataSource - HikariPool-1 - Shutdown initiated...
16:37:44.127 [SpringApplicationShutdownHook] INFO  com.zaxxer.hikari.HikariDataSource - HikariPool-1 - Shutdown completed.
