13:05:22.300 [main] INFO  com.dongbao.test_demo3.RedisConnectionTest - Starting RedisConnectionTest using Java 1.8.0_151 on IT-013487 with PID 26492 (started by 013487 in E:\javaProject\test_demo3)
13:05:22.305 [main] INFO  com.dongbao.test_demo3.RedisConnectionTest - No active profile set, falling back to 1 default profile: "default"
13:05:22.980 [main] INFO  o.s.d.r.config.RepositoryConfigurationDelegate - Multiple Spring Data modules found, entering strict repository configuration mode
13:05:22.983 [main] INFO  o.s.d.r.config.RepositoryConfigurationDelegate - Bootstrapping Spring Data Redis repositories in DEFAULT mode.
13:05:23.001 [main] INFO  o.s.d.r.config.RepositoryConfigurationDelegate - Finished Spring Data repository scanning in 7 ms. Found 0 Redis repository interfaces.
13:05:23.713 [main] WARN  c.b.mybatisplus.core.injector.DefaultSqlInjector - class com.dongbao.test_demo3.entity.AttWorkHourDay ,Not found @TableId annotation, Cannot use Mybatis-Plus 'xxById' Method.
13:05:24.924 [main] INFO  o.s.b.a.web.servlet.WelcomePageHandlerMapping - Adding welcome page: class path resource [static/index.html]
13:05:25.114 [main] WARN  o.s.b.a.t.ThymeleafAutoConfiguration$DefaultTemplateResolverConfiguration - Cannot find template location: classpath:/templates/ (please add some templates, check your Thymeleaf configuration, or set spring.thymeleaf.check-template-location=false)
13:05:25.116 [main] WARN  org.thymeleaf.templatemode.TemplateMode - [THYMELEAF][main] Template Mode 'HTML5' is deprecated. Using Template Mode 'HTML' instead.
13:05:25.526 [main] INFO  com.dongbao.test_demo3.RedisConnectionTest - Started RedisConnectionTest in 3.579 seconds (JVM running for 4.447)
13:05:41.194 [main] INFO  com.dongbao.test_demo3.RedisConnectionTest - Starting RedisConnectionTest using Java 1.8.0_151 on IT-013487 with PID 18932 (started by 013487 in E:\javaProject\test_demo3)
13:05:41.195 [main] INFO  com.dongbao.test_demo3.RedisConnectionTest - No active profile set, falling back to 1 default profile: "default"
13:05:41.735 [main] INFO  o.s.d.r.config.RepositoryConfigurationDelegate - Multiple Spring Data modules found, entering strict repository configuration mode
13:05:41.738 [main] INFO  o.s.d.r.config.RepositoryConfigurationDelegate - Bootstrapping Spring Data Redis repositories in DEFAULT mode.
13:05:41.759 [main] INFO  o.s.d.r.config.RepositoryConfigurationDelegate - Finished Spring Data repository scanning in 9 ms. Found 0 Redis repository interfaces.
13:05:42.450 [main] WARN  c.b.mybatisplus.core.injector.DefaultSqlInjector - class com.dongbao.test_demo3.entity.AttWorkHourDay ,Not found @TableId annotation, Cannot use Mybatis-Plus 'xxById' Method.
13:05:43.744 [main] INFO  o.s.b.a.web.servlet.WelcomePageHandlerMapping - Adding welcome page: class path resource [static/index.html]
13:05:43.938 [main] WARN  o.s.b.a.t.ThymeleafAutoConfiguration$DefaultTemplateResolverConfiguration - Cannot find template location: classpath:/templates/ (please add some templates, check your Thymeleaf configuration, or set spring.thymeleaf.check-template-location=false)
13:05:43.943 [main] WARN  org.thymeleaf.templatemode.TemplateMode - [THYMELEAF][main] Template Mode 'HTML5' is deprecated. Using Template Mode 'HTML' instead.
13:05:44.340 [main] INFO  com.dongbao.test_demo3.RedisConnectionTest - Started RedisConnectionTest in 3.418 seconds (JVM running for 4.05)
13:10:56.551 [main] INFO  com.dongbao.test_demo3.RedisConnectionTest - Starting RedisConnectionTest using Java 1.8.0_151 on IT-013487 with PID 3112 (started by 013487 in E:\javaProject\test_demo3)
13:10:56.552 [main] INFO  com.dongbao.test_demo3.RedisConnectionTest - No active profile set, falling back to 1 default profile: "default"
13:10:57.073 [main] INFO  o.s.d.r.config.RepositoryConfigurationDelegate - Multiple Spring Data modules found, entering strict repository configuration mode
13:10:57.075 [main] INFO  o.s.d.r.config.RepositoryConfigurationDelegate - Bootstrapping Spring Data Redis repositories in DEFAULT mode.
13:10:57.091 [main] INFO  o.s.d.r.config.RepositoryConfigurationDelegate - Finished Spring Data repository scanning in 7 ms. Found 0 Redis repository interfaces.
13:10:57.732 [main] WARN  c.b.mybatisplus.core.injector.DefaultSqlInjector - class com.dongbao.test_demo3.entity.AttWorkHourDay ,Not found @TableId annotation, Cannot use Mybatis-Plus 'xxById' Method.
13:10:58.975 [main] INFO  o.s.b.a.web.servlet.WelcomePageHandlerMapping - Adding welcome page: class path resource [static/index.html]
13:10:59.221 [main] WARN  o.s.b.a.t.ThymeleafAutoConfiguration$DefaultTemplateResolverConfiguration - Cannot find template location: classpath:/templates/ (please add some templates, check your Thymeleaf configuration, or set spring.thymeleaf.check-template-location=false)
13:10:59.224 [main] WARN  org.thymeleaf.templatemode.TemplateMode - [THYMELEAF][main] Template Mode 'HTML5' is deprecated. Using Template Mode 'HTML' instead.
13:10:59.771 [main] INFO  com.dongbao.test_demo3.RedisConnectionTest - Started RedisConnectionTest in 3.509 seconds (JVM running for 4.155)
13:11:00.055 [main] INFO  com.zaxxer.hikari.HikariDataSource - HikariPool-1 - Starting...
13:11:00.666 [main] INFO  com.zaxxer.hikari.HikariDataSource - HikariPool-1 - Start completed.
13:11:01.211 [SpringApplicationShutdownHook] INFO  com.zaxxer.hikari.HikariDataSource - HikariPool-1 - Shutdown initiated...
13:11:01.220 [SpringApplicationShutdownHook] INFO  com.zaxxer.hikari.HikariDataSource - HikariPool-1 - Shutdown completed.
13:41:55.498 [main] INFO  com.dongbao.test_demo3.RedisConnectionTest - Starting RedisConnectionTest using Java 1.8.0_151 on IT-013487 with PID 9708 (started by 013487 in E:\javaProject\test_demo3)
13:41:55.506 [main] INFO  com.dongbao.test_demo3.RedisConnectionTest - No active profile set, falling back to 1 default profile: "default"
13:41:56.116 [main] INFO  o.s.d.r.config.RepositoryConfigurationDelegate - Multiple Spring Data modules found, entering strict repository configuration mode
13:41:56.118 [main] INFO  o.s.d.r.config.RepositoryConfigurationDelegate - Bootstrapping Spring Data Redis repositories in DEFAULT mode.
13:41:56.137 [main] INFO  o.s.d.r.config.RepositoryConfigurationDelegate - Finished Spring Data repository scanning in 7 ms. Found 0 Redis repository interfaces.
13:41:57.055 [main] WARN  c.b.mybatisplus.core.injector.DefaultSqlInjector - class com.dongbao.test_demo3.entity.AttWorkHourDay ,Not found @TableId annotation, Cannot use Mybatis-Plus 'xxById' Method.
13:41:58.181 [main] INFO  o.s.b.a.web.servlet.WelcomePageHandlerMapping - Adding welcome page: class path resource [static/index.html]
13:41:58.389 [main] WARN  o.s.b.a.t.ThymeleafAutoConfiguration$DefaultTemplateResolverConfiguration - Cannot find template location: classpath:/templates/ (please add some templates, check your Thymeleaf configuration, or set spring.thymeleaf.check-template-location=false)
13:41:58.395 [main] WARN  org.thymeleaf.templatemode.TemplateMode - [THYMELEAF][main] Template Mode 'HTML5' is deprecated. Using Template Mode 'HTML' instead.
13:41:58.863 [main] INFO  com.dongbao.test_demo3.RedisConnectionTest - Started RedisConnectionTest in 3.696 seconds (JVM running for 4.523)
13:41:59.315 [main] INFO  com.zaxxer.hikari.HikariDataSource - HikariPool-1 - Starting...
13:41:59.961 [main] INFO  com.zaxxer.hikari.HikariDataSource - HikariPool-1 - Start completed.
13:42:00.808 [SpringApplicationShutdownHook] INFO  com.zaxxer.hikari.HikariDataSource - HikariPool-1 - Shutdown initiated...
13:42:00.821 [SpringApplicationShutdownHook] INFO  com.zaxxer.hikari.HikariDataSource - HikariPool-1 - Shutdown completed.
13:42:08.790 [main] INFO  com.dongbao.test_demo3.RedisConnectionTest - Starting RedisConnectionTest using Java 1.8.0_151 on IT-013487 with PID 17144 (started by 013487 in E:\javaProject\test_demo3)
13:42:08.791 [main] INFO  com.dongbao.test_demo3.RedisConnectionTest - No active profile set, falling back to 1 default profile: "default"
13:42:09.367 [main] INFO  o.s.d.r.config.RepositoryConfigurationDelegate - Multiple Spring Data modules found, entering strict repository configuration mode
13:42:09.376 [main] INFO  o.s.d.r.config.RepositoryConfigurationDelegate - Bootstrapping Spring Data Redis repositories in DEFAULT mode.
13:42:09.399 [main] INFO  o.s.d.r.config.RepositoryConfigurationDelegate - Finished Spring Data repository scanning in 10 ms. Found 0 Redis repository interfaces.
13:42:10.247 [main] WARN  c.b.mybatisplus.core.injector.DefaultSqlInjector - class com.dongbao.test_demo3.entity.AttWorkHourDay ,Not found @TableId annotation, Cannot use Mybatis-Plus 'xxById' Method.
13:42:11.230 [main] INFO  o.s.b.a.web.servlet.WelcomePageHandlerMapping - Adding welcome page: class path resource [static/index.html]
13:42:11.434 [main] WARN  o.s.b.a.t.ThymeleafAutoConfiguration$DefaultTemplateResolverConfiguration - Cannot find template location: classpath:/templates/ (please add some templates, check your Thymeleaf configuration, or set spring.thymeleaf.check-template-location=false)
13:42:11.437 [main] WARN  org.thymeleaf.templatemode.TemplateMode - [THYMELEAF][main] Template Mode 'HTML5' is deprecated. Using Template Mode 'HTML' instead.
13:42:11.875 [main] INFO  com.dongbao.test_demo3.RedisConnectionTest - Started RedisConnectionTest in 3.377 seconds (JVM running for 4.03)
13:42:12.299 [main] INFO  com.zaxxer.hikari.HikariDataSource - HikariPool-1 - Starting...
13:42:12.824 [main] INFO  com.zaxxer.hikari.HikariDataSource - HikariPool-1 - Start completed.
13:42:13.311 [SpringApplicationShutdownHook] INFO  com.zaxxer.hikari.HikariDataSource - HikariPool-1 - Shutdown initiated...
13:42:13.337 [SpringApplicationShutdownHook] INFO  com.zaxxer.hikari.HikariDataSource - HikariPool-1 - Shutdown completed.
13:45:21.225 [main] INFO  com.dongbao.test_demo3.RedisConnectionTest - Starting RedisConnectionTest using Java 1.8.0_151 on IT-013487 with PID 21264 (started by 013487 in E:\javaProject\test_demo3)
13:45:21.225 [main] INFO  com.dongbao.test_demo3.RedisConnectionTest - No active profile set, falling back to 1 default profile: "default"
13:45:21.769 [main] INFO  o.s.d.r.config.RepositoryConfigurationDelegate - Multiple Spring Data modules found, entering strict repository configuration mode
13:45:21.779 [main] INFO  o.s.d.r.config.RepositoryConfigurationDelegate - Bootstrapping Spring Data Redis repositories in DEFAULT mode.
13:45:21.797 [main] INFO  o.s.d.r.config.RepositoryConfigurationDelegate - Finished Spring Data repository scanning in 8 ms. Found 0 Redis repository interfaces.
13:45:22.608 [main] WARN  c.b.mybatisplus.core.injector.DefaultSqlInjector - class com.dongbao.test_demo3.entity.AttWorkHourDay ,Not found @TableId annotation, Cannot use Mybatis-Plus 'xxById' Method.
13:45:23.564 [main] INFO  o.s.b.a.web.servlet.WelcomePageHandlerMapping - Adding welcome page: class path resource [static/index.html]
13:45:23.806 [main] WARN  o.s.b.a.t.ThymeleafAutoConfiguration$DefaultTemplateResolverConfiguration - Cannot find template location: classpath:/templates/ (please add some templates, check your Thymeleaf configuration, or set spring.thymeleaf.check-template-location=false)
13:45:23.810 [main] WARN  org.thymeleaf.templatemode.TemplateMode - [THYMELEAF][main] Template Mode 'HTML5' is deprecated. Using Template Mode 'HTML' instead.
13:45:24.287 [main] INFO  com.dongbao.test_demo3.RedisConnectionTest - Started RedisConnectionTest in 3.353 seconds (JVM running for 3.999)
13:45:24.753 [main] INFO  com.zaxxer.hikari.HikariDataSource - HikariPool-1 - Starting...
13:45:25.344 [main] INFO  com.zaxxer.hikari.HikariDataSource - HikariPool-1 - Start completed.
13:45:25.809 [SpringApplicationShutdownHook] INFO  com.zaxxer.hikari.HikariDataSource - HikariPool-1 - Shutdown initiated...
13:45:25.819 [SpringApplicationShutdownHook] INFO  com.zaxxer.hikari.HikariDataSource - HikariPool-1 - Shutdown completed.
13:46:15.439 [main] INFO  com.dongbao.test_demo3.RedisConnectionTest - Starting RedisConnectionTest using Java 1.8.0_151 on IT-013487 with PID 11916 (started by 013487 in E:\javaProject\test_demo3)
13:46:15.440 [main] INFO  com.dongbao.test_demo3.RedisConnectionTest - No active profile set, falling back to 1 default profile: "default"
13:46:15.992 [main] INFO  o.s.d.r.config.RepositoryConfigurationDelegate - Multiple Spring Data modules found, entering strict repository configuration mode
13:46:15.995 [main] INFO  o.s.d.r.config.RepositoryConfigurationDelegate - Bootstrapping Spring Data Redis repositories in DEFAULT mode.
13:46:16.012 [main] INFO  o.s.d.r.config.RepositoryConfigurationDelegate - Finished Spring Data repository scanning in 6 ms. Found 0 Redis repository interfaces.
13:46:16.866 [main] WARN  c.b.mybatisplus.core.injector.DefaultSqlInjector - class com.dongbao.test_demo3.entity.AttWorkHourDay ,Not found @TableId annotation, Cannot use Mybatis-Plus 'xxById' Method.
13:46:17.866 [main] INFO  o.s.b.a.web.servlet.WelcomePageHandlerMapping - Adding welcome page: class path resource [static/index.html]
13:46:18.138 [main] WARN  o.s.b.a.t.ThymeleafAutoConfiguration$DefaultTemplateResolverConfiguration - Cannot find template location: classpath:/templates/ (please add some templates, check your Thymeleaf configuration, or set spring.thymeleaf.check-template-location=false)
13:46:18.143 [main] WARN  org.thymeleaf.templatemode.TemplateMode - [THYMELEAF][main] Template Mode 'HTML5' is deprecated. Using Template Mode 'HTML' instead.
13:46:18.664 [main] INFO  com.dongbao.test_demo3.RedisConnectionTest - Started RedisConnectionTest in 3.502 seconds (JVM running for 4.146)
13:46:19.095 [main] INFO  com.zaxxer.hikari.HikariDataSource - HikariPool-1 - Starting...
13:46:19.658 [main] INFO  com.zaxxer.hikari.HikariDataSource - HikariPool-1 - Start completed.
13:46:20.148 [SpringApplicationShutdownHook] INFO  com.zaxxer.hikari.HikariDataSource - HikariPool-1 - Shutdown initiated...
13:46:20.156 [SpringApplicationShutdownHook] INFO  com.zaxxer.hikari.HikariDataSource - HikariPool-1 - Shutdown completed.
13:47:16.057 [main] INFO  com.dongbao.test_demo3.RedisConnectionTest - Starting RedisConnectionTest using Java 1.8.0_151 on IT-013487 with PID 13644 (started by 013487 in E:\javaProject\test_demo3)
13:47:16.058 [main] INFO  com.dongbao.test_demo3.RedisConnectionTest - No active profile set, falling back to 1 default profile: "default"
13:47:16.642 [main] INFO  o.s.d.r.config.RepositoryConfigurationDelegate - Multiple Spring Data modules found, entering strict repository configuration mode
13:47:16.645 [main] INFO  o.s.d.r.config.RepositoryConfigurationDelegate - Bootstrapping Spring Data Redis repositories in DEFAULT mode.
13:47:16.671 [main] INFO  o.s.d.r.config.RepositoryConfigurationDelegate - Finished Spring Data repository scanning in 9 ms. Found 0 Redis repository interfaces.
13:47:17.528 [main] WARN  c.b.mybatisplus.core.injector.DefaultSqlInjector - class com.dongbao.test_demo3.entity.AttWorkHourDay ,Not found @TableId annotation, Cannot use Mybatis-Plus 'xxById' Method.
13:47:18.593 [main] INFO  o.s.b.a.web.servlet.WelcomePageHandlerMapping - Adding welcome page: class path resource [static/index.html]
13:47:18.826 [main] WARN  o.s.b.a.t.ThymeleafAutoConfiguration$DefaultTemplateResolverConfiguration - Cannot find template location: classpath:/templates/ (please add some templates, check your Thymeleaf configuration, or set spring.thymeleaf.check-template-location=false)
13:47:18.830 [main] WARN  org.thymeleaf.templatemode.TemplateMode - [THYMELEAF][main] Template Mode 'HTML5' is deprecated. Using Template Mode 'HTML' instead.
13:47:19.346 [main] INFO  com.dongbao.test_demo3.RedisConnectionTest - Started RedisConnectionTest in 3.571 seconds (JVM running for 4.234)
13:47:19.759 [main] INFO  com.zaxxer.hikari.HikariDataSource - HikariPool-1 - Starting...
13:47:20.352 [main] INFO  com.zaxxer.hikari.HikariDataSource - HikariPool-1 - Start completed.
13:47:20.799 [SpringApplicationShutdownHook] INFO  com.zaxxer.hikari.HikariDataSource - HikariPool-1 - Shutdown initiated...
13:47:20.810 [SpringApplicationShutdownHook] INFO  com.zaxxer.hikari.HikariDataSource - HikariPool-1 - Shutdown completed.
13:48:44.442 [main] INFO  com.dongbao.test_demo3.RedisConnectionTest - Starting RedisConnectionTest using Java 1.8.0_151 on IT-013487 with PID 4252 (started by 013487 in E:\javaProject\test_demo3)
13:48:44.444 [main] INFO  com.dongbao.test_demo3.RedisConnectionTest - No active profile set, falling back to 1 default profile: "default"
13:48:45.002 [main] INFO  o.s.d.r.config.RepositoryConfigurationDelegate - Multiple Spring Data modules found, entering strict repository configuration mode
13:48:45.006 [main] INFO  o.s.d.r.config.RepositoryConfigurationDelegate - Bootstrapping Spring Data Redis repositories in DEFAULT mode.
13:48:45.026 [main] INFO  o.s.d.r.config.RepositoryConfigurationDelegate - Finished Spring Data repository scanning in 9 ms. Found 0 Redis repository interfaces.
13:48:45.904 [main] WARN  c.b.mybatisplus.core.injector.DefaultSqlInjector - class com.dongbao.test_demo3.entity.AttWorkHourDay ,Not found @TableId annotation, Cannot use Mybatis-Plus 'xxById' Method.
13:48:46.901 [main] INFO  o.s.b.a.web.servlet.WelcomePageHandlerMapping - Adding welcome page: class path resource [static/index.html]
13:48:47.093 [main] WARN  o.s.b.a.t.ThymeleafAutoConfiguration$DefaultTemplateResolverConfiguration - Cannot find template location: classpath:/templates/ (please add some templates, check your Thymeleaf configuration, or set spring.thymeleaf.check-template-location=false)
13:48:47.096 [main] WARN  org.thymeleaf.templatemode.TemplateMode - [THYMELEAF][main] Template Mode 'HTML5' is deprecated. Using Template Mode 'HTML' instead.
13:48:47.528 [main] INFO  com.dongbao.test_demo3.RedisConnectionTest - Started RedisConnectionTest in 3.369 seconds (JVM running for 4.013)
13:48:47.882 [main] INFO  com.zaxxer.hikari.HikariDataSource - HikariPool-1 - Starting...
13:48:48.480 [main] INFO  com.zaxxer.hikari.HikariDataSource - HikariPool-1 - Start completed.
13:48:48.972 [SpringApplicationShutdownHook] INFO  com.zaxxer.hikari.HikariDataSource - HikariPool-1 - Shutdown initiated...
13:48:48.982 [SpringApplicationShutdownHook] INFO  com.zaxxer.hikari.HikariDataSource - HikariPool-1 - Shutdown completed.
13:49:21.259 [main] INFO  com.dongbao.test_demo3.RedisConnectionTest - Starting RedisConnectionTest using Java 1.8.0_151 on IT-013487 with PID 28856 (started by 013487 in E:\javaProject\test_demo3)
13:49:21.260 [main] INFO  com.dongbao.test_demo3.RedisConnectionTest - No active profile set, falling back to 1 default profile: "default"
13:49:21.839 [main] INFO  o.s.d.r.config.RepositoryConfigurationDelegate - Multiple Spring Data modules found, entering strict repository configuration mode
13:49:21.841 [main] INFO  o.s.d.r.config.RepositoryConfigurationDelegate - Bootstrapping Spring Data Redis repositories in DEFAULT mode.
13:49:21.856 [main] INFO  o.s.d.r.config.RepositoryConfigurationDelegate - Finished Spring Data repository scanning in 7 ms. Found 0 Redis repository interfaces.
13:49:22.661 [main] WARN  c.b.mybatisplus.core.injector.DefaultSqlInjector - class com.dongbao.test_demo3.entity.AttWorkHourDay ,Not found @TableId annotation, Cannot use Mybatis-Plus 'xxById' Method.
13:49:23.636 [main] INFO  o.s.b.a.web.servlet.WelcomePageHandlerMapping - Adding welcome page: class path resource [static/index.html]
13:49:23.858 [main] WARN  o.s.b.a.t.ThymeleafAutoConfiguration$DefaultTemplateResolverConfiguration - Cannot find template location: classpath:/templates/ (please add some templates, check your Thymeleaf configuration, or set spring.thymeleaf.check-template-location=false)
13:49:23.862 [main] WARN  org.thymeleaf.templatemode.TemplateMode - [THYMELEAF][main] Template Mode 'HTML5' is deprecated. Using Template Mode 'HTML' instead.
13:49:24.350 [main] INFO  com.dongbao.test_demo3.RedisConnectionTest - Started RedisConnectionTest in 3.385 seconds (JVM running for 4.009)
13:49:24.714 [main] INFO  com.zaxxer.hikari.HikariDataSource - HikariPool-1 - Starting...
13:49:25.259 [main] INFO  com.zaxxer.hikari.HikariDataSource - HikariPool-1 - Start completed.
13:49:25.714 [SpringApplicationShutdownHook] INFO  com.zaxxer.hikari.HikariDataSource - HikariPool-1 - Shutdown initiated...
13:49:25.724 [SpringApplicationShutdownHook] INFO  com.zaxxer.hikari.HikariDataSource - HikariPool-1 - Shutdown completed.
13:49:49.467 [main] INFO  com.dongbao.test_demo3.RedisConnectionTest - Starting RedisConnectionTest using Java 1.8.0_151 on IT-013487 with PID 5068 (started by 013487 in E:\javaProject\test_demo3)
13:49:49.469 [main] INFO  com.dongbao.test_demo3.RedisConnectionTest - No active profile set, falling back to 1 default profile: "default"
13:49:49.996 [main] INFO  o.s.d.r.config.RepositoryConfigurationDelegate - Multiple Spring Data modules found, entering strict repository configuration mode
13:49:49.998 [main] INFO  o.s.d.r.config.RepositoryConfigurationDelegate - Bootstrapping Spring Data Redis repositories in DEFAULT mode.
13:49:50.023 [main] INFO  o.s.d.r.config.RepositoryConfigurationDelegate - Finished Spring Data repository scanning in 7 ms. Found 0 Redis repository interfaces.
13:49:50.790 [main] WARN  c.b.mybatisplus.core.injector.DefaultSqlInjector - class com.dongbao.test_demo3.entity.AttWorkHourDay ,Not found @TableId annotation, Cannot use Mybatis-Plus 'xxById' Method.
13:49:51.827 [main] INFO  o.s.b.a.web.servlet.WelcomePageHandlerMapping - Adding welcome page: class path resource [static/index.html]
13:49:52.044 [main] WARN  o.s.b.a.t.ThymeleafAutoConfiguration$DefaultTemplateResolverConfiguration - Cannot find template location: classpath:/templates/ (please add some templates, check your Thymeleaf configuration, or set spring.thymeleaf.check-template-location=false)
13:49:52.049 [main] WARN  org.thymeleaf.templatemode.TemplateMode - [THYMELEAF][main] Template Mode 'HTML5' is deprecated. Using Template Mode 'HTML' instead.
13:49:52.617 [main] INFO  com.dongbao.test_demo3.RedisConnectionTest - Started RedisConnectionTest in 3.433 seconds (JVM running for 4.058)
13:49:52.994 [main] INFO  com.zaxxer.hikari.HikariDataSource - HikariPool-1 - Starting...
13:49:53.677 [main] INFO  com.zaxxer.hikari.HikariDataSource - HikariPool-1 - Start completed.
13:49:54.129 [SpringApplicationShutdownHook] INFO  com.zaxxer.hikari.HikariDataSource - HikariPool-1 - Shutdown initiated...
13:49:54.140 [SpringApplicationShutdownHook] INFO  com.zaxxer.hikari.HikariDataSource - HikariPool-1 - Shutdown completed.
13:50:49.951 [main] INFO  com.dongbao.test_demo3.RedisConnectionTest - Starting RedisConnectionTest using Java 1.8.0_151 on IT-013487 with PID 31032 (started by 013487 in E:\javaProject\test_demo3)
13:50:49.952 [main] INFO  com.dongbao.test_demo3.RedisConnectionTest - No active profile set, falling back to 1 default profile: "default"
13:50:50.528 [main] INFO  o.s.d.r.config.RepositoryConfigurationDelegate - Multiple Spring Data modules found, entering strict repository configuration mode
13:50:50.531 [main] INFO  o.s.d.r.config.RepositoryConfigurationDelegate - Bootstrapping Spring Data Redis repositories in DEFAULT mode.
13:50:50.550 [main] INFO  o.s.d.r.config.RepositoryConfigurationDelegate - Finished Spring Data repository scanning in 8 ms. Found 0 Redis repository interfaces.
13:50:51.363 [main] WARN  c.b.mybatisplus.core.injector.DefaultSqlInjector - class com.dongbao.test_demo3.entity.AttWorkHourDay ,Not found @TableId annotation, Cannot use Mybatis-Plus 'xxById' Method.
13:50:52.383 [main] INFO  o.s.b.a.web.servlet.WelcomePageHandlerMapping - Adding welcome page: class path resource [static/index.html]
13:50:52.601 [main] WARN  o.s.b.a.t.ThymeleafAutoConfiguration$DefaultTemplateResolverConfiguration - Cannot find template location: classpath:/templates/ (please add some templates, check your Thymeleaf configuration, or set spring.thymeleaf.check-template-location=false)
13:50:52.603 [main] WARN  org.thymeleaf.templatemode.TemplateMode - [THYMELEAF][main] Template Mode 'HTML5' is deprecated. Using Template Mode 'HTML' instead.
13:50:53.173 [main] INFO  com.dongbao.test_demo3.RedisConnectionTest - Started RedisConnectionTest in 3.49 seconds (JVM running for 4.126)
13:50:53.528 [main] INFO  com.zaxxer.hikari.HikariDataSource - HikariPool-1 - Starting...
13:50:54.156 [main] INFO  com.zaxxer.hikari.HikariDataSource - HikariPool-1 - Start completed.
13:50:54.595 [SpringApplicationShutdownHook] INFO  com.zaxxer.hikari.HikariDataSource - HikariPool-1 - Shutdown initiated...
13:50:54.604 [SpringApplicationShutdownHook] INFO  com.zaxxer.hikari.HikariDataSource - HikariPool-1 - Shutdown completed.
13:51:18.313 [main] INFO  com.dongbao.test_demo3.RedisConnectionTest - Starting RedisConnectionTest using Java 1.8.0_151 on IT-013487 with PID 3540 (started by 013487 in E:\javaProject\test_demo3)
13:51:18.314 [main] INFO  com.dongbao.test_demo3.RedisConnectionTest - No active profile set, falling back to 1 default profile: "default"
13:51:18.827 [main] INFO  o.s.d.r.config.RepositoryConfigurationDelegate - Multiple Spring Data modules found, entering strict repository configuration mode
13:51:18.830 [main] INFO  o.s.d.r.config.RepositoryConfigurationDelegate - Bootstrapping Spring Data Redis repositories in DEFAULT mode.
13:51:18.853 [main] INFO  o.s.d.r.config.RepositoryConfigurationDelegate - Finished Spring Data repository scanning in 14 ms. Found 0 Redis repository interfaces.
13:51:19.640 [main] WARN  c.b.mybatisplus.core.injector.DefaultSqlInjector - class com.dongbao.test_demo3.entity.AttWorkHourDay ,Not found @TableId annotation, Cannot use Mybatis-Plus 'xxById' Method.
13:51:20.690 [main] INFO  o.s.b.a.web.servlet.WelcomePageHandlerMapping - Adding welcome page: class path resource [static/index.html]
13:51:20.951 [main] WARN  o.s.b.a.t.ThymeleafAutoConfiguration$DefaultTemplateResolverConfiguration - Cannot find template location: classpath:/templates/ (please add some templates, check your Thymeleaf configuration, or set spring.thymeleaf.check-template-location=false)
13:51:20.955 [main] WARN  org.thymeleaf.templatemode.TemplateMode - [THYMELEAF][main] Template Mode 'HTML5' is deprecated. Using Template Mode 'HTML' instead.
13:51:21.556 [main] INFO  com.dongbao.test_demo3.RedisConnectionTest - Started RedisConnectionTest in 3.54 seconds (JVM running for 4.194)
13:51:21.932 [main] INFO  com.zaxxer.hikari.HikariDataSource - HikariPool-1 - Starting...
13:51:22.484 [main] INFO  com.zaxxer.hikari.HikariDataSource - HikariPool-1 - Start completed.
13:51:22.919 [SpringApplicationShutdownHook] INFO  com.zaxxer.hikari.HikariDataSource - HikariPool-1 - Shutdown initiated...
13:51:22.927 [SpringApplicationShutdownHook] INFO  com.zaxxer.hikari.HikariDataSource - HikariPool-1 - Shutdown completed.
13:51:55.873 [main] INFO  com.dongbao.test_demo3.RedisConnectionTest - Starting RedisConnectionTest using Java 1.8.0_151 on IT-013487 with PID 16280 (started by 013487 in E:\javaProject\test_demo3)
13:51:55.874 [main] INFO  com.dongbao.test_demo3.RedisConnectionTest - No active profile set, falling back to 1 default profile: "default"
13:51:56.409 [main] INFO  o.s.d.r.config.RepositoryConfigurationDelegate - Multiple Spring Data modules found, entering strict repository configuration mode
13:51:56.411 [main] INFO  o.s.d.r.config.RepositoryConfigurationDelegate - Bootstrapping Spring Data Redis repositories in DEFAULT mode.
13:51:56.426 [main] INFO  o.s.d.r.config.RepositoryConfigurationDelegate - Finished Spring Data repository scanning in 6 ms. Found 0 Redis repository interfaces.
13:51:57.233 [main] WARN  c.b.mybatisplus.core.injector.DefaultSqlInjector - class com.dongbao.test_demo3.entity.AttWorkHourDay ,Not found @TableId annotation, Cannot use Mybatis-Plus 'xxById' Method.
13:51:58.370 [main] INFO  o.s.b.a.web.servlet.WelcomePageHandlerMapping - Adding welcome page: class path resource [static/index.html]
13:51:58.644 [main] WARN  o.s.b.a.t.ThymeleafAutoConfiguration$DefaultTemplateResolverConfiguration - Cannot find template location: classpath:/templates/ (please add some templates, check your Thymeleaf configuration, or set spring.thymeleaf.check-template-location=false)
13:51:58.648 [main] WARN  org.thymeleaf.templatemode.TemplateMode - [THYMELEAF][main] Template Mode 'HTML5' is deprecated. Using Template Mode 'HTML' instead.
13:51:59.168 [main] INFO  com.dongbao.test_demo3.RedisConnectionTest - Started RedisConnectionTest in 3.572 seconds (JVM running for 4.2)
13:51:59.589 [main] INFO  com.zaxxer.hikari.HikariDataSource - HikariPool-1 - Starting...
13:52:00.275 [main] INFO  com.zaxxer.hikari.HikariDataSource - HikariPool-1 - Start completed.
13:52:00.773 [SpringApplicationShutdownHook] INFO  com.zaxxer.hikari.HikariDataSource - HikariPool-1 - Shutdown initiated...
13:52:00.779 [SpringApplicationShutdownHook] INFO  com.zaxxer.hikari.HikariDataSource - HikariPool-1 - Shutdown completed.
14:22:49.942 [main] INFO  com.dongbao.test_demo3.RedisConnectionTest - Starting RedisConnectionTest using Java 1.8.0_151 on IT-013487 with PID 23484 (started by 013487 in E:\javaProject\test_demo3)
14:22:49.943 [main] INFO  com.dongbao.test_demo3.RedisConnectionTest - No active profile set, falling back to 1 default profile: "default"
14:22:50.459 [main] INFO  o.s.d.r.config.RepositoryConfigurationDelegate - Multiple Spring Data modules found, entering strict repository configuration mode
14:22:50.466 [main] INFO  o.s.d.r.config.RepositoryConfigurationDelegate - Bootstrapping Spring Data Redis repositories in DEFAULT mode.
14:22:50.483 [main] INFO  o.s.d.r.config.RepositoryConfigurationDelegate - Finished Spring Data repository scanning in 6 ms. Found 0 Redis repository interfaces.
14:22:51.314 [main] WARN  c.b.mybatisplus.core.injector.DefaultSqlInjector - class com.dongbao.test_demo3.entity.AttWorkHourDay ,Not found @TableId annotation, Cannot use Mybatis-Plus 'xxById' Method.
14:22:52.414 [main] INFO  o.s.b.a.web.servlet.WelcomePageHandlerMapping - Adding welcome page: class path resource [static/index.html]
14:22:52.623 [main] WARN  o.s.b.a.t.ThymeleafAutoConfiguration$DefaultTemplateResolverConfiguration - Cannot find template location: classpath:/templates/ (please add some templates, check your Thymeleaf configuration, or set spring.thymeleaf.check-template-location=false)
14:22:52.626 [main] WARN  org.thymeleaf.templatemode.TemplateMode - [THYMELEAF][main] Template Mode 'HTML5' is deprecated. Using Template Mode 'HTML' instead.
14:22:53.020 [main] INFO  com.dongbao.test_demo3.RedisConnectionTest - Started RedisConnectionTest in 3.355 seconds (JVM running for 4.001)
14:22:53.821 [main] INFO  c.d.test_demo3.Service.impl.EmpInfoServiceImpl - 从缓存中获取的员工信息: null
14:22:53.821 [main] INFO  c.d.test_demo3.Service.impl.EmpInfoServiceImpl - 缓存未命中，查询数据库，员工编号: 013487
14:22:53.869 [main] INFO  com.zaxxer.hikari.HikariDataSource - HikariPool-1 - Starting...
14:22:54.191 [main] INFO  com.zaxxer.hikari.HikariDataSource - HikariPool-1 - Start completed.
14:22:54.242 [main] INFO  c.d.test_demo3.Service.impl.EmpInfoServiceImpl - 从数据库中查询到的员工信息: EmpInfo(name=王浚玥, empNo=013487, isDelete=0, enableDate=Thu Sep 19 00:00:00 CST 2024, unableDate=Wed Jun 19 00:00:00 CST 8024, id=1839563230621540353)
14:22:54.267 [main] INFO  c.d.test_demo3.Service.impl.EmpInfoServiceImpl - 将员工信息缓存起来，员工编号: 013487
14:22:54.277 [SpringApplicationShutdownHook] INFO  com.zaxxer.hikari.HikariDataSource - HikariPool-1 - Shutdown initiated...
14:22:54.279 [SpringApplicationShutdownHook] INFO  com.zaxxer.hikari.HikariDataSource - HikariPool-1 - Shutdown completed.
14:23:16.030 [main] INFO  com.dongbao.test_demo3.RedisConnectionTest - Starting RedisConnectionTest using Java 1.8.0_151 on IT-013487 with PID 8508 (started by 013487 in E:\javaProject\test_demo3)
14:23:16.031 [main] INFO  com.dongbao.test_demo3.RedisConnectionTest - No active profile set, falling back to 1 default profile: "default"
14:23:16.582 [main] INFO  o.s.d.r.config.RepositoryConfigurationDelegate - Multiple Spring Data modules found, entering strict repository configuration mode
14:23:16.585 [main] INFO  o.s.d.r.config.RepositoryConfigurationDelegate - Bootstrapping Spring Data Redis repositories in DEFAULT mode.
14:23:16.604 [main] INFO  o.s.d.r.config.RepositoryConfigurationDelegate - Finished Spring Data repository scanning in 7 ms. Found 0 Redis repository interfaces.
14:23:17.420 [main] WARN  c.b.mybatisplus.core.injector.DefaultSqlInjector - class com.dongbao.test_demo3.entity.AttWorkHourDay ,Not found @TableId annotation, Cannot use Mybatis-Plus 'xxById' Method.
14:23:18.369 [main] INFO  o.s.b.a.web.servlet.WelcomePageHandlerMapping - Adding welcome page: class path resource [static/index.html]
14:23:18.543 [main] WARN  o.s.b.a.t.ThymeleafAutoConfiguration$DefaultTemplateResolverConfiguration - Cannot find template location: classpath:/templates/ (please add some templates, check your Thymeleaf configuration, or set spring.thymeleaf.check-template-location=false)
14:23:18.546 [main] WARN  org.thymeleaf.templatemode.TemplateMode - [THYMELEAF][main] Template Mode 'HTML5' is deprecated. Using Template Mode 'HTML' instead.
14:23:18.955 [main] INFO  com.dongbao.test_demo3.RedisConnectionTest - Started RedisConnectionTest in 3.211 seconds (JVM running for 3.852)
14:23:19.789 [main] INFO  c.d.test_demo3.Service.impl.EmpInfoServiceImpl - 从缓存中获取的员工信息: {name=王浚玥, empNo=013487, isDelete=0, enableDate=2024-09-19, unableDate=8024-06-19, id=1839563230621540353}
14:23:19.789 [main] INFO  c.d.test_demo3.Service.impl.EmpInfoServiceImpl - 缓存命中，员工编号: 013487
15:32:35.714 [main] INFO  com.dongbao.test_demo3.RedisConnectionTest - Starting RedisConnectionTest using Java 1.8.0_151 on IT-013487 with PID 22184 (started by 013487 in E:\javaProject\test_demo3)
15:32:35.719 [main] INFO  com.dongbao.test_demo3.RedisConnectionTest - No active profile set, falling back to 1 default profile: "default"
15:32:37.758 [main] INFO  o.s.d.r.config.RepositoryConfigurationDelegate - Multiple Spring Data modules found, entering strict repository configuration mode
15:32:37.763 [main] INFO  o.s.d.r.config.RepositoryConfigurationDelegate - Bootstrapping Spring Data Redis repositories in DEFAULT mode.
15:32:37.797 [main] INFO  o.s.d.r.config.RepositoryConfigurationDelegate - Finished Spring Data repository scanning in 12 ms. Found 0 Redis repository interfaces.
15:32:39.849 [main] WARN  c.b.mybatisplus.core.injector.DefaultSqlInjector - class com.dongbao.test_demo3.entity.AttWorkHourDay ,Not found @TableId annotation, Cannot use Mybatis-Plus 'xxById' Method.
15:32:41.812 [main] INFO  o.s.b.a.web.servlet.WelcomePageHandlerMapping - Adding welcome page: class path resource [static/index.html]
15:32:42.143 [main] WARN  o.s.b.a.t.ThymeleafAutoConfiguration$DefaultTemplateResolverConfiguration - Cannot find template location: classpath:/templates/ (please add some templates, check your Thymeleaf configuration, or set spring.thymeleaf.check-template-location=false)
15:32:42.151 [main] WARN  org.thymeleaf.templatemode.TemplateMode - [THYMELEAF][main] Template Mode 'HTML5' is deprecated. Using Template Mode 'HTML' instead.
15:32:42.904 [main] INFO  com.dongbao.test_demo3.RedisConnectionTest - Started RedisConnectionTest in 8.393 seconds (JVM running for 11.621)
15:32:49.057 [main] INFO  c.d.test_demo3.Service.impl.EmpInfoServiceImpl - 从缓存中获取的员工信息: null
15:32:49.057 [main] INFO  c.d.test_demo3.Service.impl.EmpInfoServiceImpl - 缓存未命中，查询数据库，员工编号: 013487
15:32:49.172 [main] INFO  com.zaxxer.hikari.HikariDataSource - HikariPool-1 - Starting...
15:32:49.837 [main] INFO  com.zaxxer.hikari.HikariDataSource - HikariPool-1 - Start completed.
15:32:49.921 [main] INFO  c.d.test_demo3.Service.impl.EmpInfoServiceImpl - 从数据库中查询到的员工信息: EmpInfo(name=王浚玥, empNo=013487, isDelete=0, enableDate=Thu Sep 19 00:00:00 CST 2024, unableDate=Wed Jun 19 00:00:00 CST 8024, id=1839563230621540353)
15:32:50.012 [main] INFO  c.d.test_demo3.Service.impl.EmpInfoServiceImpl - 将员工信息缓存起来，员工编号: 013487
15:32:50.055 [SpringApplicationShutdownHook] INFO  com.zaxxer.hikari.HikariDataSource - HikariPool-1 - Shutdown initiated...
15:32:50.079 [SpringApplicationShutdownHook] INFO  com.zaxxer.hikari.HikariDataSource - HikariPool-1 - Shutdown completed.
15:33:15.436 [main] INFO  com.dongbao.test_demo3.RedisConnectionTest - Starting RedisConnectionTest using Java 1.8.0_151 on IT-013487 with PID 31272 (started by 013487 in E:\javaProject\test_demo3)
15:33:15.468 [main] INFO  com.dongbao.test_demo3.RedisConnectionTest - No active profile set, falling back to 1 default profile: "default"
15:33:17.344 [main] INFO  o.s.d.r.config.RepositoryConfigurationDelegate - Multiple Spring Data modules found, entering strict repository configuration mode
15:33:17.348 [main] INFO  o.s.d.r.config.RepositoryConfigurationDelegate - Bootstrapping Spring Data Redis repositories in DEFAULT mode.
15:33:17.378 [main] INFO  o.s.d.r.config.RepositoryConfigurationDelegate - Finished Spring Data repository scanning in 10 ms. Found 0 Redis repository interfaces.
15:33:19.247 [main] WARN  c.b.mybatisplus.core.injector.DefaultSqlInjector - class com.dongbao.test_demo3.entity.AttWorkHourDay ,Not found @TableId annotation, Cannot use Mybatis-Plus 'xxById' Method.
15:33:20.913 [main] INFO  o.s.b.a.web.servlet.WelcomePageHandlerMapping - Adding welcome page: class path resource [static/index.html]
15:33:21.273 [main] WARN  o.s.b.a.t.ThymeleafAutoConfiguration$DefaultTemplateResolverConfiguration - Cannot find template location: classpath:/templates/ (please add some templates, check your Thymeleaf configuration, or set spring.thymeleaf.check-template-location=false)
15:33:21.298 [main] WARN  org.thymeleaf.templatemode.TemplateMode - [THYMELEAF][main] Template Mode 'HTML5' is deprecated. Using Template Mode 'HTML' instead.
15:33:21.975 [main] INFO  com.dongbao.test_demo3.RedisConnectionTest - Started RedisConnectionTest in 7.641 seconds (JVM running for 9.464)
15:33:32.570 [main] INFO  c.d.test_demo3.Service.impl.EmpInfoServiceImpl - 从缓存中获取的员工信息: {name=王浚玥, empNo=013487, isDelete=0, enableDate=2024-09-19, unableDate=8024-06-19, id=1839563230621540353}
15:33:38.668 [main] INFO  c.d.test_demo3.Service.impl.EmpInfoServiceImpl - 缓存命中，员工编号: 013487
15:38:53.079 [main] INFO  com.dongbao.test_demo3.RedisConnectionTest - Starting RedisConnectionTest using Java 1.8.0_151 on IT-013487 with PID 10612 (started by 013487 in E:\javaProject\test_demo3)
15:38:53.091 [main] INFO  com.dongbao.test_demo3.RedisConnectionTest - No active profile set, falling back to 1 default profile: "default"
15:38:54.934 [main] INFO  o.s.d.r.config.RepositoryConfigurationDelegate - Multiple Spring Data modules found, entering strict repository configuration mode
15:38:54.938 [main] INFO  o.s.d.r.config.RepositoryConfigurationDelegate - Bootstrapping Spring Data Redis repositories in DEFAULT mode.
15:38:54.969 [main] INFO  o.s.d.r.config.RepositoryConfigurationDelegate - Finished Spring Data repository scanning in 10 ms. Found 0 Redis repository interfaces.
15:38:56.880 [main] WARN  c.b.mybatisplus.core.injector.DefaultSqlInjector - class com.dongbao.test_demo3.entity.AttWorkHourDay ,Not found @TableId annotation, Cannot use Mybatis-Plus 'xxById' Method.
15:38:58.052 [main] INFO  o.s.b.a.web.servlet.WelcomePageHandlerMapping - Adding welcome page: class path resource [static/index.html]
15:38:58.400 [main] WARN  o.s.b.a.t.ThymeleafAutoConfiguration$DefaultTemplateResolverConfiguration - Cannot find template location: classpath:/templates/ (please add some templates, check your Thymeleaf configuration, or set spring.thymeleaf.check-template-location=false)
15:38:58.407 [main] WARN  org.thymeleaf.templatemode.TemplateMode - [THYMELEAF][main] Template Mode 'HTML5' is deprecated. Using Template Mode 'HTML' instead.
15:38:59.108 [main] INFO  com.dongbao.test_demo3.RedisConnectionTest - Started RedisConnectionTest in 7.1 seconds (JVM running for 8.946)
15:39:03.865 [main] INFO  c.d.test_demo3.Service.impl.EmpInfoServiceImpl - 从缓存中获取的员工信息: EmpInfo(name=王浚玥, empNo=013487, isDelete=0, enableDate=Thu Sep 19 00:00:00 CST 2024, unableDate=Wed Jun 19 00:00:00 CST 8024, id=1839563230621540353)
15:39:04.849 [main] INFO  c.d.test_demo3.Service.impl.EmpInfoServiceImpl - 缓存命中，员工编号: 013487
16:28:40.975 [restartedMain] INFO  com.dongbao.test_demo3.TestDemo3Application - Starting TestDemo3Application using Java 1.8.0_151 on IT-013487 with PID 22460 (E:\javaProject\test_demo3\target\classes started by 013487 in E:\javaProject\test_demo3)
16:28:40.976 [restartedMain] INFO  com.dongbao.test_demo3.TestDemo3Application - No active profile set, falling back to 1 default profile: "default"
16:28:41.003 [restartedMain] INFO  o.s.b.d.env.DevToolsPropertyDefaultsPostProcessor - For additional web related logging consider setting the 'logging.level.web' property to 'DEBUG'
16:28:41.422 [restartedMain] INFO  o.s.d.r.config.RepositoryConfigurationDelegate - Multiple Spring Data modules found, entering strict repository configuration mode
16:28:41.423 [restartedMain] INFO  o.s.d.r.config.RepositoryConfigurationDelegate - Bootstrapping Spring Data Redis repositories in DEFAULT mode.
16:28:41.438 [restartedMain] INFO  o.s.d.r.config.RepositoryConfigurationDelegate - Finished Spring Data repository scanning in 6 ms. Found 0 Redis repository interfaces.
16:28:41.745 [restartedMain] INFO  o.s.boot.web.embedded.tomcat.TomcatWebServer - Tomcat initialized with port(s): 8082 (http)
16:28:41.752 [restartedMain] INFO  org.apache.coyote.http11.Http11NioProtocol - Initializing ProtocolHandler ["http-nio-8082"]
16:28:41.752 [restartedMain] INFO  org.apache.catalina.core.StandardService - Starting service [Tomcat]
16:28:41.752 [restartedMain] INFO  org.apache.catalina.core.StandardEngine - Starting Servlet engine: [Apache Tomcat/9.0.69]
16:28:41.827 [restartedMain] INFO  o.a.c.core.ContainerBase.[Tomcat].[localhost].[/] - Initializing Spring embedded WebApplicationContext
16:28:41.827 [restartedMain] INFO  o.s.b.w.s.c.ServletWebServerApplicationContext - Root WebApplicationContext: initialization completed in 824 ms
16:28:42.200 [restartedMain] WARN  c.b.mybatisplus.core.injector.DefaultSqlInjector - class com.dongbao.test_demo3.entity.AttWorkHourDay ,Not found @TableId annotation, Cannot use Mybatis-Plus 'xxById' Method.
16:28:42.454 [restartedMain] INFO  o.s.b.a.web.servlet.WelcomePageHandlerMapping - Adding welcome page: class path resource [static/index.html]
16:28:42.514 [restartedMain] WARN  o.s.b.a.t.ThymeleafAutoConfiguration$DefaultTemplateResolverConfiguration - Cannot find template location: classpath:/templates/ (please add some templates, check your Thymeleaf configuration, or set spring.thymeleaf.check-template-location=false)
16:28:42.515 [restartedMain] WARN  org.thymeleaf.templatemode.TemplateMode - [THYMELEAF][restartedMain] Template Mode 'HTML5' is deprecated. Using Template Mode 'HTML' instead.
16:28:42.665 [restartedMain] INFO  o.s.b.d.autoconfigure.OptionalLiveReloadServer - LiveReload server is running on port 35729
16:28:42.679 [restartedMain] INFO  org.apache.coyote.http11.Http11NioProtocol - Starting ProtocolHandler ["http-nio-8082"]
16:28:42.690 [restartedMain] INFO  o.s.boot.web.embedded.tomcat.TomcatWebServer - Tomcat started on port(s): 8082 (http) with context path ''
16:28:42.698 [restartedMain] INFO  com.dongbao.test_demo3.TestDemo3Application - Started TestDemo3Application in 1.971 seconds (JVM running for 2.427)
16:29:20.288 [restartedMain] INFO  com.dongbao.test_demo3.TestDemo3Application - Starting TestDemo3Application using Java 1.8.0_151 on IT-013487 with PID 7712 (E:\javaProject\test_demo3\target\classes started by 013487 in E:\javaProject\test_demo3)
16:29:20.289 [restartedMain] INFO  com.dongbao.test_demo3.TestDemo3Application - No active profile set, falling back to 1 default profile: "default"
16:29:20.319 [restartedMain] INFO  o.s.b.d.env.DevToolsPropertyDefaultsPostProcessor - For additional web related logging consider setting the 'logging.level.web' property to 'DEBUG'
16:29:20.779 [restartedMain] INFO  o.s.d.r.config.RepositoryConfigurationDelegate - Multiple Spring Data modules found, entering strict repository configuration mode
16:29:20.780 [restartedMain] INFO  o.s.d.r.config.RepositoryConfigurationDelegate - Bootstrapping Spring Data Redis repositories in DEFAULT mode.
16:29:20.796 [restartedMain] INFO  o.s.d.r.config.RepositoryConfigurationDelegate - Finished Spring Data repository scanning in 6 ms. Found 0 Redis repository interfaces.
16:29:21.085 [restartedMain] INFO  o.s.boot.web.embedded.tomcat.TomcatWebServer - Tomcat initialized with port(s): 8080 (http)
16:29:21.090 [restartedMain] INFO  org.apache.coyote.http11.Http11NioProtocol - Initializing ProtocolHandler ["http-nio-8080"]
16:29:21.090 [restartedMain] INFO  org.apache.catalina.core.StandardService - Starting service [Tomcat]
16:29:21.090 [restartedMain] INFO  org.apache.catalina.core.StandardEngine - Starting Servlet engine: [Apache Tomcat/9.0.69]
16:29:21.194 [restartedMain] INFO  o.a.c.core.ContainerBase.[Tomcat].[localhost].[/] - Initializing Spring embedded WebApplicationContext
16:29:21.194 [restartedMain] INFO  o.s.b.w.s.c.ServletWebServerApplicationContext - Root WebApplicationContext: initialization completed in 874 ms
16:29:21.515 [restartedMain] WARN  c.b.mybatisplus.core.injector.DefaultSqlInjector - class com.dongbao.test_demo3.entity.AttWorkHourDay ,Not found @TableId annotation, Cannot use Mybatis-Plus 'xxById' Method.
16:29:21.795 [restartedMain] INFO  o.s.b.a.web.servlet.WelcomePageHandlerMapping - Adding welcome page: class path resource [static/index.html]
16:29:21.851 [restartedMain] WARN  o.s.b.a.t.ThymeleafAutoConfiguration$DefaultTemplateResolverConfiguration - Cannot find template location: classpath:/templates/ (please add some templates, check your Thymeleaf configuration, or set spring.thymeleaf.check-template-location=false)
16:29:21.851 [restartedMain] WARN  org.thymeleaf.templatemode.TemplateMode - [THYMELEAF][restartedMain] Template Mode 'HTML5' is deprecated. Using Template Mode 'HTML' instead.
16:29:21.978 [restartedMain] INFO  o.s.b.d.autoconfigure.OptionalLiveReloadServer - LiveReload server is running on port 35729
16:29:21.991 [restartedMain] INFO  org.apache.coyote.http11.Http11NioProtocol - Starting ProtocolHandler ["http-nio-8080"]
16:29:22.006 [restartedMain] INFO  o.s.boot.web.embedded.tomcat.TomcatWebServer - Tomcat started on port(s): 8080 (http) with context path ''
16:29:22.020 [restartedMain] INFO  com.dongbao.test_demo3.TestDemo3Application - Started TestDemo3Application in 1.962 seconds (JVM running for 2.366)
16:29:24.199 [http-nio-8080-exec-1] INFO  o.a.c.core.ContainerBase.[Tomcat].[localhost].[/] - Initializing Spring DispatcherServlet 'dispatcherServlet'
16:29:24.200 [http-nio-8080-exec-1] INFO  org.springframework.web.servlet.DispatcherServlet - Initializing Servlet 'dispatcherServlet'
16:29:24.201 [http-nio-8080-exec-1] INFO  org.springframework.web.servlet.DispatcherServlet - Completed initialization in 1 ms
16:29:24.275 [http-nio-8080-exec-1] INFO  com.zaxxer.hikari.HikariDataSource - HikariPool-1 - Starting...
16:29:24.489 [http-nio-8080-exec-1] INFO  com.zaxxer.hikari.HikariDataSource - HikariPool-1 - Start completed.
16:31:31.855 [http-nio-8080-exec-9] WARN  c.d.t.CacheService.AttWorkHourDayCacheService - 未知的缓存数据类型: java.util.ArrayList
16:31:33.393 [File Watcher] INFO  o.s.b.d.a.LocalDevToolsAutoConfiguration$RestartingClassPathChangeChangedEventListener - Restarting due to 1 class path change (0 additions, 1 deletion, 0 modifications)
16:31:33.438 [Thread-9] INFO  org.apache.coyote.http11.Http11NioProtocol - Pausing ProtocolHandler ["http-nio-8080"]
16:31:33.439 [Thread-9] INFO  org.apache.catalina.core.StandardService - Stopping service [Tomcat]
16:31:33.440 [Thread-9] INFO  o.a.c.core.ContainerBase.[Tomcat].[localhost].[/] - Destroying Spring FrameworkServlet 'dispatcherServlet'
16:31:33.447 [Thread-9] WARN  org.apache.catalina.loader.WebappClassLoaderBase - The web application [ROOT] appears to have started a thread named [HikariPool-1 housekeeper] but has failed to stop it. This is very likely to create a memory leak. Stack trace of thread:
 sun.misc.Unsafe.park(Native Method)
 java.util.concurrent.locks.LockSupport.parkNanos(LockSupport.java:215)
 java.util.concurrent.locks.AbstractQueuedSynchronizer$ConditionObject.awaitNanos(AbstractQueuedSynchronizer.java:2078)
 java.util.concurrent.ScheduledThreadPoolExecutor$DelayedWorkQueue.take(ScheduledThreadPoolExecutor.java:1093)
 java.util.concurrent.ScheduledThreadPoolExecutor$DelayedWorkQueue.take(ScheduledThreadPoolExecutor.java:809)
 java.util.concurrent.ThreadPoolExecutor.getTask(ThreadPoolExecutor.java:1074)
 java.util.concurrent.ThreadPoolExecutor.runWorker(ThreadPoolExecutor.java:1134)
 java.util.concurrent.ThreadPoolExecutor$Worker.run(ThreadPoolExecutor.java:624)
 java.lang.Thread.run(Thread.java:748)
16:31:33.448 [Thread-9] WARN  org.apache.catalina.loader.WebappClassLoaderBase - The web application [ROOT] appears to have started a thread named [lettuce-nioEventLoop-4-1] but has failed to stop it. This is very likely to create a memory leak. Stack trace of thread:
 sun.nio.ch.WindowsSelectorImpl$SubSelector.poll0(Native Method)
 sun.nio.ch.WindowsSelectorImpl$SubSelector.poll(WindowsSelectorImpl.java:296)
 sun.nio.ch.WindowsSelectorImpl$SubSelector.access$400(WindowsSelectorImpl.java:278)
 sun.nio.ch.WindowsSelectorImpl.doSelect(WindowsSelectorImpl.java:159)
 sun.nio.ch.SelectorImpl.lockAndDoSelect(SelectorImpl.java:86)
 sun.nio.ch.SelectorImpl.select(SelectorImpl.java:97)
 sun.nio.ch.SelectorImpl.select(SelectorImpl.java:101)
 io.netty.channel.nio.SelectedSelectionKeySetSelector.select(SelectedSelectionKeySetSelector.java:68)
 io.netty.channel.nio.NioEventLoop.select(NioEventLoop.java:879)
 io.netty.channel.nio.NioEventLoop.run(NioEventLoop.java:526)
 io.netty.util.concurrent.SingleThreadEventExecutor$4.run(SingleThreadEventExecutor.java:997)
 io.netty.util.internal.ThreadExecutorMap$2.run(ThreadExecutorMap.java:74)
 io.netty.util.concurrent.FastThreadLocalRunnable.run(FastThreadLocalRunnable.java:30)
 java.lang.Thread.run(Thread.java:748)
16:31:33.449 [Thread-9] WARN  org.apache.catalina.loader.WebappClassLoaderBase - The web application [ROOT] appears to have started a thread named [lettuce-eventExecutorLoop-1-1] but has failed to stop it. This is very likely to create a memory leak. Stack trace of thread:
 sun.misc.Unsafe.park(Native Method)
 java.util.concurrent.locks.LockSupport.park(LockSupport.java:175)
 java.util.concurrent.locks.AbstractQueuedSynchronizer$ConditionObject.await(AbstractQueuedSynchronizer.java:2039)
 java.util.concurrent.LinkedBlockingQueue.take(LinkedBlockingQueue.java:442)
 io.netty.util.concurrent.SingleThreadEventExecutor.takeTask(SingleThreadEventExecutor.java:244)
 io.netty.util.concurrent.DefaultEventExecutor.run(DefaultEventExecutor.java:64)
 io.netty.util.concurrent.SingleThreadEventExecutor$4.run(SingleThreadEventExecutor.java:997)
 io.netty.util.internal.ThreadExecutorMap$2.run(ThreadExecutorMap.java:74)
 io.netty.util.concurrent.FastThreadLocalRunnable.run(FastThreadLocalRunnable.java:30)
 java.lang.Thread.run(Thread.java:748)
16:31:33.449 [Thread-9] WARN  org.apache.catalina.loader.WebappClassLoaderBase - The web application [ROOT] appears to have started a thread named [lettuce-eventExecutorLoop-1-2] but has failed to stop it. This is very likely to create a memory leak. Stack trace of thread:
 sun.misc.Unsafe.park(Native Method)
 java.util.concurrent.locks.LockSupport.park(LockSupport.java:175)
 java.util.concurrent.locks.AbstractQueuedSynchronizer$ConditionObject.await(AbstractQueuedSynchronizer.java:2039)
 java.util.concurrent.LinkedBlockingQueue.take(LinkedBlockingQueue.java:442)
 io.netty.util.concurrent.SingleThreadEventExecutor.takeTask(SingleThreadEventExecutor.java:244)
 io.netty.util.concurrent.DefaultEventExecutor.run(DefaultEventExecutor.java:64)
 io.netty.util.concurrent.SingleThreadEventExecutor$4.run(SingleThreadEventExecutor.java:997)
 io.netty.util.internal.ThreadExecutorMap$2.run(ThreadExecutorMap.java:74)
 io.netty.util.concurrent.FastThreadLocalRunnable.run(FastThreadLocalRunnable.java:30)
 java.lang.Thread.run(Thread.java:748)
16:31:33.450 [Thread-9] WARN  org.apache.catalina.loader.WebappClassLoaderBase - The web application [ROOT] appears to have started a thread named [lettuce-eventExecutorLoop-1-3] but has failed to stop it. This is very likely to create a memory leak. Stack trace of thread:
 sun.misc.Unsafe.park(Native Method)
 java.util.concurrent.locks.LockSupport.park(LockSupport.java:175)
 java.util.concurrent.locks.AbstractQueuedSynchronizer$ConditionObject.await(AbstractQueuedSynchronizer.java:2039)
 java.util.concurrent.LinkedBlockingQueue.take(LinkedBlockingQueue.java:442)
 io.netty.util.concurrent.SingleThreadEventExecutor.takeTask(SingleThreadEventExecutor.java:244)
 io.netty.util.concurrent.DefaultEventExecutor.run(DefaultEventExecutor.java:64)
 io.netty.util.concurrent.SingleThreadEventExecutor$4.run(SingleThreadEventExecutor.java:997)
 io.netty.util.internal.ThreadExecutorMap$2.run(ThreadExecutorMap.java:74)
 io.netty.util.concurrent.FastThreadLocalRunnable.run(FastThreadLocalRunnable.java:30)
 java.lang.Thread.run(Thread.java:748)
16:31:33.450 [Thread-9] WARN  org.apache.catalina.loader.WebappClassLoaderBase - The web application [ROOT] appears to have started a thread named [lettuce-eventExecutorLoop-1-4] but has failed to stop it. This is very likely to create a memory leak. Stack trace of thread:
 sun.misc.Unsafe.park(Native Method)
 java.util.concurrent.locks.LockSupport.park(LockSupport.java:175)
 java.util.concurrent.locks.AbstractQueuedSynchronizer$ConditionObject.await(AbstractQueuedSynchronizer.java:2039)
 java.util.concurrent.LinkedBlockingQueue.take(LinkedBlockingQueue.java:442)
 io.netty.util.concurrent.SingleThreadEventExecutor.takeTask(SingleThreadEventExecutor.java:244)
 io.netty.util.concurrent.DefaultEventExecutor.run(DefaultEventExecutor.java:64)
 io.netty.util.concurrent.SingleThreadEventExecutor$4.run(SingleThreadEventExecutor.java:997)
 io.netty.util.internal.ThreadExecutorMap$2.run(ThreadExecutorMap.java:74)
 io.netty.util.concurrent.FastThreadLocalRunnable.run(FastThreadLocalRunnable.java:30)
 java.lang.Thread.run(Thread.java:748)
16:31:33.450 [Thread-9] WARN  org.apache.catalina.loader.WebappClassLoaderBase - The web application [ROOT] appears to have started a thread named [lettuce-eventExecutorLoop-1-5] but has failed to stop it. This is very likely to create a memory leak. Stack trace of thread:
 sun.misc.Unsafe.park(Native Method)
 java.util.concurrent.locks.LockSupport.park(LockSupport.java:175)
 java.util.concurrent.locks.AbstractQueuedSynchronizer$ConditionObject.await(AbstractQueuedSynchronizer.java:2039)
 java.util.concurrent.LinkedBlockingQueue.take(LinkedBlockingQueue.java:442)
 io.netty.util.concurrent.SingleThreadEventExecutor.takeTask(SingleThreadEventExecutor.java:244)
 io.netty.util.concurrent.DefaultEventExecutor.run(DefaultEventExecutor.java:64)
 io.netty.util.concurrent.SingleThreadEventExecutor$4.run(SingleThreadEventExecutor.java:997)
 io.netty.util.internal.ThreadExecutorMap$2.run(ThreadExecutorMap.java:74)
 io.netty.util.concurrent.FastThreadLocalRunnable.run(FastThreadLocalRunnable.java:30)
 java.lang.Thread.run(Thread.java:748)
16:31:33.450 [Thread-9] WARN  org.apache.catalina.loader.WebappClassLoaderBase - The web application [ROOT] appears to have started a thread named [lettuce-eventExecutorLoop-1-6] but has failed to stop it. This is very likely to create a memory leak. Stack trace of thread:
 sun.misc.Unsafe.park(Native Method)
 java.util.concurrent.locks.LockSupport.park(LockSupport.java:175)
 java.util.concurrent.locks.AbstractQueuedSynchronizer$ConditionObject.await(AbstractQueuedSynchronizer.java:2039)
 java.util.concurrent.LinkedBlockingQueue.take(LinkedBlockingQueue.java:442)
 io.netty.util.concurrent.SingleThreadEventExecutor.takeTask(SingleThreadEventExecutor.java:244)
 io.netty.util.concurrent.DefaultEventExecutor.run(DefaultEventExecutor.java:64)
 io.netty.util.concurrent.SingleThreadEventExecutor$4.run(SingleThreadEventExecutor.java:997)
 io.netty.util.internal.ThreadExecutorMap$2.run(ThreadExecutorMap.java:74)
 io.netty.util.concurrent.FastThreadLocalRunnable.run(FastThreadLocalRunnable.java:30)
 java.lang.Thread.run(Thread.java:748)
16:31:33.452 [Thread-9] INFO  org.apache.coyote.http11.Http11NioProtocol - Stopping ProtocolHandler ["http-nio-8080"]
16:31:33.457 [Thread-9] INFO  org.apache.coyote.http11.Http11NioProtocol - Destroying ProtocolHandler ["http-nio-8080"]
16:31:33.461 [Thread-9] INFO  com.zaxxer.hikari.HikariDataSource - HikariPool-1 - Shutdown initiated...
16:31:33.472 [Thread-9] INFO  com.zaxxer.hikari.HikariDataSource - HikariPool-1 - Shutdown completed.
16:31:33.880 [restartedMain] INFO  com.dongbao.test_demo3.TestDemo3Application - Starting TestDemo3Application using Java 1.8.0_151 on IT-013487 with PID 7712 (E:\javaProject\test_demo3\target\classes started by 013487 in E:\javaProject\test_demo3)
16:31:33.881 [restartedMain] INFO  com.dongbao.test_demo3.TestDemo3Application - No active profile set, falling back to 1 default profile: "default"
16:31:34.035 [restartedMain] INFO  o.s.d.r.config.RepositoryConfigurationDelegate - Multiple Spring Data modules found, entering strict repository configuration mode
16:31:34.036 [restartedMain] INFO  o.s.d.r.config.RepositoryConfigurationDelegate - Bootstrapping Spring Data Redis repositories in DEFAULT mode.
16:31:34.039 [restartedMain] INFO  o.s.d.r.config.RepositoryConfigurationDelegate - Finished Spring Data repository scanning in 3 ms. Found 0 Redis repository interfaces.
16:31:34.077 [restartedMain] INFO  o.s.boot.web.embedded.tomcat.TomcatWebServer - Tomcat initialized with port(s): 8080 (http)
16:31:34.078 [restartedMain] INFO  org.apache.coyote.http11.Http11NioProtocol - Initializing ProtocolHandler ["http-nio-8080"]
16:31:34.078 [restartedMain] INFO  org.apache.catalina.core.StandardService - Starting service [Tomcat]
16:31:34.078 [restartedMain] INFO  org.apache.catalina.core.StandardEngine - Starting Servlet engine: [Apache Tomcat/9.0.69]
16:31:34.091 [restartedMain] INFO  o.a.c.core.ContainerBase.[Tomcat].[localhost].[/] - Initializing Spring embedded WebApplicationContext
16:31:34.092 [restartedMain] INFO  o.s.b.w.s.c.ServletWebServerApplicationContext - Root WebApplicationContext: initialization completed in 206 ms
16:31:34.225 [restartedMain] WARN  o.s.b.w.s.c.AnnotationConfigServletWebServerApplicationContext - Exception encountered during context initialization - cancelling refresh attempt: org.springframework.beans.factory.UnsatisfiedDependencyException: Error creating bean with name 'helloController': Unsatisfied dependency expressed through field 'attWorkHourDayService'; nested exception is org.springframework.beans.factory.NoSuchBeanDefinitionException: No qualifying bean of type 'com.dongbao.test_demo3.Service.AttWorkHourDayService' available: expected at least 1 bean which qualifies as autowire candidate. Dependency annotations: {@org.springframework.beans.factory.annotation.Autowired(required=true)}
16:31:34.228 [restartedMain] INFO  org.apache.catalina.core.StandardService - Stopping service [Tomcat]
16:31:34.233 [restartedMain] INFO  o.s.b.a.l.ConditionEvaluationReportLoggingListener - 

Error starting ApplicationContext. To display the conditions report re-run your application with 'debug' enabled.
16:31:34.253 [restartedMain] ERROR o.s.b.diagnostics.LoggingFailureAnalysisReporter - 

***************************
APPLICATION FAILED TO START
***************************

Description:

Field attWorkHourDayService in com.dongbao.test_demo3.controller.HelloController required a bean of type 'com.dongbao.test_demo3.Service.AttWorkHourDayService' that could not be found.

The injection point has the following annotations:
	- @org.springframework.beans.factory.annotation.Autowired(required=true)


Action:

Consider defining a bean of type 'com.dongbao.test_demo3.Service.AttWorkHourDayService' in your configuration.

16:31:37.732 [restartedMain] INFO  com.dongbao.test_demo3.TestDemo3Application - Starting TestDemo3Application using Java 1.8.0_151 on IT-013487 with PID 7712 (E:\javaProject\test_demo3\target\classes started by 013487 in E:\javaProject\test_demo3)
16:31:37.732 [restartedMain] INFO  com.dongbao.test_demo3.TestDemo3Application - No active profile set, falling back to 1 default profile: "default"
16:31:37.858 [restartedMain] INFO  o.s.d.r.config.RepositoryConfigurationDelegate - Multiple Spring Data modules found, entering strict repository configuration mode
16:31:37.859 [restartedMain] INFO  o.s.d.r.config.RepositoryConfigurationDelegate - Bootstrapping Spring Data Redis repositories in DEFAULT mode.
16:31:37.863 [restartedMain] INFO  o.s.d.r.config.RepositoryConfigurationDelegate - Finished Spring Data repository scanning in 3 ms. Found 0 Redis repository interfaces.
16:31:37.897 [restartedMain] INFO  o.s.boot.web.embedded.tomcat.TomcatWebServer - Tomcat initialized with port(s): 8080 (http)
16:31:37.897 [restartedMain] INFO  org.apache.coyote.http11.Http11NioProtocol - Initializing ProtocolHandler ["http-nio-8080"]
16:31:37.897 [restartedMain] INFO  org.apache.catalina.core.StandardService - Starting service [Tomcat]
16:31:37.897 [restartedMain] INFO  org.apache.catalina.core.StandardEngine - Starting Servlet engine: [Apache Tomcat/9.0.69]
16:31:37.907 [restartedMain] INFO  o.a.c.c.ContainerBase.[Tomcat-1].[localhost].[/] - Initializing Spring embedded WebApplicationContext
16:31:37.908 [restartedMain] INFO  o.s.b.w.s.c.ServletWebServerApplicationContext - Root WebApplicationContext: initialization completed in 175 ms
16:31:38.059 [restartedMain] INFO  o.s.b.a.web.servlet.WelcomePageHandlerMapping - Adding welcome page: class path resource [static/index.html]
16:31:38.079 [restartedMain] WARN  o.s.b.a.t.ThymeleafAutoConfiguration$DefaultTemplateResolverConfiguration - Cannot find template location: classpath:/templates/ (please add some templates, check your Thymeleaf configuration, or set spring.thymeleaf.check-template-location=false)
16:31:38.079 [restartedMain] WARN  org.thymeleaf.templatemode.TemplateMode - [THYMELEAF][restartedMain] Template Mode 'HTML5' is deprecated. Using Template Mode 'HTML' instead.
16:31:38.112 [restartedMain] INFO  o.s.b.d.autoconfigure.OptionalLiveReloadServer - LiveReload server is running on port 35729
16:31:38.118 [restartedMain] INFO  org.apache.coyote.http11.Http11NioProtocol - Starting ProtocolHandler ["http-nio-8080"]
16:31:38.120 [restartedMain] INFO  o.s.boot.web.embedded.tomcat.TomcatWebServer - Tomcat started on port(s): 8080 (http) with context path ''
16:31:38.124 [restartedMain] INFO  com.dongbao.test_demo3.TestDemo3Application - Started TestDemo3Application in 0.413 seconds (JVM running for 138.466)
16:31:38.126 [restartedMain] INFO  o.s.b.d.a.ConditionEvaluationDeltaLoggingListener - Condition evaluation unchanged
16:31:59.517 [http-nio-8080-exec-2] INFO  o.a.c.c.ContainerBase.[Tomcat-1].[localhost].[/] - Initializing Spring DispatcherServlet 'dispatcherServlet'
16:31:59.517 [http-nio-8080-exec-2] INFO  org.springframework.web.servlet.DispatcherServlet - Initializing Servlet 'dispatcherServlet'
16:31:59.518 [http-nio-8080-exec-2] INFO  org.springframework.web.servlet.DispatcherServlet - Completed initialization in 1 ms
16:31:59.588 [http-nio-8080-exec-2] WARN  c.d.t.CacheService.AttWorkHourDayCacheService - 未知的缓存数据类型: java.util.ArrayList
16:31:59.588 [http-nio-8080-exec-2] INFO  c.d.t.Service.impl.AttWorkHourDayServiceImpl - 从数据库中获取考勤日工时数据
16:31:59.591 [http-nio-8080-exec-2] INFO  com.zaxxer.hikari.HikariDataSource - HikariPool-2 - Starting...
16:31:59.624 [http-nio-8080-exec-2] INFO  com.zaxxer.hikari.HikariDataSource - HikariPool-2 - Start completed.
16:32:00.878 [http-nio-8080-exec-2] INFO  c.d.t.Service.impl.AttWorkHourDayServiceImpl - 将考勤日工时数据缓存起来
16:32:09.600 [http-nio-8080-exec-10] WARN  c.d.t.CacheService.AttWorkHourDayCacheService - 未知的缓存数据类型: java.util.ArrayList
16:32:09.601 [http-nio-8080-exec-10] INFO  c.d.t.Service.impl.AttWorkHourDayServiceImpl - 从数据库中获取考勤日工时数据
16:32:11.000 [http-nio-8080-exec-10] INFO  c.d.t.Service.impl.AttWorkHourDayServiceImpl - 将考勤日工时数据缓存起来
16:33:04.546 [http-nio-8080-exec-7] WARN  c.d.t.CacheService.AttWorkHourDayCacheService - 未知的缓存数据类型: java.util.ArrayList
16:33:04.547 [http-nio-8080-exec-7] INFO  c.d.t.Service.impl.AttWorkHourDayServiceImpl - 从数据库中获取考勤日工时数据
16:33:05.600 [http-nio-8080-exec-7] INFO  c.d.t.Service.impl.AttWorkHourDayServiceImpl - 将考勤日工时数据缓存起来
16:33:05.728 [File Watcher] INFO  o.s.b.d.a.LocalDevToolsAutoConfiguration$RestartingClassPathChangeChangedEventListener - Restarting due to 1 class path change (0 additions, 1 deletion, 0 modifications)
16:33:05.779 [Thread-15] INFO  org.apache.coyote.http11.Http11NioProtocol - Pausing ProtocolHandler ["http-nio-8080"]
16:33:05.780 [Thread-15] INFO  org.apache.catalina.core.StandardService - Stopping service [Tomcat]
16:33:05.781 [Thread-15] INFO  org.apache.catalina.core.StandardWrapper - Waiting for [1] instance(s) to be deallocated for Servlet [dispatcherServlet]
16:33:05.882 [Thread-15] INFO  o.a.c.c.ContainerBase.[Tomcat-1].[localhost].[/] - Destroying Spring FrameworkServlet 'dispatcherServlet'
16:33:05.886 [Thread-15] WARN  org.apache.catalina.loader.WebappClassLoaderBase - The web application [ROOT] appears to have started a thread named [lettuce-nioEventLoop-9-1] but has failed to stop it. This is very likely to create a memory leak. Stack trace of thread:
 sun.nio.ch.WindowsSelectorImpl$SubSelector.poll0(Native Method)
 sun.nio.ch.WindowsSelectorImpl$SubSelector.poll(WindowsSelectorImpl.java:296)
 sun.nio.ch.WindowsSelectorImpl$SubSelector.access$400(WindowsSelectorImpl.java:278)
 sun.nio.ch.WindowsSelectorImpl.doSelect(WindowsSelectorImpl.java:159)
 sun.nio.ch.SelectorImpl.lockAndDoSelect(SelectorImpl.java:86)
 sun.nio.ch.SelectorImpl.select(SelectorImpl.java:97)
 sun.nio.ch.SelectorImpl.select(SelectorImpl.java:101)
 io.netty.channel.nio.SelectedSelectionKeySetSelector.select(SelectedSelectionKeySetSelector.java:68)
 io.netty.channel.nio.NioEventLoop.select(NioEventLoop.java:879)
 io.netty.channel.nio.NioEventLoop.run(NioEventLoop.java:526)
 io.netty.util.concurrent.SingleThreadEventExecutor$4.run(SingleThreadEventExecutor.java:997)
 io.netty.util.internal.ThreadExecutorMap$2.run(ThreadExecutorMap.java:74)
 io.netty.util.concurrent.FastThreadLocalRunnable.run(FastThreadLocalRunnable.java:30)
 java.lang.Thread.run(Thread.java:748)
16:33:05.887 [Thread-15] WARN  org.apache.catalina.loader.WebappClassLoaderBase - The web application [ROOT] appears to have started a thread named [lettuce-eventExecutorLoop-7-1] but has failed to stop it. This is very likely to create a memory leak. Stack trace of thread:
 sun.misc.Unsafe.park(Native Method)
 java.util.concurrent.locks.LockSupport.park(LockSupport.java:175)
 java.util.concurrent.locks.AbstractQueuedSynchronizer$ConditionObject.await(AbstractQueuedSynchronizer.java:2039)
 java.util.concurrent.LinkedBlockingQueue.take(LinkedBlockingQueue.java:442)
 io.netty.util.concurrent.SingleThreadEventExecutor.takeTask(SingleThreadEventExecutor.java:244)
 io.netty.util.concurrent.DefaultEventExecutor.run(DefaultEventExecutor.java:64)
 io.netty.util.concurrent.SingleThreadEventExecutor$4.run(SingleThreadEventExecutor.java:997)
 io.netty.util.internal.ThreadExecutorMap$2.run(ThreadExecutorMap.java:74)
 io.netty.util.concurrent.FastThreadLocalRunnable.run(FastThreadLocalRunnable.java:30)
 java.lang.Thread.run(Thread.java:748)
16:33:05.888 [Thread-15] WARN  org.apache.catalina.loader.WebappClassLoaderBase - The web application [ROOT] appears to have started a thread named [HikariPool-2 housekeeper] but has failed to stop it. This is very likely to create a memory leak. Stack trace of thread:
 sun.misc.Unsafe.park(Native Method)
 java.util.concurrent.locks.LockSupport.parkNanos(LockSupport.java:215)
 java.util.concurrent.locks.AbstractQueuedSynchronizer$ConditionObject.awaitNanos(AbstractQueuedSynchronizer.java:2078)
 java.util.concurrent.ScheduledThreadPoolExecutor$DelayedWorkQueue.take(ScheduledThreadPoolExecutor.java:1093)
 java.util.concurrent.ScheduledThreadPoolExecutor$DelayedWorkQueue.take(ScheduledThreadPoolExecutor.java:809)
 java.util.concurrent.ThreadPoolExecutor.getTask(ThreadPoolExecutor.java:1074)
 java.util.concurrent.ThreadPoolExecutor.runWorker(ThreadPoolExecutor.java:1134)
 java.util.concurrent.ThreadPoolExecutor$Worker.run(ThreadPoolExecutor.java:624)
 java.lang.Thread.run(Thread.java:748)
16:33:05.888 [Thread-15] WARN  org.apache.catalina.loader.WebappClassLoaderBase - The web application [ROOT] appears to have started a thread named [lettuce-eventExecutorLoop-7-2] but has failed to stop it. This is very likely to create a memory leak. Stack trace of thread:
 sun.misc.Unsafe.park(Native Method)
 java.util.concurrent.locks.LockSupport.park(LockSupport.java:175)
 java.util.concurrent.locks.AbstractQueuedSynchronizer$ConditionObject.await(AbstractQueuedSynchronizer.java:2039)
 java.util.concurrent.LinkedBlockingQueue.take(LinkedBlockingQueue.java:442)
 io.netty.util.concurrent.SingleThreadEventExecutor.takeTask(SingleThreadEventExecutor.java:244)
 io.netty.util.concurrent.DefaultEventExecutor.run(DefaultEventExecutor.java:64)
 io.netty.util.concurrent.SingleThreadEventExecutor$4.run(SingleThreadEventExecutor.java:997)
 io.netty.util.internal.ThreadExecutorMap$2.run(ThreadExecutorMap.java:74)
 io.netty.util.concurrent.FastThreadLocalRunnable.run(FastThreadLocalRunnable.java:30)
 java.lang.Thread.run(Thread.java:748)
16:33:05.889 [Thread-15] WARN  org.apache.catalina.loader.WebappClassLoaderBase - The web application [ROOT] appears to have started a thread named [lettuce-eventExecutorLoop-7-3] but has failed to stop it. This is very likely to create a memory leak. Stack trace of thread:
 sun.misc.Unsafe.park(Native Method)
 java.util.concurrent.locks.LockSupport.park(LockSupport.java:175)
 java.util.concurrent.locks.AbstractQueuedSynchronizer$ConditionObject.await(AbstractQueuedSynchronizer.java:2039)
 java.util.concurrent.LinkedBlockingQueue.take(LinkedBlockingQueue.java:442)
 io.netty.util.concurrent.SingleThreadEventExecutor.takeTask(SingleThreadEventExecutor.java:244)
 io.netty.util.concurrent.DefaultEventExecutor.run(DefaultEventExecutor.java:64)
 io.netty.util.concurrent.SingleThreadEventExecutor$4.run(SingleThreadEventExecutor.java:997)
 io.netty.util.internal.ThreadExecutorMap$2.run(ThreadExecutorMap.java:74)
 io.netty.util.concurrent.FastThreadLocalRunnable.run(FastThreadLocalRunnable.java:30)
 java.lang.Thread.run(Thread.java:748)
16:33:05.889 [Thread-15] WARN  org.apache.catalina.loader.WebappClassLoaderBase - The web application [ROOT] appears to have started a thread named [lettuce-eventExecutorLoop-7-4] but has failed to stop it. This is very likely to create a memory leak. Stack trace of thread:
 sun.misc.Unsafe.park(Native Method)
 java.util.concurrent.locks.LockSupport.park(LockSupport.java:175)
 java.util.concurrent.locks.AbstractQueuedSynchronizer$ConditionObject.await(AbstractQueuedSynchronizer.java:2039)
 java.util.concurrent.LinkedBlockingQueue.take(LinkedBlockingQueue.java:442)
 io.netty.util.concurrent.SingleThreadEventExecutor.takeTask(SingleThreadEventExecutor.java:244)
 io.netty.util.concurrent.DefaultEventExecutor.run(DefaultEventExecutor.java:64)
 io.netty.util.concurrent.SingleThreadEventExecutor$4.run(SingleThreadEventExecutor.java:997)
 io.netty.util.internal.ThreadExecutorMap$2.run(ThreadExecutorMap.java:74)
 io.netty.util.concurrent.FastThreadLocalRunnable.run(FastThreadLocalRunnable.java:30)
 java.lang.Thread.run(Thread.java:748)
16:33:05.890 [Thread-15] WARN  org.apache.catalina.loader.WebappClassLoaderBase - The web application [ROOT] appears to have started a thread named [lettuce-eventExecutorLoop-7-5] but has failed to stop it. This is very likely to create a memory leak. Stack trace of thread:
 sun.misc.Unsafe.park(Native Method)
 java.util.concurrent.locks.LockSupport.park(LockSupport.java:175)
 java.util.concurrent.locks.AbstractQueuedSynchronizer$ConditionObject.await(AbstractQueuedSynchronizer.java:2039)
 java.util.concurrent.LinkedBlockingQueue.take(LinkedBlockingQueue.java:442)
 io.netty.util.concurrent.SingleThreadEventExecutor.takeTask(SingleThreadEventExecutor.java:244)
 io.netty.util.concurrent.DefaultEventExecutor.run(DefaultEventExecutor.java:64)
 io.netty.util.concurrent.SingleThreadEventExecutor$4.run(SingleThreadEventExecutor.java:997)
 io.netty.util.internal.ThreadExecutorMap$2.run(ThreadExecutorMap.java:74)
 io.netty.util.concurrent.FastThreadLocalRunnable.run(FastThreadLocalRunnable.java:30)
 java.lang.Thread.run(Thread.java:748)
16:33:05.890 [Thread-15] WARN  org.apache.catalina.loader.WebappClassLoaderBase - The web application [ROOT] appears to have started a thread named [lettuce-eventExecutorLoop-7-6] but has failed to stop it. This is very likely to create a memory leak. Stack trace of thread:
 sun.misc.Unsafe.park(Native Method)
 java.util.concurrent.locks.LockSupport.park(LockSupport.java:175)
 java.util.concurrent.locks.AbstractQueuedSynchronizer$ConditionObject.await(AbstractQueuedSynchronizer.java:2039)
 java.util.concurrent.LinkedBlockingQueue.take(LinkedBlockingQueue.java:442)
 io.netty.util.concurrent.SingleThreadEventExecutor.takeTask(SingleThreadEventExecutor.java:244)
 io.netty.util.concurrent.DefaultEventExecutor.run(DefaultEventExecutor.java:64)
 io.netty.util.concurrent.SingleThreadEventExecutor$4.run(SingleThreadEventExecutor.java:997)
 io.netty.util.internal.ThreadExecutorMap$2.run(ThreadExecutorMap.java:74)
 io.netty.util.concurrent.FastThreadLocalRunnable.run(FastThreadLocalRunnable.java:30)
 java.lang.Thread.run(Thread.java:748)
16:33:05.891 [Thread-15] WARN  org.apache.catalina.loader.WebappClassLoaderBase - The web application [ROOT] appears to have started a thread named [lettuce-eventExecutorLoop-7-7] but has failed to stop it. This is very likely to create a memory leak. Stack trace of thread:
 sun.misc.Unsafe.park(Native Method)
 java.util.concurrent.locks.LockSupport.park(LockSupport.java:175)
 java.util.concurrent.locks.AbstractQueuedSynchronizer$ConditionObject.await(AbstractQueuedSynchronizer.java:2039)
 java.util.concurrent.LinkedBlockingQueue.take(LinkedBlockingQueue.java:442)
 io.netty.util.concurrent.SingleThreadEventExecutor.takeTask(SingleThreadEventExecutor.java:244)
 io.netty.util.concurrent.DefaultEventExecutor.run(DefaultEventExecutor.java:64)
 io.netty.util.concurrent.SingleThreadEventExecutor$4.run(SingleThreadEventExecutor.java:997)
 io.netty.util.internal.ThreadExecutorMap$2.run(ThreadExecutorMap.java:74)
 io.netty.util.concurrent.FastThreadLocalRunnable.run(FastThreadLocalRunnable.java:30)
 java.lang.Thread.run(Thread.java:748)
16:33:05.891 [Thread-15] WARN  org.apache.catalina.loader.WebappClassLoaderBase - The web application [ROOT] appears to have started a thread named [lettuce-eventExecutorLoop-7-8] but has failed to stop it. This is very likely to create a memory leak. Stack trace of thread:
 sun.misc.Unsafe.park(Native Method)
 java.util.concurrent.locks.LockSupport.park(LockSupport.java:175)
 java.util.concurrent.locks.AbstractQueuedSynchronizer$ConditionObject.await(AbstractQueuedSynchronizer.java:2039)
 java.util.concurrent.LinkedBlockingQueue.take(LinkedBlockingQueue.java:442)
 io.netty.util.concurrent.SingleThreadEventExecutor.takeTask(SingleThreadEventExecutor.java:244)
 io.netty.util.concurrent.DefaultEventExecutor.run(DefaultEventExecutor.java:64)
 io.netty.util.concurrent.SingleThreadEventExecutor$4.run(SingleThreadEventExecutor.java:997)
 io.netty.util.internal.ThreadExecutorMap$2.run(ThreadExecutorMap.java:74)
 io.netty.util.concurrent.FastThreadLocalRunnable.run(FastThreadLocalRunnable.java:30)
 java.lang.Thread.run(Thread.java:748)
16:33:05.891 [Thread-15] WARN  org.apache.catalina.loader.WebappClassLoaderBase - The web application [ROOT] appears to have started a thread named [lettuce-eventExecutorLoop-7-9] but has failed to stop it. This is very likely to create a memory leak. Stack trace of thread:
 sun.misc.Unsafe.park(Native Method)
 java.util.concurrent.locks.LockSupport.park(LockSupport.java:175)
 java.util.concurrent.locks.AbstractQueuedSynchronizer$ConditionObject.await(AbstractQueuedSynchronizer.java:2039)
 java.util.concurrent.LinkedBlockingQueue.take(LinkedBlockingQueue.java:442)
 io.netty.util.concurrent.SingleThreadEventExecutor.takeTask(SingleThreadEventExecutor.java:244)
 io.netty.util.concurrent.DefaultEventExecutor.run(DefaultEventExecutor.java:64)
 io.netty.util.concurrent.SingleThreadEventExecutor$4.run(SingleThreadEventExecutor.java:997)
 io.netty.util.internal.ThreadExecutorMap$2.run(ThreadExecutorMap.java:74)
 io.netty.util.concurrent.FastThreadLocalRunnable.run(FastThreadLocalRunnable.java:30)
 java.lang.Thread.run(Thread.java:748)
16:33:05.892 [Thread-15] INFO  org.apache.coyote.http11.Http11NioProtocol - Stopping ProtocolHandler ["http-nio-8080"]
16:33:05.895 [Thread-15] INFO  org.apache.coyote.http11.Http11NioProtocol - Destroying ProtocolHandler ["http-nio-8080"]
16:33:05.897 [Thread-15] INFO  com.zaxxer.hikari.HikariDataSource - HikariPool-2 - Shutdown initiated...
16:33:05.906 [Thread-15] INFO  com.zaxxer.hikari.HikariDataSource - HikariPool-2 - Shutdown completed.
16:33:06.219 [restartedMain] INFO  com.dongbao.test_demo3.TestDemo3Application - Starting TestDemo3Application using Java 1.8.0_151 on IT-013487 with PID 7712 (E:\javaProject\test_demo3\target\classes started by 013487 in E:\javaProject\test_demo3)
16:33:06.219 [restartedMain] INFO  com.dongbao.test_demo3.TestDemo3Application - No active profile set, falling back to 1 default profile: "default"
16:33:06.454 [restartedMain] INFO  o.s.d.r.config.RepositoryConfigurationDelegate - Multiple Spring Data modules found, entering strict repository configuration mode
16:33:06.455 [restartedMain] INFO  o.s.d.r.config.RepositoryConfigurationDelegate - Bootstrapping Spring Data Redis repositories in DEFAULT mode.
16:33:06.465 [restartedMain] INFO  o.s.d.r.config.RepositoryConfigurationDelegate - Finished Spring Data repository scanning in 9 ms. Found 0 Redis repository interfaces.
16:33:06.529 [restartedMain] INFO  o.s.boot.web.embedded.tomcat.TomcatWebServer - Tomcat initialized with port(s): 8080 (http)
16:33:06.529 [restartedMain] INFO  org.apache.coyote.http11.Http11NioProtocol - Initializing ProtocolHandler ["http-nio-8080"]
16:33:06.529 [restartedMain] INFO  org.apache.catalina.core.StandardService - Starting service [Tomcat]
16:33:06.530 [restartedMain] INFO  org.apache.catalina.core.StandardEngine - Starting Servlet engine: [Apache Tomcat/9.0.69]
16:33:06.543 [restartedMain] INFO  o.a.c.c.ContainerBase.[Tomcat-1].[localhost].[/] - Initializing Spring embedded WebApplicationContext
16:33:06.543 [restartedMain] INFO  o.s.b.w.s.c.ServletWebServerApplicationContext - Root WebApplicationContext: initialization completed in 322 ms
16:33:06.649 [restartedMain] WARN  o.s.b.w.s.c.AnnotationConfigServletWebServerApplicationContext - Exception encountered during context initialization - cancelling refresh attempt: org.springframework.beans.factory.UnsatisfiedDependencyException: Error creating bean with name 'helloController': Unsatisfied dependency expressed through field 'attWorkHourDayService'; nested exception is org.springframework.beans.factory.NoSuchBeanDefinitionException: No qualifying bean of type 'com.dongbao.test_demo3.Service.AttWorkHourDayService' available: expected at least 1 bean which qualifies as autowire candidate. Dependency annotations: {@org.springframework.beans.factory.annotation.Autowired(required=true)}
16:33:06.651 [restartedMain] INFO  org.apache.catalina.core.StandardService - Stopping service [Tomcat]
16:33:06.655 [restartedMain] INFO  o.s.b.a.l.ConditionEvaluationReportLoggingListener - 

Error starting ApplicationContext. To display the conditions report re-run your application with 'debug' enabled.
16:33:06.658 [restartedMain] ERROR o.s.b.diagnostics.LoggingFailureAnalysisReporter - 

***************************
APPLICATION FAILED TO START
***************************

Description:

Field attWorkHourDayService in com.dongbao.test_demo3.controller.HelloController required a bean of type 'com.dongbao.test_demo3.Service.AttWorkHourDayService' that could not be found.

The injection point has the following annotations:
	- @org.springframework.beans.factory.annotation.Autowired(required=true)


Action:

Consider defining a bean of type 'com.dongbao.test_demo3.Service.AttWorkHourDayService' in your configuration.

16:33:10.122 [restartedMain] INFO  com.dongbao.test_demo3.TestDemo3Application - Starting TestDemo3Application using Java 1.8.0_151 on IT-013487 with PID 7712 (E:\javaProject\test_demo3\target\classes started by 013487 in E:\javaProject\test_demo3)
16:33:10.123 [restartedMain] INFO  com.dongbao.test_demo3.TestDemo3Application - No active profile set, falling back to 1 default profile: "default"
16:33:10.240 [restartedMain] INFO  o.s.d.r.config.RepositoryConfigurationDelegate - Multiple Spring Data modules found, entering strict repository configuration mode
16:33:10.241 [restartedMain] INFO  o.s.d.r.config.RepositoryConfigurationDelegate - Bootstrapping Spring Data Redis repositories in DEFAULT mode.
16:33:10.249 [restartedMain] INFO  o.s.d.r.config.RepositoryConfigurationDelegate - Finished Spring Data repository scanning in 7 ms. Found 0 Redis repository interfaces.
16:33:10.302 [restartedMain] INFO  o.s.boot.web.embedded.tomcat.TomcatWebServer - Tomcat initialized with port(s): 8080 (http)
16:33:10.302 [restartedMain] INFO  org.apache.coyote.http11.Http11NioProtocol - Initializing ProtocolHandler ["http-nio-8080"]
16:33:10.302 [restartedMain] INFO  org.apache.catalina.core.StandardService - Starting service [Tomcat]
16:33:10.303 [restartedMain] INFO  org.apache.catalina.core.StandardEngine - Starting Servlet engine: [Apache Tomcat/9.0.69]
16:33:10.313 [restartedMain] INFO  o.a.c.c.ContainerBase.[Tomcat-2].[localhost].[/] - Initializing Spring embedded WebApplicationContext
16:33:10.313 [restartedMain] INFO  o.s.b.w.s.c.ServletWebServerApplicationContext - Root WebApplicationContext: initialization completed in 187 ms
16:33:10.442 [restartedMain] INFO  o.s.b.a.web.servlet.WelcomePageHandlerMapping - Adding welcome page: class path resource [static/index.html]
16:33:10.453 [restartedMain] WARN  o.s.b.a.t.ThymeleafAutoConfiguration$DefaultTemplateResolverConfiguration - Cannot find template location: classpath:/templates/ (please add some templates, check your Thymeleaf configuration, or set spring.thymeleaf.check-template-location=false)
16:33:10.453 [restartedMain] WARN  org.thymeleaf.templatemode.TemplateMode - [THYMELEAF][restartedMain] Template Mode 'HTML5' is deprecated. Using Template Mode 'HTML' instead.
16:33:10.482 [restartedMain] INFO  o.s.b.d.autoconfigure.OptionalLiveReloadServer - LiveReload server is running on port 35729
16:33:10.489 [restartedMain] INFO  org.apache.coyote.http11.Http11NioProtocol - Starting ProtocolHandler ["http-nio-8080"]
16:33:10.491 [restartedMain] INFO  o.s.boot.web.embedded.tomcat.TomcatWebServer - Tomcat started on port(s): 8080 (http) with context path ''
16:33:10.494 [restartedMain] INFO  com.dongbao.test_demo3.TestDemo3Application - Started TestDemo3Application in 0.394 seconds (JVM running for 230.832)
16:33:10.495 [restartedMain] INFO  o.s.b.d.a.ConditionEvaluationDeltaLoggingListener - Condition evaluation unchanged
16:34:17.891 [File Watcher] INFO  o.s.b.d.a.LocalDevToolsAutoConfiguration$RestartingClassPathChangeChangedEventListener - Restarting due to 1 class path change (0 additions, 1 deletion, 0 modifications)
16:34:17.934 [Thread-22] INFO  org.apache.coyote.http11.Http11NioProtocol - Pausing ProtocolHandler ["http-nio-8080"]
16:34:17.934 [Thread-22] INFO  org.apache.catalina.core.StandardService - Stopping service [Tomcat]
16:34:17.937 [Thread-22] INFO  org.apache.coyote.http11.Http11NioProtocol - Stopping ProtocolHandler ["http-nio-8080"]
16:34:17.939 [Thread-22] INFO  org.apache.coyote.http11.Http11NioProtocol - Destroying ProtocolHandler ["http-nio-8080"]
16:34:18.131 [restartedMain] INFO  com.dongbao.test_demo3.TestDemo3Application - Starting TestDemo3Application using Java 1.8.0_151 on IT-013487 with PID 7712 (E:\javaProject\test_demo3\target\classes started by 013487 in E:\javaProject\test_demo3)
16:34:18.132 [restartedMain] INFO  com.dongbao.test_demo3.TestDemo3Application - No active profile set, falling back to 1 default profile: "default"
16:34:18.240 [restartedMain] INFO  o.s.d.r.config.RepositoryConfigurationDelegate - Multiple Spring Data modules found, entering strict repository configuration mode
16:34:18.240 [restartedMain] INFO  o.s.d.r.config.RepositoryConfigurationDelegate - Bootstrapping Spring Data Redis repositories in DEFAULT mode.
16:34:18.245 [restartedMain] INFO  o.s.d.r.config.RepositoryConfigurationDelegate - Finished Spring Data repository scanning in 3 ms. Found 0 Redis repository interfaces.
16:34:18.280 [restartedMain] INFO  o.s.boot.web.embedded.tomcat.TomcatWebServer - Tomcat initialized with port(s): 8080 (http)
16:34:18.281 [restartedMain] INFO  org.apache.coyote.http11.Http11NioProtocol - Initializing ProtocolHandler ["http-nio-8080"]
16:34:18.281 [restartedMain] INFO  org.apache.catalina.core.StandardService - Starting service [Tomcat]
16:34:18.281 [restartedMain] INFO  org.apache.catalina.core.StandardEngine - Starting Servlet engine: [Apache Tomcat/9.0.69]
16:34:18.293 [restartedMain] INFO  o.a.c.c.ContainerBase.[Tomcat-2].[localhost].[/] - Initializing Spring embedded WebApplicationContext
16:34:18.293 [restartedMain] INFO  o.s.b.w.s.c.ServletWebServerApplicationContext - Root WebApplicationContext: initialization completed in 160 ms
16:34:18.404 [restartedMain] WARN  o.s.b.w.s.c.AnnotationConfigServletWebServerApplicationContext - Exception encountered during context initialization - cancelling refresh attempt: org.springframework.beans.factory.UnsatisfiedDependencyException: Error creating bean with name 'helloController': Unsatisfied dependency expressed through field 'attWorkHourDayService'; nested exception is org.springframework.beans.factory.NoSuchBeanDefinitionException: No qualifying bean of type 'com.dongbao.test_demo3.Service.AttWorkHourDayService' available: expected at least 1 bean which qualifies as autowire candidate. Dependency annotations: {@org.springframework.beans.factory.annotation.Autowired(required=true)}
16:34:18.406 [restartedMain] INFO  org.apache.catalina.core.StandardService - Stopping service [Tomcat]
16:34:18.412 [restartedMain] INFO  o.s.b.a.l.ConditionEvaluationReportLoggingListener - 

Error starting ApplicationContext. To display the conditions report re-run your application with 'debug' enabled.
16:34:18.415 [restartedMain] ERROR o.s.b.diagnostics.LoggingFailureAnalysisReporter - 

***************************
APPLICATION FAILED TO START
***************************

Description:

Field attWorkHourDayService in com.dongbao.test_demo3.controller.HelloController required a bean of type 'com.dongbao.test_demo3.Service.AttWorkHourDayService' that could not be found.

The injection point has the following annotations:
	- @org.springframework.beans.factory.annotation.Autowired(required=true)


Action:

Consider defining a bean of type 'com.dongbao.test_demo3.Service.AttWorkHourDayService' in your configuration.

16:34:21.887 [restartedMain] INFO  com.dongbao.test_demo3.TestDemo3Application - Starting TestDemo3Application using Java 1.8.0_151 on IT-013487 with PID 7712 (E:\javaProject\test_demo3\target\classes started by 013487 in E:\javaProject\test_demo3)
16:34:21.887 [restartedMain] INFO  com.dongbao.test_demo3.TestDemo3Application - No active profile set, falling back to 1 default profile: "default"
16:34:21.963 [restartedMain] INFO  o.s.d.r.config.RepositoryConfigurationDelegate - Multiple Spring Data modules found, entering strict repository configuration mode
16:34:21.963 [restartedMain] INFO  o.s.d.r.config.RepositoryConfigurationDelegate - Bootstrapping Spring Data Redis repositories in DEFAULT mode.
16:34:21.965 [restartedMain] INFO  o.s.d.r.config.RepositoryConfigurationDelegate - Finished Spring Data repository scanning in 2 ms. Found 0 Redis repository interfaces.
16:34:21.991 [restartedMain] INFO  o.s.boot.web.embedded.tomcat.TomcatWebServer - Tomcat initialized with port(s): 8080 (http)
16:34:21.991 [restartedMain] INFO  org.apache.coyote.http11.Http11NioProtocol - Initializing ProtocolHandler ["http-nio-8080"]
16:34:21.991 [restartedMain] INFO  org.apache.catalina.core.StandardService - Starting service [Tomcat]
16:34:21.991 [restartedMain] INFO  org.apache.catalina.core.StandardEngine - Starting Servlet engine: [Apache Tomcat/9.0.69]
16:34:22.000 [restartedMain] INFO  o.a.c.c.ContainerBase.[Tomcat-3].[localhost].[/] - Initializing Spring embedded WebApplicationContext
16:34:22.000 [restartedMain] INFO  o.s.b.w.s.c.ServletWebServerApplicationContext - Root WebApplicationContext: initialization completed in 112 ms
16:34:22.105 [restartedMain] INFO  o.s.b.a.web.servlet.WelcomePageHandlerMapping - Adding welcome page: class path resource [static/index.html]
16:34:22.114 [restartedMain] WARN  o.s.b.a.t.ThymeleafAutoConfiguration$DefaultTemplateResolverConfiguration - Cannot find template location: classpath:/templates/ (please add some templates, check your Thymeleaf configuration, or set spring.thymeleaf.check-template-location=false)
16:34:22.115 [restartedMain] WARN  org.thymeleaf.templatemode.TemplateMode - [THYMELEAF][restartedMain] Template Mode 'HTML5' is deprecated. Using Template Mode 'HTML' instead.
16:34:22.139 [restartedMain] INFO  o.s.b.d.autoconfigure.OptionalLiveReloadServer - LiveReload server is running on port 35729
16:34:22.143 [restartedMain] INFO  org.apache.coyote.http11.Http11NioProtocol - Starting ProtocolHandler ["http-nio-8080"]
16:34:22.144 [restartedMain] INFO  o.s.boot.web.embedded.tomcat.TomcatWebServer - Tomcat started on port(s): 8080 (http) with context path ''
16:34:22.147 [restartedMain] INFO  com.dongbao.test_demo3.TestDemo3Application - Started TestDemo3Application in 0.272 seconds (JVM running for 302.483)
16:34:22.147 [restartedMain] INFO  o.s.b.d.a.ConditionEvaluationDeltaLoggingListener - Condition evaluation unchanged
16:34:43.654 [restartedMain] INFO  com.dongbao.test_demo3.TestDemo3Application - Starting TestDemo3Application using Java 1.8.0_151 on IT-013487 with PID 29668 (E:\javaProject\test_demo3\target\classes started by 013487 in E:\javaProject\test_demo3)
16:34:43.655 [restartedMain] INFO  com.dongbao.test_demo3.TestDemo3Application - No active profile set, falling back to 1 default profile: "default"
16:34:43.690 [restartedMain] INFO  o.s.b.d.env.DevToolsPropertyDefaultsPostProcessor - For additional web related logging consider setting the 'logging.level.web' property to 'DEBUG'
16:34:44.221 [restartedMain] INFO  o.s.d.r.config.RepositoryConfigurationDelegate - Multiple Spring Data modules found, entering strict repository configuration mode
16:34:44.222 [restartedMain] INFO  o.s.d.r.config.RepositoryConfigurationDelegate - Bootstrapping Spring Data Redis repositories in DEFAULT mode.
16:34:44.237 [restartedMain] INFO  o.s.d.r.config.RepositoryConfigurationDelegate - Finished Spring Data repository scanning in 5 ms. Found 0 Redis repository interfaces.
16:34:44.587 [restartedMain] INFO  o.s.boot.web.embedded.tomcat.TomcatWebServer - Tomcat initialized with port(s): 8080 (http)
16:34:44.593 [restartedMain] INFO  org.apache.coyote.http11.Http11NioProtocol - Initializing ProtocolHandler ["http-nio-8080"]
16:34:44.593 [restartedMain] INFO  org.apache.catalina.core.StandardService - Starting service [Tomcat]
16:34:44.593 [restartedMain] INFO  org.apache.catalina.core.StandardEngine - Starting Servlet engine: [Apache Tomcat/9.0.69]
16:34:44.683 [restartedMain] INFO  o.a.c.core.ContainerBase.[Tomcat].[localhost].[/] - Initializing Spring embedded WebApplicationContext
16:34:44.684 [restartedMain] INFO  o.s.b.w.s.c.ServletWebServerApplicationContext - Root WebApplicationContext: initialization completed in 994 ms
16:34:45.228 [restartedMain] WARN  c.b.mybatisplus.core.injector.DefaultSqlInjector - class com.dongbao.test_demo3.entity.AttWorkHourDay ,Not found @TableId annotation, Cannot use Mybatis-Plus 'xxById' Method.
16:34:45.540 [restartedMain] INFO  o.s.b.a.web.servlet.WelcomePageHandlerMapping - Adding welcome page: class path resource [static/index.html]
16:34:45.610 [restartedMain] WARN  o.s.b.a.t.ThymeleafAutoConfiguration$DefaultTemplateResolverConfiguration - Cannot find template location: classpath:/templates/ (please add some templates, check your Thymeleaf configuration, or set spring.thymeleaf.check-template-location=false)
16:34:45.611 [restartedMain] WARN  org.thymeleaf.templatemode.TemplateMode - [THYMELEAF][restartedMain] Template Mode 'HTML5' is deprecated. Using Template Mode 'HTML' instead.
16:34:45.755 [restartedMain] INFO  o.s.b.d.autoconfigure.OptionalLiveReloadServer - LiveReload server is running on port 35729
16:34:45.768 [restartedMain] INFO  org.apache.coyote.http11.Http11NioProtocol - Starting ProtocolHandler ["http-nio-8080"]
16:34:45.780 [restartedMain] INFO  o.s.boot.web.embedded.tomcat.TomcatWebServer - Tomcat started on port(s): 8080 (http) with context path ''
16:34:45.788 [restartedMain] INFO  com.dongbao.test_demo3.TestDemo3Application - Started TestDemo3Application in 2.454 seconds (JVM running for 3.037)
16:34:48.480 [http-nio-8080-exec-1] INFO  o.a.c.core.ContainerBase.[Tomcat].[localhost].[/] - Initializing Spring DispatcherServlet 'dispatcherServlet'
16:34:48.480 [http-nio-8080-exec-1] INFO  org.springframework.web.servlet.DispatcherServlet - Initializing Servlet 'dispatcherServlet'
16:34:48.481 [http-nio-8080-exec-1] INFO  org.springframework.web.servlet.DispatcherServlet - Completed initialization in 1 ms
16:34:57.598 [http-nio-8080-exec-1] WARN  c.d.t.CacheService.AttWorkHourDayCacheService - 未知的缓存数据类型: java.util.ArrayList
16:35:48.000 [http-nio-8080-exec-1] INFO  c.d.t.Service.impl.AttWorkHourDayServiceImpl - 从数据库中获取考勤日工时数据
16:35:48.050 [http-nio-8080-exec-1] INFO  com.zaxxer.hikari.HikariDataSource - HikariPool-1 - Starting...
16:35:48.350 [http-nio-8080-exec-1] INFO  com.zaxxer.hikari.HikariDataSource - HikariPool-1 - Start completed.
16:35:48.496 [http-nio-8080-exec-1] INFO  c.d.t.Service.impl.AttWorkHourDayServiceImpl - 将考勤日工时数据缓存起来
16:35:48.506 [http-nio-8080-exec-1] INFO  c.d.t.Service.impl.AttWorkHourDayServiceImpl - 考勤日工时数据缓存完成
16:35:48.579 [SpringApplicationShutdownHook] INFO  com.zaxxer.hikari.HikariDataSource - HikariPool-1 - Shutdown initiated...
16:35:48.605 [SpringApplicationShutdownHook] INFO  com.zaxxer.hikari.HikariDataSource - HikariPool-1 - Shutdown completed.
16:35:50.552 [restartedMain] INFO  com.dongbao.test_demo3.TestDemo3Application - Starting TestDemo3Application using Java 1.8.0_151 on IT-013487 with PID 4804 (E:\javaProject\test_demo3\target\classes started by 013487 in E:\javaProject\test_demo3)
16:35:50.553 [restartedMain] INFO  com.dongbao.test_demo3.TestDemo3Application - No active profile set, falling back to 1 default profile: "default"
16:35:50.585 [restartedMain] INFO  o.s.b.d.env.DevToolsPropertyDefaultsPostProcessor - For additional web related logging consider setting the 'logging.level.web' property to 'DEBUG'
16:35:51.165 [restartedMain] INFO  o.s.d.r.config.RepositoryConfigurationDelegate - Multiple Spring Data modules found, entering strict repository configuration mode
16:35:51.167 [restartedMain] INFO  o.s.d.r.config.RepositoryConfigurationDelegate - Bootstrapping Spring Data Redis repositories in DEFAULT mode.
16:35:51.184 [restartedMain] INFO  o.s.d.r.config.RepositoryConfigurationDelegate - Finished Spring Data repository scanning in 6 ms. Found 0 Redis repository interfaces.
16:35:51.557 [restartedMain] INFO  o.s.boot.web.embedded.tomcat.TomcatWebServer - Tomcat initialized with port(s): 8080 (http)
16:35:51.563 [restartedMain] INFO  org.apache.coyote.http11.Http11NioProtocol - Initializing ProtocolHandler ["http-nio-8080"]
16:35:51.563 [restartedMain] INFO  org.apache.catalina.core.StandardService - Starting service [Tomcat]
16:35:51.563 [restartedMain] INFO  org.apache.catalina.core.StandardEngine - Starting Servlet engine: [Apache Tomcat/9.0.69]
16:35:51.651 [restartedMain] INFO  o.a.c.core.ContainerBase.[Tomcat].[localhost].[/] - Initializing Spring embedded WebApplicationContext
16:35:51.651 [restartedMain] INFO  o.s.b.w.s.c.ServletWebServerApplicationContext - Root WebApplicationContext: initialization completed in 1065 ms
16:35:52.133 [restartedMain] WARN  c.b.mybatisplus.core.injector.DefaultSqlInjector - class com.dongbao.test_demo3.entity.AttWorkHourDay ,Not found @TableId annotation, Cannot use Mybatis-Plus 'xxById' Method.
16:35:52.422 [restartedMain] INFO  o.s.b.a.web.servlet.WelcomePageHandlerMapping - Adding welcome page: class path resource [static/index.html]
16:35:52.501 [restartedMain] WARN  o.s.b.a.t.ThymeleafAutoConfiguration$DefaultTemplateResolverConfiguration - Cannot find template location: classpath:/templates/ (please add some templates, check your Thymeleaf configuration, or set spring.thymeleaf.check-template-location=false)
16:35:52.502 [restartedMain] WARN  org.thymeleaf.templatemode.TemplateMode - [THYMELEAF][restartedMain] Template Mode 'HTML5' is deprecated. Using Template Mode 'HTML' instead.
16:35:52.641 [restartedMain] INFO  o.s.b.d.autoconfigure.OptionalLiveReloadServer - LiveReload server is running on port 35729
16:35:52.654 [restartedMain] INFO  org.apache.coyote.http11.Http11NioProtocol - Starting ProtocolHandler ["http-nio-8080"]
16:35:52.665 [restartedMain] INFO  o.s.boot.web.embedded.tomcat.TomcatWebServer - Tomcat started on port(s): 8080 (http) with context path ''
16:35:52.673 [restartedMain] INFO  com.dongbao.test_demo3.TestDemo3Application - Started TestDemo3Application in 2.406 seconds (JVM running for 2.997)
16:35:55.345 [http-nio-8080-exec-2] INFO  o.a.c.core.ContainerBase.[Tomcat].[localhost].[/] - Initializing Spring DispatcherServlet 'dispatcherServlet'
16:35:55.346 [http-nio-8080-exec-2] INFO  org.springframework.web.servlet.DispatcherServlet - Initializing Servlet 'dispatcherServlet'
16:35:55.347 [http-nio-8080-exec-2] INFO  org.springframework.web.servlet.DispatcherServlet - Completed initialization in 1 ms
16:37:01.413 [http-nio-8080-exec-2] WARN  c.d.t.CacheService.AttWorkHourDayCacheService - 未知的缓存数据类型: java.util.ArrayList
16:37:01.415 [http-nio-8080-exec-2] INFO  c.d.t.Service.impl.AttWorkHourDayServiceImpl - 从数据库中获取考勤日工时数据
16:37:01.456 [http-nio-8080-exec-2] INFO  com.zaxxer.hikari.HikariDataSource - HikariPool-1 - Starting...
16:37:01.753 [http-nio-8080-exec-2] INFO  com.zaxxer.hikari.HikariDataSource - HikariPool-1 - Start completed.
16:37:01.896 [http-nio-8080-exec-2] INFO  c.d.t.Service.impl.AttWorkHourDayServiceImpl - 将考勤日工时数据缓存起来
16:37:01.906 [http-nio-8080-exec-2] INFO  c.d.t.Service.impl.AttWorkHourDayServiceImpl - 考勤日工时数据缓存完成
16:37:01.981 [SpringApplicationShutdownHook] INFO  com.zaxxer.hikari.HikariDataSource - HikariPool-1 - Shutdown initiated...
16:37:01.990 [SpringApplicationShutdownHook] INFO  com.zaxxer.hikari.HikariDataSource - HikariPool-1 - Shutdown completed.
16:37:08.738 [restartedMain] INFO  com.dongbao.test_demo3.TestDemo3Application - Starting TestDemo3Application using Java 1.8.0_151 on IT-013487 with PID 27992 (E:\javaProject\test_demo3\target\classes started by 013487 in E:\javaProject\test_demo3)
16:37:08.739 [restartedMain] INFO  com.dongbao.test_demo3.TestDemo3Application - No active profile set, falling back to 1 default profile: "default"
16:37:08.770 [restartedMain] INFO  o.s.b.d.env.DevToolsPropertyDefaultsPostProcessor - For additional web related logging consider setting the 'logging.level.web' property to 'DEBUG'
16:37:09.274 [restartedMain] INFO  o.s.d.r.config.RepositoryConfigurationDelegate - Multiple Spring Data modules found, entering strict repository configuration mode
16:37:09.276 [restartedMain] INFO  o.s.d.r.config.RepositoryConfigurationDelegate - Bootstrapping Spring Data Redis repositories in DEFAULT mode.
16:37:09.290 [restartedMain] INFO  o.s.d.r.config.RepositoryConfigurationDelegate - Finished Spring Data repository scanning in 5 ms. Found 0 Redis repository interfaces.
16:37:09.606 [restartedMain] INFO  o.s.boot.web.embedded.tomcat.TomcatWebServer - Tomcat initialized with port(s): 8080 (http)
16:37:09.611 [restartedMain] INFO  org.apache.coyote.http11.Http11NioProtocol - Initializing ProtocolHandler ["http-nio-8080"]
16:37:09.611 [restartedMain] INFO  org.apache.catalina.core.StandardService - Starting service [Tomcat]
16:37:09.611 [restartedMain] INFO  org.apache.catalina.core.StandardEngine - Starting Servlet engine: [Apache Tomcat/9.0.69]
16:37:09.687 [restartedMain] INFO  o.a.c.core.ContainerBase.[Tomcat].[localhost].[/] - Initializing Spring embedded WebApplicationContext
16:37:09.687 [restartedMain] INFO  o.s.b.w.s.c.ServletWebServerApplicationContext - Root WebApplicationContext: initialization completed in 916 ms
16:37:10.141 [restartedMain] WARN  c.b.mybatisplus.core.injector.DefaultSqlInjector - class com.dongbao.test_demo3.entity.AttWorkHourDay ,Not found @TableId annotation, Cannot use Mybatis-Plus 'xxById' Method.
16:37:10.438 [restartedMain] INFO  o.s.b.a.web.servlet.WelcomePageHandlerMapping - Adding welcome page: class path resource [static/index.html]
16:37:10.508 [restartedMain] WARN  o.s.b.a.t.ThymeleafAutoConfiguration$DefaultTemplateResolverConfiguration - Cannot find template location: classpath:/templates/ (please add some templates, check your Thymeleaf configuration, or set spring.thymeleaf.check-template-location=false)
16:37:10.508 [restartedMain] WARN  org.thymeleaf.templatemode.TemplateMode - [THYMELEAF][restartedMain] Template Mode 'HTML5' is deprecated. Using Template Mode 'HTML' instead.
16:37:10.656 [restartedMain] INFO  o.s.b.d.autoconfigure.OptionalLiveReloadServer - LiveReload server is running on port 35729
16:37:10.672 [restartedMain] INFO  org.apache.coyote.http11.Http11NioProtocol - Starting ProtocolHandler ["http-nio-8080"]
16:37:10.683 [restartedMain] INFO  o.s.boot.web.embedded.tomcat.TomcatWebServer - Tomcat started on port(s): 8080 (http) with context path ''
16:37:10.690 [restartedMain] INFO  com.dongbao.test_demo3.TestDemo3Application - Started TestDemo3Application in 2.255 seconds (JVM running for 2.809)
16:37:13.096 [http-nio-8080-exec-1] INFO  o.a.c.core.ContainerBase.[Tomcat].[localhost].[/] - Initializing Spring DispatcherServlet 'dispatcherServlet'
16:37:13.097 [http-nio-8080-exec-1] INFO  org.springframework.web.servlet.DispatcherServlet - Initializing Servlet 'dispatcherServlet'
16:37:13.098 [http-nio-8080-exec-1] INFO  org.springframework.web.servlet.DispatcherServlet - Completed initialization in 1 ms
16:37:21.661 [http-nio-8080-exec-1] INFO  c.d.t.Service.impl.AttWorkHourDayServiceImpl - 从缓存中获取考勤日工时数据
16:37:59.607 [restartedMain] INFO  com.dongbao.test_demo3.TestDemo3Application - Starting TestDemo3Application using Java 1.8.0_151 on IT-013487 with PID 22372 (E:\javaProject\test_demo3\target\classes started by 013487 in E:\javaProject\test_demo3)
16:37:59.608 [restartedMain] INFO  com.dongbao.test_demo3.TestDemo3Application - No active profile set, falling back to 1 default profile: "default"
16:37:59.643 [restartedMain] INFO  o.s.b.d.env.DevToolsPropertyDefaultsPostProcessor - For additional web related logging consider setting the 'logging.level.web' property to 'DEBUG'
16:38:00.169 [restartedMain] INFO  o.s.d.r.config.RepositoryConfigurationDelegate - Multiple Spring Data modules found, entering strict repository configuration mode
16:38:00.171 [restartedMain] INFO  o.s.d.r.config.RepositoryConfigurationDelegate - Bootstrapping Spring Data Redis repositories in DEFAULT mode.
16:38:00.188 [restartedMain] INFO  o.s.d.r.config.RepositoryConfigurationDelegate - Finished Spring Data repository scanning in 6 ms. Found 0 Redis repository interfaces.
16:38:00.516 [restartedMain] INFO  o.s.boot.web.embedded.tomcat.TomcatWebServer - Tomcat initialized with port(s): 8080 (http)
16:38:00.522 [restartedMain] INFO  org.apache.coyote.http11.Http11NioProtocol - Initializing ProtocolHandler ["http-nio-8080"]
16:38:00.523 [restartedMain] INFO  org.apache.catalina.core.StandardService - Starting service [Tomcat]
16:38:00.523 [restartedMain] INFO  org.apache.catalina.core.StandardEngine - Starting Servlet engine: [Apache Tomcat/9.0.69]
16:38:00.620 [restartedMain] INFO  o.a.c.core.ContainerBase.[Tomcat].[localhost].[/] - Initializing Spring embedded WebApplicationContext
16:38:00.621 [restartedMain] INFO  o.s.b.w.s.c.ServletWebServerApplicationContext - Root WebApplicationContext: initialization completed in 978 ms
16:38:01.128 [restartedMain] WARN  c.b.mybatisplus.core.injector.DefaultSqlInjector - class com.dongbao.test_demo3.entity.AttWorkHourDay ,Not found @TableId annotation, Cannot use Mybatis-Plus 'xxById' Method.
16:38:01.486 [restartedMain] INFO  o.s.b.a.web.servlet.WelcomePageHandlerMapping - Adding welcome page: class path resource [static/index.html]
16:38:01.582 [restartedMain] WARN  o.s.b.a.t.ThymeleafAutoConfiguration$DefaultTemplateResolverConfiguration - Cannot find template location: classpath:/templates/ (please add some templates, check your Thymeleaf configuration, or set spring.thymeleaf.check-template-location=false)
16:38:01.584 [restartedMain] WARN  org.thymeleaf.templatemode.TemplateMode - [THYMELEAF][restartedMain] Template Mode 'HTML5' is deprecated. Using Template Mode 'HTML' instead.
16:38:01.742 [restartedMain] INFO  o.s.b.d.autoconfigure.OptionalLiveReloadServer - LiveReload server is running on port 35729
16:38:01.757 [restartedMain] INFO  org.apache.coyote.http11.Http11NioProtocol - Starting ProtocolHandler ["http-nio-8080"]
16:38:01.770 [restartedMain] INFO  o.s.boot.web.embedded.tomcat.TomcatWebServer - Tomcat started on port(s): 8080 (http) with context path ''
16:38:01.778 [restartedMain] INFO  com.dongbao.test_demo3.TestDemo3Application - Started TestDemo3Application in 2.459 seconds (JVM running for 3.005)
16:38:09.306 [http-nio-8080-exec-1] INFO  o.a.c.core.ContainerBase.[Tomcat].[localhost].[/] - Initializing Spring DispatcherServlet 'dispatcherServlet'
16:38:09.306 [http-nio-8080-exec-1] INFO  org.springframework.web.servlet.DispatcherServlet - Initializing Servlet 'dispatcherServlet'
16:38:09.307 [http-nio-8080-exec-1] INFO  org.springframework.web.servlet.DispatcherServlet - Completed initialization in 1 ms
16:38:28.431 [http-nio-8080-exec-1] INFO  c.d.t.Service.impl.AttWorkHourDayServiceImpl - 从数据库中获取考勤日工时数据
16:38:33.661 [http-nio-8080-exec-1] INFO  com.zaxxer.hikari.HikariDataSource - HikariPool-1 - Starting...
16:38:33.909 [http-nio-8080-exec-1] INFO  com.zaxxer.hikari.HikariDataSource - HikariPool-1 - Start completed.
16:38:34.070 [http-nio-8080-exec-1] INFO  c.d.t.Service.impl.AttWorkHourDayServiceImpl - 将考勤日工时数据缓存起来
16:38:38.218 [http-nio-8080-exec-1] INFO  c.d.t.Service.impl.AttWorkHourDayServiceImpl - 考勤日工时数据缓存完成
16:39:39.644 [http-nio-8080-exec-3] INFO  c.d.t.Service.impl.AttWorkHourDayServiceImpl - 从缓存中获取考勤日工时数据
16:39:39.757 [SpringApplicationShutdownHook] INFO  com.zaxxer.hikari.HikariDataSource - HikariPool-1 - Shutdown initiated...
16:39:39.768 [SpringApplicationShutdownHook] INFO  com.zaxxer.hikari.HikariDataSource - HikariPool-1 - Shutdown completed.
16:39:51.742 [restartedMain] INFO  com.dongbao.test_demo3.TestDemo3Application - Starting TestDemo3Application using Java 1.8.0_151 on IT-013487 with PID 6156 (E:\javaProject\test_demo3\target\classes started by 013487 in E:\javaProject\test_demo3)
16:39:51.743 [restartedMain] INFO  com.dongbao.test_demo3.TestDemo3Application - No active profile set, falling back to 1 default profile: "default"
16:39:51.787 [restartedMain] INFO  o.s.b.d.env.DevToolsPropertyDefaultsPostProcessor - For additional web related logging consider setting the 'logging.level.web' property to 'DEBUG'
16:39:52.310 [restartedMain] INFO  o.s.d.r.config.RepositoryConfigurationDelegate - Multiple Spring Data modules found, entering strict repository configuration mode
16:39:52.312 [restartedMain] INFO  o.s.d.r.config.RepositoryConfigurationDelegate - Bootstrapping Spring Data Redis repositories in DEFAULT mode.
16:39:52.330 [restartedMain] INFO  o.s.d.r.config.RepositoryConfigurationDelegate - Finished Spring Data repository scanning in 6 ms. Found 0 Redis repository interfaces.
16:39:52.691 [restartedMain] INFO  o.s.boot.web.embedded.tomcat.TomcatWebServer - Tomcat initialized with port(s): 8080 (http)
16:39:52.698 [restartedMain] INFO  org.apache.coyote.http11.Http11NioProtocol - Initializing ProtocolHandler ["http-nio-8080"]
16:39:52.698 [restartedMain] INFO  org.apache.catalina.core.StandardService - Starting service [Tomcat]
16:39:52.698 [restartedMain] INFO  org.apache.catalina.core.StandardEngine - Starting Servlet engine: [Apache Tomcat/9.0.69]
16:39:52.793 [restartedMain] INFO  o.a.c.core.ContainerBase.[Tomcat].[localhost].[/] - Initializing Spring embedded WebApplicationContext
16:39:52.793 [restartedMain] INFO  o.s.b.w.s.c.ServletWebServerApplicationContext - Root WebApplicationContext: initialization completed in 1006 ms
16:39:53.302 [restartedMain] WARN  c.b.mybatisplus.core.injector.DefaultSqlInjector - class com.dongbao.test_demo3.entity.AttWorkHourDay ,Not found @TableId annotation, Cannot use Mybatis-Plus 'xxById' Method.
16:39:53.583 [restartedMain] INFO  o.s.b.a.web.servlet.WelcomePageHandlerMapping - Adding welcome page: class path resource [static/index.html]
16:39:53.642 [restartedMain] WARN  o.s.b.a.t.ThymeleafAutoConfiguration$DefaultTemplateResolverConfiguration - Cannot find template location: classpath:/templates/ (please add some templates, check your Thymeleaf configuration, or set spring.thymeleaf.check-template-location=false)
16:39:53.642 [restartedMain] WARN  org.thymeleaf.templatemode.TemplateMode - [THYMELEAF][restartedMain] Template Mode 'HTML5' is deprecated. Using Template Mode 'HTML' instead.
16:39:53.789 [restartedMain] INFO  o.s.b.d.autoconfigure.OptionalLiveReloadServer - LiveReload server is running on port 35729
16:39:53.803 [restartedMain] INFO  org.apache.coyote.http11.Http11NioProtocol - Starting ProtocolHandler ["http-nio-8080"]
16:39:53.815 [restartedMain] INFO  o.s.boot.web.embedded.tomcat.TomcatWebServer - Tomcat started on port(s): 8080 (http) with context path ''
16:39:53.822 [restartedMain] INFO  com.dongbao.test_demo3.TestDemo3Application - Started TestDemo3Application in 2.39 seconds (JVM running for 3.014)
16:39:56.904 [http-nio-8080-exec-1] INFO  o.a.c.core.ContainerBase.[Tomcat].[localhost].[/] - Initializing Spring DispatcherServlet 'dispatcherServlet'
16:39:56.904 [http-nio-8080-exec-1] INFO  org.springframework.web.servlet.DispatcherServlet - Initializing Servlet 'dispatcherServlet'
16:39:56.905 [http-nio-8080-exec-1] INFO  org.springframework.web.servlet.DispatcherServlet - Completed initialization in 0 ms
16:40:04.191 [http-nio-8080-exec-1] INFO  c.d.t.Service.impl.AttWorkHourDayServiceImpl - 从数据库中获取考勤日工时数据
16:40:05.937 [http-nio-8080-exec-1] INFO  com.zaxxer.hikari.HikariDataSource - HikariPool-1 - Starting...
16:40:06.163 [http-nio-8080-exec-1] INFO  com.zaxxer.hikari.HikariDataSource - HikariPool-1 - Start completed.
16:40:06.327 [http-nio-8080-exec-1] INFO  c.d.t.Service.impl.AttWorkHourDayServiceImpl - 将考勤日工时数据缓存起来
16:40:30.468 [http-nio-8080-exec-1] INFO  c.d.t.Service.impl.AttWorkHourDayServiceImpl - 考勤日工时数据缓存完成
16:40:30.590 [SpringApplicationShutdownHook] INFO  com.zaxxer.hikari.HikariDataSource - HikariPool-1 - Shutdown initiated...
16:40:30.610 [SpringApplicationShutdownHook] INFO  com.zaxxer.hikari.HikariDataSource - HikariPool-1 - Shutdown completed.
16:40:33.936 [restartedMain] INFO  com.dongbao.test_demo3.TestDemo3Application - Starting TestDemo3Application using Java 1.8.0_151 on IT-013487 with PID 30260 (E:\javaProject\test_demo3\target\classes started by 013487 in E:\javaProject\test_demo3)
16:40:33.937 [restartedMain] INFO  com.dongbao.test_demo3.TestDemo3Application - No active profile set, falling back to 1 default profile: "default"
16:40:33.973 [restartedMain] INFO  o.s.b.d.env.DevToolsPropertyDefaultsPostProcessor - For additional web related logging consider setting the 'logging.level.web' property to 'DEBUG'
16:40:34.511 [restartedMain] INFO  o.s.d.r.config.RepositoryConfigurationDelegate - Multiple Spring Data modules found, entering strict repository configuration mode
16:40:34.512 [restartedMain] INFO  o.s.d.r.config.RepositoryConfigurationDelegate - Bootstrapping Spring Data Redis repositories in DEFAULT mode.
16:40:34.527 [restartedMain] INFO  o.s.d.r.config.RepositoryConfigurationDelegate - Finished Spring Data repository scanning in 5 ms. Found 0 Redis repository interfaces.
16:40:34.851 [restartedMain] INFO  o.s.boot.web.embedded.tomcat.TomcatWebServer - Tomcat initialized with port(s): 8080 (http)
16:40:34.856 [restartedMain] INFO  org.apache.coyote.http11.Http11NioProtocol - Initializing ProtocolHandler ["http-nio-8080"]
16:40:34.857 [restartedMain] INFO  org.apache.catalina.core.StandardService - Starting service [Tomcat]
16:40:34.857 [restartedMain] INFO  org.apache.catalina.core.StandardEngine - Starting Servlet engine: [Apache Tomcat/9.0.69]
16:40:34.941 [restartedMain] INFO  o.a.c.core.ContainerBase.[Tomcat].[localhost].[/] - Initializing Spring embedded WebApplicationContext
16:40:34.941 [restartedMain] INFO  o.s.b.w.s.c.ServletWebServerApplicationContext - Root WebApplicationContext: initialization completed in 968 ms
16:40:35.402 [restartedMain] WARN  c.b.mybatisplus.core.injector.DefaultSqlInjector - class com.dongbao.test_demo3.entity.AttWorkHourDay ,Not found @TableId annotation, Cannot use Mybatis-Plus 'xxById' Method.
16:40:35.672 [restartedMain] INFO  o.s.b.a.web.servlet.WelcomePageHandlerMapping - Adding welcome page: class path resource [static/index.html]
16:40:35.740 [restartedMain] WARN  o.s.b.a.t.ThymeleafAutoConfiguration$DefaultTemplateResolverConfiguration - Cannot find template location: classpath:/templates/ (please add some templates, check your Thymeleaf configuration, or set spring.thymeleaf.check-template-location=false)
16:40:35.740 [restartedMain] WARN  org.thymeleaf.templatemode.TemplateMode - [THYMELEAF][restartedMain] Template Mode 'HTML5' is deprecated. Using Template Mode 'HTML' instead.
16:40:35.890 [restartedMain] INFO  o.s.b.d.autoconfigure.OptionalLiveReloadServer - LiveReload server is running on port 35729
16:40:35.904 [restartedMain] INFO  org.apache.coyote.http11.Http11NioProtocol - Starting ProtocolHandler ["http-nio-8080"]
16:40:35.915 [restartedMain] INFO  o.s.boot.web.embedded.tomcat.TomcatWebServer - Tomcat started on port(s): 8080 (http) with context path ''
16:40:35.922 [restartedMain] INFO  com.dongbao.test_demo3.TestDemo3Application - Started TestDemo3Application in 2.275 seconds (JVM running for 2.817)
16:40:40.360 [http-nio-8080-exec-2] INFO  o.a.c.core.ContainerBase.[Tomcat].[localhost].[/] - Initializing Spring DispatcherServlet 'dispatcherServlet'
16:40:40.360 [http-nio-8080-exec-2] INFO  org.springframework.web.servlet.DispatcherServlet - Initializing Servlet 'dispatcherServlet'
16:40:40.361 [http-nio-8080-exec-2] INFO  org.springframework.web.servlet.DispatcherServlet - Completed initialization in 1 ms
16:40:42.736 [http-nio-8080-exec-2] INFO  c.d.t.Service.impl.AttWorkHourDayServiceImpl - 从缓存中获取考勤日工时数据
16:41:25.830 [restartedMain] INFO  com.dongbao.test_demo3.TestDemo3Application - Starting TestDemo3Application using Java 1.8.0_151 on IT-013487 with PID 19244 (E:\javaProject\test_demo3\target\classes started by 013487 in E:\javaProject\test_demo3)
16:41:25.831 [restartedMain] INFO  com.dongbao.test_demo3.TestDemo3Application - No active profile set, falling back to 1 default profile: "default"
16:41:25.867 [restartedMain] INFO  o.s.b.d.env.DevToolsPropertyDefaultsPostProcessor - For additional web related logging consider setting the 'logging.level.web' property to 'DEBUG'
16:41:26.386 [restartedMain] INFO  o.s.d.r.config.RepositoryConfigurationDelegate - Multiple Spring Data modules found, entering strict repository configuration mode
16:41:26.388 [restartedMain] INFO  o.s.d.r.config.RepositoryConfigurationDelegate - Bootstrapping Spring Data Redis repositories in DEFAULT mode.
16:41:26.404 [restartedMain] INFO  o.s.d.r.config.RepositoryConfigurationDelegate - Finished Spring Data repository scanning in 6 ms. Found 0 Redis repository interfaces.
16:41:26.704 [restartedMain] INFO  o.s.boot.web.embedded.tomcat.TomcatWebServer - Tomcat initialized with port(s): 8080 (http)
16:41:26.710 [restartedMain] INFO  org.apache.coyote.http11.Http11NioProtocol - Initializing ProtocolHandler ["http-nio-8080"]
16:41:26.710 [restartedMain] INFO  org.apache.catalina.core.StandardService - Starting service [Tomcat]
16:41:26.710 [restartedMain] INFO  org.apache.catalina.core.StandardEngine - Starting Servlet engine: [Apache Tomcat/9.0.69]
16:41:26.788 [restartedMain] INFO  o.a.c.core.ContainerBase.[Tomcat].[localhost].[/] - Initializing Spring embedded WebApplicationContext
16:41:26.788 [restartedMain] INFO  o.s.b.w.s.c.ServletWebServerApplicationContext - Root WebApplicationContext: initialization completed in 921 ms
16:41:27.292 [restartedMain] WARN  c.b.mybatisplus.core.injector.DefaultSqlInjector - class com.dongbao.test_demo3.entity.AttWorkHourDay ,Not found @TableId annotation, Cannot use Mybatis-Plus 'xxById' Method.
16:41:27.576 [restartedMain] INFO  o.s.b.a.web.servlet.WelcomePageHandlerMapping - Adding welcome page: class path resource [static/index.html]
16:41:27.647 [restartedMain] WARN  o.s.b.a.t.ThymeleafAutoConfiguration$DefaultTemplateResolverConfiguration - Cannot find template location: classpath:/templates/ (please add some templates, check your Thymeleaf configuration, or set spring.thymeleaf.check-template-location=false)
16:41:27.648 [restartedMain] WARN  org.thymeleaf.templatemode.TemplateMode - [THYMELEAF][restartedMain] Template Mode 'HTML5' is deprecated. Using Template Mode 'HTML' instead.
16:41:27.782 [restartedMain] INFO  o.s.b.d.autoconfigure.OptionalLiveReloadServer - LiveReload server is running on port 35729
16:41:27.795 [restartedMain] INFO  org.apache.coyote.http11.Http11NioProtocol - Starting ProtocolHandler ["http-nio-8080"]
16:41:27.807 [restartedMain] INFO  o.s.boot.web.embedded.tomcat.TomcatWebServer - Tomcat started on port(s): 8080 (http) with context path ''
16:41:27.816 [restartedMain] INFO  com.dongbao.test_demo3.TestDemo3Application - Started TestDemo3Application in 2.272 seconds (JVM running for 2.805)
16:41:30.675 [http-nio-8080-exec-2] INFO  o.a.c.core.ContainerBase.[Tomcat].[localhost].[/] - Initializing Spring DispatcherServlet 'dispatcherServlet'
16:41:30.675 [http-nio-8080-exec-2] INFO  org.springframework.web.servlet.DispatcherServlet - Initializing Servlet 'dispatcherServlet'
16:41:30.677 [http-nio-8080-exec-2] INFO  org.springframework.web.servlet.DispatcherServlet - Completed initialization in 1 ms
16:41:42.159 [http-nio-8080-exec-2] INFO  c.d.t.Service.impl.AttWorkHourDayServiceImpl - 从数据库中获取考勤日工时数据
16:41:43.828 [http-nio-8080-exec-2] INFO  com.zaxxer.hikari.HikariDataSource - HikariPool-1 - Starting...
16:41:44.062 [http-nio-8080-exec-2] INFO  com.zaxxer.hikari.HikariDataSource - HikariPool-1 - Start completed.
16:41:45.299 [http-nio-8080-exec-2] INFO  c.d.t.Service.impl.AttWorkHourDayServiceImpl - 将考勤日工时数据缓存起来
16:41:52.776 [http-nio-8080-exec-2] INFO  c.d.t.Service.impl.AttWorkHourDayServiceImpl - 考勤日工时数据缓存完成
16:42:17.466 [http-nio-8080-exec-3] INFO  c.d.t.Service.impl.AttWorkHourDayServiceImpl - 从缓存中获取考勤日工时数据
16:43:18.510 [HikariPool-1 housekeeper] WARN  com.zaxxer.hikari.pool.HikariPool - HikariPool-1 - Thread starvation or clock leap detected (housekeeper delta=57s418ms628µs900ns).
16:43:18.643 [SpringApplicationShutdownHook] INFO  com.zaxxer.hikari.HikariDataSource - HikariPool-1 - Shutdown initiated...
16:43:18.651 [SpringApplicationShutdownHook] INFO  com.zaxxer.hikari.HikariDataSource - HikariPool-1 - Shutdown completed.
16:44:04.609 [restartedMain] INFO  com.dongbao.test_demo3.TestDemo3Application - Starting TestDemo3Application using Java 1.8.0_151 on IT-013487 with PID 30876 (E:\javaProject\test_demo3\target\classes started by 013487 in E:\javaProject\test_demo3)
16:44:04.609 [restartedMain] INFO  com.dongbao.test_demo3.TestDemo3Application - No active profile set, falling back to 1 default profile: "default"
16:44:04.638 [restartedMain] INFO  o.s.b.d.env.DevToolsPropertyDefaultsPostProcessor - For additional web related logging consider setting the 'logging.level.web' property to 'DEBUG'
16:44:05.067 [restartedMain] INFO  o.s.d.r.config.RepositoryConfigurationDelegate - Multiple Spring Data modules found, entering strict repository configuration mode
16:44:05.068 [restartedMain] INFO  o.s.d.r.config.RepositoryConfigurationDelegate - Bootstrapping Spring Data Redis repositories in DEFAULT mode.
16:44:05.085 [restartedMain] INFO  o.s.d.r.config.RepositoryConfigurationDelegate - Finished Spring Data repository scanning in 6 ms. Found 0 Redis repository interfaces.
16:44:05.374 [restartedMain] INFO  o.s.boot.web.embedded.tomcat.TomcatWebServer - Tomcat initialized with port(s): 8080 (http)
16:44:05.379 [restartedMain] INFO  org.apache.coyote.http11.Http11NioProtocol - Initializing ProtocolHandler ["http-nio-8080"]
16:44:05.379 [restartedMain] INFO  org.apache.catalina.core.StandardService - Starting service [Tomcat]
16:44:05.379 [restartedMain] INFO  org.apache.catalina.core.StandardEngine - Starting Servlet engine: [Apache Tomcat/9.0.69]
16:44:05.452 [restartedMain] INFO  o.a.c.core.ContainerBase.[Tomcat].[localhost].[/] - Initializing Spring embedded WebApplicationContext
16:44:05.452 [restartedMain] INFO  o.s.b.w.s.c.ServletWebServerApplicationContext - Root WebApplicationContext: initialization completed in 813 ms
16:44:05.779 [restartedMain] WARN  c.b.mybatisplus.core.injector.DefaultSqlInjector - class com.dongbao.test_demo3.entity.AttWorkHourDay ,Not found @TableId annotation, Cannot use Mybatis-Plus 'xxById' Method.
16:44:06.069 [restartedMain] INFO  o.s.b.a.web.servlet.WelcomePageHandlerMapping - Adding welcome page: class path resource [static/index.html]
16:44:06.120 [restartedMain] WARN  o.s.b.a.t.ThymeleafAutoConfiguration$DefaultTemplateResolverConfiguration - Cannot find template location: classpath:/templates/ (please add some templates, check your Thymeleaf configuration, or set spring.thymeleaf.check-template-location=false)
16:44:06.120 [restartedMain] WARN  org.thymeleaf.templatemode.TemplateMode - [THYMELEAF][restartedMain] Template Mode 'HTML5' is deprecated. Using Template Mode 'HTML' instead.
16:44:06.232 [restartedMain] INFO  o.s.b.d.autoconfigure.OptionalLiveReloadServer - LiveReload server is running on port 35729
16:44:06.254 [restartedMain] INFO  o.s.boot.web.embedded.tomcat.TomcatWebServer - Tomcat started on port(s): 8080 (http) with context path ''
16:44:06.261 [restartedMain] INFO  com.dongbao.test_demo3.TestDemo3Application - Started TestDemo3Application in 1.87 seconds (JVM running for 2.266)
16:44:09.720 [restartedMain] INFO  com.dongbao.test_demo3.TestDemo3Application - Starting TestDemo3Application using Java 1.8.0_151 on IT-013487 with PID 29024 (E:\javaProject\test_demo3\target\classes started by 013487 in E:\javaProject\test_demo3)
16:44:09.722 [restartedMain] INFO  com.dongbao.test_demo3.TestDemo3Application - No active profile set, falling back to 1 default profile: "default"
16:44:09.754 [restartedMain] INFO  o.s.b.d.env.DevToolsPropertyDefaultsPostProcessor - For additional web related logging consider setting the 'logging.level.web' property to 'DEBUG'
16:44:10.281 [restartedMain] INFO  o.s.d.r.config.RepositoryConfigurationDelegate - Multiple Spring Data modules found, entering strict repository configuration mode
16:44:10.283 [restartedMain] INFO  o.s.d.r.config.RepositoryConfigurationDelegate - Bootstrapping Spring Data Redis repositories in DEFAULT mode.
16:44:10.298 [restartedMain] INFO  o.s.d.r.config.RepositoryConfigurationDelegate - Finished Spring Data repository scanning in 5 ms. Found 0 Redis repository interfaces.
16:44:10.632 [restartedMain] INFO  o.s.boot.web.embedded.tomcat.TomcatWebServer - Tomcat initialized with port(s): 8080 (http)
16:44:10.638 [restartedMain] INFO  org.apache.coyote.http11.Http11NioProtocol - Initializing ProtocolHandler ["http-nio-8080"]
16:44:10.638 [restartedMain] INFO  org.apache.catalina.core.StandardService - Starting service [Tomcat]
16:44:10.638 [restartedMain] INFO  org.apache.catalina.core.StandardEngine - Starting Servlet engine: [Apache Tomcat/9.0.69]
16:44:10.722 [restartedMain] INFO  o.a.c.core.ContainerBase.[Tomcat].[localhost].[/] - Initializing Spring embedded WebApplicationContext
16:44:10.722 [restartedMain] INFO  o.s.b.w.s.c.ServletWebServerApplicationContext - Root WebApplicationContext: initialization completed in 967 ms
16:44:11.265 [restartedMain] WARN  c.b.mybatisplus.core.injector.DefaultSqlInjector - class com.dongbao.test_demo3.entity.AttWorkHourDay ,Not found @TableId annotation, Cannot use Mybatis-Plus 'xxById' Method.
16:44:11.570 [restartedMain] INFO  o.s.b.a.web.servlet.WelcomePageHandlerMapping - Adding welcome page: class path resource [static/index.html]
16:44:11.637 [restartedMain] WARN  o.s.b.a.t.ThymeleafAutoConfiguration$DefaultTemplateResolverConfiguration - Cannot find template location: classpath:/templates/ (please add some templates, check your Thymeleaf configuration, or set spring.thymeleaf.check-template-location=false)
16:44:11.640 [restartedMain] WARN  org.thymeleaf.templatemode.TemplateMode - [THYMELEAF][restartedMain] Template Mode 'HTML5' is deprecated. Using Template Mode 'HTML' instead.
16:44:11.763 [restartedMain] INFO  o.s.b.d.autoconfigure.OptionalLiveReloadServer - LiveReload server is running on port 35729
16:44:11.776 [restartedMain] INFO  org.apache.coyote.http11.Http11NioProtocol - Starting ProtocolHandler ["http-nio-8080"]
16:44:11.788 [restartedMain] INFO  o.s.boot.web.embedded.tomcat.TomcatWebServer - Tomcat started on port(s): 8080 (http) with context path ''
16:44:11.795 [restartedMain] INFO  com.dongbao.test_demo3.TestDemo3Application - Started TestDemo3Application in 2.357 seconds (JVM running for 2.897)
16:44:14.295 [http-nio-8080-exec-1] INFO  o.a.c.core.ContainerBase.[Tomcat].[localhost].[/] - Initializing Spring DispatcherServlet 'dispatcherServlet'
16:44:14.295 [http-nio-8080-exec-1] INFO  org.springframework.web.servlet.DispatcherServlet - Initializing Servlet 'dispatcherServlet'
16:44:14.296 [http-nio-8080-exec-1] INFO  org.springframework.web.servlet.DispatcherServlet - Completed initialization in 0 ms
16:44:39.248 [http-nio-8080-exec-1] INFO  c.d.t.Service.impl.AttWorkHourDayServiceImpl - 从数据库中获取考勤日工时数据
16:44:40.123 [http-nio-8080-exec-1] INFO  com.zaxxer.hikari.HikariDataSource - HikariPool-1 - Starting...
16:44:40.363 [http-nio-8080-exec-1] INFO  com.zaxxer.hikari.HikariDataSource - HikariPool-1 - Start completed.
16:44:41.593 [http-nio-8080-exec-1] INFO  c.d.t.Service.impl.AttWorkHourDayServiceImpl - 将考勤日工时数据缓存起来
16:44:45.598 [http-nio-8080-exec-1] INFO  c.d.t.Service.impl.AttWorkHourDayServiceImpl - 考勤日工时数据缓存完成
16:45:05.513 [http-nio-8080-exec-2] INFO  c.d.t.Service.impl.AttWorkHourDayServiceImpl - 从缓存中获取考勤日工时数据
16:45:34.724 [SpringApplicationShutdownHook] INFO  com.zaxxer.hikari.HikariDataSource - HikariPool-1 - Shutdown initiated...
16:45:34.731 [SpringApplicationShutdownHook] INFO  com.zaxxer.hikari.HikariDataSource - HikariPool-1 - Shutdown completed.
16:45:41.713 [restartedMain] INFO  com.dongbao.test_demo3.TestDemo3Application - Starting TestDemo3Application using Java 1.8.0_151 on IT-013487 with PID 31644 (E:\javaProject\test_demo3\target\classes started by 013487 in E:\javaProject\test_demo3)
16:45:41.713 [restartedMain] INFO  com.dongbao.test_demo3.TestDemo3Application - No active profile set, falling back to 1 default profile: "default"
16:45:41.739 [restartedMain] INFO  o.s.b.d.env.DevToolsPropertyDefaultsPostProcessor - For additional web related logging consider setting the 'logging.level.web' property to 'DEBUG'
16:45:42.180 [restartedMain] INFO  o.s.d.r.config.RepositoryConfigurationDelegate - Multiple Spring Data modules found, entering strict repository configuration mode
16:45:42.181 [restartedMain] INFO  o.s.d.r.config.RepositoryConfigurationDelegate - Bootstrapping Spring Data Redis repositories in DEFAULT mode.
16:45:42.198 [restartedMain] INFO  o.s.d.r.config.RepositoryConfigurationDelegate - Finished Spring Data repository scanning in 6 ms. Found 0 Redis repository interfaces.
16:45:42.480 [restartedMain] INFO  o.s.boot.web.embedded.tomcat.TomcatWebServer - Tomcat initialized with port(s): 8080 (http)
16:45:42.485 [restartedMain] INFO  org.apache.coyote.http11.Http11NioProtocol - Initializing ProtocolHandler ["http-nio-8080"]
16:45:42.486 [restartedMain] INFO  org.apache.catalina.core.StandardService - Starting service [Tomcat]
16:45:42.486 [restartedMain] INFO  org.apache.catalina.core.StandardEngine - Starting Servlet engine: [Apache Tomcat/9.0.69]
16:45:42.559 [restartedMain] INFO  o.a.c.core.ContainerBase.[Tomcat].[localhost].[/] - Initializing Spring embedded WebApplicationContext
16:45:42.560 [restartedMain] INFO  o.s.b.w.s.c.ServletWebServerApplicationContext - Root WebApplicationContext: initialization completed in 819 ms
16:45:42.883 [restartedMain] WARN  c.b.mybatisplus.core.injector.DefaultSqlInjector - class com.dongbao.test_demo3.entity.AttWorkHourDay ,Not found @TableId annotation, Cannot use Mybatis-Plus 'xxById' Method.
16:45:43.126 [restartedMain] INFO  o.s.b.a.web.servlet.WelcomePageHandlerMapping - Adding welcome page: class path resource [static/index.html]
16:45:43.172 [restartedMain] WARN  o.s.b.a.t.ThymeleafAutoConfiguration$DefaultTemplateResolverConfiguration - Cannot find template location: classpath:/templates/ (please add some templates, check your Thymeleaf configuration, or set spring.thymeleaf.check-template-location=false)
16:45:43.173 [restartedMain] WARN  org.thymeleaf.templatemode.TemplateMode - [THYMELEAF][restartedMain] Template Mode 'HTML5' is deprecated. Using Template Mode 'HTML' instead.
16:45:43.271 [restartedMain] INFO  o.s.b.d.autoconfigure.OptionalLiveReloadServer - LiveReload server is running on port 35729
16:45:43.282 [restartedMain] INFO  org.apache.coyote.http11.Http11NioProtocol - Starting ProtocolHandler ["http-nio-8080"]
16:45:43.290 [restartedMain] INFO  o.s.boot.web.embedded.tomcat.TomcatWebServer - Tomcat started on port(s): 8080 (http) with context path ''
16:45:43.296 [restartedMain] INFO  com.dongbao.test_demo3.TestDemo3Application - Started TestDemo3Application in 1.843 seconds (JVM running for 2.233)
16:45:46.632 [http-nio-8080-exec-1] INFO  o.a.c.core.ContainerBase.[Tomcat].[localhost].[/] - Initializing Spring DispatcherServlet 'dispatcherServlet'
16:45:46.633 [http-nio-8080-exec-1] INFO  org.springframework.web.servlet.DispatcherServlet - Initializing Servlet 'dispatcherServlet'
16:45:46.634 [http-nio-8080-exec-1] INFO  org.springframework.web.servlet.DispatcherServlet - Completed initialization in 1 ms
16:45:46.916 [http-nio-8080-exec-1] INFO  c.d.t.Service.impl.AttWorkHourDayServiceImpl - 从数据库中获取考勤日工时数据
16:45:46.962 [http-nio-8080-exec-1] INFO  com.zaxxer.hikari.HikariDataSource - HikariPool-1 - Starting...
16:45:47.176 [http-nio-8080-exec-1] INFO  com.zaxxer.hikari.HikariDataSource - HikariPool-1 - Start completed.
16:45:48.377 [http-nio-8080-exec-1] INFO  c.d.t.Service.impl.AttWorkHourDayServiceImpl - 将考勤日工时数据缓存起来
16:45:48.478 [http-nio-8080-exec-1] INFO  c.d.t.Service.impl.AttWorkHourDayServiceImpl - 考勤日工时数据缓存完成
16:45:56.483 [http-nio-8080-exec-3] INFO  c.d.t.Service.impl.AttWorkHourDayServiceImpl - 从缓存中获取考勤日工时数据
16:46:30.306 [SpringApplicationShutdownHook] INFO  com.zaxxer.hikari.HikariDataSource - HikariPool-1 - Shutdown initiated...
16:46:30.312 [SpringApplicationShutdownHook] INFO  com.zaxxer.hikari.HikariDataSource - HikariPool-1 - Shutdown completed.
16:46:34.194 [restartedMain] INFO  com.dongbao.test_demo3.TestDemo3Application - Starting TestDemo3Application using Java 1.8.0_151 on IT-013487 with PID 29256 (E:\javaProject\test_demo3\target\classes started by 013487 in E:\javaProject\test_demo3)
16:46:34.195 [restartedMain] INFO  com.dongbao.test_demo3.TestDemo3Application - No active profile set, falling back to 1 default profile: "default"
16:46:34.220 [restartedMain] INFO  o.s.b.d.env.DevToolsPropertyDefaultsPostProcessor - For additional web related logging consider setting the 'logging.level.web' property to 'DEBUG'
16:46:34.653 [restartedMain] INFO  o.s.d.r.config.RepositoryConfigurationDelegate - Multiple Spring Data modules found, entering strict repository configuration mode
16:46:34.654 [restartedMain] INFO  o.s.d.r.config.RepositoryConfigurationDelegate - Bootstrapping Spring Data Redis repositories in DEFAULT mode.
16:46:34.670 [restartedMain] INFO  o.s.d.r.config.RepositoryConfigurationDelegate - Finished Spring Data repository scanning in 6 ms. Found 0 Redis repository interfaces.
16:46:34.980 [restartedMain] INFO  o.s.boot.web.embedded.tomcat.TomcatWebServer - Tomcat initialized with port(s): 8080 (http)
16:46:34.985 [restartedMain] INFO  org.apache.coyote.http11.Http11NioProtocol - Initializing ProtocolHandler ["http-nio-8080"]
16:46:34.985 [restartedMain] INFO  org.apache.catalina.core.StandardService - Starting service [Tomcat]
16:46:34.986 [restartedMain] INFO  org.apache.catalina.core.StandardEngine - Starting Servlet engine: [Apache Tomcat/9.0.69]
16:46:35.057 [restartedMain] INFO  o.a.c.core.ContainerBase.[Tomcat].[localhost].[/] - Initializing Spring embedded WebApplicationContext
16:46:35.057 [restartedMain] INFO  o.s.b.w.s.c.ServletWebServerApplicationContext - Root WebApplicationContext: initialization completed in 836 ms
16:46:35.427 [restartedMain] WARN  c.b.mybatisplus.core.injector.DefaultSqlInjector - class com.dongbao.test_demo3.entity.AttWorkHourDay ,Not found @TableId annotation, Cannot use Mybatis-Plus 'xxById' Method.
16:46:35.697 [restartedMain] INFO  o.s.b.a.web.servlet.WelcomePageHandlerMapping - Adding welcome page: class path resource [static/index.html]
16:46:35.750 [restartedMain] WARN  o.s.b.a.t.ThymeleafAutoConfiguration$DefaultTemplateResolverConfiguration - Cannot find template location: classpath:/templates/ (please add some templates, check your Thymeleaf configuration, or set spring.thymeleaf.check-template-location=false)
16:46:35.751 [restartedMain] WARN  org.thymeleaf.templatemode.TemplateMode - [THYMELEAF][restartedMain] Template Mode 'HTML5' is deprecated. Using Template Mode 'HTML' instead.
16:46:35.874 [restartedMain] INFO  o.s.b.d.autoconfigure.OptionalLiveReloadServer - LiveReload server is running on port 35729
16:46:35.892 [restartedMain] INFO  org.apache.coyote.http11.Http11NioProtocol - Starting ProtocolHandler ["http-nio-8080"]
16:46:35.903 [restartedMain] INFO  o.s.boot.web.embedded.tomcat.TomcatWebServer - Tomcat started on port(s): 8080 (http) with context path ''
16:46:35.913 [restartedMain] INFO  com.dongbao.test_demo3.TestDemo3Application - Started TestDemo3Application in 1.925 seconds (JVM running for 2.298)
16:46:38.768 [http-nio-8080-exec-1] INFO  o.a.c.core.ContainerBase.[Tomcat].[localhost].[/] - Initializing Spring DispatcherServlet 'dispatcherServlet'
16:46:38.769 [http-nio-8080-exec-1] INFO  org.springframework.web.servlet.DispatcherServlet - Initializing Servlet 'dispatcherServlet'
16:46:38.770 [http-nio-8080-exec-1] INFO  org.springframework.web.servlet.DispatcherServlet - Completed initialization in 1 ms
16:46:39.083 [http-nio-8080-exec-1] INFO  c.d.t.Service.impl.AttWorkHourDayServiceImpl - 从数据库中获取考勤日工时数据
16:46:39.118 [http-nio-8080-exec-1] INFO  com.zaxxer.hikari.HikariDataSource - HikariPool-1 - Starting...
16:46:39.334 [http-nio-8080-exec-1] INFO  com.zaxxer.hikari.HikariDataSource - HikariPool-1 - Start completed.
16:46:40.528 [http-nio-8080-exec-1] INFO  c.d.t.Service.impl.AttWorkHourDayServiceImpl - 将考勤日工时数据缓存起来
16:46:40.659 [http-nio-8080-exec-1] INFO  c.d.t.Service.impl.AttWorkHourDayServiceImpl - 考勤日工时数据缓存完成
16:51:40.957 [SpringApplicationShutdownHook] INFO  com.zaxxer.hikari.HikariDataSource - HikariPool-1 - Shutdown initiated...
16:51:40.967 [SpringApplicationShutdownHook] INFO  com.zaxxer.hikari.HikariDataSource - HikariPool-1 - Shutdown completed.
16:51:43.246 [restartedMain] INFO  com.dongbao.test_demo3.TestDemo3Application - Starting TestDemo3Application using Java 1.8.0_151 on IT-013487 with PID 2156 (E:\javaProject\test_demo3\target\classes started by 013487 in E:\javaProject\test_demo3)
16:51:43.247 [restartedMain] INFO  com.dongbao.test_demo3.TestDemo3Application - No active profile set, falling back to 1 default profile: "default"
16:51:43.275 [restartedMain] INFO  o.s.b.d.env.DevToolsPropertyDefaultsPostProcessor - For additional web related logging consider setting the 'logging.level.web' property to 'DEBUG'
16:51:43.778 [restartedMain] INFO  o.s.d.r.config.RepositoryConfigurationDelegate - Multiple Spring Data modules found, entering strict repository configuration mode
16:51:43.779 [restartedMain] INFO  o.s.d.r.config.RepositoryConfigurationDelegate - Bootstrapping Spring Data Redis repositories in DEFAULT mode.
16:51:43.795 [restartedMain] INFO  o.s.d.r.config.RepositoryConfigurationDelegate - Finished Spring Data repository scanning in 6 ms. Found 0 Redis repository interfaces.
16:51:44.072 [restartedMain] INFO  o.s.boot.web.embedded.tomcat.TomcatWebServer - Tomcat initialized with port(s): 8080 (http)
16:51:44.076 [restartedMain] INFO  org.apache.coyote.http11.Http11NioProtocol - Initializing ProtocolHandler ["http-nio-8080"]
16:51:44.076 [restartedMain] INFO  org.apache.catalina.core.StandardService - Starting service [Tomcat]
16:51:44.076 [restartedMain] INFO  org.apache.catalina.core.StandardEngine - Starting Servlet engine: [Apache Tomcat/9.0.69]
16:51:44.150 [restartedMain] INFO  o.a.c.core.ContainerBase.[Tomcat].[localhost].[/] - Initializing Spring embedded WebApplicationContext
16:51:44.151 [restartedMain] INFO  o.s.b.w.s.c.ServletWebServerApplicationContext - Root WebApplicationContext: initialization completed in 875 ms
16:51:44.477 [restartedMain] WARN  c.b.mybatisplus.core.injector.DefaultSqlInjector - class com.dongbao.test_demo3.entity.AttWorkHourDay ,Not found @TableId annotation, Cannot use Mybatis-Plus 'xxById' Method.
16:51:44.718 [restartedMain] INFO  o.s.b.a.web.servlet.WelcomePageHandlerMapping - Adding welcome page: class path resource [static/index.html]
16:51:44.764 [restartedMain] WARN  o.s.b.a.t.ThymeleafAutoConfiguration$DefaultTemplateResolverConfiguration - Cannot find template location: classpath:/templates/ (please add some templates, check your Thymeleaf configuration, or set spring.thymeleaf.check-template-location=false)
16:51:44.764 [restartedMain] WARN  org.thymeleaf.templatemode.TemplateMode - [THYMELEAF][restartedMain] Template Mode 'HTML5' is deprecated. Using Template Mode 'HTML' instead.
16:51:44.874 [restartedMain] INFO  o.s.b.d.autoconfigure.OptionalLiveReloadServer - LiveReload server is running on port 35729
16:51:44.886 [restartedMain] INFO  org.apache.coyote.http11.Http11NioProtocol - Starting ProtocolHandler ["http-nio-8080"]
16:51:44.895 [restartedMain] INFO  o.s.boot.web.embedded.tomcat.TomcatWebServer - Tomcat started on port(s): 8080 (http) with context path ''
16:51:44.902 [restartedMain] INFO  com.dongbao.test_demo3.TestDemo3Application - Started TestDemo3Application in 1.923 seconds (JVM running for 2.393)
16:51:50.861 [http-nio-8080-exec-2] INFO  o.a.c.core.ContainerBase.[Tomcat].[localhost].[/] - Initializing Spring DispatcherServlet 'dispatcherServlet'
16:51:50.861 [http-nio-8080-exec-2] INFO  org.springframework.web.servlet.DispatcherServlet - Initializing Servlet 'dispatcherServlet'
16:51:50.863 [http-nio-8080-exec-2] INFO  org.springframework.web.servlet.DispatcherServlet - Completed initialization in 2 ms
16:51:51.202 [http-nio-8080-exec-2] INFO  c.d.t.Service.impl.AttWorkHourDayServiceImpl - 从缓存中获取考勤日工时数据
16:52:01.515 [http-nio-8080-exec-3] INFO  c.d.t.Service.impl.AttWorkHourDayServiceImpl - 从数据库中获取考勤日工时数据
16:52:01.549 [http-nio-8080-exec-3] INFO  com.zaxxer.hikari.HikariDataSource - HikariPool-1 - Starting...
16:52:01.759 [http-nio-8080-exec-3] INFO  com.zaxxer.hikari.HikariDataSource - HikariPool-1 - Start completed.
16:52:03.285 [http-nio-8080-exec-3] INFO  c.d.t.Service.impl.AttWorkHourDayServiceImpl - 将考勤日工时数据缓存起来
16:52:03.375 [http-nio-8080-exec-3] INFO  c.d.t.Service.impl.AttWorkHourDayServiceImpl - 考勤日工时数据缓存完成
16:52:50.406 [File Watcher] INFO  o.s.b.d.a.LocalDevToolsAutoConfiguration$RestartingClassPathChangeChangedEventListener - Restarting due to 1 class path change (0 additions, 1 deletion, 0 modifications)
16:52:50.459 [Thread-9] INFO  org.apache.coyote.http11.Http11NioProtocol - Pausing ProtocolHandler ["http-nio-8080"]
16:52:50.459 [Thread-9] INFO  org.apache.catalina.core.StandardService - Stopping service [Tomcat]
16:52:50.460 [Thread-9] INFO  o.a.c.core.ContainerBase.[Tomcat].[localhost].[/] - Destroying Spring FrameworkServlet 'dispatcherServlet'
16:52:50.463 [Thread-9] WARN  org.apache.catalina.loader.WebappClassLoaderBase - The web application [ROOT] appears to have started a thread named [lettuce-nioEventLoop-4-1] but has failed to stop it. This is very likely to create a memory leak. Stack trace of thread:
 sun.nio.ch.WindowsSelectorImpl$SubSelector.poll0(Native Method)
 sun.nio.ch.WindowsSelectorImpl$SubSelector.poll(WindowsSelectorImpl.java:296)
 sun.nio.ch.WindowsSelectorImpl$SubSelector.access$400(WindowsSelectorImpl.java:278)
 sun.nio.ch.WindowsSelectorImpl.doSelect(WindowsSelectorImpl.java:159)
 sun.nio.ch.SelectorImpl.lockAndDoSelect(SelectorImpl.java:86)
 sun.nio.ch.SelectorImpl.select(SelectorImpl.java:97)
 sun.nio.ch.SelectorImpl.select(SelectorImpl.java:101)
 io.netty.channel.nio.SelectedSelectionKeySetSelector.select(SelectedSelectionKeySetSelector.java:68)
 io.netty.channel.nio.NioEventLoop.select(NioEventLoop.java:879)
 io.netty.channel.nio.NioEventLoop.run(NioEventLoop.java:526)
 io.netty.util.concurrent.SingleThreadEventExecutor$4.run(SingleThreadEventExecutor.java:997)
 io.netty.util.internal.ThreadExecutorMap$2.run(ThreadExecutorMap.java:74)
 io.netty.util.concurrent.FastThreadLocalRunnable.run(FastThreadLocalRunnable.java:30)
 java.lang.Thread.run(Thread.java:748)
16:52:50.463 [Thread-9] WARN  org.apache.catalina.loader.WebappClassLoaderBase - The web application [ROOT] appears to have started a thread named [lettuce-eventExecutorLoop-1-1] but has failed to stop it. This is very likely to create a memory leak. Stack trace of thread:
 sun.misc.Unsafe.park(Native Method)
 java.util.concurrent.locks.LockSupport.park(LockSupport.java:175)
 java.util.concurrent.locks.AbstractQueuedSynchronizer$ConditionObject.await(AbstractQueuedSynchronizer.java:2039)
 java.util.concurrent.LinkedBlockingQueue.take(LinkedBlockingQueue.java:442)
 io.netty.util.concurrent.SingleThreadEventExecutor.takeTask(SingleThreadEventExecutor.java:244)
 io.netty.util.concurrent.DefaultEventExecutor.run(DefaultEventExecutor.java:64)
 io.netty.util.concurrent.SingleThreadEventExecutor$4.run(SingleThreadEventExecutor.java:997)
 io.netty.util.internal.ThreadExecutorMap$2.run(ThreadExecutorMap.java:74)
 io.netty.util.concurrent.FastThreadLocalRunnable.run(FastThreadLocalRunnable.java:30)
 java.lang.Thread.run(Thread.java:748)
16:52:50.464 [Thread-9] WARN  org.apache.catalina.loader.WebappClassLoaderBase - The web application [ROOT] appears to have started a thread named [lettuce-eventExecutorLoop-1-2] but has failed to stop it. This is very likely to create a memory leak. Stack trace of thread:
 sun.misc.Unsafe.park(Native Method)
 java.util.concurrent.locks.LockSupport.park(LockSupport.java:175)
 java.util.concurrent.locks.AbstractQueuedSynchronizer$ConditionObject.await(AbstractQueuedSynchronizer.java:2039)
 java.util.concurrent.LinkedBlockingQueue.take(LinkedBlockingQueue.java:442)
 io.netty.util.concurrent.SingleThreadEventExecutor.takeTask(SingleThreadEventExecutor.java:244)
 io.netty.util.concurrent.DefaultEventExecutor.run(DefaultEventExecutor.java:64)
 io.netty.util.concurrent.SingleThreadEventExecutor$4.run(SingleThreadEventExecutor.java:997)
 io.netty.util.internal.ThreadExecutorMap$2.run(ThreadExecutorMap.java:74)
 io.netty.util.concurrent.FastThreadLocalRunnable.run(FastThreadLocalRunnable.java:30)
 java.lang.Thread.run(Thread.java:748)
16:52:50.464 [Thread-9] WARN  org.apache.catalina.loader.WebappClassLoaderBase - The web application [ROOT] appears to have started a thread named [HikariPool-1 housekeeper] but has failed to stop it. This is very likely to create a memory leak. Stack trace of thread:
 sun.misc.Unsafe.park(Native Method)
 java.util.concurrent.locks.LockSupport.parkNanos(LockSupport.java:215)
 java.util.concurrent.locks.AbstractQueuedSynchronizer$ConditionObject.awaitNanos(AbstractQueuedSynchronizer.java:2078)
 java.util.concurrent.ScheduledThreadPoolExecutor$DelayedWorkQueue.take(ScheduledThreadPoolExecutor.java:1093)
 java.util.concurrent.ScheduledThreadPoolExecutor$DelayedWorkQueue.take(ScheduledThreadPoolExecutor.java:809)
 java.util.concurrent.ThreadPoolExecutor.getTask(ThreadPoolExecutor.java:1074)
 java.util.concurrent.ThreadPoolExecutor.runWorker(ThreadPoolExecutor.java:1134)
 java.util.concurrent.ThreadPoolExecutor$Worker.run(ThreadPoolExecutor.java:624)
 java.lang.Thread.run(Thread.java:748)
16:52:50.465 [Thread-9] WARN  org.apache.catalina.loader.WebappClassLoaderBase - The web application [ROOT] appears to have started a thread named [lettuce-eventExecutorLoop-1-3] but has failed to stop it. This is very likely to create a memory leak. Stack trace of thread:
 sun.misc.Unsafe.park(Native Method)
 java.util.concurrent.locks.LockSupport.park(LockSupport.java:175)
 java.util.concurrent.locks.AbstractQueuedSynchronizer$ConditionObject.await(AbstractQueuedSynchronizer.java:2039)
 java.util.concurrent.LinkedBlockingQueue.take(LinkedBlockingQueue.java:442)
 io.netty.util.concurrent.SingleThreadEventExecutor.takeTask(SingleThreadEventExecutor.java:244)
 io.netty.util.concurrent.DefaultEventExecutor.run(DefaultEventExecutor.java:64)
 io.netty.util.concurrent.SingleThreadEventExecutor$4.run(SingleThreadEventExecutor.java:997)
 io.netty.util.internal.ThreadExecutorMap$2.run(ThreadExecutorMap.java:74)
 io.netty.util.concurrent.FastThreadLocalRunnable.run(FastThreadLocalRunnable.java:30)
 java.lang.Thread.run(Thread.java:748)
16:52:50.465 [Thread-9] WARN  org.apache.catalina.loader.WebappClassLoaderBase - The web application [ROOT] appears to have started a thread named [lettuce-eventExecutorLoop-1-4] but has failed to stop it. This is very likely to create a memory leak. Stack trace of thread:
 sun.misc.Unsafe.park(Native Method)
 java.util.concurrent.locks.LockSupport.park(LockSupport.java:175)
 java.util.concurrent.locks.AbstractQueuedSynchronizer$ConditionObject.await(AbstractQueuedSynchronizer.java:2039)
 java.util.concurrent.LinkedBlockingQueue.take(LinkedBlockingQueue.java:442)
 io.netty.util.concurrent.SingleThreadEventExecutor.takeTask(SingleThreadEventExecutor.java:244)
 io.netty.util.concurrent.DefaultEventExecutor.run(DefaultEventExecutor.java:64)
 io.netty.util.concurrent.SingleThreadEventExecutor$4.run(SingleThreadEventExecutor.java:997)
 io.netty.util.internal.ThreadExecutorMap$2.run(ThreadExecutorMap.java:74)
 io.netty.util.concurrent.FastThreadLocalRunnable.run(FastThreadLocalRunnable.java:30)
 java.lang.Thread.run(Thread.java:748)
16:52:50.466 [Thread-9] INFO  org.apache.coyote.http11.Http11NioProtocol - Stopping ProtocolHandler ["http-nio-8080"]
16:52:50.468 [Thread-9] INFO  org.apache.coyote.http11.Http11NioProtocol - Destroying ProtocolHandler ["http-nio-8080"]
16:52:50.472 [Thread-9] INFO  com.zaxxer.hikari.HikariDataSource - HikariPool-1 - Shutdown initiated...
16:52:50.481 [Thread-9] INFO  com.zaxxer.hikari.HikariDataSource - HikariPool-1 - Shutdown completed.
16:52:50.786 [restartedMain] INFO  com.dongbao.test_demo3.TestDemo3Application - Starting TestDemo3Application using Java 1.8.0_151 on IT-013487 with PID 2156 (E:\javaProject\test_demo3\target\classes started by 013487 in E:\javaProject\test_demo3)
16:52:50.787 [restartedMain] INFO  com.dongbao.test_demo3.TestDemo3Application - No active profile set, falling back to 1 default profile: "default"
16:52:50.962 [restartedMain] INFO  o.s.d.r.config.RepositoryConfigurationDelegate - Multiple Spring Data modules found, entering strict repository configuration mode
16:52:50.962 [restartedMain] INFO  o.s.d.r.config.RepositoryConfigurationDelegate - Bootstrapping Spring Data Redis repositories in DEFAULT mode.
16:52:50.967 [restartedMain] INFO  o.s.d.r.config.RepositoryConfigurationDelegate - Finished Spring Data repository scanning in 4 ms. Found 0 Redis repository interfaces.
16:52:51.009 [restartedMain] INFO  o.s.boot.web.embedded.tomcat.TomcatWebServer - Tomcat initialized with port(s): 8080 (http)
16:52:51.010 [restartedMain] INFO  org.apache.coyote.http11.Http11NioProtocol - Initializing ProtocolHandler ["http-nio-8080"]
16:52:51.010 [restartedMain] INFO  org.apache.catalina.core.StandardService - Starting service [Tomcat]
16:52:51.010 [restartedMain] INFO  org.apache.catalina.core.StandardEngine - Starting Servlet engine: [Apache Tomcat/9.0.69]
16:52:51.021 [restartedMain] INFO  o.a.c.core.ContainerBase.[Tomcat].[localhost].[/] - Initializing Spring embedded WebApplicationContext
16:52:51.021 [restartedMain] INFO  o.s.b.w.s.c.ServletWebServerApplicationContext - Root WebApplicationContext: initialization completed in 232 ms
16:52:51.026 [restartedMain] WARN  o.s.b.w.s.c.AnnotationConfigServletWebServerApplicationContext - Exception encountered during context initialization - cancelling refresh attempt: org.springframework.beans.factory.BeanCreationException: Error creating bean with name 'attWorkHourDayCacheService' defined in file [E:\javaProject\test_demo3\target\classes\com\dongbao\test_demo3\CacheService\AttWorkHourDayCacheService.class]: Post-processing of merged bean definition failed; nested exception is java.lang.IllegalStateException: Failed to introspect Class [com.dongbao.test_demo3.CacheService.AttWorkHourDayCacheService] from ClassLoader [org.springframework.boot.devtools.restart.classloader.RestartClassLoader@7cfda6af]
16:52:51.027 [restartedMain] INFO  org.apache.catalina.core.StandardService - Stopping service [Tomcat]
16:52:51.032 [restartedMain] INFO  o.s.b.a.l.ConditionEvaluationReportLoggingListener - 

Error starting ApplicationContext. To display the conditions report re-run your application with 'debug' enabled.
16:52:51.053 [restartedMain] ERROR org.springframework.boot.SpringApplication - Application run failed
org.springframework.beans.factory.BeanCreationException: Error creating bean with name 'attWorkHourDayCacheService' defined in file [E:\javaProject\test_demo3\target\classes\com\dongbao\test_demo3\CacheService\AttWorkHourDayCacheService.class]: Post-processing of merged bean definition failed; nested exception is java.lang.IllegalStateException: Failed to introspect Class [com.dongbao.test_demo3.CacheService.AttWorkHourDayCacheService] from ClassLoader [org.springframework.boot.devtools.restart.classloader.RestartClassLoader@7cfda6af]
	at org.springframework.beans.factory.support.AbstractAutowireCapableBeanFactory.doCreateBean(AbstractAutowireCapableBeanFactory.java:597)
	at org.springframework.beans.factory.support.AbstractAutowireCapableBeanFactory.createBean(AbstractAutowireCapableBeanFactory.java:542)
	at org.springframework.beans.factory.support.AbstractBeanFactory.lambda$doGetBean$0(AbstractBeanFactory.java:335)
	at org.springframework.beans.factory.support.DefaultSingletonBeanRegistry.getSingleton(DefaultSingletonBeanRegistry.java:234)
	at org.springframework.beans.factory.support.AbstractBeanFactory.doGetBean(AbstractBeanFactory.java:333)
	at org.springframework.beans.factory.support.AbstractBeanFactory.getBean(AbstractBeanFactory.java:208)
	at org.springframework.beans.factory.support.DefaultListableBeanFactory.preInstantiateSingletons(DefaultListableBeanFactory.java:955)
	at org.springframework.context.support.AbstractApplicationContext.finishBeanFactoryInitialization(AbstractApplicationContext.java:918)
	at org.springframework.context.support.AbstractApplicationContext.refresh(AbstractApplicationContext.java:583)
	at org.springframework.boot.web.servlet.context.ServletWebServerApplicationContext.refresh(ServletWebServerApplicationContext.java:147)
	at org.springframework.boot.SpringApplication.refresh(SpringApplication.java:731)
	at org.springframework.boot.SpringApplication.refreshContext(SpringApplication.java:408)
	at org.springframework.boot.SpringApplication.run(SpringApplication.java:307)
	at org.springframework.boot.SpringApplication.run(SpringApplication.java:1303)
	at org.springframework.boot.SpringApplication.run(SpringApplication.java:1292)
	at com.dongbao.test_demo3.TestDemo3Application.main(TestDemo3Application.java:12)
	at sun.reflect.NativeMethodAccessorImpl.invoke0(Native Method)
	at sun.reflect.NativeMethodAccessorImpl.invoke(NativeMethodAccessorImpl.java:62)
	at sun.reflect.DelegatingMethodAccessorImpl.invoke(DelegatingMethodAccessorImpl.java:43)
	at java.lang.reflect.Method.invoke(Method.java:498)
	at org.springframework.boot.devtools.restart.RestartLauncher.run(RestartLauncher.java:49)
Caused by: java.lang.IllegalStateException: Failed to introspect Class [com.dongbao.test_demo3.CacheService.AttWorkHourDayCacheService] from ClassLoader [org.springframework.boot.devtools.restart.classloader.RestartClassLoader@7cfda6af]
	at org.springframework.util.ReflectionUtils.getDeclaredFields(ReflectionUtils.java:743)
	at org.springframework.util.ReflectionUtils.doWithLocalFields(ReflectionUtils.java:675)
	at org.springframework.context.annotation.CommonAnnotationBeanPostProcessor.buildResourceMetadata(CommonAnnotationBeanPostProcessor.java:377)
	at org.springframework.context.annotation.CommonAnnotationBeanPostProcessor.findResourceMetadata(CommonAnnotationBeanPostProcessor.java:358)
	at org.springframework.context.annotation.CommonAnnotationBeanPostProcessor.postProcessMergedBeanDefinition(CommonAnnotationBeanPostProcessor.java:306)
	at org.springframework.beans.factory.support.AbstractAutowireCapableBeanFactory.applyMergedBeanDefinitionPostProcessors(AbstractAutowireCapableBeanFactory.java:1116)
	at org.springframework.beans.factory.support.AbstractAutowireCapableBeanFactory.doCreateBean(AbstractAutowireCapableBeanFactory.java:594)
	... 20 common frames omitted
Caused by: java.lang.NoClassDefFoundError: Lcom/dongbao/test_demo3/CacheService/RedisService;
	at java.lang.Class.getDeclaredFields0(Native Method)
	at java.lang.Class.privateGetDeclaredFields(Class.java:2583)
	at java.lang.Class.getDeclaredFields(Class.java:1916)
	at org.springframework.util.ReflectionUtils.getDeclaredFields(ReflectionUtils.java:738)
	... 26 common frames omitted
Caused by: java.lang.ClassNotFoundException: com.dongbao.test_demo3.RedisService.RedisService
	at java.net.URLClassLoader.findClass(URLClassLoader.java:381)
	at java.lang.ClassLoader.loadClass(ClassLoader.java:424)
	at sun.misc.Launcher$AppClassLoader.loadClass(Launcher.java:335)
	at java.lang.ClassLoader.loadClass(ClassLoader.java:357)
	at java.lang.Class.forName0(Native Method)
	at java.lang.Class.forName(Class.java:348)
	at org.springframework.boot.devtools.restart.classloader.RestartClassLoader.loadClass(RestartClassLoader.java:145)
	at java.lang.ClassLoader.loadClass(ClassLoader.java:357)
	... 30 common frames omitted
16:54:37.037 [restartedMain] INFO  com.dongbao.test_demo3.TestDemo3Application - Starting TestDemo3Application using Java 1.8.0_151 on IT-013487 with PID 2156 (E:\javaProject\test_demo3\target\classes started by 013487 in E:\javaProject\test_demo3)
16:54:37.037 [restartedMain] INFO  com.dongbao.test_demo3.TestDemo3Application - No active profile set, falling back to 1 default profile: "default"
16:54:37.136 [restartedMain] INFO  o.s.d.r.config.RepositoryConfigurationDelegate - Multiple Spring Data modules found, entering strict repository configuration mode
16:54:37.136 [restartedMain] INFO  o.s.d.r.config.RepositoryConfigurationDelegate - Bootstrapping Spring Data Redis repositories in DEFAULT mode.
16:54:37.139 [restartedMain] INFO  o.s.d.r.config.RepositoryConfigurationDelegate - Finished Spring Data repository scanning in 2 ms. Found 0 Redis repository interfaces.
16:54:37.171 [restartedMain] INFO  o.s.boot.web.embedded.tomcat.TomcatWebServer - Tomcat initialized with port(s): 8080 (http)
16:54:37.171 [restartedMain] INFO  org.apache.coyote.http11.Http11NioProtocol - Initializing ProtocolHandler ["http-nio-8080"]
16:54:37.171 [restartedMain] INFO  org.apache.catalina.core.StandardService - Starting service [Tomcat]
16:54:37.171 [restartedMain] INFO  org.apache.catalina.core.StandardEngine - Starting Servlet engine: [Apache Tomcat/9.0.69]
16:54:37.181 [restartedMain] INFO  o.a.c.c.ContainerBase.[Tomcat-1].[localhost].[/] - Initializing Spring embedded WebApplicationContext
16:54:37.181 [restartedMain] INFO  o.s.b.w.s.c.ServletWebServerApplicationContext - Root WebApplicationContext: initialization completed in 143 ms
16:54:37.185 [restartedMain] WARN  o.s.b.w.s.c.AnnotationConfigServletWebServerApplicationContext - Exception encountered during context initialization - cancelling refresh attempt: org.springframework.beans.factory.BeanCreationException: Error creating bean with name 'empInfoCacheService' defined in file [E:\javaProject\test_demo3\target\classes\com\dongbao\test_demo3\CacheService\EmpInfoCacheService.class]: Post-processing of merged bean definition failed; nested exception is java.lang.IllegalStateException: Failed to introspect Class [com.dongbao.test_demo3.CacheService.EmpInfoCacheService] from ClassLoader [org.springframework.boot.devtools.restart.classloader.RestartClassLoader@9ffc849]
16:54:37.186 [restartedMain] INFO  org.apache.catalina.core.StandardService - Stopping service [Tomcat]
16:54:37.189 [restartedMain] INFO  o.s.b.a.l.ConditionEvaluationReportLoggingListener - 

Error starting ApplicationContext. To display the conditions report re-run your application with 'debug' enabled.
16:54:37.190 [restartedMain] ERROR org.springframework.boot.SpringApplication - Application run failed
org.springframework.beans.factory.BeanCreationException: Error creating bean with name 'empInfoCacheService' defined in file [E:\javaProject\test_demo3\target\classes\com\dongbao\test_demo3\CacheService\EmpInfoCacheService.class]: Post-processing of merged bean definition failed; nested exception is java.lang.IllegalStateException: Failed to introspect Class [com.dongbao.test_demo3.CacheService.EmpInfoCacheService] from ClassLoader [org.springframework.boot.devtools.restart.classloader.RestartClassLoader@9ffc849]
	at org.springframework.beans.factory.support.AbstractAutowireCapableBeanFactory.doCreateBean(AbstractAutowireCapableBeanFactory.java:597)
	at org.springframework.beans.factory.support.AbstractAutowireCapableBeanFactory.createBean(AbstractAutowireCapableBeanFactory.java:542)
	at org.springframework.beans.factory.support.AbstractBeanFactory.lambda$doGetBean$0(AbstractBeanFactory.java:335)
	at org.springframework.beans.factory.support.DefaultSingletonBeanRegistry.getSingleton(DefaultSingletonBeanRegistry.java:234)
	at org.springframework.beans.factory.support.AbstractBeanFactory.doGetBean(AbstractBeanFactory.java:333)
	at org.springframework.beans.factory.support.AbstractBeanFactory.getBean(AbstractBeanFactory.java:208)
	at org.springframework.beans.factory.support.DefaultListableBeanFactory.preInstantiateSingletons(DefaultListableBeanFactory.java:955)
	at org.springframework.context.support.AbstractApplicationContext.finishBeanFactoryInitialization(AbstractApplicationContext.java:918)
	at org.springframework.context.support.AbstractApplicationContext.refresh(AbstractApplicationContext.java:583)
	at org.springframework.boot.web.servlet.context.ServletWebServerApplicationContext.refresh(ServletWebServerApplicationContext.java:147)
	at org.springframework.boot.SpringApplication.refresh(SpringApplication.java:731)
	at org.springframework.boot.SpringApplication.refreshContext(SpringApplication.java:408)
	at org.springframework.boot.SpringApplication.run(SpringApplication.java:307)
	at org.springframework.boot.SpringApplication.run(SpringApplication.java:1303)
	at org.springframework.boot.SpringApplication.run(SpringApplication.java:1292)
	at com.dongbao.test_demo3.TestDemo3Application.main(TestDemo3Application.java:12)
	at sun.reflect.NativeMethodAccessorImpl.invoke0(Native Method)
	at sun.reflect.NativeMethodAccessorImpl.invoke(NativeMethodAccessorImpl.java:62)
	at sun.reflect.DelegatingMethodAccessorImpl.invoke(DelegatingMethodAccessorImpl.java:43)
	at java.lang.reflect.Method.invoke(Method.java:498)
	at org.springframework.boot.devtools.restart.RestartLauncher.run(RestartLauncher.java:49)
Caused by: java.lang.IllegalStateException: Failed to introspect Class [com.dongbao.test_demo3.CacheService.EmpInfoCacheService] from ClassLoader [org.springframework.boot.devtools.restart.classloader.RestartClassLoader@9ffc849]
	at org.springframework.util.ReflectionUtils.getDeclaredFields(ReflectionUtils.java:743)
	at org.springframework.util.ReflectionUtils.doWithLocalFields(ReflectionUtils.java:675)
	at org.springframework.context.annotation.CommonAnnotationBeanPostProcessor.buildResourceMetadata(CommonAnnotationBeanPostProcessor.java:377)
	at org.springframework.context.annotation.CommonAnnotationBeanPostProcessor.findResourceMetadata(CommonAnnotationBeanPostProcessor.java:358)
	at org.springframework.context.annotation.CommonAnnotationBeanPostProcessor.postProcessMergedBeanDefinition(CommonAnnotationBeanPostProcessor.java:306)
	at org.springframework.beans.factory.support.AbstractAutowireCapableBeanFactory.applyMergedBeanDefinitionPostProcessors(AbstractAutowireCapableBeanFactory.java:1116)
	at org.springframework.beans.factory.support.AbstractAutowireCapableBeanFactory.doCreateBean(AbstractAutowireCapableBeanFactory.java:594)
	... 20 common frames omitted
Caused by: java.lang.NoClassDefFoundError: Lcom/dongbao/test_demo3/CacheService/RedisService;
	at java.lang.Class.getDeclaredFields0(Native Method)
	at java.lang.Class.privateGetDeclaredFields(Class.java:2583)
	at java.lang.Class.getDeclaredFields(Class.java:1916)
	at org.springframework.util.ReflectionUtils.getDeclaredFields(ReflectionUtils.java:738)
	... 26 common frames omitted
Caused by: java.lang.ClassNotFoundException: com.dongbao.test_demo3.RedisService.RedisService
	at java.net.URLClassLoader.findClass(URLClassLoader.java:381)
	at java.lang.ClassLoader.loadClass(ClassLoader.java:424)
	at sun.misc.Launcher$AppClassLoader.loadClass(Launcher.java:335)
	at java.lang.ClassLoader.loadClass(ClassLoader.java:357)
	at java.lang.Class.forName0(Native Method)
	at java.lang.Class.forName(Class.java:348)
	at org.springframework.boot.devtools.restart.classloader.RestartClassLoader.loadClass(RestartClassLoader.java:145)
	at java.lang.ClassLoader.loadClass(ClassLoader.java:357)
	... 30 common frames omitted
16:54:40.645 [restartedMain] INFO  com.dongbao.test_demo3.TestDemo3Application - Starting TestDemo3Application using Java 1.8.0_151 on IT-013487 with PID 2156 (E:\javaProject\test_demo3\target\classes started by 013487 in E:\javaProject\test_demo3)
16:54:40.645 [restartedMain] INFO  com.dongbao.test_demo3.TestDemo3Application - No active profile set, falling back to 1 default profile: "default"
16:54:40.736 [restartedMain] INFO  o.s.d.r.config.RepositoryConfigurationDelegate - Multiple Spring Data modules found, entering strict repository configuration mode
16:54:40.736 [restartedMain] INFO  o.s.d.r.config.RepositoryConfigurationDelegate - Bootstrapping Spring Data Redis repositories in DEFAULT mode.
16:54:40.739 [restartedMain] INFO  o.s.d.r.config.RepositoryConfigurationDelegate - Finished Spring Data repository scanning in 2 ms. Found 0 Redis repository interfaces.
16:54:40.768 [restartedMain] INFO  o.s.boot.web.embedded.tomcat.TomcatWebServer - Tomcat initialized with port(s): 8080 (http)
16:54:40.768 [restartedMain] INFO  org.apache.coyote.http11.Http11NioProtocol - Initializing ProtocolHandler ["http-nio-8080"]
16:54:40.768 [restartedMain] INFO  org.apache.catalina.core.StandardService - Starting service [Tomcat]
16:54:40.768 [restartedMain] INFO  org.apache.catalina.core.StandardEngine - Starting Servlet engine: [Apache Tomcat/9.0.69]
16:54:40.777 [restartedMain] INFO  o.a.c.c.ContainerBase.[Tomcat-2].[localhost].[/] - Initializing Spring embedded WebApplicationContext
16:54:40.777 [restartedMain] INFO  o.s.b.w.s.c.ServletWebServerApplicationContext - Root WebApplicationContext: initialization completed in 131 ms
16:54:40.903 [restartedMain] INFO  o.s.b.a.web.servlet.WelcomePageHandlerMapping - Adding welcome page: class path resource [static/index.html]
16:54:40.915 [restartedMain] WARN  o.s.b.a.t.ThymeleafAutoConfiguration$DefaultTemplateResolverConfiguration - Cannot find template location: classpath:/templates/ (please add some templates, check your Thymeleaf configuration, or set spring.thymeleaf.check-template-location=false)
16:54:40.915 [restartedMain] WARN  org.thymeleaf.templatemode.TemplateMode - [THYMELEAF][restartedMain] Template Mode 'HTML5' is deprecated. Using Template Mode 'HTML' instead.
16:54:40.942 [restartedMain] INFO  o.s.b.d.autoconfigure.OptionalLiveReloadServer - LiveReload server is running on port 35729
16:54:40.948 [restartedMain] INFO  org.apache.coyote.http11.Http11NioProtocol - Starting ProtocolHandler ["http-nio-8080"]
16:54:40.949 [restartedMain] INFO  o.s.boot.web.embedded.tomcat.TomcatWebServer - Tomcat started on port(s): 8080 (http) with context path ''
16:54:40.952 [restartedMain] INFO  com.dongbao.test_demo3.TestDemo3Application - Started TestDemo3Application in 0.325 seconds (JVM running for 178.439)
16:54:40.953 [restartedMain] INFO  o.s.b.d.a.ConditionEvaluationDeltaLoggingListener - Condition evaluation unchanged
16:54:49.681 [http-nio-8080-exec-2] INFO  o.a.c.c.ContainerBase.[Tomcat-2].[localhost].[/] - Initializing Spring DispatcherServlet 'dispatcherServlet'
16:54:49.682 [http-nio-8080-exec-2] INFO  org.springframework.web.servlet.DispatcherServlet - Initializing Servlet 'dispatcherServlet'
16:54:49.683 [http-nio-8080-exec-2] INFO  org.springframework.web.servlet.DispatcherServlet - Completed initialization in 1 ms
16:54:49.757 [http-nio-8080-exec-2] INFO  c.d.t.Service.impl.AttWorkHourDayServiceImpl - 从缓存中获取考勤日工时数据
16:55:05.008 [http-nio-8080-exec-3] INFO  c.d.t.Service.impl.AttWorkHourDayServiceImpl - 从缓存中获取考勤日工时数据
16:55:14.836 [http-nio-8080-exec-5] INFO  c.d.t.Service.impl.AttWorkHourDayServiceImpl - 从缓存中获取考勤日工时数据
16:55:27.651 [restartedMain] INFO  com.dongbao.test_demo3.TestDemo3Application - Starting TestDemo3Application using Java 1.8.0_151 on IT-013487 with PID 22384 (E:\javaProject\test_demo3\target\classes started by 013487 in E:\javaProject\test_demo3)
16:55:27.652 [restartedMain] INFO  com.dongbao.test_demo3.TestDemo3Application - No active profile set, falling back to 1 default profile: "default"
16:55:27.679 [restartedMain] INFO  o.s.b.d.env.DevToolsPropertyDefaultsPostProcessor - For additional web related logging consider setting the 'logging.level.web' property to 'DEBUG'
16:55:28.135 [restartedMain] INFO  o.s.d.r.config.RepositoryConfigurationDelegate - Multiple Spring Data modules found, entering strict repository configuration mode
16:55:28.137 [restartedMain] INFO  o.s.d.r.config.RepositoryConfigurationDelegate - Bootstrapping Spring Data Redis repositories in DEFAULT mode.
16:55:28.155 [restartedMain] INFO  o.s.d.r.config.RepositoryConfigurationDelegate - Finished Spring Data repository scanning in 7 ms. Found 0 Redis repository interfaces.
16:55:28.460 [restartedMain] INFO  o.s.boot.web.embedded.tomcat.TomcatWebServer - Tomcat initialized with port(s): 8080 (http)
16:55:28.465 [restartedMain] INFO  org.apache.coyote.http11.Http11NioProtocol - Initializing ProtocolHandler ["http-nio-8080"]
16:55:28.465 [restartedMain] INFO  org.apache.catalina.core.StandardService - Starting service [Tomcat]
16:55:28.466 [restartedMain] INFO  org.apache.catalina.core.StandardEngine - Starting Servlet engine: [Apache Tomcat/9.0.69]
16:55:28.542 [restartedMain] INFO  o.a.c.core.ContainerBase.[Tomcat].[localhost].[/] - Initializing Spring embedded WebApplicationContext
16:55:28.542 [restartedMain] INFO  o.s.b.w.s.c.ServletWebServerApplicationContext - Root WebApplicationContext: initialization completed in 863 ms
16:55:28.861 [restartedMain] WARN  c.b.mybatisplus.core.injector.DefaultSqlInjector - class com.dongbao.test_demo3.entity.AttWorkHourDay ,Not found @TableId annotation, Cannot use Mybatis-Plus 'xxById' Method.
16:55:29.108 [restartedMain] INFO  o.s.b.a.web.servlet.WelcomePageHandlerMapping - Adding welcome page: class path resource [static/index.html]
16:55:29.160 [restartedMain] WARN  o.s.b.a.t.ThymeleafAutoConfiguration$DefaultTemplateResolverConfiguration - Cannot find template location: classpath:/templates/ (please add some templates, check your Thymeleaf configuration, or set spring.thymeleaf.check-template-location=false)
16:55:29.161 [restartedMain] WARN  org.thymeleaf.templatemode.TemplateMode - [THYMELEAF][restartedMain] Template Mode 'HTML5' is deprecated. Using Template Mode 'HTML' instead.
16:55:29.288 [restartedMain] INFO  o.s.b.d.autoconfigure.OptionalLiveReloadServer - LiveReload server is running on port 35729
16:55:29.301 [restartedMain] INFO  org.apache.coyote.http11.Http11NioProtocol - Starting ProtocolHandler ["http-nio-8080"]
16:55:29.312 [restartedMain] INFO  o.s.boot.web.embedded.tomcat.TomcatWebServer - Tomcat started on port(s): 8080 (http) with context path ''
16:55:29.321 [restartedMain] INFO  com.dongbao.test_demo3.TestDemo3Application - Started TestDemo3Application in 1.89 seconds (JVM running for 2.317)
16:55:32.341 [http-nio-8080-exec-3] INFO  o.a.c.core.ContainerBase.[Tomcat].[localhost].[/] - Initializing Spring DispatcherServlet 'dispatcherServlet'
16:55:32.342 [http-nio-8080-exec-3] INFO  org.springframework.web.servlet.DispatcherServlet - Initializing Servlet 'dispatcherServlet'
16:55:32.343 [http-nio-8080-exec-3] INFO  org.springframework.web.servlet.DispatcherServlet - Completed initialization in 1 ms
16:55:32.740 [http-nio-8080-exec-3] INFO  c.d.t.Service.impl.AttWorkHourDayServiceImpl - 从缓存中获取考勤日工时数据
16:55:43.278 [http-nio-8080-exec-2] INFO  c.d.t.Service.impl.AttWorkHourDayServiceImpl - 从缓存中获取考勤日工时数据
17:24:47.062 [File Watcher] INFO  o.s.b.d.a.LocalDevToolsAutoConfiguration$RestartingClassPathChangeChangedEventListener - Restarting due to 1 class path change (0 additions, 1 deletion, 0 modifications)
17:24:47.106 [Thread-9] INFO  org.apache.coyote.http11.Http11NioProtocol - Pausing ProtocolHandler ["http-nio-8080"]
17:24:47.106 [Thread-9] INFO  org.apache.catalina.core.StandardService - Stopping service [Tomcat]
17:24:47.108 [Thread-9] INFO  o.a.c.core.ContainerBase.[Tomcat].[localhost].[/] - Destroying Spring FrameworkServlet 'dispatcherServlet'
17:24:47.111 [Thread-9] WARN  org.apache.catalina.loader.WebappClassLoaderBase - The web application [ROOT] appears to have started a thread named [lettuce-nioEventLoop-4-1] but has failed to stop it. This is very likely to create a memory leak. Stack trace of thread:
 sun.nio.ch.WindowsSelectorImpl$SubSelector.poll0(Native Method)
 sun.nio.ch.WindowsSelectorImpl$SubSelector.poll(WindowsSelectorImpl.java:296)
 sun.nio.ch.WindowsSelectorImpl$SubSelector.access$400(WindowsSelectorImpl.java:278)
 sun.nio.ch.WindowsSelectorImpl.doSelect(WindowsSelectorImpl.java:159)
 sun.nio.ch.SelectorImpl.lockAndDoSelect(SelectorImpl.java:86)
 sun.nio.ch.SelectorImpl.select(SelectorImpl.java:97)
 sun.nio.ch.SelectorImpl.select(SelectorImpl.java:101)
 io.netty.channel.nio.SelectedSelectionKeySetSelector.select(SelectedSelectionKeySetSelector.java:68)
 io.netty.channel.nio.NioEventLoop.select(NioEventLoop.java:879)
 io.netty.channel.nio.NioEventLoop.run(NioEventLoop.java:526)
 io.netty.util.concurrent.SingleThreadEventExecutor$4.run(SingleThreadEventExecutor.java:997)
 io.netty.util.internal.ThreadExecutorMap$2.run(ThreadExecutorMap.java:74)
 io.netty.util.concurrent.FastThreadLocalRunnable.run(FastThreadLocalRunnable.java:30)
 java.lang.Thread.run(Thread.java:748)
17:24:47.112 [Thread-9] WARN  org.apache.catalina.loader.WebappClassLoaderBase - The web application [ROOT] appears to have started a thread named [lettuce-eventExecutorLoop-1-1] but has failed to stop it. This is very likely to create a memory leak. Stack trace of thread:
 sun.misc.Unsafe.park(Native Method)
 java.util.concurrent.locks.LockSupport.park(LockSupport.java:175)
 java.util.concurrent.locks.AbstractQueuedSynchronizer$ConditionObject.await(AbstractQueuedSynchronizer.java:2039)
 java.util.concurrent.LinkedBlockingQueue.take(LinkedBlockingQueue.java:442)
 io.netty.util.concurrent.SingleThreadEventExecutor.takeTask(SingleThreadEventExecutor.java:244)
 io.netty.util.concurrent.DefaultEventExecutor.run(DefaultEventExecutor.java:64)
 io.netty.util.concurrent.SingleThreadEventExecutor$4.run(SingleThreadEventExecutor.java:997)
 io.netty.util.internal.ThreadExecutorMap$2.run(ThreadExecutorMap.java:74)
 io.netty.util.concurrent.FastThreadLocalRunnable.run(FastThreadLocalRunnable.java:30)
 java.lang.Thread.run(Thread.java:748)
17:24:47.112 [Thread-9] WARN  org.apache.catalina.loader.WebappClassLoaderBase - The web application [ROOT] appears to have started a thread named [lettuce-eventExecutorLoop-1-2] but has failed to stop it. This is very likely to create a memory leak. Stack trace of thread:
 sun.misc.Unsafe.park(Native Method)
 java.util.concurrent.locks.LockSupport.park(LockSupport.java:175)
 java.util.concurrent.locks.AbstractQueuedSynchronizer$ConditionObject.await(AbstractQueuedSynchronizer.java:2039)
 java.util.concurrent.LinkedBlockingQueue.take(LinkedBlockingQueue.java:442)
 io.netty.util.concurrent.SingleThreadEventExecutor.takeTask(SingleThreadEventExecutor.java:244)
 io.netty.util.concurrent.DefaultEventExecutor.run(DefaultEventExecutor.java:64)
 io.netty.util.concurrent.SingleThreadEventExecutor$4.run(SingleThreadEventExecutor.java:997)
 io.netty.util.internal.ThreadExecutorMap$2.run(ThreadExecutorMap.java:74)
 io.netty.util.concurrent.FastThreadLocalRunnable.run(FastThreadLocalRunnable.java:30)
 java.lang.Thread.run(Thread.java:748)
17:24:47.112 [Thread-9] INFO  org.apache.coyote.http11.Http11NioProtocol - Stopping ProtocolHandler ["http-nio-8080"]
17:24:47.113 [Thread-9] INFO  org.apache.coyote.http11.Http11NioProtocol - Destroying ProtocolHandler ["http-nio-8080"]
17:24:47.379 [restartedMain] INFO  com.dongbao.test_demo3.TestDemo3Application - Starting TestDemo3Application using Java 1.8.0_151 on IT-013487 with PID 22384 (E:\javaProject\test_demo3\target\classes started by 013487 in E:\javaProject\test_demo3)
17:24:47.379 [restartedMain] INFO  com.dongbao.test_demo3.TestDemo3Application - No active profile set, falling back to 1 default profile: "default"
17:24:47.578 [restartedMain] INFO  o.s.d.r.config.RepositoryConfigurationDelegate - Multiple Spring Data modules found, entering strict repository configuration mode
17:24:47.579 [restartedMain] INFO  o.s.d.r.config.RepositoryConfigurationDelegate - Bootstrapping Spring Data Redis repositories in DEFAULT mode.
17:24:47.583 [restartedMain] INFO  o.s.d.r.config.RepositoryConfigurationDelegate - Finished Spring Data repository scanning in 3 ms. Found 0 Redis repository interfaces.
17:24:47.627 [restartedMain] INFO  o.s.boot.web.embedded.tomcat.TomcatWebServer - Tomcat initialized with port(s): 8080 (http)
17:24:47.628 [restartedMain] INFO  org.apache.coyote.http11.Http11NioProtocol - Initializing ProtocolHandler ["http-nio-8080"]
17:24:47.628 [restartedMain] INFO  org.apache.catalina.core.StandardService - Starting service [Tomcat]
17:24:47.628 [restartedMain] INFO  org.apache.catalina.core.StandardEngine - Starting Servlet engine: [Apache Tomcat/9.0.69]
17:24:47.639 [restartedMain] INFO  o.a.c.core.ContainerBase.[Tomcat].[localhost].[/] - Initializing Spring embedded WebApplicationContext
17:24:47.639 [restartedMain] INFO  o.s.b.w.s.c.ServletWebServerApplicationContext - Root WebApplicationContext: initialization completed in 259 ms
17:24:47.820 [restartedMain] INFO  o.s.b.a.web.servlet.WelcomePageHandlerMapping - Adding welcome page: class path resource [static/index.html]
17:24:47.836 [restartedMain] WARN  o.s.b.a.t.ThymeleafAutoConfiguration$DefaultTemplateResolverConfiguration - Cannot find template location: classpath:/templates/ (please add some templates, check your Thymeleaf configuration, or set spring.thymeleaf.check-template-location=false)
17:24:47.837 [restartedMain] WARN  org.thymeleaf.templatemode.TemplateMode - [THYMELEAF][restartedMain] Template Mode 'HTML5' is deprecated. Using Template Mode 'HTML' instead.
17:24:47.873 [restartedMain] INFO  o.s.b.d.autoconfigure.OptionalLiveReloadServer - LiveReload server is running on port 35729
17:24:47.880 [restartedMain] INFO  org.apache.coyote.http11.Http11NioProtocol - Starting ProtocolHandler ["http-nio-8080"]
17:24:47.881 [restartedMain] INFO  o.s.boot.web.embedded.tomcat.TomcatWebServer - Tomcat started on port(s): 8080 (http) with context path ''
17:24:47.884 [restartedMain] INFO  com.dongbao.test_demo3.TestDemo3Application - Started TestDemo3Application in 0.541 seconds (JVM running for 1760.845)
17:24:47.886 [restartedMain] INFO  o.s.b.d.a.ConditionEvaluationDeltaLoggingListener - Condition evaluation unchanged
17:24:51.330 [File Watcher] INFO  o.s.b.d.a.LocalDevToolsAutoConfiguration$RestartingClassPathChangeChangedEventListener - Restarting due to 1 class path change (1 addition, 0 deletions, 0 modifications)
17:24:51.405 [Thread-15] INFO  org.apache.coyote.http11.Http11NioProtocol - Pausing ProtocolHandler ["http-nio-8080"]
17:24:51.405 [Thread-15] INFO  org.apache.catalina.core.StandardService - Stopping service [Tomcat]
17:24:51.409 [Thread-15] INFO  org.apache.coyote.http11.Http11NioProtocol - Stopping ProtocolHandler ["http-nio-8080"]
17:24:51.411 [Thread-15] INFO  org.apache.coyote.http11.Http11NioProtocol - Destroying ProtocolHandler ["http-nio-8080"]
17:24:51.601 [restartedMain] INFO  com.dongbao.test_demo3.TestDemo3Application - Starting TestDemo3Application using Java 1.8.0_151 on IT-013487 with PID 22384 (E:\javaProject\test_demo3\target\classes started by 013487 in E:\javaProject\test_demo3)
17:24:51.601 [restartedMain] INFO  com.dongbao.test_demo3.TestDemo3Application - No active profile set, falling back to 1 default profile: "default"
17:24:51.791 [restartedMain] INFO  o.s.d.r.config.RepositoryConfigurationDelegate - Multiple Spring Data modules found, entering strict repository configuration mode
17:24:51.791 [restartedMain] INFO  o.s.d.r.config.RepositoryConfigurationDelegate - Bootstrapping Spring Data Redis repositories in DEFAULT mode.
17:24:51.798 [restartedMain] INFO  o.s.d.r.config.RepositoryConfigurationDelegate - Finished Spring Data repository scanning in 5 ms. Found 0 Redis repository interfaces.
17:24:51.855 [restartedMain] INFO  o.s.boot.web.embedded.tomcat.TomcatWebServer - Tomcat initialized with port(s): 8080 (http)
17:24:51.855 [restartedMain] INFO  org.apache.coyote.http11.Http11NioProtocol - Initializing ProtocolHandler ["http-nio-8080"]
17:24:51.856 [restartedMain] INFO  org.apache.catalina.core.StandardService - Starting service [Tomcat]
17:24:51.856 [restartedMain] INFO  org.apache.catalina.core.StandardEngine - Starting Servlet engine: [Apache Tomcat/9.0.69]
17:24:51.873 [restartedMain] INFO  o.a.c.core.ContainerBase.[Tomcat].[localhost].[/] - Initializing Spring embedded WebApplicationContext
17:24:51.873 [restartedMain] INFO  o.s.b.w.s.c.ServletWebServerApplicationContext - Root WebApplicationContext: initialization completed in 271 ms
17:24:52.094 [restartedMain] INFO  o.s.b.a.web.servlet.WelcomePageHandlerMapping - Adding welcome page: class path resource [static/index.html]
17:24:52.110 [restartedMain] WARN  o.s.b.a.t.ThymeleafAutoConfiguration$DefaultTemplateResolverConfiguration - Cannot find template location: classpath:/templates/ (please add some templates, check your Thymeleaf configuration, or set spring.thymeleaf.check-template-location=false)
17:24:52.110 [restartedMain] WARN  org.thymeleaf.templatemode.TemplateMode - [THYMELEAF][restartedMain] Template Mode 'HTML5' is deprecated. Using Template Mode 'HTML' instead.
17:24:52.145 [restartedMain] INFO  o.s.b.d.autoconfigure.OptionalLiveReloadServer - LiveReload server is running on port 35729
17:24:52.152 [restartedMain] INFO  org.apache.coyote.http11.Http11NioProtocol - Starting ProtocolHandler ["http-nio-8080"]
17:24:52.155 [restartedMain] INFO  o.s.boot.web.embedded.tomcat.TomcatWebServer - Tomcat started on port(s): 8080 (http) with context path ''
17:24:52.158 [restartedMain] INFO  com.dongbao.test_demo3.TestDemo3Application - Started TestDemo3Application in 0.579 seconds (JVM running for 1765.119)
17:24:52.159 [restartedMain] INFO  o.s.b.d.a.ConditionEvaluationDeltaLoggingListener - Condition evaluation unchanged
17:24:55.512 [http-nio-8080-exec-2] INFO  o.a.c.core.ContainerBase.[Tomcat].[localhost].[/] - Initializing Spring DispatcherServlet 'dispatcherServlet'
17:24:55.512 [http-nio-8080-exec-2] INFO  org.springframework.web.servlet.DispatcherServlet - Initializing Servlet 'dispatcherServlet'
17:24:55.513 [http-nio-8080-exec-2] INFO  org.springframework.web.servlet.DispatcherServlet - Completed initialization in 1 ms
17:24:55.515 [http-nio-8080-exec-2] INFO  com.dongbao.test_demo3.controller.HelloController - 开始：1762939495515
17:24:55.592 [http-nio-8080-exec-2] INFO  c.d.t.Service.impl.AttWorkHourDayServiceImpl - 从缓存中获取考勤日工时数据
17:24:55.593 [http-nio-8080-exec-2] INFO  com.dongbao.test_demo3.controller.HelloController - 结束：1762939495593
17:25:23.968 [File Watcher] INFO  o.s.b.d.a.LocalDevToolsAutoConfiguration$RestartingClassPathChangeChangedEventListener - Restarting due to 1 class path change (0 additions, 1 deletion, 0 modifications)
17:25:24.006 [Thread-19] INFO  org.apache.coyote.http11.Http11NioProtocol - Pausing ProtocolHandler ["http-nio-8080"]
17:25:24.007 [Thread-19] INFO  org.apache.catalina.core.StandardService - Stopping service [Tomcat]
17:25:24.007 [Thread-19] INFO  o.a.c.core.ContainerBase.[Tomcat].[localhost].[/] - Destroying Spring FrameworkServlet 'dispatcherServlet'
17:25:24.009 [Thread-19] WARN  org.apache.catalina.loader.WebappClassLoaderBase - The web application [ROOT] appears to have started a thread named [lettuce-nioEventLoop-9-1] but has failed to stop it. This is very likely to create a memory leak. Stack trace of thread:
 sun.nio.ch.WindowsSelectorImpl$SubSelector.poll0(Native Method)
 sun.nio.ch.WindowsSelectorImpl$SubSelector.poll(WindowsSelectorImpl.java:296)
 sun.nio.ch.WindowsSelectorImpl$SubSelector.access$400(WindowsSelectorImpl.java:278)
 sun.nio.ch.WindowsSelectorImpl.doSelect(WindowsSelectorImpl.java:159)
 sun.nio.ch.SelectorImpl.lockAndDoSelect(SelectorImpl.java:86)
 sun.nio.ch.SelectorImpl.select(SelectorImpl.java:97)
 sun.nio.ch.SelectorImpl.select(SelectorImpl.java:101)
 io.netty.channel.nio.SelectedSelectionKeySetSelector.select(SelectedSelectionKeySetSelector.java:68)
 io.netty.channel.nio.NioEventLoop.select(NioEventLoop.java:879)
 io.netty.channel.nio.NioEventLoop.run(NioEventLoop.java:526)
 io.netty.util.concurrent.SingleThreadEventExecutor$4.run(SingleThreadEventExecutor.java:997)
 io.netty.util.internal.ThreadExecutorMap$2.run(ThreadExecutorMap.java:74)
 io.netty.util.concurrent.FastThreadLocalRunnable.run(FastThreadLocalRunnable.java:30)
 java.lang.Thread.run(Thread.java:748)
17:25:24.010 [Thread-19] WARN  org.apache.catalina.loader.WebappClassLoaderBase - The web application [ROOT] appears to have started a thread named [lettuce-eventExecutorLoop-7-1] but has failed to stop it. This is very likely to create a memory leak. Stack trace of thread:
 sun.misc.Unsafe.park(Native Method)
 java.util.concurrent.locks.LockSupport.park(LockSupport.java:175)
 java.util.concurrent.locks.AbstractQueuedSynchronizer$ConditionObject.await(AbstractQueuedSynchronizer.java:2039)
 java.util.concurrent.LinkedBlockingQueue.take(LinkedBlockingQueue.java:442)
 io.netty.util.concurrent.SingleThreadEventExecutor.takeTask(SingleThreadEventExecutor.java:244)
 io.netty.util.concurrent.DefaultEventExecutor.run(DefaultEventExecutor.java:64)
 io.netty.util.concurrent.SingleThreadEventExecutor$4.run(SingleThreadEventExecutor.java:997)
 io.netty.util.internal.ThreadExecutorMap$2.run(ThreadExecutorMap.java:74)
 io.netty.util.concurrent.FastThreadLocalRunnable.run(FastThreadLocalRunnable.java:30)
 java.lang.Thread.run(Thread.java:748)
17:25:24.010 [Thread-19] INFO  org.apache.coyote.http11.Http11NioProtocol - Stopping ProtocolHandler ["http-nio-8080"]
17:25:24.012 [Thread-19] INFO  org.apache.coyote.http11.Http11NioProtocol - Destroying ProtocolHandler ["http-nio-8080"]
17:25:24.290 [restartedMain] INFO  com.dongbao.test_demo3.TestDemo3Application - Starting TestDemo3Application using Java 1.8.0_151 on IT-013487 with PID 22384 (E:\javaProject\test_demo3\target\classes started by 013487 in E:\javaProject\test_demo3)
17:25:24.291 [restartedMain] INFO  com.dongbao.test_demo3.TestDemo3Application - No active profile set, falling back to 1 default profile: "default"
17:25:24.386 [restartedMain] INFO  o.s.d.r.config.RepositoryConfigurationDelegate - Multiple Spring Data modules found, entering strict repository configuration mode
17:25:24.386 [restartedMain] INFO  o.s.d.r.config.RepositoryConfigurationDelegate - Bootstrapping Spring Data Redis repositories in DEFAULT mode.
17:25:24.390 [restartedMain] INFO  o.s.d.r.config.RepositoryConfigurationDelegate - Finished Spring Data repository scanning in 4 ms. Found 0 Redis repository interfaces.
17:25:24.420 [restartedMain] INFO  o.s.boot.web.embedded.tomcat.TomcatWebServer - Tomcat initialized with port(s): 8080 (http)
17:25:24.420 [restartedMain] INFO  org.apache.coyote.http11.Http11NioProtocol - Initializing ProtocolHandler ["http-nio-8080"]
17:25:24.420 [restartedMain] INFO  org.apache.catalina.core.StandardService - Starting service [Tomcat]
17:25:24.420 [restartedMain] INFO  org.apache.catalina.core.StandardEngine - Starting Servlet engine: [Apache Tomcat/9.0.69]
17:25:24.428 [restartedMain] INFO  o.a.c.core.ContainerBase.[Tomcat].[localhost].[/] - Initializing Spring embedded WebApplicationContext
17:25:24.428 [restartedMain] INFO  o.s.b.w.s.c.ServletWebServerApplicationContext - Root WebApplicationContext: initialization completed in 136 ms
17:25:24.521 [restartedMain] WARN  o.s.b.w.s.c.AnnotationConfigServletWebServerApplicationContext - Exception encountered during context initialization - cancelling refresh attempt: org.springframework.beans.factory.UnsatisfiedDependencyException: Error creating bean with name 'helloController': Unsatisfied dependency expressed through field 'attWorkHourDayService'; nested exception is org.springframework.beans.factory.NoSuchBeanDefinitionException: No qualifying bean of type 'com.dongbao.test_demo3.Service.AttWorkHourDayService' available: expected at least 1 bean which qualifies as autowire candidate. Dependency annotations: {@org.springframework.beans.factory.annotation.Autowired(required=true)}
17:25:24.522 [restartedMain] INFO  org.apache.catalina.core.StandardService - Stopping service [Tomcat]
17:25:24.527 [restartedMain] INFO  o.s.b.a.l.ConditionEvaluationReportLoggingListener - 

Error starting ApplicationContext. To display the conditions report re-run your application with 'debug' enabled.
17:25:24.547 [restartedMain] ERROR o.s.b.diagnostics.LoggingFailureAnalysisReporter - 

***************************
APPLICATION FAILED TO START
***************************

Description:

Field attWorkHourDayService in com.dongbao.test_demo3.controller.HelloController required a bean of type 'com.dongbao.test_demo3.Service.AttWorkHourDayService' that could not be found.

The injection point has the following annotations:
	- @org.springframework.beans.factory.annotation.Autowired(required=true)


Action:

Consider defining a bean of type 'com.dongbao.test_demo3.Service.AttWorkHourDayService' in your configuration.

17:25:28.027 [restartedMain] INFO  com.dongbao.test_demo3.TestDemo3Application - Starting TestDemo3Application using Java 1.8.0_151 on IT-013487 with PID 22384 (E:\javaProject\test_demo3\target\classes started by 013487 in E:\javaProject\test_demo3)
17:25:28.027 [restartedMain] INFO  com.dongbao.test_demo3.TestDemo3Application - No active profile set, falling back to 1 default profile: "default"
17:25:28.157 [restartedMain] INFO  o.s.d.r.config.RepositoryConfigurationDelegate - Multiple Spring Data modules found, entering strict repository configuration mode
17:25:28.158 [restartedMain] INFO  o.s.d.r.config.RepositoryConfigurationDelegate - Bootstrapping Spring Data Redis repositories in DEFAULT mode.
17:25:28.162 [restartedMain] INFO  o.s.d.r.config.RepositoryConfigurationDelegate - Finished Spring Data repository scanning in 3 ms. Found 0 Redis repository interfaces.
17:25:28.208 [restartedMain] INFO  o.s.boot.web.embedded.tomcat.TomcatWebServer - Tomcat initialized with port(s): 8080 (http)
17:25:28.209 [restartedMain] INFO  org.apache.coyote.http11.Http11NioProtocol - Initializing ProtocolHandler ["http-nio-8080"]
17:25:28.210 [restartedMain] INFO  org.apache.catalina.core.StandardService - Starting service [Tomcat]
17:25:28.210 [restartedMain] INFO  org.apache.catalina.core.StandardEngine - Starting Servlet engine: [Apache Tomcat/9.0.69]
17:25:28.220 [restartedMain] INFO  o.a.c.c.ContainerBase.[Tomcat-1].[localhost].[/] - Initializing Spring embedded WebApplicationContext
17:25:28.221 [restartedMain] INFO  o.s.b.w.s.c.ServletWebServerApplicationContext - Root WebApplicationContext: initialization completed in 193 ms
17:25:28.376 [restartedMain] INFO  o.s.b.a.web.servlet.WelcomePageHandlerMapping - Adding welcome page: class path resource [static/index.html]
17:25:28.390 [restartedMain] WARN  o.s.b.a.t.ThymeleafAutoConfiguration$DefaultTemplateResolverConfiguration - Cannot find template location: classpath:/templates/ (please add some templates, check your Thymeleaf configuration, or set spring.thymeleaf.check-template-location=false)
17:25:28.390 [restartedMain] WARN  org.thymeleaf.templatemode.TemplateMode - [THYMELEAF][restartedMain] Template Mode 'HTML5' is deprecated. Using Template Mode 'HTML' instead.
17:25:28.425 [restartedMain] INFO  o.s.b.d.autoconfigure.OptionalLiveReloadServer - LiveReload server is running on port 35729
17:25:28.434 [restartedMain] INFO  org.apache.coyote.http11.Http11NioProtocol - Starting ProtocolHandler ["http-nio-8080"]
17:25:28.437 [restartedMain] INFO  o.s.boot.web.embedded.tomcat.TomcatWebServer - Tomcat started on port(s): 8080 (http) with context path ''
17:25:28.442 [restartedMain] INFO  com.dongbao.test_demo3.TestDemo3Application - Started TestDemo3Application in 0.433 seconds (JVM running for 1801.401)
17:25:28.443 [restartedMain] INFO  o.s.b.d.a.ConditionEvaluationDeltaLoggingListener - Condition evaluation unchanged
17:25:37.505 [restartedMain] INFO  com.dongbao.test_demo3.TestDemo3Application - Starting TestDemo3Application using Java 1.8.0_151 on IT-013487 with PID 19296 (E:\javaProject\test_demo3\target\classes started by 013487 in E:\javaProject\test_demo3)
17:25:37.506 [restartedMain] INFO  com.dongbao.test_demo3.TestDemo3Application - No active profile set, falling back to 1 default profile: "default"
17:25:37.531 [restartedMain] INFO  o.s.b.d.env.DevToolsPropertyDefaultsPostProcessor - For additional web related logging consider setting the 'logging.level.web' property to 'DEBUG'
17:25:37.980 [restartedMain] INFO  o.s.d.r.config.RepositoryConfigurationDelegate - Multiple Spring Data modules found, entering strict repository configuration mode
17:25:37.981 [restartedMain] INFO  o.s.d.r.config.RepositoryConfigurationDelegate - Bootstrapping Spring Data Redis repositories in DEFAULT mode.
17:25:37.996 [restartedMain] INFO  o.s.d.r.config.RepositoryConfigurationDelegate - Finished Spring Data repository scanning in 5 ms. Found 0 Redis repository interfaces.
17:25:38.295 [restartedMain] INFO  o.s.boot.web.embedded.tomcat.TomcatWebServer - Tomcat initialized with port(s): 8080 (http)
17:25:38.299 [restartedMain] INFO  org.apache.coyote.http11.Http11NioProtocol - Initializing ProtocolHandler ["http-nio-8080"]
17:25:38.300 [restartedMain] INFO  org.apache.catalina.core.StandardService - Starting service [Tomcat]
17:25:38.300 [restartedMain] INFO  org.apache.catalina.core.StandardEngine - Starting Servlet engine: [Apache Tomcat/9.0.69]
17:25:38.377 [restartedMain] INFO  o.a.c.core.ContainerBase.[Tomcat].[localhost].[/] - Initializing Spring embedded WebApplicationContext
17:25:38.377 [restartedMain] INFO  o.s.b.w.s.c.ServletWebServerApplicationContext - Root WebApplicationContext: initialization completed in 845 ms
17:25:38.701 [restartedMain] WARN  c.b.mybatisplus.core.injector.DefaultSqlInjector - class com.dongbao.test_demo3.entity.AttWorkHourDay ,Not found @TableId annotation, Cannot use Mybatis-Plus 'xxById' Method.
17:25:38.955 [restartedMain] INFO  o.s.b.a.web.servlet.WelcomePageHandlerMapping - Adding welcome page: class path resource [static/index.html]
17:25:39.005 [restartedMain] WARN  o.s.b.a.t.ThymeleafAutoConfiguration$DefaultTemplateResolverConfiguration - Cannot find template location: classpath:/templates/ (please add some templates, check your Thymeleaf configuration, or set spring.thymeleaf.check-template-location=false)
17:25:39.006 [restartedMain] WARN  org.thymeleaf.templatemode.TemplateMode - [THYMELEAF][restartedMain] Template Mode 'HTML5' is deprecated. Using Template Mode 'HTML' instead.
17:25:39.129 [restartedMain] INFO  o.s.b.d.autoconfigure.OptionalLiveReloadServer - LiveReload server is running on port 35729
17:25:39.142 [restartedMain] INFO  org.apache.coyote.http11.Http11NioProtocol - Starting ProtocolHandler ["http-nio-8080"]
17:25:39.151 [restartedMain] INFO  o.s.boot.web.embedded.tomcat.TomcatWebServer - Tomcat started on port(s): 8080 (http) with context path ''
17:25:39.158 [restartedMain] INFO  com.dongbao.test_demo3.TestDemo3Application - Started TestDemo3Application in 1.897 seconds (JVM running for 2.33)
17:25:43.795 [http-nio-8080-exec-1] INFO  o.a.c.core.ContainerBase.[Tomcat].[localhost].[/] - Initializing Spring DispatcherServlet 'dispatcherServlet'
17:25:43.796 [http-nio-8080-exec-1] INFO  org.springframework.web.servlet.DispatcherServlet - Initializing Servlet 'dispatcherServlet'
17:25:43.796 [http-nio-8080-exec-1] INFO  org.springframework.web.servlet.DispatcherServlet - Completed initialization in 0 ms
17:25:43.845 [http-nio-8080-exec-1] INFO  com.dongbao.test_demo3.controller.HelloController - 开始：1762939543845
17:25:44.093 [http-nio-8080-exec-1] INFO  c.d.t.Service.impl.AttWorkHourDayServiceImpl - 从缓存中获取考勤日工时数据
17:25:44.093 [http-nio-8080-exec-1] INFO  com.dongbao.test_demo3.controller.HelloController - 结束：1762939544093
17:34:04.733 [File Watcher] INFO  o.s.b.d.a.LocalDevToolsAutoConfiguration$RestartingClassPathChangeChangedEventListener - Restarting due to 2 class path changes (0 additions, 2 deletions, 0 modifications)
17:34:04.867 [Thread-9] INFO  org.apache.coyote.http11.Http11NioProtocol - Pausing ProtocolHandler ["http-nio-8080"]
17:34:04.868 [Thread-9] INFO  org.apache.catalina.core.StandardService - Stopping service [Tomcat]
17:34:04.876 [Thread-9] INFO  o.a.c.core.ContainerBase.[Tomcat].[localhost].[/] - Destroying Spring FrameworkServlet 'dispatcherServlet'
17:34:04.891 [Thread-9] WARN  org.apache.catalina.loader.WebappClassLoaderBase - The web application [ROOT] appears to have started a thread named [lettuce-nioEventLoop-4-1] but has failed to stop it. This is very likely to create a memory leak. Stack trace of thread:
 sun.nio.ch.WindowsSelectorImpl$SubSelector.poll0(Native Method)
 sun.nio.ch.WindowsSelectorImpl$SubSelector.poll(WindowsSelectorImpl.java:296)
 sun.nio.ch.WindowsSelectorImpl$SubSelector.access$400(WindowsSelectorImpl.java:278)
 sun.nio.ch.WindowsSelectorImpl.doSelect(WindowsSelectorImpl.java:159)
 sun.nio.ch.SelectorImpl.lockAndDoSelect(SelectorImpl.java:86)
 sun.nio.ch.SelectorImpl.select(SelectorImpl.java:97)
 sun.nio.ch.SelectorImpl.select(SelectorImpl.java:101)
 io.netty.channel.nio.SelectedSelectionKeySetSelector.select(SelectedSelectionKeySetSelector.java:68)
 io.netty.channel.nio.NioEventLoop.select(NioEventLoop.java:879)
 io.netty.channel.nio.NioEventLoop.run(NioEventLoop.java:526)
 io.netty.util.concurrent.SingleThreadEventExecutor$4.run(SingleThreadEventExecutor.java:997)
 io.netty.util.internal.ThreadExecutorMap$2.run(ThreadExecutorMap.java:74)
 io.netty.util.concurrent.FastThreadLocalRunnable.run(FastThreadLocalRunnable.java:30)
 java.lang.Thread.run(Thread.java:748)
17:34:04.904 [Thread-9] WARN  org.apache.catalina.loader.WebappClassLoaderBase - The web application [ROOT] appears to have started a thread named [lettuce-eventExecutorLoop-1-1] but has failed to stop it. This is very likely to create a memory leak. Stack trace of thread:
 sun.misc.Unsafe.park(Native Method)
 java.util.concurrent.locks.LockSupport.park(LockSupport.java:175)
 java.util.concurrent.locks.AbstractQueuedSynchronizer$ConditionObject.await(AbstractQueuedSynchronizer.java:2039)
 java.util.concurrent.LinkedBlockingQueue.take(LinkedBlockingQueue.java:442)
 io.netty.util.concurrent.SingleThreadEventExecutor.takeTask(SingleThreadEventExecutor.java:244)
 io.netty.util.concurrent.DefaultEventExecutor.run(DefaultEventExecutor.java:64)
 io.netty.util.concurrent.SingleThreadEventExecutor$4.run(SingleThreadEventExecutor.java:997)
 io.netty.util.internal.ThreadExecutorMap$2.run(ThreadExecutorMap.java:74)
 io.netty.util.concurrent.FastThreadLocalRunnable.run(FastThreadLocalRunnable.java:30)
 java.lang.Thread.run(Thread.java:748)
17:34:04.906 [Thread-9] INFO  org.apache.coyote.http11.Http11NioProtocol - Stopping ProtocolHandler ["http-nio-8080"]
17:34:04.912 [Thread-9] INFO  org.apache.coyote.http11.Http11NioProtocol - Destroying ProtocolHandler ["http-nio-8080"]
17:34:05.595 [restartedMain] INFO  com.dongbao.test_demo3.TestDemo3Application - Starting TestDemo3Application using Java 1.8.0_151 on IT-013487 with PID 19296 (E:\javaProject\test_demo3\target\classes started by 013487 in E:\javaProject\test_demo3)
17:34:05.596 [restartedMain] INFO  com.dongbao.test_demo3.TestDemo3Application - No active profile set, falling back to 1 default profile: "default"
17:34:05.995 [restartedMain] INFO  o.s.d.r.config.RepositoryConfigurationDelegate - Multiple Spring Data modules found, entering strict repository configuration mode
17:34:05.995 [restartedMain] INFO  o.s.d.r.config.RepositoryConfigurationDelegate - Bootstrapping Spring Data Redis repositories in DEFAULT mode.
17:34:06.002 [restartedMain] INFO  o.s.d.r.config.RepositoryConfigurationDelegate - Finished Spring Data repository scanning in 6 ms. Found 0 Redis repository interfaces.
17:34:06.052 [restartedMain] INFO  o.s.boot.web.embedded.tomcat.TomcatWebServer - Tomcat initialized with port(s): 8080 (http)
17:34:06.052 [restartedMain] INFO  org.apache.coyote.http11.Http11NioProtocol - Initializing ProtocolHandler ["http-nio-8080"]
17:34:06.053 [restartedMain] INFO  org.apache.catalina.core.StandardService - Starting service [Tomcat]
17:34:06.053 [restartedMain] INFO  org.apache.catalina.core.StandardEngine - Starting Servlet engine: [Apache Tomcat/9.0.69]
17:34:06.064 [restartedMain] INFO  o.a.c.core.ContainerBase.[Tomcat].[localhost].[/] - Initializing Spring embedded WebApplicationContext
17:34:06.065 [restartedMain] INFO  o.s.b.w.s.c.ServletWebServerApplicationContext - Root WebApplicationContext: initialization completed in 467 ms
17:34:06.234 [restartedMain] WARN  o.s.b.w.s.c.AnnotationConfigServletWebServerApplicationContext - Exception encountered during context initialization - cancelling refresh attempt: org.springframework.beans.factory.UnsatisfiedDependencyException: Error creating bean with name 'helloController': Unsatisfied dependency expressed through field 'attWorkHourDayService'; nested exception is org.springframework.beans.factory.NoSuchBeanDefinitionException: No qualifying bean of type 'com.dongbao.test_demo3.Service.AttWorkHourDayService' available: expected at least 1 bean which qualifies as autowire candidate. Dependency annotations: {@org.springframework.beans.factory.annotation.Autowired(required=true)}
17:34:06.240 [restartedMain] INFO  org.apache.catalina.core.StandardService - Stopping service [Tomcat]
17:34:06.246 [restartedMain] INFO  o.s.b.a.l.ConditionEvaluationReportLoggingListener - 

Error starting ApplicationContext. To display the conditions report re-run your application with 'debug' enabled.
17:34:06.271 [restartedMain] ERROR o.s.b.diagnostics.LoggingFailureAnalysisReporter - 

***************************
APPLICATION FAILED TO START
***************************

Description:

Field attWorkHourDayService in com.dongbao.test_demo3.controller.HelloController required a bean of type 'com.dongbao.test_demo3.Service.AttWorkHourDayService' that could not be found.

The injection point has the following annotations:
	- @org.springframework.beans.factory.annotation.Autowired(required=true)


Action:

Consider defining a bean of type 'com.dongbao.test_demo3.Service.AttWorkHourDayService' in your configuration.

17:34:09.968 [restartedMain] INFO  com.dongbao.test_demo3.TestDemo3Application - Starting TestDemo3Application using Java 1.8.0_151 on IT-013487 with PID 19296 (E:\javaProject\test_demo3\target\classes started by 013487 in E:\javaProject\test_demo3)
17:34:09.969 [restartedMain] INFO  com.dongbao.test_demo3.TestDemo3Application - No active profile set, falling back to 1 default profile: "default"
17:34:10.231 [restartedMain] INFO  o.s.d.r.config.RepositoryConfigurationDelegate - Multiple Spring Data modules found, entering strict repository configuration mode
17:34:10.232 [restartedMain] INFO  o.s.d.r.config.RepositoryConfigurationDelegate - Bootstrapping Spring Data Redis repositories in DEFAULT mode.
17:34:10.235 [restartedMain] INFO  o.s.d.r.config.RepositoryConfigurationDelegate - Finished Spring Data repository scanning in 3 ms. Found 0 Redis repository interfaces.
17:34:10.269 [restartedMain] INFO  o.s.boot.web.embedded.tomcat.TomcatWebServer - Tomcat initialized with port(s): 8080 (http)
17:34:10.269 [restartedMain] INFO  org.apache.coyote.http11.Http11NioProtocol - Initializing ProtocolHandler ["http-nio-8080"]
17:34:10.269 [restartedMain] INFO  org.apache.catalina.core.StandardService - Starting service [Tomcat]
17:34:10.269 [restartedMain] INFO  org.apache.catalina.core.StandardEngine - Starting Servlet engine: [Apache Tomcat/9.0.69]
17:34:10.278 [restartedMain] INFO  o.a.c.c.ContainerBase.[Tomcat-1].[localhost].[/] - Initializing Spring embedded WebApplicationContext
17:34:10.278 [restartedMain] INFO  o.s.b.w.s.c.ServletWebServerApplicationContext - Root WebApplicationContext: initialization completed in 307 ms
17:34:10.504 [restartedMain] INFO  o.s.b.a.web.servlet.WelcomePageHandlerMapping - Adding welcome page: class path resource [static/index.html]
17:34:10.522 [restartedMain] WARN  o.s.b.a.t.ThymeleafAutoConfiguration$DefaultTemplateResolverConfiguration - Cannot find template location: classpath:/templates/ (please add some templates, check your Thymeleaf configuration, or set spring.thymeleaf.check-template-location=false)
17:34:10.522 [restartedMain] WARN  org.thymeleaf.templatemode.TemplateMode - [THYMELEAF][restartedMain] Template Mode 'HTML5' is deprecated. Using Template Mode 'HTML' instead.
17:34:10.566 [restartedMain] INFO  o.s.b.d.autoconfigure.OptionalLiveReloadServer - LiveReload server is running on port 35729
17:34:10.574 [restartedMain] INFO  org.apache.coyote.http11.Http11NioProtocol - Starting ProtocolHandler ["http-nio-8080"]
17:34:10.577 [restartedMain] INFO  o.s.boot.web.embedded.tomcat.TomcatWebServer - Tomcat started on port(s): 8080 (http) with context path ''
17:34:10.580 [restartedMain] INFO  com.dongbao.test_demo3.TestDemo3Application - Started TestDemo3Application in 0.738 seconds (JVM running for 513.744)
17:34:10.581 [restartedMain] INFO  o.s.b.d.a.ConditionEvaluationDeltaLoggingListener - Condition evaluation unchanged
17:34:16.058 [File Watcher] INFO  o.s.b.d.a.LocalDevToolsAutoConfiguration$RestartingClassPathChangeChangedEventListener - Restarting due to 1 class path change (0 additions, 1 deletion, 0 modifications)
17:34:16.093 [Thread-15] INFO  org.apache.coyote.http11.Http11NioProtocol - Pausing ProtocolHandler ["http-nio-8080"]
17:34:16.094 [Thread-15] INFO  org.apache.catalina.core.StandardService - Stopping service [Tomcat]
17:34:16.095 [Thread-15] INFO  org.apache.coyote.http11.Http11NioProtocol - Stopping ProtocolHandler ["http-nio-8080"]
17:34:16.097 [Thread-15] INFO  org.apache.coyote.http11.Http11NioProtocol - Destroying ProtocolHandler ["http-nio-8080"]
17:34:16.251 [restartedMain] INFO  com.dongbao.test_demo3.TestDemo3Application - Starting TestDemo3Application using Java 1.8.0_151 on IT-013487 with PID 19296 (E:\javaProject\test_demo3\target\classes started by 013487 in E:\javaProject\test_demo3)
17:34:16.251 [restartedMain] INFO  com.dongbao.test_demo3.TestDemo3Application - No active profile set, falling back to 1 default profile: "default"
17:34:16.405 [restartedMain] INFO  o.s.d.r.config.RepositoryConfigurationDelegate - Multiple Spring Data modules found, entering strict repository configuration mode
17:34:16.405 [restartedMain] INFO  o.s.d.r.config.RepositoryConfigurationDelegate - Bootstrapping Spring Data Redis repositories in DEFAULT mode.
17:34:16.408 [restartedMain] INFO  o.s.d.r.config.RepositoryConfigurationDelegate - Finished Spring Data repository scanning in 2 ms. Found 0 Redis repository interfaces.
17:34:16.434 [restartedMain] INFO  o.s.boot.web.embedded.tomcat.TomcatWebServer - Tomcat initialized with port(s): 8080 (http)
17:34:16.434 [restartedMain] INFO  org.apache.coyote.http11.Http11NioProtocol - Initializing ProtocolHandler ["http-nio-8080"]
17:34:16.434 [restartedMain] INFO  org.apache.catalina.core.StandardService - Starting service [Tomcat]
17:34:16.434 [restartedMain] INFO  org.apache.catalina.core.StandardEngine - Starting Servlet engine: [Apache Tomcat/9.0.69]
17:34:16.441 [restartedMain] INFO  o.a.c.c.ContainerBase.[Tomcat-1].[localhost].[/] - Initializing Spring embedded WebApplicationContext
17:34:16.441 [restartedMain] INFO  o.s.b.w.s.c.ServletWebServerApplicationContext - Root WebApplicationContext: initialization completed in 189 ms
17:34:16.457 [restartedMain] WARN  o.s.b.w.s.c.AnnotationConfigServletWebServerApplicationContext - Exception encountered during context initialization - cancelling refresh attempt: org.springframework.beans.factory.BeanCreationException: Error creating bean with name 'attWorkHourDayServiceImpl' defined in file [E:\javaProject\test_demo3\target\classes\com\dongbao\test_demo3\Service\impl\AttWorkHourDayServiceImpl.class]: Post-processing of merged bean definition failed; nested exception is java.lang.IllegalStateException: Failed to introspect Class [com.dongbao.test_demo3.Service.impl.AttWorkHourDayServiceImpl] from ClassLoader [org.springframework.boot.devtools.restart.classloader.RestartClassLoader@37d748ee]
17:34:16.458 [restartedMain] INFO  org.apache.catalina.core.StandardService - Stopping service [Tomcat]
17:34:16.461 [restartedMain] INFO  o.s.b.a.l.ConditionEvaluationReportLoggingListener - 

Error starting ApplicationContext. To display the conditions report re-run your application with 'debug' enabled.
17:34:16.466 [restartedMain] ERROR org.springframework.boot.SpringApplication - Application run failed
org.springframework.beans.factory.BeanCreationException: Error creating bean with name 'attWorkHourDayServiceImpl' defined in file [E:\javaProject\test_demo3\target\classes\com\dongbao\test_demo3\Service\impl\AttWorkHourDayServiceImpl.class]: Post-processing of merged bean definition failed; nested exception is java.lang.IllegalStateException: Failed to introspect Class [com.dongbao.test_demo3.Service.impl.AttWorkHourDayServiceImpl] from ClassLoader [org.springframework.boot.devtools.restart.classloader.RestartClassLoader@37d748ee]
	at org.springframework.beans.factory.support.AbstractAutowireCapableBeanFactory.doCreateBean(AbstractAutowireCapableBeanFactory.java:597)
	at org.springframework.beans.factory.support.AbstractAutowireCapableBeanFactory.createBean(AbstractAutowireCapableBeanFactory.java:542)
	at org.springframework.beans.factory.support.AbstractBeanFactory.lambda$doGetBean$0(AbstractBeanFactory.java:335)
	at org.springframework.beans.factory.support.DefaultSingletonBeanRegistry.getSingleton(DefaultSingletonBeanRegistry.java:234)
	at org.springframework.beans.factory.support.AbstractBeanFactory.doGetBean(AbstractBeanFactory.java:333)
	at org.springframework.beans.factory.support.AbstractBeanFactory.getBean(AbstractBeanFactory.java:208)
	at org.springframework.beans.factory.support.DefaultListableBeanFactory.preInstantiateSingletons(DefaultListableBeanFactory.java:955)
	at org.springframework.context.support.AbstractApplicationContext.finishBeanFactoryInitialization(AbstractApplicationContext.java:918)
	at org.springframework.context.support.AbstractApplicationContext.refresh(AbstractApplicationContext.java:583)
	at org.springframework.boot.web.servlet.context.ServletWebServerApplicationContext.refresh(ServletWebServerApplicationContext.java:147)
	at org.springframework.boot.SpringApplication.refresh(SpringApplication.java:731)
	at org.springframework.boot.SpringApplication.refreshContext(SpringApplication.java:408)
	at org.springframework.boot.SpringApplication.run(SpringApplication.java:307)
	at org.springframework.boot.SpringApplication.run(SpringApplication.java:1303)
	at org.springframework.boot.SpringApplication.run(SpringApplication.java:1292)
	at com.dongbao.test_demo3.TestDemo3Application.main(TestDemo3Application.java:12)
	at sun.reflect.NativeMethodAccessorImpl.invoke0(Native Method)
	at sun.reflect.NativeMethodAccessorImpl.invoke(NativeMethodAccessorImpl.java:62)
	at sun.reflect.DelegatingMethodAccessorImpl.invoke(DelegatingMethodAccessorImpl.java:43)
	at java.lang.reflect.Method.invoke(Method.java:498)
	at org.springframework.boot.devtools.restart.RestartLauncher.run(RestartLauncher.java:49)
Caused by: java.lang.IllegalStateException: Failed to introspect Class [com.dongbao.test_demo3.Service.impl.AttWorkHourDayServiceImpl] from ClassLoader [org.springframework.boot.devtools.restart.classloader.RestartClassLoader@37d748ee]
	at org.springframework.util.ReflectionUtils.getDeclaredFields(ReflectionUtils.java:743)
	at org.springframework.util.ReflectionUtils.doWithLocalFields(ReflectionUtils.java:675)
	at org.springframework.context.annotation.CommonAnnotationBeanPostProcessor.buildResourceMetadata(CommonAnnotationBeanPostProcessor.java:377)
	at org.springframework.context.annotation.CommonAnnotationBeanPostProcessor.findResourceMetadata(CommonAnnotationBeanPostProcessor.java:358)
	at org.springframework.context.annotation.CommonAnnotationBeanPostProcessor.postProcessMergedBeanDefinition(CommonAnnotationBeanPostProcessor.java:306)
	at org.springframework.beans.factory.support.AbstractAutowireCapableBeanFactory.applyMergedBeanDefinitionPostProcessors(AbstractAutowireCapableBeanFactory.java:1116)
	at org.springframework.beans.factory.support.AbstractAutowireCapableBeanFactory.doCreateBean(AbstractAutowireCapableBeanFactory.java:594)
	... 20 common frames omitted
Caused by: java.lang.NoClassDefFoundError: Lcom/dongbao/test_demo3/mapper/AttWorkHourDayPlusMapper;
	at java.lang.Class.getDeclaredFields0(Native Method)
	at java.lang.Class.privateGetDeclaredFields(Class.java:2583)
	at java.lang.Class.getDeclaredFields(Class.java:1916)
	at org.springframework.util.ReflectionUtils.getDeclaredFields(ReflectionUtils.java:738)
	... 26 common frames omitted
Caused by: java.lang.ClassNotFoundException: com.dongbao.test_demo3.mapper.AttWorkHourDayPlusMapper
	at java.net.URLClassLoader.findClass(URLClassLoader.java:381)
	at java.lang.ClassLoader.loadClass(ClassLoader.java:424)
	at sun.misc.Launcher$AppClassLoader.loadClass(Launcher.java:335)
	at java.lang.ClassLoader.loadClass(ClassLoader.java:357)
	at java.lang.Class.forName0(Native Method)
	at java.lang.Class.forName(Class.java:348)
	at org.springframework.boot.devtools.restart.classloader.RestartClassLoader.loadClass(RestartClassLoader.java:145)
	at java.lang.ClassLoader.loadClass(ClassLoader.java:357)
	... 30 common frames omitted
17:34:18.927 [restartedMain] INFO  com.dongbao.test_demo3.TestDemo3Application - Starting TestDemo3Application using Java 1.8.0_151 on IT-013487 with PID 19296 (E:\javaProject\test_demo3\target\classes started by 013487 in E:\javaProject\test_demo3)
17:34:18.928 [restartedMain] INFO  com.dongbao.test_demo3.TestDemo3Application - No active profile set, falling back to 1 default profile: "default"
17:34:19.040 [restartedMain] INFO  o.s.d.r.config.RepositoryConfigurationDelegate - Multiple Spring Data modules found, entering strict repository configuration mode
17:34:19.040 [restartedMain] INFO  o.s.d.r.config.RepositoryConfigurationDelegate - Bootstrapping Spring Data Redis repositories in DEFAULT mode.
17:34:19.042 [restartedMain] INFO  o.s.d.r.config.RepositoryConfigurationDelegate - Finished Spring Data repository scanning in 2 ms. Found 0 Redis repository interfaces.
17:34:19.092 [restartedMain] INFO  o.s.boot.web.embedded.tomcat.TomcatWebServer - Tomcat initialized with port(s): 8080 (http)
17:34:19.092 [restartedMain] INFO  org.apache.coyote.http11.Http11NioProtocol - Initializing ProtocolHandler ["http-nio-8080"]
17:34:19.092 [restartedMain] INFO  org.apache.catalina.core.StandardService - Starting service [Tomcat]
17:34:19.093 [restartedMain] INFO  org.apache.catalina.core.StandardEngine - Starting Servlet engine: [Apache Tomcat/9.0.69]
17:34:19.100 [restartedMain] INFO  o.a.c.c.ContainerBase.[Tomcat-2].[localhost].[/] - Initializing Spring embedded WebApplicationContext
17:34:19.100 [restartedMain] INFO  o.s.b.w.s.c.ServletWebServerApplicationContext - Root WebApplicationContext: initialization completed in 171 ms
17:34:19.230 [restartedMain] INFO  o.s.b.a.web.servlet.WelcomePageHandlerMapping - Adding welcome page: class path resource [static/index.html]
17:34:19.241 [restartedMain] WARN  o.s.b.a.t.ThymeleafAutoConfiguration$DefaultTemplateResolverConfiguration - Cannot find template location: classpath:/templates/ (please add some templates, check your Thymeleaf configuration, or set spring.thymeleaf.check-template-location=false)
17:34:19.241 [restartedMain] WARN  org.thymeleaf.templatemode.TemplateMode - [THYMELEAF][restartedMain] Template Mode 'HTML5' is deprecated. Using Template Mode 'HTML' instead.
17:34:19.265 [restartedMain] INFO  o.s.b.d.autoconfigure.OptionalLiveReloadServer - LiveReload server is running on port 35729
17:34:19.270 [restartedMain] INFO  org.apache.coyote.http11.Http11NioProtocol - Starting ProtocolHandler ["http-nio-8080"]
17:34:19.272 [restartedMain] INFO  o.s.boot.web.embedded.tomcat.TomcatWebServer - Tomcat started on port(s): 8080 (http) with context path ''
17:34:19.275 [restartedMain] INFO  com.dongbao.test_demo3.TestDemo3Application - Started TestDemo3Application in 0.365 seconds (JVM running for 522.439)
17:34:19.275 [restartedMain] INFO  o.s.b.d.a.ConditionEvaluationDeltaLoggingListener - Condition evaluation unchanged
17:34:23.982 [restartedMain] INFO  com.dongbao.test_demo3.TestDemo3Application - Starting TestDemo3Application using Java 1.8.0_151 on IT-013487 with PID 10104 (E:\javaProject\test_demo3\target\classes started by 013487 in E:\javaProject\test_demo3)
17:34:23.983 [restartedMain] INFO  com.dongbao.test_demo3.TestDemo3Application - No active profile set, falling back to 1 default profile: "default"
17:34:24.017 [restartedMain] INFO  o.s.b.d.env.DevToolsPropertyDefaultsPostProcessor - For additional web related logging consider setting the 'logging.level.web' property to 'DEBUG'
17:34:24.668 [restartedMain] INFO  o.s.d.r.config.RepositoryConfigurationDelegate - Multiple Spring Data modules found, entering strict repository configuration mode
17:34:24.670 [restartedMain] INFO  o.s.d.r.config.RepositoryConfigurationDelegate - Bootstrapping Spring Data Redis repositories in DEFAULT mode.
17:34:24.686 [restartedMain] INFO  o.s.d.r.config.RepositoryConfigurationDelegate - Finished Spring Data repository scanning in 5 ms. Found 0 Redis repository interfaces.
17:34:25.000 [restartedMain] INFO  o.s.boot.web.embedded.tomcat.TomcatWebServer - Tomcat initialized with port(s): 8080 (http)
17:34:25.007 [restartedMain] INFO  org.apache.coyote.http11.Http11NioProtocol - Initializing ProtocolHandler ["http-nio-8080"]
17:34:25.009 [restartedMain] INFO  org.apache.catalina.core.StandardService - Starting service [Tomcat]
17:34:25.009 [restartedMain] INFO  org.apache.catalina.core.StandardEngine - Starting Servlet engine: [Apache Tomcat/9.0.69]
17:34:25.112 [restartedMain] INFO  o.a.c.core.ContainerBase.[Tomcat].[localhost].[/] - Initializing Spring embedded WebApplicationContext
17:34:25.112 [restartedMain] INFO  o.s.b.w.s.c.ServletWebServerApplicationContext - Root WebApplicationContext: initialization completed in 1094 ms
17:34:25.557 [restartedMain] WARN  c.b.mybatisplus.core.injector.DefaultSqlInjector - class com.dongbao.test_demo3.entity.AttWorkHourDay ,Not found @TableId annotation, Cannot use Mybatis-Plus 'xxById' Method.
17:34:25.886 [restartedMain] INFO  o.s.b.a.web.servlet.WelcomePageHandlerMapping - Adding welcome page: class path resource [static/index.html]
17:34:25.957 [restartedMain] WARN  o.s.b.a.t.ThymeleafAutoConfiguration$DefaultTemplateResolverConfiguration - Cannot find template location: classpath:/templates/ (please add some templates, check your Thymeleaf configuration, or set spring.thymeleaf.check-template-location=false)
17:34:25.958 [restartedMain] WARN  org.thymeleaf.templatemode.TemplateMode - [THYMELEAF][restartedMain] Template Mode 'HTML5' is deprecated. Using Template Mode 'HTML' instead.
17:34:26.093 [restartedMain] WARN  o.s.b.d.autoconfigure.OptionalLiveReloadServer - Unable to start LiveReload server
17:34:26.105 [restartedMain] INFO  org.apache.coyote.http11.Http11NioProtocol - Starting ProtocolHandler ["http-nio-8080"]
17:34:26.111 [restartedMain] WARN  o.s.b.w.s.c.AnnotationConfigServletWebServerApplicationContext - Exception encountered during context initialization - cancelling refresh attempt: org.springframework.context.ApplicationContextException: Failed to start bean 'webServerStartStop'; nested exception is org.springframework.boot.web.server.PortInUseException: Port 8080 is already in use
17:34:26.122 [restartedMain] INFO  org.apache.coyote.http11.Http11NioProtocol - Pausing ProtocolHandler ["http-nio-8080"]
17:34:26.122 [restartedMain] INFO  org.apache.catalina.core.StandardService - Stopping service [Tomcat]
17:34:26.125 [restartedMain] INFO  org.apache.coyote.http11.Http11NioProtocol - Stopping ProtocolHandler ["http-nio-8080"]
17:34:26.125 [restartedMain] INFO  org.apache.coyote.http11.Http11NioProtocol - Destroying ProtocolHandler ["http-nio-8080"]
17:34:26.130 [restartedMain] INFO  o.s.b.a.l.ConditionEvaluationReportLoggingListener - 

Error starting ApplicationContext. To display the conditions report re-run your application with 'debug' enabled.
17:34:26.140 [restartedMain] ERROR o.s.b.diagnostics.LoggingFailureAnalysisReporter - 

***************************
APPLICATION FAILED TO START
***************************

Description:

Web server failed to start. Port 8080 was already in use.

Action:

Identify and stop the process that's listening on port 8080 or configure this application to listen on another port.

17:34:38.138 [restartedMain] INFO  com.dongbao.test_demo3.TestDemo3Application - Starting TestDemo3Application using Java 1.8.0_151 on IT-013487 with PID 6152 (E:\javaProject\test_demo3\target\classes started by 013487 in E:\javaProject\test_demo3)
17:34:38.138 [restartedMain] INFO  com.dongbao.test_demo3.TestDemo3Application - No active profile set, falling back to 1 default profile: "default"
17:34:38.164 [restartedMain] INFO  o.s.b.d.env.DevToolsPropertyDefaultsPostProcessor - For additional web related logging consider setting the 'logging.level.web' property to 'DEBUG'
17:34:38.562 [restartedMain] INFO  o.s.d.r.config.RepositoryConfigurationDelegate - Multiple Spring Data modules found, entering strict repository configuration mode
17:34:38.563 [restartedMain] INFO  o.s.d.r.config.RepositoryConfigurationDelegate - Bootstrapping Spring Data Redis repositories in DEFAULT mode.
17:34:38.577 [restartedMain] INFO  o.s.d.r.config.RepositoryConfigurationDelegate - Finished Spring Data repository scanning in 5 ms. Found 0 Redis repository interfaces.
17:34:38.847 [restartedMain] INFO  o.s.boot.web.embedded.tomcat.TomcatWebServer - Tomcat initialized with port(s): 8080 (http)
17:34:38.851 [restartedMain] INFO  org.apache.coyote.http11.Http11NioProtocol - Initializing ProtocolHandler ["http-nio-8080"]
17:34:38.851 [restartedMain] INFO  org.apache.catalina.core.StandardService - Starting service [Tomcat]
17:34:38.851 [restartedMain] INFO  org.apache.catalina.core.StandardEngine - Starting Servlet engine: [Apache Tomcat/9.0.69]
17:34:38.922 [restartedMain] INFO  o.a.c.core.ContainerBase.[Tomcat].[localhost].[/] - Initializing Spring embedded WebApplicationContext
17:34:38.922 [restartedMain] INFO  o.s.b.w.s.c.ServletWebServerApplicationContext - Root WebApplicationContext: initialization completed in 757 ms
17:34:39.233 [restartedMain] WARN  c.b.mybatisplus.core.injector.DefaultSqlInjector - class com.dongbao.test_demo3.entity.AttWorkHourDay ,Not found @TableId annotation, Cannot use Mybatis-Plus 'xxById' Method.
17:34:39.461 [restartedMain] INFO  o.s.b.a.web.servlet.WelcomePageHandlerMapping - Adding welcome page: class path resource [static/index.html]
17:34:39.506 [restartedMain] WARN  o.s.b.a.t.ThymeleafAutoConfiguration$DefaultTemplateResolverConfiguration - Cannot find template location: classpath:/templates/ (please add some templates, check your Thymeleaf configuration, or set spring.thymeleaf.check-template-location=false)
17:34:39.506 [restartedMain] WARN  org.thymeleaf.templatemode.TemplateMode - [THYMELEAF][restartedMain] Template Mode 'HTML5' is deprecated. Using Template Mode 'HTML' instead.
17:34:39.606 [restartedMain] WARN  o.s.b.d.autoconfigure.OptionalLiveReloadServer - Unable to start LiveReload server
17:34:39.616 [restartedMain] INFO  org.apache.coyote.http11.Http11NioProtocol - Starting ProtocolHandler ["http-nio-8080"]
17:34:39.618 [restartedMain] WARN  o.s.b.w.s.c.AnnotationConfigServletWebServerApplicationContext - Exception encountered during context initialization - cancelling refresh attempt: org.springframework.context.ApplicationContextException: Failed to start bean 'webServerStartStop'; nested exception is org.springframework.boot.web.server.PortInUseException: Port 8080 is already in use
17:34:39.628 [restartedMain] INFO  org.apache.coyote.http11.Http11NioProtocol - Pausing ProtocolHandler ["http-nio-8080"]
17:34:39.628 [restartedMain] INFO  org.apache.catalina.core.StandardService - Stopping service [Tomcat]
17:34:39.630 [restartedMain] INFO  org.apache.coyote.http11.Http11NioProtocol - Stopping ProtocolHandler ["http-nio-8080"]
17:34:39.631 [restartedMain] INFO  org.apache.coyote.http11.Http11NioProtocol - Destroying ProtocolHandler ["http-nio-8080"]
17:34:39.635 [restartedMain] INFO  o.s.b.a.l.ConditionEvaluationReportLoggingListener - 

Error starting ApplicationContext. To display the conditions report re-run your application with 'debug' enabled.
17:34:39.646 [restartedMain] ERROR o.s.b.diagnostics.LoggingFailureAnalysisReporter - 

***************************
APPLICATION FAILED TO START
***************************

Description:

Web server failed to start. Port 8080 was already in use.

Action:

Identify and stop the process that's listening on port 8080 or configure this application to listen on another port.

17:36:10.873 [File Watcher] INFO  o.s.b.d.a.LocalDevToolsAutoConfiguration$RestartingClassPathChangeChangedEventListener - Restarting due to 1 class path change (0 additions, 0 deletions, 1 modification)
17:36:10.913 [Thread-22] INFO  org.apache.coyote.http11.Http11NioProtocol - Pausing ProtocolHandler ["http-nio-8080"]
17:36:10.913 [Thread-22] INFO  org.apache.catalina.core.StandardService - Stopping service [Tomcat]
17:36:10.917 [Thread-22] INFO  org.apache.coyote.http11.Http11NioProtocol - Stopping ProtocolHandler ["http-nio-8080"]
17:36:10.919 [Thread-22] INFO  org.apache.coyote.http11.Http11NioProtocol - Destroying ProtocolHandler ["http-nio-8080"]
17:36:11.075 [restartedMain] INFO  com.dongbao.test_demo3.TestDemo3Application - Starting TestDemo3Application using Java 1.8.0_151 on IT-013487 with PID 19296 (E:\javaProject\test_demo3\target\classes started by 013487 in E:\javaProject\test_demo3)
17:36:11.075 [restartedMain] INFO  com.dongbao.test_demo3.TestDemo3Application - No active profile set, falling back to 1 default profile: "default"
17:36:11.340 [restartedMain] INFO  o.s.d.r.config.RepositoryConfigurationDelegate - Multiple Spring Data modules found, entering strict repository configuration mode
17:36:11.340 [restartedMain] INFO  o.s.d.r.config.RepositoryConfigurationDelegate - Bootstrapping Spring Data Redis repositories in DEFAULT mode.
17:36:11.343 [restartedMain] INFO  o.s.d.r.config.RepositoryConfigurationDelegate - Finished Spring Data repository scanning in 2 ms. Found 0 Redis repository interfaces.
17:36:11.372 [restartedMain] INFO  o.s.boot.web.embedded.tomcat.TomcatWebServer - Tomcat initialized with port(s): 8080 (http)
17:36:11.372 [restartedMain] INFO  org.apache.coyote.http11.Http11NioProtocol - Initializing ProtocolHandler ["http-nio-8080"]
17:36:11.372 [restartedMain] INFO  org.apache.catalina.core.StandardService - Starting service [Tomcat]
17:36:11.372 [restartedMain] INFO  org.apache.catalina.core.StandardEngine - Starting Servlet engine: [Apache Tomcat/9.0.69]
17:36:11.386 [restartedMain] INFO  o.a.c.c.ContainerBase.[Tomcat-2].[localhost].[/] - Initializing Spring embedded WebApplicationContext
17:36:11.386 [restartedMain] INFO  o.s.b.w.s.c.ServletWebServerApplicationContext - Root WebApplicationContext: initialization completed in 310 ms
17:36:11.550 [restartedMain] INFO  o.s.b.a.web.servlet.WelcomePageHandlerMapping - Adding welcome page: class path resource [static/index.html]
17:36:11.563 [restartedMain] WARN  o.s.b.a.t.ThymeleafAutoConfiguration$DefaultTemplateResolverConfiguration - Cannot find template location: classpath:/templates/ (please add some templates, check your Thymeleaf configuration, or set spring.thymeleaf.check-template-location=false)
17:36:11.563 [restartedMain] WARN  org.thymeleaf.templatemode.TemplateMode - [THYMELEAF][restartedMain] Template Mode 'HTML5' is deprecated. Using Template Mode 'HTML' instead.
17:36:11.599 [restartedMain] INFO  o.s.b.d.autoconfigure.OptionalLiveReloadServer - LiveReload server is running on port 35729
17:36:11.606 [restartedMain] INFO  org.apache.coyote.http11.Http11NioProtocol - Starting ProtocolHandler ["http-nio-8080"]
17:36:11.607 [restartedMain] INFO  o.s.boot.web.embedded.tomcat.TomcatWebServer - Tomcat started on port(s): 8080 (http) with context path ''
17:36:11.610 [restartedMain] INFO  com.dongbao.test_demo3.TestDemo3Application - Started TestDemo3Application in 0.569 seconds (JVM running for 634.773)
17:36:11.611 [restartedMain] INFO  o.s.b.d.a.ConditionEvaluationDeltaLoggingListener - Condition evaluation unchanged
17:39:35.430 [restartedMain] INFO  com.dongbao.test_demo3.TestDemo3Application - Starting TestDemo3Application using Java 1.8.0_151 on IT-013487 with PID 22608 (E:\javaProject\test_demo3\target\classes started by 013487 in E:\javaProject\test_demo3)
17:39:35.431 [restartedMain] INFO  com.dongbao.test_demo3.TestDemo3Application - No active profile set, falling back to 1 default profile: "default"
17:39:35.457 [restartedMain] INFO  o.s.b.d.env.DevToolsPropertyDefaultsPostProcessor - For additional web related logging consider setting the 'logging.level.web' property to 'DEBUG'
17:39:35.884 [restartedMain] INFO  o.s.d.r.config.RepositoryConfigurationDelegate - Multiple Spring Data modules found, entering strict repository configuration mode
17:39:35.885 [restartedMain] INFO  o.s.d.r.config.RepositoryConfigurationDelegate - Bootstrapping Spring Data Redis repositories in DEFAULT mode.
17:39:35.898 [restartedMain] INFO  o.s.d.r.config.RepositoryConfigurationDelegate - Finished Spring Data repository scanning in 4 ms. Found 0 Redis repository interfaces.
17:39:36.162 [restartedMain] INFO  o.s.boot.web.embedded.tomcat.TomcatWebServer - Tomcat initialized with port(s): 8080 (http)
17:39:36.167 [restartedMain] INFO  org.apache.coyote.http11.Http11NioProtocol - Initializing ProtocolHandler ["http-nio-8080"]
17:39:36.168 [restartedMain] INFO  org.apache.catalina.core.StandardService - Starting service [Tomcat]
17:39:36.168 [restartedMain] INFO  org.apache.catalina.core.StandardEngine - Starting Servlet engine: [Apache Tomcat/9.0.69]
17:39:36.261 [restartedMain] INFO  o.a.c.core.ContainerBase.[Tomcat].[localhost].[/] - Initializing Spring embedded WebApplicationContext
17:39:36.261 [restartedMain] INFO  o.s.b.w.s.c.ServletWebServerApplicationContext - Root WebApplicationContext: initialization completed in 804 ms
17:39:36.587 [restartedMain] WARN  c.b.mybatisplus.core.injector.DefaultSqlInjector - class com.dongbao.test_demo3.entity.AttWorkHourDay ,Not found @TableId annotation, Cannot use Mybatis-Plus 'xxById' Method.
17:39:36.823 [restartedMain] INFO  o.s.b.a.web.servlet.WelcomePageHandlerMapping - Adding welcome page: class path resource [static/index.html]
17:39:36.866 [restartedMain] WARN  o.s.b.a.t.ThymeleafAutoConfiguration$DefaultTemplateResolverConfiguration - Cannot find template location: classpath:/templates/ (please add some templates, check your Thymeleaf configuration, or set spring.thymeleaf.check-template-location=false)
17:39:36.867 [restartedMain] WARN  org.thymeleaf.templatemode.TemplateMode - [THYMELEAF][restartedMain] Template Mode 'HTML5' is deprecated. Using Template Mode 'HTML' instead.
17:39:36.971 [restartedMain] WARN  o.s.b.d.autoconfigure.OptionalLiveReloadServer - Unable to start LiveReload server
17:39:36.980 [restartedMain] INFO  org.apache.coyote.http11.Http11NioProtocol - Starting ProtocolHandler ["http-nio-8080"]
17:39:36.983 [restartedMain] WARN  o.s.b.w.s.c.AnnotationConfigServletWebServerApplicationContext - Exception encountered during context initialization - cancelling refresh attempt: org.springframework.context.ApplicationContextException: Failed to start bean 'webServerStartStop'; nested exception is org.springframework.boot.web.server.PortInUseException: Port 8080 is already in use
17:39:36.992 [restartedMain] INFO  org.apache.coyote.http11.Http11NioProtocol - Pausing ProtocolHandler ["http-nio-8080"]
17:39:36.992 [restartedMain] INFO  org.apache.catalina.core.StandardService - Stopping service [Tomcat]
17:39:36.995 [restartedMain] INFO  org.apache.coyote.http11.Http11NioProtocol - Stopping ProtocolHandler ["http-nio-8080"]
17:39:36.995 [restartedMain] INFO  org.apache.coyote.http11.Http11NioProtocol - Destroying ProtocolHandler ["http-nio-8080"]
17:39:36.999 [restartedMain] INFO  o.s.b.a.l.ConditionEvaluationReportLoggingListener - 

Error starting ApplicationContext. To display the conditions report re-run your application with 'debug' enabled.
17:39:37.008 [restartedMain] ERROR o.s.b.diagnostics.LoggingFailureAnalysisReporter - 

***************************
APPLICATION FAILED TO START
***************************

Description:

Web server failed to start. Port 8080 was already in use.

Action:

Identify and stop the process that's listening on port 8080 or configure this application to listen on another port.

17:39:58.700 [restartedMain] INFO  com.dongbao.test_demo3.TestDemo3Application - Starting TestDemo3Application using Java 1.8.0_151 on IT-013487 with PID 1784 (E:\javaProject\test_demo3\target\classes started by 013487 in E:\javaProject\test_demo3)
17:39:58.701 [restartedMain] INFO  com.dongbao.test_demo3.TestDemo3Application - No active profile set, falling back to 1 default profile: "default"
17:39:58.730 [restartedMain] INFO  o.s.b.d.env.DevToolsPropertyDefaultsPostProcessor - For additional web related logging consider setting the 'logging.level.web' property to 'DEBUG'
17:39:59.157 [restartedMain] INFO  o.s.d.r.config.RepositoryConfigurationDelegate - Multiple Spring Data modules found, entering strict repository configuration mode
17:39:59.159 [restartedMain] INFO  o.s.d.r.config.RepositoryConfigurationDelegate - Bootstrapping Spring Data Redis repositories in DEFAULT mode.
17:39:59.172 [restartedMain] INFO  o.s.d.r.config.RepositoryConfigurationDelegate - Finished Spring Data repository scanning in 4 ms. Found 0 Redis repository interfaces.
17:39:59.420 [restartedMain] INFO  o.s.boot.web.embedded.tomcat.TomcatWebServer - Tomcat initialized with port(s): 8082 (http)
17:39:59.433 [restartedMain] INFO  org.apache.coyote.http11.Http11NioProtocol - Initializing ProtocolHandler ["http-nio-8082"]
17:39:59.433 [restartedMain] INFO  org.apache.catalina.core.StandardService - Starting service [Tomcat]
17:39:59.434 [restartedMain] INFO  org.apache.catalina.core.StandardEngine - Starting Servlet engine: [Apache Tomcat/9.0.69]
17:39:59.501 [restartedMain] INFO  o.a.c.core.ContainerBase.[Tomcat].[localhost].[/] - Initializing Spring embedded WebApplicationContext
17:39:59.501 [restartedMain] INFO  o.s.b.w.s.c.ServletWebServerApplicationContext - Root WebApplicationContext: initialization completed in 771 ms
17:39:59.823 [restartedMain] WARN  c.b.mybatisplus.core.injector.DefaultSqlInjector - class com.dongbao.test_demo3.entity.AttWorkHourDay ,Not found @TableId annotation, Cannot use Mybatis-Plus 'xxById' Method.
17:40:00.065 [restartedMain] INFO  o.s.b.a.web.servlet.WelcomePageHandlerMapping - Adding welcome page: class path resource [static/index.html]
17:40:00.109 [restartedMain] WARN  o.s.b.a.t.ThymeleafAutoConfiguration$DefaultTemplateResolverConfiguration - Cannot find template location: classpath:/templates/ (please add some templates, check your Thymeleaf configuration, or set spring.thymeleaf.check-template-location=false)
17:40:00.110 [restartedMain] WARN  org.thymeleaf.templatemode.TemplateMode - [THYMELEAF][restartedMain] Template Mode 'HTML5' is deprecated. Using Template Mode 'HTML' instead.
17:40:00.218 [restartedMain] WARN  o.s.b.d.autoconfigure.OptionalLiveReloadServer - Unable to start LiveReload server
17:40:00.228 [restartedMain] INFO  org.apache.coyote.http11.Http11NioProtocol - Starting ProtocolHandler ["http-nio-8082"]
17:40:00.240 [restartedMain] INFO  o.s.boot.web.embedded.tomcat.TomcatWebServer - Tomcat started on port(s): 8082 (http) with context path ''
17:40:00.247 [restartedMain] INFO  com.dongbao.test_demo3.TestDemo3Application - Started TestDemo3Application in 1.759 seconds (JVM running for 2.183)
17:40:07.783 [http-nio-8082-exec-1] INFO  o.a.c.core.ContainerBase.[Tomcat].[localhost].[/] - Initializing Spring DispatcherServlet 'dispatcherServlet'
17:40:07.783 [http-nio-8082-exec-1] INFO  org.springframework.web.servlet.DispatcherServlet - Initializing Servlet 'dispatcherServlet'
17:40:07.784 [http-nio-8082-exec-1] INFO  org.springframework.web.servlet.DispatcherServlet - Completed initialization in 1 ms
17:40:07.830 [http-nio-8082-exec-1] INFO  com.dongbao.test_demo3.controller.HelloController - 开始：1762940407830
17:40:08.088 [http-nio-8082-exec-1] INFO  c.d.t.Service.impl.AttWorkHourDayServiceImpl - 从缓存中获取考勤日工时数据
17:40:08.088 [http-nio-8082-exec-1] INFO  com.dongbao.test_demo3.controller.HelloController - 结束：1762940408088
17:41:18.986 [File Watcher] INFO  o.s.b.d.a.LocalDevToolsAutoConfiguration$RestartingClassPathChangeChangedEventListener - Restarting due to 1 class path change (0 additions, 1 deletion, 0 modifications)
17:41:19.022 [Thread-2] INFO  org.apache.coyote.http11.Http11NioProtocol - Pausing ProtocolHandler ["http-nio-8082"]
17:41:19.022 [Thread-2] INFO  org.apache.catalina.core.StandardService - Stopping service [Tomcat]
17:41:19.023 [Thread-2] INFO  o.a.c.core.ContainerBase.[Tomcat].[localhost].[/] - Destroying Spring FrameworkServlet 'dispatcherServlet'
17:41:19.025 [Thread-2] WARN  org.apache.catalina.loader.WebappClassLoaderBase - The web application [ROOT] appears to have started a thread named [lettuce-nioEventLoop-4-1] but has failed to stop it. This is very likely to create a memory leak. Stack trace of thread:
 sun.nio.ch.WindowsSelectorImpl$SubSelector.poll0(Native Method)
 sun.nio.ch.WindowsSelectorImpl$SubSelector.poll(WindowsSelectorImpl.java:296)
 sun.nio.ch.WindowsSelectorImpl$SubSelector.access$400(WindowsSelectorImpl.java:278)
 sun.nio.ch.WindowsSelectorImpl.doSelect(WindowsSelectorImpl.java:159)
 sun.nio.ch.SelectorImpl.lockAndDoSelect(SelectorImpl.java:86)
 sun.nio.ch.SelectorImpl.select(SelectorImpl.java:97)
 sun.nio.ch.SelectorImpl.select(SelectorImpl.java:101)
 io.netty.channel.nio.SelectedSelectionKeySetSelector.select(SelectedSelectionKeySetSelector.java:68)
 io.netty.channel.nio.NioEventLoop.select(NioEventLoop.java:879)
 io.netty.channel.nio.NioEventLoop.run(NioEventLoop.java:526)
 io.netty.util.concurrent.SingleThreadEventExecutor$4.run(SingleThreadEventExecutor.java:997)
 io.netty.util.internal.ThreadExecutorMap$2.run(ThreadExecutorMap.java:74)
 io.netty.util.concurrent.FastThreadLocalRunnable.run(FastThreadLocalRunnable.java:30)
 java.lang.Thread.run(Thread.java:748)
17:41:19.025 [Thread-2] WARN  org.apache.catalina.loader.WebappClassLoaderBase - The web application [ROOT] appears to have started a thread named [lettuce-eventExecutorLoop-1-1] but has failed to stop it. This is very likely to create a memory leak. Stack trace of thread:
 sun.misc.Unsafe.park(Native Method)
 java.util.concurrent.locks.LockSupport.park(LockSupport.java:175)
 java.util.concurrent.locks.AbstractQueuedSynchronizer$ConditionObject.await(AbstractQueuedSynchronizer.java:2039)
 java.util.concurrent.LinkedBlockingQueue.take(LinkedBlockingQueue.java:442)
 io.netty.util.concurrent.SingleThreadEventExecutor.takeTask(SingleThreadEventExecutor.java:244)
 io.netty.util.concurrent.DefaultEventExecutor.run(DefaultEventExecutor.java:64)
 io.netty.util.concurrent.SingleThreadEventExecutor$4.run(SingleThreadEventExecutor.java:997)
 io.netty.util.internal.ThreadExecutorMap$2.run(ThreadExecutorMap.java:74)
 io.netty.util.concurrent.FastThreadLocalRunnable.run(FastThreadLocalRunnable.java:30)
 java.lang.Thread.run(Thread.java:748)
17:41:19.026 [Thread-2] INFO  org.apache.coyote.http11.Http11NioProtocol - Stopping ProtocolHandler ["http-nio-8082"]
17:41:19.027 [Thread-2] INFO  org.apache.coyote.http11.Http11NioProtocol - Destroying ProtocolHandler ["http-nio-8082"]
17:41:19.223 [File Watcher] INFO  o.s.b.d.a.LocalDevToolsAutoConfiguration$RestartingClassPathChangeChangedEventListener - Restarting due to 1 class path change (0 additions, 1 deletion, 0 modifications)
17:41:19.271 [restartedMain] INFO  com.dongbao.test_demo3.TestDemo3Application - Starting TestDemo3Application using Java 1.8.0_151 on IT-013487 with PID 1784 (E:\javaProject\test_demo3\target\classes started by 013487 in E:\javaProject\test_demo3)
17:41:19.271 [restartedMain] INFO  com.dongbao.test_demo3.TestDemo3Application - No active profile set, falling back to 1 default profile: "default"
17:41:19.276 [Thread-29] INFO  org.apache.coyote.http11.Http11NioProtocol - Pausing ProtocolHandler ["http-nio-8080"]
17:41:19.277 [Thread-29] INFO  org.apache.catalina.core.StandardService - Stopping service [Tomcat]
17:41:19.280 [Thread-29] INFO  org.apache.coyote.http11.Http11NioProtocol - Stopping ProtocolHandler ["http-nio-8080"]
17:41:19.282 [Thread-29] INFO  org.apache.coyote.http11.Http11NioProtocol - Destroying ProtocolHandler ["http-nio-8080"]
17:41:19.389 [restartedMain] INFO  o.s.d.r.config.RepositoryConfigurationDelegate - Multiple Spring Data modules found, entering strict repository configuration mode
17:41:19.389 [restartedMain] INFO  o.s.d.r.config.RepositoryConfigurationDelegate - Bootstrapping Spring Data Redis repositories in DEFAULT mode.
17:41:19.393 [restartedMain] INFO  o.s.d.r.config.RepositoryConfigurationDelegate - Finished Spring Data repository scanning in 3 ms. Found 0 Redis repository interfaces.
17:41:19.421 [restartedMain] INFO  com.dongbao.test_demo3.TestDemo3Application - Starting TestDemo3Application using Java 1.8.0_151 on IT-013487 with PID 19296 (E:\javaProject\test_demo3\target\classes started by 013487 in E:\javaProject\test_demo3)
17:41:19.421 [restartedMain] INFO  com.dongbao.test_demo3.TestDemo3Application - No active profile set, falling back to 1 default profile: "default"
17:41:19.429 [restartedMain] INFO  o.s.boot.web.embedded.tomcat.TomcatWebServer - Tomcat initialized with port(s): 8082 (http)
17:41:19.429 [restartedMain] INFO  org.apache.coyote.http11.Http11NioProtocol - Initializing ProtocolHandler ["http-nio-8082"]
17:41:19.429 [restartedMain] INFO  org.apache.catalina.core.StandardService - Starting service [Tomcat]
17:41:19.429 [restartedMain] INFO  org.apache.catalina.core.StandardEngine - Starting Servlet engine: [Apache Tomcat/9.0.69]
17:41:19.437 [restartedMain] INFO  o.a.c.core.ContainerBase.[Tomcat].[localhost].[/] - Initializing Spring embedded WebApplicationContext
17:41:19.437 [restartedMain] INFO  o.s.b.w.s.c.ServletWebServerApplicationContext - Root WebApplicationContext: initialization completed in 164 ms
17:41:19.525 [restartedMain] INFO  o.s.d.r.config.RepositoryConfigurationDelegate - Multiple Spring Data modules found, entering strict repository configuration mode
17:41:19.525 [restartedMain] INFO  o.s.d.r.config.RepositoryConfigurationDelegate - Bootstrapping Spring Data Redis repositories in DEFAULT mode.
17:41:19.529 [restartedMain] INFO  o.s.d.r.config.RepositoryConfigurationDelegate - Finished Spring Data repository scanning in 3 ms. Found 0 Redis repository interfaces.
17:41:19.546 [restartedMain] WARN  o.s.b.w.s.c.AnnotationConfigServletWebServerApplicationContext - Exception encountered during context initialization - cancelling refresh attempt: org.springframework.beans.factory.UnsatisfiedDependencyException: Error creating bean with name 'helloController': Unsatisfied dependency expressed through field 'attWorkHourDayService'; nested exception is org.springframework.beans.factory.NoSuchBeanDefinitionException: No qualifying bean of type 'com.dongbao.test_demo3.Service.AttWorkHourDayService' available: expected at least 1 bean which qualifies as autowire candidate. Dependency annotations: {@org.springframework.beans.factory.annotation.Autowired(required=true)}
17:41:19.550 [restartedMain] INFO  org.apache.catalina.core.StandardService - Stopping service [Tomcat]
17:41:19.555 [restartedMain] INFO  o.s.b.a.l.ConditionEvaluationReportLoggingListener - 

Error starting ApplicationContext. To display the conditions report re-run your application with 'debug' enabled.
17:41:19.564 [restartedMain] INFO  o.s.boot.web.embedded.tomcat.TomcatWebServer - Tomcat initialized with port(s): 8080 (http)
17:41:19.565 [restartedMain] INFO  org.apache.coyote.http11.Http11NioProtocol - Initializing ProtocolHandler ["http-nio-8080"]
17:41:19.565 [restartedMain] INFO  org.apache.catalina.core.StandardService - Starting service [Tomcat]
17:41:19.565 [restartedMain] INFO  org.apache.catalina.core.StandardEngine - Starting Servlet engine: [Apache Tomcat/9.0.69]
17:41:19.571 [restartedMain] ERROR o.s.b.diagnostics.LoggingFailureAnalysisReporter - 

***************************
APPLICATION FAILED TO START
***************************

Description:

Field attWorkHourDayService in com.dongbao.test_demo3.controller.HelloController required a bean of type 'com.dongbao.test_demo3.Service.AttWorkHourDayService' that could not be found.

The injection point has the following annotations:
	- @org.springframework.beans.factory.annotation.Autowired(required=true)


Action:

Consider defining a bean of type 'com.dongbao.test_demo3.Service.AttWorkHourDayService' in your configuration.

17:41:19.573 [restartedMain] INFO  o.a.c.c.ContainerBase.[Tomcat-2].[localhost].[/] - Initializing Spring embedded WebApplicationContext
17:41:19.573 [restartedMain] INFO  o.s.b.w.s.c.ServletWebServerApplicationContext - Root WebApplicationContext: initialization completed in 151 ms
17:41:19.668 [restartedMain] WARN  o.s.b.w.s.c.AnnotationConfigServletWebServerApplicationContext - Exception encountered during context initialization - cancelling refresh attempt: org.springframework.beans.factory.UnsatisfiedDependencyException: Error creating bean with name 'helloController': Unsatisfied dependency expressed through field 'attWorkHourDayService'; nested exception is org.springframework.beans.factory.NoSuchBeanDefinitionException: No qualifying bean of type 'com.dongbao.test_demo3.Service.AttWorkHourDayService' available: expected at least 1 bean which qualifies as autowire candidate. Dependency annotations: {@org.springframework.beans.factory.annotation.Autowired(required=true)}
17:41:19.669 [restartedMain] INFO  org.apache.catalina.core.StandardService - Stopping service [Tomcat]
17:41:19.673 [restartedMain] INFO  o.s.b.a.l.ConditionEvaluationReportLoggingListener - 

Error starting ApplicationContext. To display the conditions report re-run your application with 'debug' enabled.
17:41:19.675 [restartedMain] ERROR o.s.b.diagnostics.LoggingFailureAnalysisReporter - 

***************************
APPLICATION FAILED TO START
***************************

Description:

Field attWorkHourDayService in com.dongbao.test_demo3.controller.HelloController required a bean of type 'com.dongbao.test_demo3.Service.AttWorkHourDayService' that could not be found.

The injection point has the following annotations:
	- @org.springframework.beans.factory.annotation.Autowired(required=true)


Action:

Consider defining a bean of type 'com.dongbao.test_demo3.Service.AttWorkHourDayService' in your configuration.

17:41:23.048 [restartedMain] INFO  com.dongbao.test_demo3.TestDemo3Application - Starting TestDemo3Application using Java 1.8.0_151 on IT-013487 with PID 1784 (E:\javaProject\test_demo3\target\classes started by 013487 in E:\javaProject\test_demo3)
17:41:23.049 [restartedMain] INFO  com.dongbao.test_demo3.TestDemo3Application - No active profile set, falling back to 1 default profile: "default"
17:41:23.139 [restartedMain] INFO  o.s.d.r.config.RepositoryConfigurationDelegate - Multiple Spring Data modules found, entering strict repository configuration mode
17:41:23.139 [restartedMain] INFO  o.s.d.r.config.RepositoryConfigurationDelegate - Bootstrapping Spring Data Redis repositories in DEFAULT mode.
17:41:23.142 [restartedMain] INFO  o.s.d.r.config.RepositoryConfigurationDelegate - Finished Spring Data repository scanning in 2 ms. Found 0 Redis repository interfaces.
17:41:23.159 [restartedMain] INFO  com.dongbao.test_demo3.TestDemo3Application - Starting TestDemo3Application using Java 1.8.0_151 on IT-013487 with PID 19296 (E:\javaProject\test_demo3\target\classes started by 013487 in E:\javaProject\test_demo3)
17:41:23.159 [restartedMain] INFO  com.dongbao.test_demo3.TestDemo3Application - No active profile set, falling back to 1 default profile: "default"
17:41:23.173 [restartedMain] INFO  o.s.boot.web.embedded.tomcat.TomcatWebServer - Tomcat initialized with port(s): 8082 (http)
17:41:23.173 [restartedMain] INFO  org.apache.coyote.http11.Http11NioProtocol - Initializing ProtocolHandler ["http-nio-8082"]
17:41:23.173 [restartedMain] INFO  org.apache.catalina.core.StandardService - Starting service [Tomcat]
17:41:23.173 [restartedMain] INFO  org.apache.catalina.core.StandardEngine - Starting Servlet engine: [Apache Tomcat/9.0.69]
17:41:23.181 [restartedMain] INFO  o.a.c.c.ContainerBase.[Tomcat-1].[localhost].[/] - Initializing Spring embedded WebApplicationContext
17:41:23.181 [restartedMain] INFO  o.s.b.w.s.c.ServletWebServerApplicationContext - Root WebApplicationContext: initialization completed in 131 ms
17:41:23.255 [restartedMain] INFO  o.s.d.r.config.RepositoryConfigurationDelegate - Multiple Spring Data modules found, entering strict repository configuration mode
17:41:23.255 [restartedMain] INFO  o.s.d.r.config.RepositoryConfigurationDelegate - Bootstrapping Spring Data Redis repositories in DEFAULT mode.
17:41:23.259 [restartedMain] INFO  o.s.d.r.config.RepositoryConfigurationDelegate - Finished Spring Data repository scanning in 3 ms. Found 0 Redis repository interfaces.
17:41:23.298 [restartedMain] INFO  o.s.boot.web.embedded.tomcat.TomcatWebServer - Tomcat initialized with port(s): 8080 (http)
17:41:23.299 [restartedMain] INFO  org.apache.coyote.http11.Http11NioProtocol - Initializing ProtocolHandler ["http-nio-8080"]
17:41:23.299 [restartedMain] INFO  org.apache.catalina.core.StandardService - Starting service [Tomcat]
17:41:23.299 [restartedMain] INFO  org.apache.catalina.core.StandardEngine - Starting Servlet engine: [Apache Tomcat/9.0.69]
17:41:23.308 [restartedMain] INFO  o.a.c.c.ContainerBase.[Tomcat-3].[localhost].[/] - Initializing Spring embedded WebApplicationContext
17:41:23.308 [restartedMain] INFO  o.s.b.w.s.c.ServletWebServerApplicationContext - Root WebApplicationContext: initialization completed in 147 ms
17:41:23.335 [restartedMain] INFO  o.s.b.a.web.servlet.WelcomePageHandlerMapping - Adding welcome page: class path resource [static/index.html]
17:41:23.350 [restartedMain] WARN  o.s.b.a.t.ThymeleafAutoConfiguration$DefaultTemplateResolverConfiguration - Cannot find template location: classpath:/templates/ (please add some templates, check your Thymeleaf configuration, or set spring.thymeleaf.check-template-location=false)
17:41:23.351 [restartedMain] WARN  org.thymeleaf.templatemode.TemplateMode - [THYMELEAF][restartedMain] Template Mode 'HTML5' is deprecated. Using Template Mode 'HTML' instead.
17:41:23.384 [restartedMain] WARN  o.s.b.d.autoconfigure.OptionalLiveReloadServer - Unable to start LiveReload server
17:41:23.391 [restartedMain] INFO  org.apache.coyote.http11.Http11NioProtocol - Starting ProtocolHandler ["http-nio-8082"]
17:41:23.392 [restartedMain] INFO  o.s.boot.web.embedded.tomcat.TomcatWebServer - Tomcat started on port(s): 8082 (http) with context path ''
17:41:23.395 [restartedMain] INFO  com.dongbao.test_demo3.TestDemo3Application - Started TestDemo3Application in 0.363 seconds (JVM running for 85.328)
17:41:23.397 [restartedMain] INFO  o.s.b.d.a.ConditionEvaluationDeltaLoggingListener - Condition evaluation unchanged
17:41:23.432 [restartedMain] INFO  o.s.b.a.web.servlet.WelcomePageHandlerMapping - Adding welcome page: class path resource [static/index.html]
17:41:23.442 [restartedMain] WARN  o.s.b.a.t.ThymeleafAutoConfiguration$DefaultTemplateResolverConfiguration - Cannot find template location: classpath:/templates/ (please add some templates, check your Thymeleaf configuration, or set spring.thymeleaf.check-template-location=false)
17:41:23.442 [restartedMain] WARN  org.thymeleaf.templatemode.TemplateMode - [THYMELEAF][restartedMain] Template Mode 'HTML5' is deprecated. Using Template Mode 'HTML' instead.
17:41:23.465 [restartedMain] INFO  o.s.b.d.autoconfigure.OptionalLiveReloadServer - LiveReload server is running on port 35729
17:41:23.470 [restartedMain] INFO  org.apache.coyote.http11.Http11NioProtocol - Starting ProtocolHandler ["http-nio-8080"]
17:41:23.471 [restartedMain] INFO  o.s.boot.web.embedded.tomcat.TomcatWebServer - Tomcat started on port(s): 8080 (http) with context path ''
17:41:23.474 [restartedMain] INFO  com.dongbao.test_demo3.TestDemo3Application - Started TestDemo3Application in 0.329 seconds (JVM running for 946.626)
17:41:23.475 [restartedMain] INFO  o.s.b.d.a.ConditionEvaluationDeltaLoggingListener - Condition evaluation unchanged
17:41:27.416 [http-nio-8082-exec-2] INFO  o.a.c.c.ContainerBase.[Tomcat-1].[localhost].[/] - Initializing Spring DispatcherServlet 'dispatcherServlet'
17:41:27.416 [http-nio-8082-exec-2] INFO  org.springframework.web.servlet.DispatcherServlet - Initializing Servlet 'dispatcherServlet'
17:41:27.417 [http-nio-8082-exec-2] INFO  org.springframework.web.servlet.DispatcherServlet - Completed initialization in 1 ms
17:41:27.419 [http-nio-8082-exec-2] INFO  com.dongbao.test_demo3.controller.HelloController - 开始：1762940487419
17:41:27.437 [http-nio-8082-exec-2] INFO  c.d.t.Service.impl.AttWorkHourDayServiceImpl - 从缓存中获取考勤日工时数据
17:41:27.437 [http-nio-8082-exec-2] INFO  com.dongbao.test_demo3.controller.HelloController - 结束：1762940487437
17:42:07.612 [http-nio-8082-exec-3] INFO  com.dongbao.test_demo3.controller.HelloController - 开始：1762940527612
17:42:07.614 [http-nio-8082-exec-3] INFO  c.d.t.Service.impl.AttWorkHourDayServiceImpl - 从缓存中获取考勤日工时数据
17:42:07.614 [http-nio-8082-exec-3] INFO  com.dongbao.test_demo3.controller.HelloController - 结束：1762940527614
17:42:14.139 [restartedMain] INFO  com.dongbao.test_demo3.TestDemo3Application - Starting TestDemo3Application using Java 1.8.0_151 on IT-013487 with PID 26936 (E:\javaProject\test_demo3\target\classes started by 013487 in E:\javaProject\test_demo3)
17:42:14.140 [restartedMain] INFO  com.dongbao.test_demo3.TestDemo3Application - No active profile set, falling back to 1 default profile: "default"
17:42:14.166 [restartedMain] INFO  o.s.b.d.env.DevToolsPropertyDefaultsPostProcessor - For additional web related logging consider setting the 'logging.level.web' property to 'DEBUG'
17:42:14.557 [restartedMain] INFO  o.s.d.r.config.RepositoryConfigurationDelegate - Multiple Spring Data modules found, entering strict repository configuration mode
17:42:14.558 [restartedMain] INFO  o.s.d.r.config.RepositoryConfigurationDelegate - Bootstrapping Spring Data Redis repositories in DEFAULT mode.
17:42:14.573 [restartedMain] INFO  o.s.d.r.config.RepositoryConfigurationDelegate - Finished Spring Data repository scanning in 6 ms. Found 0 Redis repository interfaces.
17:42:14.840 [restartedMain] INFO  o.s.boot.web.embedded.tomcat.TomcatWebServer - Tomcat initialized with port(s): 8082 (http)
17:42:14.844 [restartedMain] INFO  org.apache.coyote.http11.Http11NioProtocol - Initializing ProtocolHandler ["http-nio-8082"]
17:42:14.844 [restartedMain] INFO  org.apache.catalina.core.StandardService - Starting service [Tomcat]
17:42:14.845 [restartedMain] INFO  org.apache.catalina.core.StandardEngine - Starting Servlet engine: [Apache Tomcat/9.0.69]
17:42:14.909 [restartedMain] INFO  o.a.c.core.ContainerBase.[Tomcat].[localhost].[/] - Initializing Spring embedded WebApplicationContext
17:42:14.909 [restartedMain] INFO  o.s.b.w.s.c.ServletWebServerApplicationContext - Root WebApplicationContext: initialization completed in 742 ms
17:42:15.197 [restartedMain] WARN  c.b.mybatisplus.core.injector.DefaultSqlInjector - class com.dongbao.test_demo3.entity.AttWorkHourDay ,Not found @TableId annotation, Cannot use Mybatis-Plus 'xxById' Method.
17:42:15.426 [restartedMain] INFO  o.s.b.a.web.servlet.WelcomePageHandlerMapping - Adding welcome page: class path resource [static/index.html]
17:42:15.473 [restartedMain] WARN  o.s.b.a.t.ThymeleafAutoConfiguration$DefaultTemplateResolverConfiguration - Cannot find template location: classpath:/templates/ (please add some templates, check your Thymeleaf configuration, or set spring.thymeleaf.check-template-location=false)
17:42:15.473 [restartedMain] WARN  org.thymeleaf.templatemode.TemplateMode - [THYMELEAF][restartedMain] Template Mode 'HTML5' is deprecated. Using Template Mode 'HTML' instead.
17:42:15.582 [restartedMain] WARN  o.s.b.d.autoconfigure.OptionalLiveReloadServer - Unable to start LiveReload server
17:42:15.594 [restartedMain] INFO  org.apache.coyote.http11.Http11NioProtocol - Starting ProtocolHandler ["http-nio-8082"]
17:42:15.603 [restartedMain] INFO  o.s.boot.web.embedded.tomcat.TomcatWebServer - Tomcat started on port(s): 8082 (http) with context path ''
17:42:15.611 [restartedMain] INFO  com.dongbao.test_demo3.TestDemo3Application - Started TestDemo3Application in 1.688 seconds (JVM running for 2.111)
17:42:22.132 [http-nio-8082-exec-2] INFO  o.a.c.core.ContainerBase.[Tomcat].[localhost].[/] - Initializing Spring DispatcherServlet 'dispatcherServlet'
17:42:22.132 [http-nio-8082-exec-2] INFO  org.springframework.web.servlet.DispatcherServlet - Initializing Servlet 'dispatcherServlet'
17:42:22.133 [http-nio-8082-exec-2] INFO  org.springframework.web.servlet.DispatcherServlet - Completed initialization in 1 ms
17:42:22.175 [http-nio-8082-exec-2] INFO  com.dongbao.test_demo3.controller.HelloController - 开始：1762940542175
17:42:22.407 [http-nio-8082-exec-2] INFO  c.d.t.Service.impl.AttWorkHourDayServiceImpl - 从缓存中获取考勤日工时数据
17:42:22.408 [http-nio-8082-exec-2] INFO  com.dongbao.test_demo3.controller.HelloController - 结束：1762940542408
17:42:29.597 [restartedMain] INFO  com.dongbao.test_demo3.TestDemo3Application - Starting TestDemo3Application using Java 1.8.0_151 on IT-013487 with PID 10180 (E:\javaProject\test_demo3\target\classes started by 013487 in E:\javaProject\test_demo3)
17:42:29.598 [restartedMain] INFO  com.dongbao.test_demo3.TestDemo3Application - No active profile set, falling back to 1 default profile: "default"
17:42:29.624 [restartedMain] INFO  o.s.b.d.env.DevToolsPropertyDefaultsPostProcessor - For additional web related logging consider setting the 'logging.level.web' property to 'DEBUG'
17:42:30.029 [restartedMain] INFO  o.s.d.r.config.RepositoryConfigurationDelegate - Multiple Spring Data modules found, entering strict repository configuration mode
17:42:30.031 [restartedMain] INFO  o.s.d.r.config.RepositoryConfigurationDelegate - Bootstrapping Spring Data Redis repositories in DEFAULT mode.
17:42:30.047 [restartedMain] INFO  o.s.d.r.config.RepositoryConfigurationDelegate - Finished Spring Data repository scanning in 6 ms. Found 0 Redis repository interfaces.
17:42:30.350 [restartedMain] INFO  o.s.boot.web.embedded.tomcat.TomcatWebServer - Tomcat initialized with port(s): 8082 (http)
17:42:30.354 [restartedMain] INFO  org.apache.coyote.http11.Http11NioProtocol - Initializing ProtocolHandler ["http-nio-8082"]
17:42:30.355 [restartedMain] INFO  org.apache.catalina.core.StandardService - Starting service [Tomcat]
17:42:30.355 [restartedMain] INFO  org.apache.catalina.core.StandardEngine - Starting Servlet engine: [Apache Tomcat/9.0.69]
17:42:30.436 [restartedMain] INFO  o.a.c.core.ContainerBase.[Tomcat].[localhost].[/] - Initializing Spring embedded WebApplicationContext
17:42:30.436 [restartedMain] INFO  o.s.b.w.s.c.ServletWebServerApplicationContext - Root WebApplicationContext: initialization completed in 811 ms
17:42:30.751 [restartedMain] WARN  c.b.mybatisplus.core.injector.DefaultSqlInjector - class com.dongbao.test_demo3.entity.AttWorkHourDay ,Not found @TableId annotation, Cannot use Mybatis-Plus 'xxById' Method.
17:42:31.000 [restartedMain] INFO  o.s.b.a.web.servlet.WelcomePageHandlerMapping - Adding welcome page: class path resource [static/index.html]
17:42:31.048 [restartedMain] WARN  o.s.b.a.t.ThymeleafAutoConfiguration$DefaultTemplateResolverConfiguration - Cannot find template location: classpath:/templates/ (please add some templates, check your Thymeleaf configuration, or set spring.thymeleaf.check-template-location=false)
17:42:31.048 [restartedMain] WARN  org.thymeleaf.templatemode.TemplateMode - [THYMELEAF][restartedMain] Template Mode 'HTML5' is deprecated. Using Template Mode 'HTML' instead.
17:42:31.154 [restartedMain] WARN  o.s.b.d.autoconfigure.OptionalLiveReloadServer - Unable to start LiveReload server
17:42:31.164 [restartedMain] INFO  org.apache.coyote.http11.Http11NioProtocol - Starting ProtocolHandler ["http-nio-8082"]
17:42:31.173 [restartedMain] INFO  o.s.boot.web.embedded.tomcat.TomcatWebServer - Tomcat started on port(s): 8082 (http) with context path ''
17:42:31.179 [restartedMain] INFO  com.dongbao.test_demo3.TestDemo3Application - Started TestDemo3Application in 1.786 seconds (JVM running for 2.18)
17:43:06.604 [http-nio-8082-exec-1] INFO  o.a.c.core.ContainerBase.[Tomcat].[localhost].[/] - Initializing Spring DispatcherServlet 'dispatcherServlet'
17:43:06.605 [http-nio-8082-exec-1] INFO  org.springframework.web.servlet.DispatcherServlet - Initializing Servlet 'dispatcherServlet'
17:43:06.605 [http-nio-8082-exec-1] INFO  org.springframework.web.servlet.DispatcherServlet - Completed initialization in 0 ms
17:43:06.649 [http-nio-8082-exec-1] INFO  com.dongbao.test_demo3.controller.HelloController - 开始：1762940586649
17:43:06.880 [http-nio-8082-exec-1] INFO  c.d.t.Service.impl.AttWorkHourDayServiceImpl - 从缓存中获取考勤日工时数据
17:43:06.880 [http-nio-8082-exec-1] INFO  com.dongbao.test_demo3.controller.HelloController - 结束：1762940586880
17:43:14.876 [lettuce-nioEventLoop-4-1] INFO  io.lettuce.core.protocol.CommandHandler - null Unexpected exception during request: java.io.IOException: 远程主机强迫关闭了一个现有的连接。
java.io.IOException: 远程主机强迫关闭了一个现有的连接。
	at sun.nio.ch.SocketDispatcher.read0(Native Method)
	at sun.nio.ch.SocketDispatcher.read(SocketDispatcher.java:43)
	at sun.nio.ch.IOUtil.readIntoNativeBuffer(IOUtil.java:223)
	at sun.nio.ch.IOUtil.read(IOUtil.java:192)
	at sun.nio.ch.SocketChannelImpl.read(SocketChannelImpl.java:380)
	at io.netty.buffer.PooledByteBuf.setBytes(PooledByteBuf.java:259)
	at io.netty.buffer.AbstractByteBuf.writeBytes(AbstractByteBuf.java:1132)
	at io.netty.channel.socket.nio.NioSocketChannel.doReadBytes(NioSocketChannel.java:357)
	at io.netty.channel.nio.AbstractNioByteChannel$NioByteUnsafe.read(AbstractNioByteChannel.java:151)
	at io.netty.channel.nio.NioEventLoop.processSelectedKey(NioEventLoop.java:788)
	at io.netty.channel.nio.NioEventLoop.processSelectedKeysOptimized(NioEventLoop.java:724)
	at io.netty.channel.nio.NioEventLoop.processSelectedKeys(NioEventLoop.java:650)
	at io.netty.channel.nio.NioEventLoop.run(NioEventLoop.java:562)
	at io.netty.util.concurrent.SingleThreadEventExecutor$4.run(SingleThreadEventExecutor.java:997)
	at io.netty.util.internal.ThreadExecutorMap$2.run(ThreadExecutorMap.java:74)
	at io.netty.util.concurrent.FastThreadLocalRunnable.run(FastThreadLocalRunnable.java:30)
	at java.lang.Thread.run(Thread.java:748)
17:43:14.954 [lettuce-eventExecutorLoop-1-2] INFO  io.lettuce.core.protocol.ConnectionWatchdog - Reconnecting, last destination was localhost/127.0.0.1:6379
17:43:15.960 [lettuce-nioEventLoop-4-2] WARN  io.lettuce.core.protocol.ConnectionWatchdog - Cannot reconnect to [localhost:6379]: connection timed out: localhost/127.0.0.1:6379
17:43:20.454 [lettuce-eventExecutorLoop-1-11] INFO  io.lettuce.core.protocol.ConnectionWatchdog - Reconnecting, last destination was localhost:6379
17:43:21.467 [lettuce-nioEventLoop-4-7] WARN  io.lettuce.core.protocol.ConnectionWatchdog - Cannot reconnect to [localhost:6379]: connection timed out: localhost/127.0.0.1:6379
17:43:25.659 [lettuce-eventExecutorLoop-1-19] INFO  io.lettuce.core.protocol.ConnectionWatchdog - Reconnecting, last destination was localhost:6379
17:43:25.670 [lettuce-nioEventLoop-4-11] INFO  io.lettuce.core.protocol.ReconnectionHandler - Reconnected to localhost:6379
17:43:40.656 [lettuce-nioEventLoop-4-11] INFO  io.lettuce.core.protocol.CommandHandler - null Unexpected exception during request: java.io.IOException: 远程主机强迫关闭了一个现有的连接。
java.io.IOException: 远程主机强迫关闭了一个现有的连接。
	at sun.nio.ch.SocketDispatcher.read0(Native Method)
	at sun.nio.ch.SocketDispatcher.read(SocketDispatcher.java:43)
	at sun.nio.ch.IOUtil.readIntoNativeBuffer(IOUtil.java:223)
	at sun.nio.ch.IOUtil.read(IOUtil.java:192)
	at sun.nio.ch.SocketChannelImpl.read(SocketChannelImpl.java:380)
	at io.netty.buffer.PooledByteBuf.setBytes(PooledByteBuf.java:259)
	at io.netty.buffer.AbstractByteBuf.writeBytes(AbstractByteBuf.java:1132)
	at io.netty.channel.socket.nio.NioSocketChannel.doReadBytes(NioSocketChannel.java:357)
	at io.netty.channel.nio.AbstractNioByteChannel$NioByteUnsafe.read(AbstractNioByteChannel.java:151)
	at io.netty.channel.nio.NioEventLoop.processSelectedKey(NioEventLoop.java:788)
	at io.netty.channel.nio.NioEventLoop.processSelectedKeysOptimized(NioEventLoop.java:724)
	at io.netty.channel.nio.NioEventLoop.processSelectedKeys(NioEventLoop.java:650)
	at io.netty.channel.nio.NioEventLoop.run(NioEventLoop.java:562)
	at io.netty.util.concurrent.SingleThreadEventExecutor$4.run(SingleThreadEventExecutor.java:997)
	at io.netty.util.internal.ThreadExecutorMap$2.run(ThreadExecutorMap.java:74)
	at io.netty.util.concurrent.FastThreadLocalRunnable.run(FastThreadLocalRunnable.java:30)
	at java.lang.Thread.run(Thread.java:748)
17:43:40.762 [lettuce-eventExecutorLoop-1-1] INFO  io.lettuce.core.protocol.ConnectionWatchdog - Reconnecting, last destination was localhost/127.0.0.1:6379
17:43:41.775 [lettuce-nioEventLoop-4-12] WARN  io.lettuce.core.protocol.ConnectionWatchdog - Cannot reconnect to [localhost:6379]: connection timed out: localhost/127.0.0.1:6379
17:43:49.295 [restartedMain] INFO  com.dongbao.test_demo3.TestDemo3Application - Starting TestDemo3Application using Java 1.8.0_151 on IT-013487 with PID 4348 (E:\javaProject\test_demo3\target\classes started by 013487 in E:\javaProject\test_demo3)
17:43:49.296 [restartedMain] INFO  com.dongbao.test_demo3.TestDemo3Application - No active profile set, falling back to 1 default profile: "default"
17:43:49.326 [restartedMain] INFO  o.s.b.d.env.DevToolsPropertyDefaultsPostProcessor - For additional web related logging consider setting the 'logging.level.web' property to 'DEBUG'
17:43:49.726 [restartedMain] INFO  o.s.d.r.config.RepositoryConfigurationDelegate - Multiple Spring Data modules found, entering strict repository configuration mode
17:43:49.727 [restartedMain] INFO  o.s.d.r.config.RepositoryConfigurationDelegate - Bootstrapping Spring Data Redis repositories in DEFAULT mode.
17:43:49.744 [restartedMain] INFO  o.s.d.r.config.RepositoryConfigurationDelegate - Finished Spring Data repository scanning in 6 ms. Found 0 Redis repository interfaces.
17:43:50.032 [restartedMain] INFO  o.s.boot.web.embedded.tomcat.TomcatWebServer - Tomcat initialized with port(s): 8082 (http)
17:43:50.036 [restartedMain] INFO  org.apache.coyote.http11.Http11NioProtocol - Initializing ProtocolHandler ["http-nio-8082"]
17:43:50.036 [restartedMain] INFO  org.apache.catalina.core.StandardService - Starting service [Tomcat]
17:43:50.037 [restartedMain] INFO  org.apache.catalina.core.StandardEngine - Starting Servlet engine: [Apache Tomcat/9.0.69]
17:43:50.102 [restartedMain] INFO  o.a.c.core.ContainerBase.[Tomcat].[localhost].[/] - Initializing Spring embedded WebApplicationContext
17:43:50.102 [restartedMain] INFO  o.s.b.w.s.c.ServletWebServerApplicationContext - Root WebApplicationContext: initialization completed in 775 ms
17:43:50.425 [restartedMain] WARN  c.b.mybatisplus.core.injector.DefaultSqlInjector - class com.dongbao.test_demo3.entity.AttWorkHourDay ,Not found @TableId annotation, Cannot use Mybatis-Plus 'xxById' Method.
17:43:50.659 [restartedMain] INFO  o.s.b.a.web.servlet.WelcomePageHandlerMapping - Adding welcome page: class path resource [static/index.html]
17:43:50.702 [restartedMain] WARN  o.s.b.a.t.ThymeleafAutoConfiguration$DefaultTemplateResolverConfiguration - Cannot find template location: classpath:/templates/ (please add some templates, check your Thymeleaf configuration, or set spring.thymeleaf.check-template-location=false)
17:43:50.703 [restartedMain] WARN  org.thymeleaf.templatemode.TemplateMode - [THYMELEAF][restartedMain] Template Mode 'HTML5' is deprecated. Using Template Mode 'HTML' instead.
17:43:50.803 [restartedMain] WARN  o.s.b.d.autoconfigure.OptionalLiveReloadServer - Unable to start LiveReload server
17:43:50.813 [restartedMain] INFO  org.apache.coyote.http11.Http11NioProtocol - Starting ProtocolHandler ["http-nio-8082"]
17:43:50.822 [restartedMain] INFO  o.s.boot.web.embedded.tomcat.TomcatWebServer - Tomcat started on port(s): 8082 (http) with context path ''
17:43:50.828 [restartedMain] INFO  com.dongbao.test_demo3.TestDemo3Application - Started TestDemo3Application in 1.735 seconds (JVM running for 2.109)
17:44:35.961 [File Watcher] INFO  o.s.b.d.a.LocalDevToolsAutoConfiguration$RestartingClassPathChangeChangedEventListener - Restarting due to 1 class path change (0 additions, 1 deletion, 0 modifications)
17:44:36.001 [Thread-2] INFO  org.apache.coyote.http11.Http11NioProtocol - Pausing ProtocolHandler ["http-nio-8082"]
17:44:36.001 [Thread-2] INFO  org.apache.catalina.core.StandardService - Stopping service [Tomcat]
17:44:36.004 [Thread-2] INFO  org.apache.coyote.http11.Http11NioProtocol - Stopping ProtocolHandler ["http-nio-8082"]
17:44:36.005 [Thread-2] INFO  org.apache.coyote.http11.Http11NioProtocol - Destroying ProtocolHandler ["http-nio-8082"]
17:44:36.122 [restartedMain] INFO  com.dongbao.test_demo3.TestDemo3Application - Starting TestDemo3Application using Java 1.8.0_151 on IT-013487 with PID 4348 (E:\javaProject\test_demo3\target\classes started by 013487 in E:\javaProject\test_demo3)
17:44:36.123 [restartedMain] INFO  com.dongbao.test_demo3.TestDemo3Application - No active profile set, falling back to 1 default profile: "default"
17:44:36.166 [File Watcher] INFO  o.s.b.d.a.LocalDevToolsAutoConfiguration$RestartingClassPathChangeChangedEventListener - Restarting due to 1 class path change (0 additions, 1 deletion, 0 modifications)
17:44:36.214 [Thread-33] INFO  org.apache.coyote.http11.Http11NioProtocol - Pausing ProtocolHandler ["http-nio-8080"]
17:44:36.214 [Thread-33] INFO  org.apache.catalina.core.StandardService - Stopping service [Tomcat]
17:44:36.217 [Thread-33] INFO  org.apache.coyote.http11.Http11NioProtocol - Stopping ProtocolHandler ["http-nio-8080"]
17:44:36.218 [Thread-33] INFO  org.apache.coyote.http11.Http11NioProtocol - Destroying ProtocolHandler ["http-nio-8080"]
17:44:36.238 [restartedMain] INFO  o.s.d.r.config.RepositoryConfigurationDelegate - Multiple Spring Data modules found, entering strict repository configuration mode
17:44:36.238 [restartedMain] INFO  o.s.d.r.config.RepositoryConfigurationDelegate - Bootstrapping Spring Data Redis repositories in DEFAULT mode.
17:44:36.241 [restartedMain] INFO  o.s.d.r.config.RepositoryConfigurationDelegate - Finished Spring Data repository scanning in 3 ms. Found 0 Redis repository interfaces.
17:44:36.273 [restartedMain] INFO  o.s.boot.web.embedded.tomcat.TomcatWebServer - Tomcat initialized with port(s): 8082 (http)
17:44:36.273 [restartedMain] INFO  org.apache.coyote.http11.Http11NioProtocol - Initializing ProtocolHandler ["http-nio-8082"]
17:44:36.273 [restartedMain] INFO  org.apache.catalina.core.StandardService - Starting service [Tomcat]
17:44:36.273 [restartedMain] INFO  org.apache.catalina.core.StandardEngine - Starting Servlet engine: [Apache Tomcat/9.0.69]
17:44:36.283 [restartedMain] INFO  o.a.c.core.ContainerBase.[Tomcat].[localhost].[/] - Initializing Spring embedded WebApplicationContext
17:44:36.283 [restartedMain] INFO  o.s.b.w.s.c.ServletWebServerApplicationContext - Root WebApplicationContext: initialization completed in 159 ms
17:44:36.358 [restartedMain] INFO  com.dongbao.test_demo3.TestDemo3Application - Starting TestDemo3Application using Java 1.8.0_151 on IT-013487 with PID 19296 (E:\javaProject\test_demo3\target\classes started by 013487 in E:\javaProject\test_demo3)
17:44:36.358 [restartedMain] INFO  com.dongbao.test_demo3.TestDemo3Application - No active profile set, falling back to 1 default profile: "default"
17:44:36.380 [restartedMain] WARN  o.s.b.w.s.c.AnnotationConfigServletWebServerApplicationContext - Exception encountered during context initialization - cancelling refresh attempt: org.springframework.beans.factory.UnsatisfiedDependencyException: Error creating bean with name 'helloController': Unsatisfied dependency expressed through field 'attWorkHourDayService'; nested exception is org.springframework.beans.factory.NoSuchBeanDefinitionException: No qualifying bean of type 'com.dongbao.test_demo3.Service.AttWorkHourDayService' available: expected at least 1 bean which qualifies as autowire candidate. Dependency annotations: {@org.springframework.beans.factory.annotation.Autowired(required=true)}
17:44:36.384 [restartedMain] INFO  org.apache.catalina.core.StandardService - Stopping service [Tomcat]
17:44:36.388 [restartedMain] INFO  o.s.b.a.l.ConditionEvaluationReportLoggingListener - 

Error starting ApplicationContext. To display the conditions report re-run your application with 'debug' enabled.
17:44:36.401 [restartedMain] ERROR o.s.b.diagnostics.LoggingFailureAnalysisReporter - 

***************************
APPLICATION FAILED TO START
***************************

Description:

Field attWorkHourDayService in com.dongbao.test_demo3.controller.HelloController required a bean of type 'com.dongbao.test_demo3.Service.AttWorkHourDayService' that could not be found.

The injection point has the following annotations:
	- @org.springframework.beans.factory.annotation.Autowired(required=true)


Action:

Consider defining a bean of type 'com.dongbao.test_demo3.Service.AttWorkHourDayService' in your configuration.

17:44:36.449 [restartedMain] INFO  o.s.d.r.config.RepositoryConfigurationDelegate - Multiple Spring Data modules found, entering strict repository configuration mode
17:44:36.449 [restartedMain] INFO  o.s.d.r.config.RepositoryConfigurationDelegate - Bootstrapping Spring Data Redis repositories in DEFAULT mode.
17:44:36.452 [restartedMain] INFO  o.s.d.r.config.RepositoryConfigurationDelegate - Finished Spring Data repository scanning in 2 ms. Found 0 Redis repository interfaces.
17:44:36.480 [restartedMain] INFO  o.s.boot.web.embedded.tomcat.TomcatWebServer - Tomcat initialized with port(s): 8080 (http)
17:44:36.481 [restartedMain] INFO  org.apache.coyote.http11.Http11NioProtocol - Initializing ProtocolHandler ["http-nio-8080"]
17:44:36.481 [restartedMain] INFO  org.apache.catalina.core.StandardService - Starting service [Tomcat]
17:44:36.481 [restartedMain] INFO  org.apache.catalina.core.StandardEngine - Starting Servlet engine: [Apache Tomcat/9.0.69]
17:44:36.488 [restartedMain] INFO  o.a.c.c.ContainerBase.[Tomcat-3].[localhost].[/] - Initializing Spring embedded WebApplicationContext
17:44:36.488 [restartedMain] INFO  o.s.b.w.s.c.ServletWebServerApplicationContext - Root WebApplicationContext: initialization completed in 129 ms
17:44:36.575 [restartedMain] WARN  o.s.b.w.s.c.AnnotationConfigServletWebServerApplicationContext - Exception encountered during context initialization - cancelling refresh attempt: org.springframework.beans.factory.UnsatisfiedDependencyException: Error creating bean with name 'helloController': Unsatisfied dependency expressed through field 'attWorkHourDayService'; nested exception is org.springframework.beans.factory.NoSuchBeanDefinitionException: No qualifying bean of type 'com.dongbao.test_demo3.Service.AttWorkHourDayService' available: expected at least 1 bean which qualifies as autowire candidate. Dependency annotations: {@org.springframework.beans.factory.annotation.Autowired(required=true)}
17:44:36.576 [restartedMain] INFO  org.apache.catalina.core.StandardService - Stopping service [Tomcat]
17:44:36.579 [restartedMain] INFO  o.s.b.a.l.ConditionEvaluationReportLoggingListener - 

Error starting ApplicationContext. To display the conditions report re-run your application with 'debug' enabled.
17:44:36.580 [restartedMain] ERROR o.s.b.diagnostics.LoggingFailureAnalysisReporter - 

***************************
APPLICATION FAILED TO START
***************************

Description:

Field attWorkHourDayService in com.dongbao.test_demo3.controller.HelloController required a bean of type 'com.dongbao.test_demo3.Service.AttWorkHourDayService' that could not be found.

The injection point has the following annotations:
	- @org.springframework.beans.factory.annotation.Autowired(required=true)


Action:

Consider defining a bean of type 'com.dongbao.test_demo3.Service.AttWorkHourDayService' in your configuration.

17:44:38.867 [restartedMain] INFO  com.dongbao.test_demo3.TestDemo3Application - Starting TestDemo3Application using Java 1.8.0_151 on IT-013487 with PID 4348 (E:\javaProject\test_demo3\target\classes started by 013487 in E:\javaProject\test_demo3)
17:44:38.867 [restartedMain] INFO  com.dongbao.test_demo3.TestDemo3Application - No active profile set, falling back to 1 default profile: "default"
17:44:38.963 [restartedMain] INFO  o.s.d.r.config.RepositoryConfigurationDelegate - Multiple Spring Data modules found, entering strict repository configuration mode
17:44:38.963 [restartedMain] INFO  o.s.d.r.config.RepositoryConfigurationDelegate - Bootstrapping Spring Data Redis repositories in DEFAULT mode.
17:44:38.967 [restartedMain] INFO  o.s.d.r.config.RepositoryConfigurationDelegate - Finished Spring Data repository scanning in 3 ms. Found 0 Redis repository interfaces.
17:44:38.999 [restartedMain] INFO  o.s.boot.web.embedded.tomcat.TomcatWebServer - Tomcat initialized with port(s): 8082 (http)
17:44:38.999 [restartedMain] INFO  org.apache.coyote.http11.Http11NioProtocol - Initializing ProtocolHandler ["http-nio-8082"]
17:44:38.999 [restartedMain] INFO  org.apache.catalina.core.StandardService - Starting service [Tomcat]
17:44:38.999 [restartedMain] INFO  org.apache.catalina.core.StandardEngine - Starting Servlet engine: [Apache Tomcat/9.0.69]
17:44:39.008 [restartedMain] INFO  o.a.c.c.ContainerBase.[Tomcat-1].[localhost].[/] - Initializing Spring embedded WebApplicationContext
17:44:39.008 [restartedMain] INFO  o.s.b.w.s.c.ServletWebServerApplicationContext - Root WebApplicationContext: initialization completed in 140 ms
17:44:39.038 [restartedMain] INFO  com.dongbao.test_demo3.TestDemo3Application - Starting TestDemo3Application using Java 1.8.0_151 on IT-013487 with PID 19296 (E:\javaProject\test_demo3\target\classes started by 013487 in E:\javaProject\test_demo3)
17:44:39.038 [restartedMain] INFO  com.dongbao.test_demo3.TestDemo3Application - No active profile set, falling back to 1 default profile: "default"
17:44:39.137 [restartedMain] INFO  o.s.d.r.config.RepositoryConfigurationDelegate - Multiple Spring Data modules found, entering strict repository configuration mode
17:44:39.137 [restartedMain] INFO  o.s.d.r.config.RepositoryConfigurationDelegate - Bootstrapping Spring Data Redis repositories in DEFAULT mode.
17:44:39.141 [restartedMain] INFO  o.s.d.r.config.RepositoryConfigurationDelegate - Finished Spring Data repository scanning in 3 ms. Found 0 Redis repository interfaces.
17:44:39.161 [restartedMain] INFO  o.s.b.a.web.servlet.WelcomePageHandlerMapping - Adding welcome page: class path resource [static/index.html]
17:44:39.175 [restartedMain] INFO  o.s.boot.web.embedded.tomcat.TomcatWebServer - Tomcat initialized with port(s): 8080 (http)
17:44:39.175 [restartedMain] INFO  org.apache.coyote.http11.Http11NioProtocol - Initializing ProtocolHandler ["http-nio-8080"]
17:44:39.176 [restartedMain] INFO  org.apache.catalina.core.StandardService - Starting service [Tomcat]
17:44:39.176 [restartedMain] INFO  org.apache.catalina.core.StandardEngine - Starting Servlet engine: [Apache Tomcat/9.0.69]
17:44:39.177 [restartedMain] WARN  o.s.b.a.t.ThymeleafAutoConfiguration$DefaultTemplateResolverConfiguration - Cannot find template location: classpath:/templates/ (please add some templates, check your Thymeleaf configuration, or set spring.thymeleaf.check-template-location=false)
17:44:39.178 [restartedMain] WARN  org.thymeleaf.templatemode.TemplateMode - [THYMELEAF][restartedMain] Template Mode 'HTML5' is deprecated. Using Template Mode 'HTML' instead.
17:44:39.185 [restartedMain] INFO  o.a.c.c.ContainerBase.[Tomcat-4].[localhost].[/] - Initializing Spring embedded WebApplicationContext
17:44:39.186 [restartedMain] INFO  o.s.b.w.s.c.ServletWebServerApplicationContext - Root WebApplicationContext: initialization completed in 147 ms
17:44:39.211 [restartedMain] WARN  o.s.b.d.autoconfigure.OptionalLiveReloadServer - Unable to start LiveReload server
17:44:39.218 [restartedMain] INFO  org.apache.coyote.http11.Http11NioProtocol - Starting ProtocolHandler ["http-nio-8082"]
17:44:39.219 [restartedMain] INFO  o.s.boot.web.embedded.tomcat.TomcatWebServer - Tomcat started on port(s): 8082 (http) with context path ''
17:44:39.222 [restartedMain] INFO  com.dongbao.test_demo3.TestDemo3Application - Started TestDemo3Application in 0.371 seconds (JVM running for 50.502)
17:44:39.224 [restartedMain] INFO  o.s.b.d.a.ConditionEvaluationDeltaLoggingListener - Condition evaluation unchanged
17:44:39.298 [restartedMain] INFO  o.s.b.a.web.servlet.WelcomePageHandlerMapping - Adding welcome page: class path resource [static/index.html]
17:44:39.309 [restartedMain] WARN  o.s.b.a.t.ThymeleafAutoConfiguration$DefaultTemplateResolverConfiguration - Cannot find template location: classpath:/templates/ (please add some templates, check your Thymeleaf configuration, or set spring.thymeleaf.check-template-location=false)
17:44:39.309 [restartedMain] WARN  org.thymeleaf.templatemode.TemplateMode - [THYMELEAF][restartedMain] Template Mode 'HTML5' is deprecated. Using Template Mode 'HTML' instead.
17:44:39.334 [restartedMain] INFO  o.s.b.d.autoconfigure.OptionalLiveReloadServer - LiveReload server is running on port 35729
17:44:39.339 [restartedMain] INFO  org.apache.coyote.http11.Http11NioProtocol - Starting ProtocolHandler ["http-nio-8080"]
17:44:39.341 [restartedMain] INFO  o.s.boot.web.embedded.tomcat.TomcatWebServer - Tomcat started on port(s): 8080 (http) with context path ''
17:44:39.344 [restartedMain] INFO  com.dongbao.test_demo3.TestDemo3Application - Started TestDemo3Application in 0.321 seconds (JVM running for 1142.491)
17:44:39.345 [restartedMain] INFO  o.s.b.d.a.ConditionEvaluationDeltaLoggingListener - Condition evaluation unchanged
17:44:41.657 [http-nio-8082-exec-1] INFO  o.a.c.c.ContainerBase.[Tomcat-1].[localhost].[/] - Initializing Spring DispatcherServlet 'dispatcherServlet'
17:44:41.658 [http-nio-8082-exec-1] INFO  org.springframework.web.servlet.DispatcherServlet - Initializing Servlet 'dispatcherServlet'
17:44:41.659 [http-nio-8082-exec-1] INFO  org.springframework.web.servlet.DispatcherServlet - Completed initialization in 1 ms
17:44:41.720 [http-nio-8082-exec-1] INFO  com.dongbao.test_demo3.controller.HelloController - 开始：1762940681720
17:44:41.973 [http-nio-8082-exec-1] INFO  c.d.t.Service.impl.AttWorkHourDayServiceImpl - 从缓存中获取考勤日工时数据
17:44:41.973 [http-nio-8082-exec-1] INFO  com.dongbao.test_demo3.controller.HelloController - 结束：1762940681973
17:44:57.944 [File Watcher] INFO  o.s.b.d.a.LocalDevToolsAutoConfiguration$RestartingClassPathChangeChangedEventListener - Restarting due to 1 class path change (0 additions, 1 deletion, 0 modifications)
17:44:57.977 [Thread-13] INFO  org.apache.coyote.http11.Http11NioProtocol - Pausing ProtocolHandler ["http-nio-8082"]
17:44:57.977 [Thread-13] INFO  org.apache.catalina.core.StandardService - Stopping service [Tomcat]
17:44:57.978 [Thread-13] INFO  o.a.c.c.ContainerBase.[Tomcat-1].[localhost].[/] - Destroying Spring FrameworkServlet 'dispatcherServlet'
17:44:57.979 [Thread-13] WARN  org.apache.catalina.loader.WebappClassLoaderBase - The web application [ROOT] appears to have started a thread named [lettuce-nioEventLoop-8-1] but has failed to stop it. This is very likely to create a memory leak. Stack trace of thread:
 sun.nio.ch.WindowsSelectorImpl$SubSelector.poll0(Native Method)
 sun.nio.ch.WindowsSelectorImpl$SubSelector.poll(WindowsSelectorImpl.java:296)
 sun.nio.ch.WindowsSelectorImpl$SubSelector.access$400(WindowsSelectorImpl.java:278)
 sun.nio.ch.WindowsSelectorImpl.doSelect(WindowsSelectorImpl.java:159)
 sun.nio.ch.SelectorImpl.lockAndDoSelect(SelectorImpl.java:86)
 sun.nio.ch.SelectorImpl.select(SelectorImpl.java:97)
 sun.nio.ch.SelectorImpl.select(SelectorImpl.java:101)
 io.netty.channel.nio.SelectedSelectionKeySetSelector.select(SelectedSelectionKeySetSelector.java:68)
 io.netty.channel.nio.NioEventLoop.select(NioEventLoop.java:879)
 io.netty.channel.nio.NioEventLoop.run(NioEventLoop.java:526)
 io.netty.util.concurrent.SingleThreadEventExecutor$4.run(SingleThreadEventExecutor.java:997)
 io.netty.util.internal.ThreadExecutorMap$2.run(ThreadExecutorMap.java:74)
 io.netty.util.concurrent.FastThreadLocalRunnable.run(FastThreadLocalRunnable.java:30)
 java.lang.Thread.run(Thread.java:748)
17:44:57.980 [Thread-13] WARN  org.apache.catalina.loader.WebappClassLoaderBase - The web application [ROOT] appears to have started a thread named [lettuce-eventExecutorLoop-6-1] but has failed to stop it. This is very likely to create a memory leak. Stack trace of thread:
 sun.misc.Unsafe.park(Native Method)
 java.util.concurrent.locks.LockSupport.park(LockSupport.java:175)
 java.util.concurrent.locks.AbstractQueuedSynchronizer$ConditionObject.await(AbstractQueuedSynchronizer.java:2039)
 java.util.concurrent.LinkedBlockingQueue.take(LinkedBlockingQueue.java:442)
 io.netty.util.concurrent.SingleThreadEventExecutor.takeTask(SingleThreadEventExecutor.java:244)
 io.netty.util.concurrent.DefaultEventExecutor.run(DefaultEventExecutor.java:64)
 io.netty.util.concurrent.SingleThreadEventExecutor$4.run(SingleThreadEventExecutor.java:997)
 io.netty.util.internal.ThreadExecutorMap$2.run(ThreadExecutorMap.java:74)
 io.netty.util.concurrent.FastThreadLocalRunnable.run(FastThreadLocalRunnable.java:30)
 java.lang.Thread.run(Thread.java:748)
17:44:57.980 [Thread-13] INFO  org.apache.coyote.http11.Http11NioProtocol - Stopping ProtocolHandler ["http-nio-8082"]
17:44:57.982 [Thread-13] INFO  org.apache.coyote.http11.Http11NioProtocol - Destroying ProtocolHandler ["http-nio-8082"]
17:44:58.085 [File Watcher] INFO  o.s.b.d.a.LocalDevToolsAutoConfiguration$RestartingClassPathChangeChangedEventListener - Restarting due to 1 class path change (0 additions, 1 deletion, 0 modifications)
17:44:58.138 [Thread-40] INFO  org.apache.coyote.http11.Http11NioProtocol - Pausing ProtocolHandler ["http-nio-8080"]
17:44:58.138 [Thread-40] INFO  org.apache.catalina.core.StandardService - Stopping service [Tomcat]
17:44:58.141 [Thread-40] INFO  org.apache.coyote.http11.Http11NioProtocol - Stopping ProtocolHandler ["http-nio-8080"]
17:44:58.142 [Thread-40] INFO  org.apache.coyote.http11.Http11NioProtocol - Destroying ProtocolHandler ["http-nio-8080"]
17:44:58.240 [restartedMain] INFO  com.dongbao.test_demo3.TestDemo3Application - Starting TestDemo3Application using Java 1.8.0_151 on IT-013487 with PID 4348 (E:\javaProject\test_demo3\target\classes started by 013487 in E:\javaProject\test_demo3)
17:44:58.241 [restartedMain] INFO  com.dongbao.test_demo3.TestDemo3Application - No active profile set, falling back to 1 default profile: "default"
17:44:58.280 [restartedMain] INFO  com.dongbao.test_demo3.TestDemo3Application - Starting TestDemo3Application using Java 1.8.0_151 on IT-013487 with PID 19296 (E:\javaProject\test_demo3\target\classes started by 013487 in E:\javaProject\test_demo3)
17:44:58.280 [restartedMain] INFO  com.dongbao.test_demo3.TestDemo3Application - No active profile set, falling back to 1 default profile: "default"
17:44:58.339 [restartedMain] INFO  o.s.d.r.config.RepositoryConfigurationDelegate - Multiple Spring Data modules found, entering strict repository configuration mode
17:44:58.339 [restartedMain] INFO  o.s.d.r.config.RepositoryConfigurationDelegate - Bootstrapping Spring Data Redis repositories in DEFAULT mode.
17:44:58.342 [restartedMain] INFO  o.s.d.r.config.RepositoryConfigurationDelegate - Finished Spring Data repository scanning in 2 ms. Found 0 Redis repository interfaces.
17:44:58.363 [restartedMain] INFO  o.s.d.r.config.RepositoryConfigurationDelegate - Multiple Spring Data modules found, entering strict repository configuration mode
17:44:58.364 [restartedMain] INFO  o.s.d.r.config.RepositoryConfigurationDelegate - Bootstrapping Spring Data Redis repositories in DEFAULT mode.
17:44:58.366 [restartedMain] INFO  o.s.d.r.config.RepositoryConfigurationDelegate - Finished Spring Data repository scanning in 2 ms. Found 0 Redis repository interfaces.
17:44:58.368 [restartedMain] INFO  o.s.boot.web.embedded.tomcat.TomcatWebServer - Tomcat initialized with port(s): 8082 (http)
17:44:58.369 [restartedMain] INFO  org.apache.coyote.http11.Http11NioProtocol - Initializing ProtocolHandler ["http-nio-8082"]
17:44:58.369 [restartedMain] INFO  org.apache.catalina.core.StandardService - Starting service [Tomcat]
17:44:58.369 [restartedMain] INFO  org.apache.catalina.core.StandardEngine - Starting Servlet engine: [Apache Tomcat/9.0.69]
17:44:58.376 [restartedMain] INFO  o.a.c.c.ContainerBase.[Tomcat-1].[localhost].[/] - Initializing Spring embedded WebApplicationContext
17:44:58.376 [restartedMain] INFO  o.s.b.w.s.c.ServletWebServerApplicationContext - Root WebApplicationContext: initialization completed in 133 ms
17:44:58.391 [restartedMain] INFO  o.s.boot.web.embedded.tomcat.TomcatWebServer - Tomcat initialized with port(s): 8080 (http)
17:44:58.391 [restartedMain] INFO  org.apache.coyote.http11.Http11NioProtocol - Initializing ProtocolHandler ["http-nio-8080"]
17:44:58.391 [restartedMain] INFO  org.apache.catalina.core.StandardService - Starting service [Tomcat]
17:44:58.391 [restartedMain] INFO  org.apache.catalina.core.StandardEngine - Starting Servlet engine: [Apache Tomcat/9.0.69]
17:44:58.398 [restartedMain] INFO  o.a.c.c.ContainerBase.[Tomcat-4].[localhost].[/] - Initializing Spring embedded WebApplicationContext
17:44:58.398 [restartedMain] INFO  o.s.b.w.s.c.ServletWebServerApplicationContext - Root WebApplicationContext: initialization completed in 117 ms
17:44:58.468 [restartedMain] WARN  o.s.b.w.s.c.AnnotationConfigServletWebServerApplicationContext - Exception encountered during context initialization - cancelling refresh attempt: org.springframework.beans.factory.UnsatisfiedDependencyException: Error creating bean with name 'helloController': Unsatisfied dependency expressed through field 'attWorkHourDayService'; nested exception is org.springframework.beans.factory.NoSuchBeanDefinitionException: No qualifying bean of type 'com.dongbao.test_demo3.Service.AttWorkHourDayService' available: expected at least 1 bean which qualifies as autowire candidate. Dependency annotations: {@org.springframework.beans.factory.annotation.Autowired(required=true)}
17:44:58.469 [restartedMain] INFO  org.apache.catalina.core.StandardService - Stopping service [Tomcat]
17:44:58.473 [restartedMain] INFO  o.s.b.a.l.ConditionEvaluationReportLoggingListener - 

Error starting ApplicationContext. To display the conditions report re-run your application with 'debug' enabled.
17:44:58.475 [restartedMain] ERROR o.s.b.diagnostics.LoggingFailureAnalysisReporter - 

***************************
APPLICATION FAILED TO START
***************************

Description:

Field attWorkHourDayService in com.dongbao.test_demo3.controller.HelloController required a bean of type 'com.dongbao.test_demo3.Service.AttWorkHourDayService' that could not be found.

The injection point has the following annotations:
	- @org.springframework.beans.factory.annotation.Autowired(required=true)


Action:

Consider defining a bean of type 'com.dongbao.test_demo3.Service.AttWorkHourDayService' in your configuration.

17:44:58.492 [restartedMain] WARN  o.s.b.w.s.c.AnnotationConfigServletWebServerApplicationContext - Exception encountered during context initialization - cancelling refresh attempt: org.springframework.beans.factory.UnsatisfiedDependencyException: Error creating bean with name 'helloController': Unsatisfied dependency expressed through field 'attWorkHourDayService'; nested exception is org.springframework.beans.factory.NoSuchBeanDefinitionException: No qualifying bean of type 'com.dongbao.test_demo3.Service.AttWorkHourDayService' available: expected at least 1 bean which qualifies as autowire candidate. Dependency annotations: {@org.springframework.beans.factory.annotation.Autowired(required=true)}
17:44:58.493 [restartedMain] INFO  org.apache.catalina.core.StandardService - Stopping service [Tomcat]
17:44:58.497 [restartedMain] INFO  o.s.b.a.l.ConditionEvaluationReportLoggingListener - 

Error starting ApplicationContext. To display the conditions report re-run your application with 'debug' enabled.
17:44:58.499 [restartedMain] ERROR o.s.b.diagnostics.LoggingFailureAnalysisReporter - 

***************************
APPLICATION FAILED TO START
***************************

Description:

Field attWorkHourDayService in com.dongbao.test_demo3.controller.HelloController required a bean of type 'com.dongbao.test_demo3.Service.AttWorkHourDayService' that could not be found.

The injection point has the following annotations:
	- @org.springframework.beans.factory.annotation.Autowired(required=true)


Action:

Consider defining a bean of type 'com.dongbao.test_demo3.Service.AttWorkHourDayService' in your configuration.

17:45:00.949 [restartedMain] INFO  com.dongbao.test_demo3.TestDemo3Application - Starting TestDemo3Application using Java 1.8.0_151 on IT-013487 with PID 4348 (E:\javaProject\test_demo3\target\classes started by 013487 in E:\javaProject\test_demo3)
17:45:00.949 [restartedMain] INFO  com.dongbao.test_demo3.TestDemo3Application - No active profile set, falling back to 1 default profile: "default"
17:45:00.977 [restartedMain] INFO  com.dongbao.test_demo3.TestDemo3Application - Starting TestDemo3Application using Java 1.8.0_151 on IT-013487 with PID 19296 (E:\javaProject\test_demo3\target\classes started by 013487 in E:\javaProject\test_demo3)
17:45:00.977 [restartedMain] INFO  com.dongbao.test_demo3.TestDemo3Application - No active profile set, falling back to 1 default profile: "default"
17:45:01.045 [restartedMain] INFO  o.s.d.r.config.RepositoryConfigurationDelegate - Multiple Spring Data modules found, entering strict repository configuration mode
17:45:01.046 [restartedMain] INFO  o.s.d.r.config.RepositoryConfigurationDelegate - Bootstrapping Spring Data Redis repositories in DEFAULT mode.
17:45:01.048 [restartedMain] INFO  o.s.d.r.config.RepositoryConfigurationDelegate - Finished Spring Data repository scanning in 2 ms. Found 0 Redis repository interfaces.
17:45:01.077 [restartedMain] INFO  o.s.d.r.config.RepositoryConfigurationDelegate - Multiple Spring Data modules found, entering strict repository configuration mode
17:45:01.077 [restartedMain] INFO  o.s.d.r.config.RepositoryConfigurationDelegate - Bootstrapping Spring Data Redis repositories in DEFAULT mode.
17:45:01.079 [restartedMain] INFO  o.s.d.r.config.RepositoryConfigurationDelegate - Finished Spring Data repository scanning in 2 ms. Found 0 Redis repository interfaces.
17:45:01.083 [restartedMain] INFO  o.s.boot.web.embedded.tomcat.TomcatWebServer - Tomcat initialized with port(s): 8082 (http)
17:45:01.084 [restartedMain] INFO  org.apache.coyote.http11.Http11NioProtocol - Initializing ProtocolHandler ["http-nio-8082"]
17:45:01.084 [restartedMain] INFO  org.apache.catalina.core.StandardService - Starting service [Tomcat]
17:45:01.084 [restartedMain] INFO  org.apache.catalina.core.StandardEngine - Starting Servlet engine: [Apache Tomcat/9.0.69]
17:45:01.093 [restartedMain] INFO  o.a.c.c.ContainerBase.[Tomcat-2].[localhost].[/] - Initializing Spring embedded WebApplicationContext
17:45:01.093 [restartedMain] INFO  o.s.b.w.s.c.ServletWebServerApplicationContext - Root WebApplicationContext: initialization completed in 143 ms
17:45:01.109 [restartedMain] INFO  o.s.boot.web.embedded.tomcat.TomcatWebServer - Tomcat initialized with port(s): 8080 (http)
17:45:01.109 [restartedMain] INFO  org.apache.coyote.http11.Http11NioProtocol - Initializing ProtocolHandler ["http-nio-8080"]
17:45:01.109 [restartedMain] INFO  org.apache.catalina.core.StandardService - Starting service [Tomcat]
17:45:01.109 [restartedMain] INFO  org.apache.catalina.core.StandardEngine - Starting Servlet engine: [Apache Tomcat/9.0.69]
17:45:01.117 [restartedMain] INFO  o.a.c.c.ContainerBase.[Tomcat-5].[localhost].[/] - Initializing Spring embedded WebApplicationContext
17:45:01.118 [restartedMain] INFO  o.s.b.w.s.c.ServletWebServerApplicationContext - Root WebApplicationContext: initialization completed in 140 ms
17:45:01.228 [restartedMain] INFO  o.s.b.a.web.servlet.WelcomePageHandlerMapping - Adding welcome page: class path resource [static/index.html]
17:45:01.244 [restartedMain] WARN  o.s.b.a.t.ThymeleafAutoConfiguration$DefaultTemplateResolverConfiguration - Cannot find template location: classpath:/templates/ (please add some templates, check your Thymeleaf configuration, or set spring.thymeleaf.check-template-location=false)
17:45:01.244 [restartedMain] WARN  org.thymeleaf.templatemode.TemplateMode - [THYMELEAF][restartedMain] Template Mode 'HTML5' is deprecated. Using Template Mode 'HTML' instead.
17:45:01.257 [restartedMain] INFO  o.s.b.a.web.servlet.WelcomePageHandlerMapping - Adding welcome page: class path resource [static/index.html]
17:45:01.269 [restartedMain] WARN  o.s.b.a.t.ThymeleafAutoConfiguration$DefaultTemplateResolverConfiguration - Cannot find template location: classpath:/templates/ (please add some templates, check your Thymeleaf configuration, or set spring.thymeleaf.check-template-location=false)
17:45:01.270 [restartedMain] WARN  org.thymeleaf.templatemode.TemplateMode - [THYMELEAF][restartedMain] Template Mode 'HTML5' is deprecated. Using Template Mode 'HTML' instead.
17:45:01.278 [restartedMain] WARN  o.s.b.d.autoconfigure.OptionalLiveReloadServer - Unable to start LiveReload server
17:45:01.285 [restartedMain] INFO  org.apache.coyote.http11.Http11NioProtocol - Starting ProtocolHandler ["http-nio-8082"]
17:45:01.287 [restartedMain] INFO  o.s.boot.web.embedded.tomcat.TomcatWebServer - Tomcat started on port(s): 8082 (http) with context path ''
17:45:01.290 [restartedMain] INFO  com.dongbao.test_demo3.TestDemo3Application - Started TestDemo3Application in 0.356 seconds (JVM running for 72.568)
17:45:01.291 [restartedMain] INFO  o.s.b.d.a.ConditionEvaluationDeltaLoggingListener - Condition evaluation unchanged
17:45:01.297 [restartedMain] INFO  o.s.b.d.autoconfigure.OptionalLiveReloadServer - LiveReload server is running on port 35729
17:45:01.303 [restartedMain] INFO  org.apache.coyote.http11.Http11NioProtocol - Starting ProtocolHandler ["http-nio-8080"]
17:45:01.304 [restartedMain] INFO  o.s.boot.web.embedded.tomcat.TomcatWebServer - Tomcat started on port(s): 8080 (http) with context path ''
17:45:01.307 [restartedMain] INFO  com.dongbao.test_demo3.TestDemo3Application - Started TestDemo3Application in 0.343 seconds (JVM running for 1164.453)
17:45:01.308 [restartedMain] INFO  o.s.b.d.a.ConditionEvaluationDeltaLoggingListener - Condition evaluation unchanged
17:45:05.566 [http-nio-8082-exec-2] INFO  o.a.c.c.ContainerBase.[Tomcat-2].[localhost].[/] - Initializing Spring DispatcherServlet 'dispatcherServlet'
17:45:05.566 [http-nio-8082-exec-2] INFO  org.springframework.web.servlet.DispatcherServlet - Initializing Servlet 'dispatcherServlet'
17:45:05.568 [http-nio-8082-exec-2] INFO  org.springframework.web.servlet.DispatcherServlet - Completed initialization in 2 ms
17:45:05.570 [http-nio-8082-exec-2] INFO  com.dongbao.test_demo3.controller.HelloController - 开始：1762940705570
17:45:05.587 [http-nio-8082-exec-2] INFO  c.d.t.Service.impl.AttWorkHourDayServiceImpl - 从数据库中获取考勤日工时数据
17:45:05.597 [http-nio-8082-exec-2] INFO  com.zaxxer.hikari.HikariDataSource - HikariPool-1 - Starting...
17:45:05.897 [http-nio-8082-exec-2] INFO  com.zaxxer.hikari.HikariDataSource - HikariPool-1 - Start completed.
17:45:29.739 [http-nio-8082-exec-2] INFO  c.d.t.Service.impl.AttWorkHourDayServiceImpl - 将考勤日工时数据缓存起来
17:45:30.063 [http-nio-8082-exec-2] INFO  c.d.t.Service.impl.AttWorkHourDayServiceImpl - 考勤日工时数据缓存完成
17:45:30.063 [http-nio-8082-exec-2] INFO  com.dongbao.test_demo3.controller.HelloController - 结束：1762940730063
17:47:33.549 [http-nio-8082-exec-5] INFO  com.dongbao.test_demo3.controller.HelloController - 开始：1762940853549
17:47:33.795 [http-nio-8082-exec-5] INFO  c.d.t.Service.impl.AttWorkHourDayServiceImpl - 从数据库中获取考勤日工时数据
17:47:58.727 [http-nio-8082-exec-5] INFO  c.d.t.Service.impl.AttWorkHourDayServiceImpl - 将考勤日工时数据缓存起来
17:47:59.009 [http-nio-8082-exec-5] INFO  c.d.t.Service.impl.AttWorkHourDayServiceImpl - 考勤日工时数据缓存完成
17:47:59.009 [http-nio-8082-exec-5] INFO  com.dongbao.test_demo3.controller.HelloController - 结束：1762940879009
17:48:05.597 [File Watcher] INFO  o.s.b.d.a.LocalDevToolsAutoConfiguration$RestartingClassPathChangeChangedEventListener - Restarting due to 1 class path change (0 additions, 1 deletion, 0 modifications)
17:48:05.659 [Thread-20] INFO  org.apache.coyote.http11.Http11NioProtocol - Pausing ProtocolHandler ["http-nio-8082"]
17:48:05.659 [Thread-20] INFO  org.apache.catalina.core.StandardService - Stopping service [Tomcat]
17:48:05.659 [Thread-20] INFO  o.a.c.c.ContainerBase.[Tomcat-2].[localhost].[/] - Destroying Spring FrameworkServlet 'dispatcherServlet'
17:48:05.662 [Thread-20] WARN  org.apache.catalina.loader.WebappClassLoaderBase - The web application [ROOT] appears to have started a thread named [lettuce-nioEventLoop-13-1] but has failed to stop it. This is very likely to create a memory leak. Stack trace of thread:
 sun.nio.ch.WindowsSelectorImpl$SubSelector.poll0(Native Method)
 sun.nio.ch.WindowsSelectorImpl$SubSelector.poll(WindowsSelectorImpl.java:296)
 sun.nio.ch.WindowsSelectorImpl$SubSelector.access$400(WindowsSelectorImpl.java:278)
 sun.nio.ch.WindowsSelectorImpl.doSelect(WindowsSelectorImpl.java:159)
 sun.nio.ch.SelectorImpl.lockAndDoSelect(SelectorImpl.java:86)
 sun.nio.ch.SelectorImpl.select(SelectorImpl.java:97)
 sun.nio.ch.SelectorImpl.select(SelectorImpl.java:101)
 io.netty.channel.nio.SelectedSelectionKeySetSelector.select(SelectedSelectionKeySetSelector.java:68)
 io.netty.channel.nio.NioEventLoop.select(NioEventLoop.java:879)
 io.netty.channel.nio.NioEventLoop.run(NioEventLoop.java:526)
 io.netty.util.concurrent.SingleThreadEventExecutor$4.run(SingleThreadEventExecutor.java:997)
 io.netty.util.internal.ThreadExecutorMap$2.run(ThreadExecutorMap.java:74)
 io.netty.util.concurrent.FastThreadLocalRunnable.run(FastThreadLocalRunnable.java:30)
 java.lang.Thread.run(Thread.java:748)
17:48:05.662 [Thread-20] WARN  org.apache.catalina.loader.WebappClassLoaderBase - The web application [ROOT] appears to have started a thread named [lettuce-eventExecutorLoop-11-1] but has failed to stop it. This is very likely to create a memory leak. Stack trace of thread:
 sun.misc.Unsafe.park(Native Method)
 java.util.concurrent.locks.LockSupport.park(LockSupport.java:175)
 java.util.concurrent.locks.AbstractQueuedSynchronizer$ConditionObject.await(AbstractQueuedSynchronizer.java:2039)
 java.util.concurrent.LinkedBlockingQueue.take(LinkedBlockingQueue.java:442)
 io.netty.util.concurrent.SingleThreadEventExecutor.takeTask(SingleThreadEventExecutor.java:244)
 io.netty.util.concurrent.DefaultEventExecutor.run(DefaultEventExecutor.java:64)
 io.netty.util.concurrent.SingleThreadEventExecutor$4.run(SingleThreadEventExecutor.java:997)
 io.netty.util.internal.ThreadExecutorMap$2.run(ThreadExecutorMap.java:74)
 io.netty.util.concurrent.FastThreadLocalRunnable.run(FastThreadLocalRunnable.java:30)
 java.lang.Thread.run(Thread.java:748)
17:48:05.662 [Thread-20] WARN  org.apache.catalina.loader.WebappClassLoaderBase - The web application [ROOT] appears to have started a thread named [HikariPool-1 housekeeper] but has failed to stop it. This is very likely to create a memory leak. Stack trace of thread:
 sun.misc.Unsafe.park(Native Method)
 java.util.concurrent.locks.LockSupport.parkNanos(LockSupport.java:215)
 java.util.concurrent.locks.AbstractQueuedSynchronizer$ConditionObject.awaitNanos(AbstractQueuedSynchronizer.java:2078)
 java.util.concurrent.ScheduledThreadPoolExecutor$DelayedWorkQueue.take(ScheduledThreadPoolExecutor.java:1093)
 java.util.concurrent.ScheduledThreadPoolExecutor$DelayedWorkQueue.take(ScheduledThreadPoolExecutor.java:809)
 java.util.concurrent.ThreadPoolExecutor.getTask(ThreadPoolExecutor.java:1074)
 java.util.concurrent.ThreadPoolExecutor.runWorker(ThreadPoolExecutor.java:1134)
 java.util.concurrent.ThreadPoolExecutor$Worker.run(ThreadPoolExecutor.java:624)
 java.lang.Thread.run(Thread.java:748)
17:48:05.663 [Thread-20] WARN  org.apache.catalina.loader.WebappClassLoaderBase - The web application [ROOT] appears to have started a thread named [lettuce-eventExecutorLoop-11-2] but has failed to stop it. This is very likely to create a memory leak. Stack trace of thread:
 sun.misc.Unsafe.park(Native Method)
 java.util.concurrent.locks.LockSupport.park(LockSupport.java:175)
 java.util.concurrent.locks.AbstractQueuedSynchronizer$ConditionObject.await(AbstractQueuedSynchronizer.java:2039)
 java.util.concurrent.LinkedBlockingQueue.take(LinkedBlockingQueue.java:442)
 io.netty.util.concurrent.SingleThreadEventExecutor.takeTask(SingleThreadEventExecutor.java:244)
 io.netty.util.concurrent.DefaultEventExecutor.run(DefaultEventExecutor.java:64)
 io.netty.util.concurrent.SingleThreadEventExecutor$4.run(SingleThreadEventExecutor.java:997)
 io.netty.util.internal.ThreadExecutorMap$2.run(ThreadExecutorMap.java:74)
 io.netty.util.concurrent.FastThreadLocalRunnable.run(FastThreadLocalRunnable.java:30)
 java.lang.Thread.run(Thread.java:748)
17:48:05.663 [Thread-20] WARN  org.apache.catalina.loader.WebappClassLoaderBase - The web application [ROOT] appears to have started a thread named [lettuce-eventExecutorLoop-11-3] but has failed to stop it. This is very likely to create a memory leak. Stack trace of thread:
 sun.misc.Unsafe.park(Native Method)
 java.util.concurrent.locks.LockSupport.park(LockSupport.java:175)
 java.util.concurrent.locks.AbstractQueuedSynchronizer$ConditionObject.await(AbstractQueuedSynchronizer.java:2039)
 java.util.concurrent.LinkedBlockingQueue.take(LinkedBlockingQueue.java:442)
 io.netty.util.concurrent.SingleThreadEventExecutor.takeTask(SingleThreadEventExecutor.java:244)
 io.netty.util.concurrent.DefaultEventExecutor.run(DefaultEventExecutor.java:64)
 io.netty.util.concurrent.SingleThreadEventExecutor$4.run(SingleThreadEventExecutor.java:997)
 io.netty.util.internal.ThreadExecutorMap$2.run(ThreadExecutorMap.java:74)
 io.netty.util.concurrent.FastThreadLocalRunnable.run(FastThreadLocalRunnable.java:30)
 java.lang.Thread.run(Thread.java:748)
17:48:05.663 [Thread-20] WARN  org.apache.catalina.loader.WebappClassLoaderBase - The web application [ROOT] appears to have started a thread named [lettuce-eventExecutorLoop-11-4] but has failed to stop it. This is very likely to create a memory leak. Stack trace of thread:
 sun.misc.Unsafe.park(Native Method)
 java.util.concurrent.locks.LockSupport.park(LockSupport.java:175)
 java.util.concurrent.locks.AbstractQueuedSynchronizer$ConditionObject.await(AbstractQueuedSynchronizer.java:2039)
 java.util.concurrent.LinkedBlockingQueue.take(LinkedBlockingQueue.java:442)
 io.netty.util.concurrent.SingleThreadEventExecutor.takeTask(SingleThreadEventExecutor.java:244)
 io.netty.util.concurrent.DefaultEventExecutor.run(DefaultEventExecutor.java:64)
 io.netty.util.concurrent.SingleThreadEventExecutor$4.run(SingleThreadEventExecutor.java:997)
 io.netty.util.internal.ThreadExecutorMap$2.run(ThreadExecutorMap.java:74)
 io.netty.util.concurrent.FastThreadLocalRunnable.run(FastThreadLocalRunnable.java:30)
 java.lang.Thread.run(Thread.java:748)
17:48:05.663 [Thread-20] WARN  org.apache.catalina.loader.WebappClassLoaderBase - The web application [ROOT] appears to have started a thread named [lettuce-eventExecutorLoop-11-5] but has failed to stop it. This is very likely to create a memory leak. Stack trace of thread:
 sun.misc.Unsafe.park(Native Method)
 java.util.concurrent.locks.LockSupport.park(LockSupport.java:175)
 java.util.concurrent.locks.AbstractQueuedSynchronizer$ConditionObject.await(AbstractQueuedSynchronizer.java:2039)
 java.util.concurrent.LinkedBlockingQueue.take(LinkedBlockingQueue.java:442)
 io.netty.util.concurrent.SingleThreadEventExecutor.takeTask(SingleThreadEventExecutor.java:244)
 io.netty.util.concurrent.DefaultEventExecutor.run(DefaultEventExecutor.java:64)
 io.netty.util.concurrent.SingleThreadEventExecutor$4.run(SingleThreadEventExecutor.java:997)
 io.netty.util.internal.ThreadExecutorMap$2.run(ThreadExecutorMap.java:74)
 io.netty.util.concurrent.FastThreadLocalRunnable.run(FastThreadLocalRunnable.java:30)
 java.lang.Thread.run(Thread.java:748)
17:48:05.663 [Thread-20] WARN  org.apache.catalina.loader.WebappClassLoaderBase - The web application [ROOT] appears to have started a thread named [lettuce-eventExecutorLoop-11-6] but has failed to stop it. This is very likely to create a memory leak. Stack trace of thread:
 sun.misc.Unsafe.park(Native Method)
 java.util.concurrent.locks.LockSupport.park(LockSupport.java:175)
 java.util.concurrent.locks.AbstractQueuedSynchronizer$ConditionObject.await(AbstractQueuedSynchronizer.java:2039)
 java.util.concurrent.LinkedBlockingQueue.take(LinkedBlockingQueue.java:442)
 io.netty.util.concurrent.SingleThreadEventExecutor.takeTask(SingleThreadEventExecutor.java:244)
 io.netty.util.concurrent.DefaultEventExecutor.run(DefaultEventExecutor.java:64)
 io.netty.util.concurrent.SingleThreadEventExecutor$4.run(SingleThreadEventExecutor.java:997)
 io.netty.util.internal.ThreadExecutorMap$2.run(ThreadExecutorMap.java:74)
 io.netty.util.concurrent.FastThreadLocalRunnable.run(FastThreadLocalRunnable.java:30)
 java.lang.Thread.run(Thread.java:748)
17:48:05.664 [Thread-20] INFO  org.apache.coyote.http11.Http11NioProtocol - Stopping ProtocolHandler ["http-nio-8082"]
17:48:05.665 [Thread-20] INFO  org.apache.coyote.http11.Http11NioProtocol - Destroying ProtocolHandler ["http-nio-8082"]
17:48:05.667 [Thread-20] INFO  com.zaxxer.hikari.HikariDataSource - HikariPool-1 - Shutdown initiated...
17:48:05.673 [Thread-20] INFO  com.zaxxer.hikari.HikariDataSource - HikariPool-1 - Shutdown completed.
17:48:05.929 [File Watcher] INFO  o.s.b.d.a.LocalDevToolsAutoConfiguration$RestartingClassPathChangeChangedEventListener - Restarting due to 1 class path change (0 additions, 1 deletion, 0 modifications)
17:48:05.974 [Thread-47] INFO  org.apache.coyote.http11.Http11NioProtocol - Pausing ProtocolHandler ["http-nio-8080"]
17:48:05.974 [Thread-47] INFO  org.apache.catalina.core.StandardService - Stopping service [Tomcat]
17:48:05.976 [restartedMain] INFO  com.dongbao.test_demo3.TestDemo3Application - Starting TestDemo3Application using Java 1.8.0_151 on IT-013487 with PID 4348 (E:\javaProject\test_demo3\target\classes started by 013487 in E:\javaProject\test_demo3)
17:48:05.976 [restartedMain] INFO  com.dongbao.test_demo3.TestDemo3Application - No active profile set, falling back to 1 default profile: "default"
17:48:05.978 [Thread-47] INFO  org.apache.coyote.http11.Http11NioProtocol - Stopping ProtocolHandler ["http-nio-8080"]
17:48:05.979 [Thread-47] INFO  org.apache.coyote.http11.Http11NioProtocol - Destroying ProtocolHandler ["http-nio-8080"]
17:48:06.106 [restartedMain] INFO  com.dongbao.test_demo3.TestDemo3Application - Starting TestDemo3Application using Java 1.8.0_151 on IT-013487 with PID 19296 (E:\javaProject\test_demo3\target\classes started by 013487 in E:\javaProject\test_demo3)
17:48:06.107 [restartedMain] INFO  com.dongbao.test_demo3.TestDemo3Application - No active profile set, falling back to 1 default profile: "default"
17:48:06.230 [restartedMain] INFO  o.s.d.r.config.RepositoryConfigurationDelegate - Multiple Spring Data modules found, entering strict repository configuration mode
17:48:06.230 [restartedMain] INFO  o.s.d.r.config.RepositoryConfigurationDelegate - Bootstrapping Spring Data Redis repositories in DEFAULT mode.
17:48:06.231 [restartedMain] INFO  o.s.d.r.config.RepositoryConfigurationDelegate - Multiple Spring Data modules found, entering strict repository configuration mode
17:48:06.231 [restartedMain] INFO  o.s.d.r.config.RepositoryConfigurationDelegate - Bootstrapping Spring Data Redis repositories in DEFAULT mode.
17:48:06.235 [restartedMain] INFO  o.s.d.r.config.RepositoryConfigurationDelegate - Finished Spring Data repository scanning in 4 ms. Found 0 Redis repository interfaces.
17:48:06.236 [restartedMain] INFO  o.s.d.r.config.RepositoryConfigurationDelegate - Finished Spring Data repository scanning in 4 ms. Found 0 Redis repository interfaces.
17:48:06.276 [restartedMain] INFO  o.s.boot.web.embedded.tomcat.TomcatWebServer - Tomcat initialized with port(s): 8080 (http)
17:48:06.277 [restartedMain] INFO  org.apache.coyote.http11.Http11NioProtocol - Initializing ProtocolHandler ["http-nio-8080"]
17:48:06.277 [restartedMain] INFO  org.apache.catalina.core.StandardService - Starting service [Tomcat]
17:48:06.277 [restartedMain] INFO  org.apache.catalina.core.StandardEngine - Starting Servlet engine: [Apache Tomcat/9.0.69]
17:48:06.278 [restartedMain] INFO  o.s.boot.web.embedded.tomcat.TomcatWebServer - Tomcat initialized with port(s): 8082 (http)
17:48:06.279 [restartedMain] INFO  org.apache.coyote.http11.Http11NioProtocol - Initializing ProtocolHandler ["http-nio-8082"]
17:48:06.279 [restartedMain] INFO  org.apache.catalina.core.StandardService - Starting service [Tomcat]
17:48:06.279 [restartedMain] INFO  org.apache.catalina.core.StandardEngine - Starting Servlet engine: [Apache Tomcat/9.0.69]
17:48:06.289 [restartedMain] INFO  o.a.c.c.ContainerBase.[Tomcat-5].[localhost].[/] - Initializing Spring embedded WebApplicationContext
17:48:06.289 [restartedMain] INFO  o.s.b.w.s.c.ServletWebServerApplicationContext - Root WebApplicationContext: initialization completed in 181 ms
17:48:06.290 [restartedMain] INFO  o.a.c.c.ContainerBase.[Tomcat-2].[localhost].[/] - Initializing Spring embedded WebApplicationContext
17:48:06.290 [restartedMain] INFO  o.s.b.w.s.c.ServletWebServerApplicationContext - Root WebApplicationContext: initialization completed in 313 ms
17:48:06.413 [restartedMain] WARN  o.s.b.w.s.c.AnnotationConfigServletWebServerApplicationContext - Exception encountered during context initialization - cancelling refresh attempt: org.springframework.beans.factory.UnsatisfiedDependencyException: Error creating bean with name 'helloController': Unsatisfied dependency expressed through field 'attWorkHourDayService'; nested exception is org.springframework.beans.factory.NoSuchBeanDefinitionException: No qualifying bean of type 'com.dongbao.test_demo3.Service.AttWorkHourDayService' available: expected at least 1 bean which qualifies as autowire candidate. Dependency annotations: {@org.springframework.beans.factory.annotation.Autowired(required=true)}
17:48:06.414 [restartedMain] WARN  o.s.b.w.s.c.AnnotationConfigServletWebServerApplicationContext - Exception encountered during context initialization - cancelling refresh attempt: org.springframework.beans.factory.UnsatisfiedDependencyException: Error creating bean with name 'helloController': Unsatisfied dependency expressed through field 'attWorkHourDayService'; nested exception is org.springframework.beans.factory.NoSuchBeanDefinitionException: No qualifying bean of type 'com.dongbao.test_demo3.Service.AttWorkHourDayService' available: expected at least 1 bean which qualifies as autowire candidate. Dependency annotations: {@org.springframework.beans.factory.annotation.Autowired(required=true)}
17:48:06.415 [restartedMain] INFO  org.apache.catalina.core.StandardService - Stopping service [Tomcat]
17:48:06.416 [restartedMain] INFO  org.apache.catalina.core.StandardService - Stopping service [Tomcat]
17:48:06.419 [restartedMain] INFO  o.s.b.a.l.ConditionEvaluationReportLoggingListener - 

Error starting ApplicationContext. To display the conditions report re-run your application with 'debug' enabled.
17:48:06.420 [restartedMain] INFO  o.s.b.a.l.ConditionEvaluationReportLoggingListener - 

Error starting ApplicationContext. To display the conditions report re-run your application with 'debug' enabled.
17:48:06.421 [restartedMain] ERROR o.s.b.diagnostics.LoggingFailureAnalysisReporter - 

***************************
APPLICATION FAILED TO START
***************************

Description:

Field attWorkHourDayService in com.dongbao.test_demo3.controller.HelloController required a bean of type 'com.dongbao.test_demo3.Service.AttWorkHourDayService' that could not be found.

The injection point has the following annotations:
	- @org.springframework.beans.factory.annotation.Autowired(required=true)


Action:

Consider defining a bean of type 'com.dongbao.test_demo3.Service.AttWorkHourDayService' in your configuration.

17:48:06.422 [restartedMain] ERROR o.s.b.diagnostics.LoggingFailureAnalysisReporter - 

***************************
APPLICATION FAILED TO START
***************************

Description:

Field attWorkHourDayService in com.dongbao.test_demo3.controller.HelloController required a bean of type 'com.dongbao.test_demo3.Service.AttWorkHourDayService' that could not be found.

The injection point has the following annotations:
	- @org.springframework.beans.factory.annotation.Autowired(required=true)


Action:

Consider defining a bean of type 'com.dongbao.test_demo3.Service.AttWorkHourDayService' in your configuration.

17:48:09.923 [restartedMain] INFO  com.dongbao.test_demo3.TestDemo3Application - Starting TestDemo3Application using Java 1.8.0_151 on IT-013487 with PID 19296 (E:\javaProject\test_demo3\target\classes started by 013487 in E:\javaProject\test_demo3)
17:48:09.924 [restartedMain] INFO  com.dongbao.test_demo3.TestDemo3Application - No active profile set, falling back to 1 default profile: "default"
17:48:09.925 [restartedMain] INFO  com.dongbao.test_demo3.TestDemo3Application - Starting TestDemo3Application using Java 1.8.0_151 on IT-013487 with PID 4348 (E:\javaProject\test_demo3\target\classes started by 013487 in E:\javaProject\test_demo3)
17:48:09.925 [restartedMain] INFO  com.dongbao.test_demo3.TestDemo3Application - No active profile set, falling back to 1 default profile: "default"
17:48:10.064 [restartedMain] INFO  o.s.d.r.config.RepositoryConfigurationDelegate - Multiple Spring Data modules found, entering strict repository configuration mode
17:48:10.064 [restartedMain] INFO  o.s.d.r.config.RepositoryConfigurationDelegate - Multiple Spring Data modules found, entering strict repository configuration mode
17:48:10.064 [restartedMain] INFO  o.s.d.r.config.RepositoryConfigurationDelegate - Bootstrapping Spring Data Redis repositories in DEFAULT mode.
17:48:10.064 [restartedMain] INFO  o.s.d.r.config.RepositoryConfigurationDelegate - Bootstrapping Spring Data Redis repositories in DEFAULT mode.
17:48:10.067 [restartedMain] INFO  o.s.d.r.config.RepositoryConfigurationDelegate - Finished Spring Data repository scanning in 2 ms. Found 0 Redis repository interfaces.
17:48:10.067 [restartedMain] INFO  o.s.d.r.config.RepositoryConfigurationDelegate - Finished Spring Data repository scanning in 2 ms. Found 0 Redis repository interfaces.
17:48:10.097 [restartedMain] INFO  o.s.boot.web.embedded.tomcat.TomcatWebServer - Tomcat initialized with port(s): 8082 (http)
17:48:10.097 [restartedMain] INFO  org.apache.coyote.http11.Http11NioProtocol - Initializing ProtocolHandler ["http-nio-8082"]
17:48:10.097 [restartedMain] INFO  org.apache.catalina.core.StandardService - Starting service [Tomcat]
17:48:10.097 [restartedMain] INFO  org.apache.catalina.core.StandardEngine - Starting Servlet engine: [Apache Tomcat/9.0.69]
17:48:10.119 [restartedMain] INFO  o.a.c.c.ContainerBase.[Tomcat-3].[localhost].[/] - Initializing Spring embedded WebApplicationContext
17:48:10.119 [restartedMain] INFO  o.s.b.w.s.c.ServletWebServerApplicationContext - Root WebApplicationContext: initialization completed in 192 ms
17:48:10.129 [restartedMain] INFO  o.s.boot.web.embedded.tomcat.TomcatWebServer - Tomcat initialized with port(s): 8080 (http)
17:48:10.129 [restartedMain] INFO  org.apache.coyote.http11.Http11NioProtocol - Initializing ProtocolHandler ["http-nio-8080"]
17:48:10.129 [restartedMain] INFO  org.apache.catalina.core.StandardService - Starting service [Tomcat]
17:48:10.129 [restartedMain] INFO  org.apache.catalina.core.StandardEngine - Starting Servlet engine: [Apache Tomcat/9.0.69]
17:48:10.138 [restartedMain] INFO  o.a.c.c.ContainerBase.[Tomcat-6].[localhost].[/] - Initializing Spring embedded WebApplicationContext
17:48:10.138 [restartedMain] INFO  o.s.b.w.s.c.ServletWebServerApplicationContext - Root WebApplicationContext: initialization completed in 213 ms
17:48:10.262 [restartedMain] INFO  o.s.b.a.web.servlet.WelcomePageHandlerMapping - Adding welcome page: class path resource [static/index.html]
17:48:10.273 [restartedMain] WARN  o.s.b.a.t.ThymeleafAutoConfiguration$DefaultTemplateResolverConfiguration - Cannot find template location: classpath:/templates/ (please add some templates, check your Thymeleaf configuration, or set spring.thymeleaf.check-template-location=false)
17:48:10.273 [restartedMain] WARN  org.thymeleaf.templatemode.TemplateMode - [THYMELEAF][restartedMain] Template Mode 'HTML5' is deprecated. Using Template Mode 'HTML' instead.
17:48:10.275 [restartedMain] INFO  o.s.b.a.web.servlet.WelcomePageHandlerMapping - Adding welcome page: class path resource [static/index.html]
17:48:10.287 [restartedMain] WARN  o.s.b.a.t.ThymeleafAutoConfiguration$DefaultTemplateResolverConfiguration - Cannot find template location: classpath:/templates/ (please add some templates, check your Thymeleaf configuration, or set spring.thymeleaf.check-template-location=false)
17:48:10.287 [restartedMain] WARN  org.thymeleaf.templatemode.TemplateMode - [THYMELEAF][restartedMain] Template Mode 'HTML5' is deprecated. Using Template Mode 'HTML' instead.
17:48:10.303 [restartedMain] WARN  o.s.b.d.autoconfigure.OptionalLiveReloadServer - Unable to start LiveReload server
17:48:10.309 [restartedMain] INFO  org.apache.coyote.http11.Http11NioProtocol - Starting ProtocolHandler ["http-nio-8082"]
17:48:10.311 [restartedMain] INFO  o.s.boot.web.embedded.tomcat.TomcatWebServer - Tomcat started on port(s): 8082 (http) with context path ''
17:48:10.314 [restartedMain] INFO  com.dongbao.test_demo3.TestDemo3Application - Started TestDemo3Application in 0.411 seconds (JVM running for 261.59)
17:48:10.315 [restartedMain] INFO  o.s.b.d.a.ConditionEvaluationDeltaLoggingListener - Condition evaluation unchanged
17:48:10.318 [restartedMain] INFO  o.s.b.d.autoconfigure.OptionalLiveReloadServer - LiveReload server is running on port 35729
17:48:10.324 [restartedMain] INFO  org.apache.coyote.http11.Http11NioProtocol - Starting ProtocolHandler ["http-nio-8080"]
17:48:10.325 [restartedMain] INFO  o.s.boot.web.embedded.tomcat.TomcatWebServer - Tomcat started on port(s): 8080 (http) with context path ''
17:48:10.328 [restartedMain] INFO  com.dongbao.test_demo3.TestDemo3Application - Started TestDemo3Application in 0.425 seconds (JVM running for 1353.471)
17:48:10.329 [restartedMain] INFO  o.s.b.d.a.ConditionEvaluationDeltaLoggingListener - Condition evaluation unchanged
17:48:26.265 [http-nio-8082-exec-2] INFO  o.a.c.c.ContainerBase.[Tomcat-3].[localhost].[/] - Initializing Spring DispatcherServlet 'dispatcherServlet'
17:48:26.265 [http-nio-8082-exec-2] INFO  org.springframework.web.servlet.DispatcherServlet - Initializing Servlet 'dispatcherServlet'
17:48:26.266 [http-nio-8082-exec-2] INFO  org.springframework.web.servlet.DispatcherServlet - Completed initialization in 1 ms
17:48:26.270 [http-nio-8082-exec-2] INFO  com.dongbao.test_demo3.controller.HelloController - 开始：1762940906270
17:48:26.652 [http-nio-8082-exec-2] INFO  c.d.t.Service.impl.AttWorkHourDayServiceImpl - 从缓存中获取考勤日工时数据
17:48:26.652 [http-nio-8082-exec-2] INFO  com.dongbao.test_demo3.controller.HelloController - 结束：1762940906652
17:48:32.728 [http-nio-8082-exec-3] INFO  com.dongbao.test_demo3.controller.HelloController - 开始：1762940912728
17:48:33.126 [http-nio-8082-exec-3] INFO  c.d.t.Service.impl.AttWorkHourDayServiceImpl - 从缓存中获取考勤日工时数据
17:48:33.126 [http-nio-8082-exec-3] INFO  com.dongbao.test_demo3.controller.HelloController - 结束：1762940913126
17:49:22.438 [http-nio-8082-exec-6] INFO  com.dongbao.test_demo3.controller.HelloController - 开始：1762940962438
17:49:23.113 [http-nio-8082-exec-6] INFO  c.d.t.Service.impl.AttWorkHourDayServiceImpl - 从缓存中获取考勤日工时数据
17:49:23.113 [http-nio-8082-exec-6] INFO  com.dongbao.test_demo3.controller.HelloController - 结束：1762940963113
17:51:04.712 [lettuce-nioEventLoop-18-1] INFO  io.lettuce.core.protocol.CommandHandler - null Unexpected exception during request: java.io.IOException: 远程主机强迫关闭了一个现有的连接。
java.io.IOException: 远程主机强迫关闭了一个现有的连接。
	at sun.nio.ch.SocketDispatcher.read0(Native Method)
	at sun.nio.ch.SocketDispatcher.read(SocketDispatcher.java:43)
	at sun.nio.ch.IOUtil.readIntoNativeBuffer(IOUtil.java:223)
	at sun.nio.ch.IOUtil.read(IOUtil.java:192)
	at sun.nio.ch.SocketChannelImpl.read(SocketChannelImpl.java:380)
	at io.netty.buffer.PooledByteBuf.setBytes(PooledByteBuf.java:259)
	at io.netty.buffer.AbstractByteBuf.writeBytes(AbstractByteBuf.java:1132)
	at io.netty.channel.socket.nio.NioSocketChannel.doReadBytes(NioSocketChannel.java:357)
	at io.netty.channel.nio.AbstractNioByteChannel$NioByteUnsafe.read(AbstractNioByteChannel.java:151)
	at io.netty.channel.nio.NioEventLoop.processSelectedKey(NioEventLoop.java:788)
	at io.netty.channel.nio.NioEventLoop.processSelectedKeysOptimized(NioEventLoop.java:724)
	at io.netty.channel.nio.NioEventLoop.processSelectedKeys(NioEventLoop.java:650)
	at io.netty.channel.nio.NioEventLoop.run(NioEventLoop.java:562)
	at io.netty.util.concurrent.SingleThreadEventExecutor$4.run(SingleThreadEventExecutor.java:997)
	at io.netty.util.internal.ThreadExecutorMap$2.run(ThreadExecutorMap.java:74)
	at io.netty.util.concurrent.FastThreadLocalRunnable.run(FastThreadLocalRunnable.java:30)
	at java.lang.Thread.run(Thread.java:748)
17:51:04.739 [lettuce-eventExecutorLoop-16-4] INFO  io.lettuce.core.protocol.ConnectionWatchdog - Reconnecting, last destination was localhost/127.0.0.1:6379
17:51:05.787 [lettuce-nioEventLoop-18-2] WARN  io.lettuce.core.protocol.ConnectionWatchdog - Cannot reconnect to [localhost:6379]: connection timed out: localhost/127.0.0.1:6379
17:51:09.036 [lettuce-eventExecutorLoop-16-10] ERROR i.n.u.concurrent.DefaultPromise.rejectedExecution - Failed to submit a listener notification task. Event loop shut down?
java.util.concurrent.RejectedExecutionException: event executor terminated
	at io.netty.util.concurrent.SingleThreadEventExecutor.reject(SingleThreadEventExecutor.java:934)
	at io.netty.util.concurrent.SingleThreadEventExecutor.offerTask(SingleThreadEventExecutor.java:351)
	at io.netty.util.concurrent.SingleThreadEventExecutor.addTask(SingleThreadEventExecutor.java:344)
	at io.netty.util.concurrent.SingleThreadEventExecutor.execute(SingleThreadEventExecutor.java:836)
	at io.netty.util.concurrent.SingleThreadEventExecutor.execute0(SingleThreadEventExecutor.java:827)
	at io.netty.util.concurrent.SingleThreadEventExecutor.execute(SingleThreadEventExecutor.java:817)
	at io.netty.util.concurrent.DefaultPromise.safeExecute(DefaultPromise.java:841)
	at io.netty.util.concurrent.DefaultPromise.notifyListeners(DefaultPromise.java:499)
	at io.netty.util.concurrent.DefaultPromise.addListener(DefaultPromise.java:184)
	at io.netty.channel.DefaultChannelPromise.addListener(DefaultChannelPromise.java:95)
	at io.netty.channel.DefaultChannelPromise.addListener(DefaultChannelPromise.java:30)
	at io.lettuce.core.protocol.RedisHandshakeHandler.fail(RedisHandshakeHandler.java:130)
	at io.lettuce.core.protocol.RedisHandshakeHandler.lambda$channelRegistered$0(RedisHandshakeHandler.java:62)
	at io.netty.util.concurrent.PromiseTask.runTask(PromiseTask.java:98)
	at io.netty.util.concurrent.PromiseTask.run(PromiseTask.java:106)
	at io.netty.util.concurrent.AbstractEventExecutor.runTask(AbstractEventExecutor.java:174)
	at io.netty.util.concurrent.DefaultEventExecutor.run(DefaultEventExecutor.java:66)
	at io.netty.util.concurrent.SingleThreadEventExecutor$4.run(SingleThreadEventExecutor.java:997)
	at io.netty.util.internal.ThreadExecutorMap$2.run(ThreadExecutorMap.java:74)
	at io.netty.util.concurrent.FastThreadLocalRunnable.run(FastThreadLocalRunnable.java:30)
	at java.lang.Thread.run(Thread.java:748)
09:50:01.312 [restartedMain] INFO  com.dongbao.test_demo3.TestDemo3Application - Starting TestDemo3Application using Java 1.8.0_151 on IT-013487 with PID 19052 (E:\javaProject\test_demo3\target\classes started by 013487 in E:\javaProject\test_demo3)
09:50:01.317 [restartedMain] INFO  com.dongbao.test_demo3.TestDemo3Application - No active profile set, falling back to 1 default profile: "default"
09:50:01.365 [restartedMain] INFO  o.s.b.d.env.DevToolsPropertyDefaultsPostProcessor - For additional web related logging consider setting the 'logging.level.web' property to 'DEBUG'
09:50:01.913 [restartedMain] INFO  o.s.d.r.config.RepositoryConfigurationDelegate - Multiple Spring Data modules found, entering strict repository configuration mode
09:50:01.914 [restartedMain] INFO  o.s.d.r.config.RepositoryConfigurationDelegate - Bootstrapping Spring Data Redis repositories in DEFAULT mode.
09:50:01.929 [restartedMain] INFO  o.s.d.r.config.RepositoryConfigurationDelegate - Finished Spring Data repository scanning in 5 ms. Found 0 Redis repository interfaces.
09:50:02.205 [restartedMain] INFO  o.s.boot.web.embedded.tomcat.TomcatWebServer - Tomcat initialized with port(s): 8080 (http)
09:50:02.211 [restartedMain] INFO  org.apache.coyote.http11.Http11NioProtocol - Initializing ProtocolHandler ["http-nio-8080"]
09:50:02.211 [restartedMain] INFO  org.apache.catalina.core.StandardService - Starting service [Tomcat]
09:50:02.211 [restartedMain] INFO  org.apache.catalina.core.StandardEngine - Starting Servlet engine: [Apache Tomcat/9.0.69]
09:50:02.300 [restartedMain] INFO  o.a.c.core.ContainerBase.[Tomcat].[localhost].[/] - Initializing Spring embedded WebApplicationContext
09:50:02.300 [restartedMain] INFO  o.s.b.w.s.c.ServletWebServerApplicationContext - Root WebApplicationContext: initialization completed in 934 ms
09:50:02.668 [restartedMain] WARN  c.b.mybatisplus.core.injector.DefaultSqlInjector - class com.dongbao.test_demo3.entity.AttWorkHourDay ,Not found @TableId annotation, Cannot use Mybatis-Plus 'xxById' Method.
09:50:02.916 [restartedMain] INFO  o.s.b.a.web.servlet.WelcomePageHandlerMapping - Adding welcome page: class path resource [static/index.html]
09:50:02.961 [restartedMain] WARN  o.s.b.a.t.ThymeleafAutoConfiguration$DefaultTemplateResolverConfiguration - Cannot find template location: classpath:/templates/ (please add some templates, check your Thymeleaf configuration, or set spring.thymeleaf.check-template-location=false)
09:50:02.962 [restartedMain] WARN  org.thymeleaf.templatemode.TemplateMode - [THYMELEAF][restartedMain] Template Mode 'HTML5' is deprecated. Using Template Mode 'HTML' instead.
09:50:03.076 [restartedMain] WARN  o.s.b.d.autoconfigure.OptionalLiveReloadServer - Unable to start LiveReload server
09:50:03.086 [restartedMain] INFO  org.apache.coyote.http11.Http11NioProtocol - Starting ProtocolHandler ["http-nio-8080"]
09:50:03.091 [restartedMain] WARN  o.s.b.w.s.c.AnnotationConfigServletWebServerApplicationContext - Exception encountered during context initialization - cancelling refresh attempt: org.springframework.context.ApplicationContextException: Failed to start bean 'webServerStartStop'; nested exception is org.springframework.boot.web.server.PortInUseException: Port 8080 is already in use
09:50:03.101 [restartedMain] INFO  org.apache.coyote.http11.Http11NioProtocol - Pausing ProtocolHandler ["http-nio-8080"]
09:50:03.101 [restartedMain] INFO  org.apache.catalina.core.StandardService - Stopping service [Tomcat]
09:50:03.104 [restartedMain] INFO  org.apache.coyote.http11.Http11NioProtocol - Stopping ProtocolHandler ["http-nio-8080"]
09:50:03.104 [restartedMain] INFO  org.apache.coyote.http11.Http11NioProtocol - Destroying ProtocolHandler ["http-nio-8080"]
09:50:03.109 [restartedMain] INFO  o.s.b.a.l.ConditionEvaluationReportLoggingListener - 

Error starting ApplicationContext. To display the conditions report re-run your application with 'debug' enabled.
09:50:03.118 [restartedMain] ERROR o.s.b.diagnostics.LoggingFailureAnalysisReporter - 

***************************
APPLICATION FAILED TO START
***************************

Description:

Web server failed to start. Port 8080 was already in use.

Action:

Identify and stop the process that's listening on port 8080 or configure this application to listen on another port.

09:54:10.830 [restartedMain] INFO  com.dongbao.test_demo3.TestDemo3Application - Starting TestDemo3Application using Java 1.8.0_151 on IT-013487 with PID 14652 (E:\javaProject\test_demo3\target\classes started by 013487 in E:\javaProject\test_demo3)
09:54:10.831 [restartedMain] INFO  com.dongbao.test_demo3.TestDemo3Application - No active profile set, falling back to 1 default profile: "default"
09:54:10.862 [restartedMain] INFO  o.s.b.d.env.DevToolsPropertyDefaultsPostProcessor - For additional web related logging consider setting the 'logging.level.web' property to 'DEBUG'
09:54:11.401 [restartedMain] INFO  o.s.d.r.config.RepositoryConfigurationDelegate - Multiple Spring Data modules found, entering strict repository configuration mode
09:54:11.403 [restartedMain] INFO  o.s.d.r.config.RepositoryConfigurationDelegate - Bootstrapping Spring Data Redis repositories in DEFAULT mode.
09:54:11.420 [restartedMain] INFO  o.s.d.r.config.RepositoryConfigurationDelegate - Finished Spring Data repository scanning in 6 ms. Found 0 Redis repository interfaces.
09:54:11.729 [restartedMain] INFO  o.s.boot.web.embedded.tomcat.TomcatWebServer - Tomcat initialized with port(s): 8080 (http)
09:54:11.733 [restartedMain] INFO  org.apache.coyote.http11.Http11NioProtocol - Initializing ProtocolHandler ["http-nio-8080"]
09:54:11.733 [restartedMain] INFO  org.apache.catalina.core.StandardService - Starting service [Tomcat]
09:54:11.733 [restartedMain] INFO  org.apache.catalina.core.StandardEngine - Starting Servlet engine: [Apache Tomcat/9.0.69]
09:54:11.813 [restartedMain] INFO  o.a.c.core.ContainerBase.[Tomcat].[localhost].[/] - Initializing Spring embedded WebApplicationContext
09:54:11.813 [restartedMain] INFO  o.s.b.w.s.c.ServletWebServerApplicationContext - Root WebApplicationContext: initialization completed in 950 ms
09:54:12.186 [restartedMain] WARN  c.b.mybatisplus.core.injector.DefaultSqlInjector - class com.dongbao.test_demo3.entity.AttWorkHourDay ,Not found @TableId annotation, Cannot use Mybatis-Plus 'xxById' Method.
09:54:12.479 [restartedMain] INFO  o.s.b.a.web.servlet.WelcomePageHandlerMapping - Adding welcome page: class path resource [static/index.html]
09:54:12.533 [restartedMain] WARN  o.s.b.a.t.ThymeleafAutoConfiguration$DefaultTemplateResolverConfiguration - Cannot find template location: classpath:/templates/ (please add some templates, check your Thymeleaf configuration, or set spring.thymeleaf.check-template-location=false)
09:54:12.534 [restartedMain] WARN  org.thymeleaf.templatemode.TemplateMode - [THYMELEAF][restartedMain] Template Mode 'HTML5' is deprecated. Using Template Mode 'HTML' instead.
09:54:12.665 [restartedMain] INFO  o.s.b.d.autoconfigure.OptionalLiveReloadServer - LiveReload server is running on port 35729
09:54:12.679 [restartedMain] INFO  org.apache.coyote.http11.Http11NioProtocol - Starting ProtocolHandler ["http-nio-8080"]
09:54:12.696 [restartedMain] INFO  o.s.boot.web.embedded.tomcat.TomcatWebServer - Tomcat started on port(s): 8080 (http) with context path ''
09:54:12.706 [restartedMain] INFO  com.dongbao.test_demo3.TestDemo3Application - Started TestDemo3Application in 2.129 seconds (JVM running for 2.596)
10:19:50.632 [restartedMain] INFO  com.dongbao.test_demo3.TestDemo3Application - Starting TestDemo3Application using Java 1.8.0_151 on IT-013487 with PID 15588 (E:\javaProject\test_demo3\target\classes started by 013487 in E:\javaProject\test_demo3)
10:19:50.633 [restartedMain] INFO  com.dongbao.test_demo3.TestDemo3Application - No active profile set, falling back to 1 default profile: "default"
10:19:50.660 [restartedMain] INFO  o.s.b.d.env.DevToolsPropertyDefaultsPostProcessor - For additional web related logging consider setting the 'logging.level.web' property to 'DEBUG'
10:19:51.084 [restartedMain] INFO  o.s.d.r.config.RepositoryConfigurationDelegate - Multiple Spring Data modules found, entering strict repository configuration mode
10:19:51.085 [restartedMain] INFO  o.s.d.r.config.RepositoryConfigurationDelegate - Bootstrapping Spring Data Redis repositories in DEFAULT mode.
10:19:51.098 [restartedMain] INFO  o.s.d.r.config.RepositoryConfigurationDelegate - Finished Spring Data repository scanning in 5 ms. Found 0 Redis repository interfaces.
10:19:51.368 [restartedMain] INFO  o.s.boot.web.embedded.tomcat.TomcatWebServer - Tomcat initialized with port(s): 8080 (http)
10:19:51.372 [restartedMain] INFO  org.apache.coyote.http11.Http11NioProtocol - Initializing ProtocolHandler ["http-nio-8080"]
10:19:51.373 [restartedMain] INFO  org.apache.catalina.core.StandardService - Starting service [Tomcat]
10:19:51.373 [restartedMain] INFO  org.apache.catalina.core.StandardEngine - Starting Servlet engine: [Apache Tomcat/9.0.69]
10:19:51.445 [restartedMain] INFO  o.a.c.core.ContainerBase.[Tomcat].[localhost].[/] - Initializing Spring embedded WebApplicationContext
10:19:51.445 [restartedMain] INFO  o.s.b.w.s.c.ServletWebServerApplicationContext - Root WebApplicationContext: initialization completed in 784 ms
10:19:51.750 [restartedMain] WARN  c.b.mybatisplus.core.injector.DefaultSqlInjector - class com.dongbao.test_demo3.entity.AttWorkHourDay ,Not found @TableId annotation, Cannot use Mybatis-Plus 'xxById' Method.
10:19:52.014 [restartedMain] INFO  o.s.b.a.web.servlet.WelcomePageHandlerMapping - Adding welcome page: class path resource [static/index.html]
10:19:52.064 [restartedMain] WARN  o.s.b.a.t.ThymeleafAutoConfiguration$DefaultTemplateResolverConfiguration - Cannot find template location: classpath:/templates/ (please add some templates, check your Thymeleaf configuration, or set spring.thymeleaf.check-template-location=false)
10:19:52.064 [restartedMain] WARN  org.thymeleaf.templatemode.TemplateMode - [THYMELEAF][restartedMain] Template Mode 'HTML5' is deprecated. Using Template Mode 'HTML' instead.
10:19:52.182 [restartedMain] INFO  o.s.b.d.autoconfigure.OptionalLiveReloadServer - LiveReload server is running on port 35729
10:19:52.193 [restartedMain] INFO  org.apache.coyote.http11.Http11NioProtocol - Starting ProtocolHandler ["http-nio-8080"]
10:19:52.202 [restartedMain] INFO  o.s.boot.web.embedded.tomcat.TomcatWebServer - Tomcat started on port(s): 8080 (http) with context path ''
10:19:52.209 [restartedMain] INFO  com.dongbao.test_demo3.TestDemo3Application - Started TestDemo3Application in 1.791 seconds (JVM running for 2.27)
10:20:10.582 [http-nio-8080-exec-3] INFO  o.a.c.core.ContainerBase.[Tomcat].[localhost].[/] - Initializing Spring DispatcherServlet 'dispatcherServlet'
10:20:10.582 [http-nio-8080-exec-3] INFO  org.springframework.web.servlet.DispatcherServlet - Initializing Servlet 'dispatcherServlet'
10:20:10.583 [http-nio-8080-exec-3] INFO  org.springframework.web.servlet.DispatcherServlet - Completed initialization in 1 ms
10:20:10.633 [http-nio-8080-exec-3] INFO  com.dongbao.test_demo3.controller.HelloController - 开始：1763000410633
10:20:11.857 [http-nio-8080-exec-3] INFO  c.d.t.Service.impl.AttWorkHourDayServiceImpl - 从数据库中获取考勤日工时数据
10:20:11.867 [http-nio-8080-exec-3] INFO  com.zaxxer.hikari.HikariDataSource - HikariPool-1 - Starting...
10:20:12.119 [http-nio-8080-exec-3] INFO  com.zaxxer.hikari.HikariDataSource - HikariPool-1 - Start completed.
10:20:36.867 [http-nio-8080-exec-3] INFO  c.d.t.Service.impl.AttWorkHourDayServiceImpl - 将考勤日工时数据缓存起来
10:26:04.758 [main] INFO  com.dongbao.test_demo3.RedisConnectionTest - Starting RedisConnectionTest using Java 1.8.0_151 on IT-013487 with PID 11944 (started by 013487 in E:\javaProject\test_demo3)
10:26:04.759 [main] INFO  com.dongbao.test_demo3.RedisConnectionTest - No active profile set, falling back to 1 default profile: "default"
10:26:05.295 [main] INFO  o.s.d.r.config.RepositoryConfigurationDelegate - Multiple Spring Data modules found, entering strict repository configuration mode
10:26:05.299 [main] INFO  o.s.d.r.config.RepositoryConfigurationDelegate - Bootstrapping Spring Data Redis repositories in DEFAULT mode.
10:26:05.325 [main] INFO  o.s.d.r.config.RepositoryConfigurationDelegate - Finished Spring Data repository scanning in 7 ms. Found 0 Redis repository interfaces.
10:26:06.296 [main] WARN  c.b.mybatisplus.core.injector.DefaultSqlInjector - class com.dongbao.test_demo3.entity.AttWorkHourDay ,Not found @TableId annotation, Cannot use Mybatis-Plus 'xxById' Method.
10:26:07.067 [main] INFO  o.s.b.a.web.servlet.WelcomePageHandlerMapping - Adding welcome page: class path resource [static/index.html]
10:26:07.269 [main] WARN  o.s.b.a.t.ThymeleafAutoConfiguration$DefaultTemplateResolverConfiguration - Cannot find template location: classpath:/templates/ (please add some templates, check your Thymeleaf configuration, or set spring.thymeleaf.check-template-location=false)
10:26:07.272 [main] WARN  org.thymeleaf.templatemode.TemplateMode - [THYMELEAF][main] Template Mode 'HTML5' is deprecated. Using Template Mode 'HTML' instead.
10:26:07.677 [main] INFO  com.dongbao.test_demo3.RedisConnectionTest - Started RedisConnectionTest in 3.273 seconds (JVM running for 4.087)
10:26:36.143 [File Watcher] INFO  o.s.b.d.a.LocalDevToolsAutoConfiguration$RestartingClassPathChangeChangedEventListener - Restarting due to 1 class path change (0 additions, 0 deletions, 1 modification)
10:26:36.184 [Thread-9] INFO  org.apache.coyote.http11.Http11NioProtocol - Pausing ProtocolHandler ["http-nio-8080"]
10:26:36.185 [Thread-9] INFO  org.apache.catalina.core.StandardService - Stopping service [Tomcat]
10:26:36.185 [Thread-9] INFO  o.a.c.core.ContainerBase.[Tomcat].[localhost].[/] - Destroying Spring FrameworkServlet 'dispatcherServlet'
10:26:36.188 [Thread-9] WARN  org.apache.catalina.loader.WebappClassLoaderBase - The web application [ROOT] appears to have started a thread named [lettuce-nioEventLoop-4-1] but has failed to stop it. This is very likely to create a memory leak. Stack trace of thread:
 sun.nio.ch.WindowsSelectorImpl$SubSelector.poll0(Native Method)
 sun.nio.ch.WindowsSelectorImpl$SubSelector.poll(WindowsSelectorImpl.java:296)
 sun.nio.ch.WindowsSelectorImpl$SubSelector.access$400(WindowsSelectorImpl.java:278)
 sun.nio.ch.WindowsSelectorImpl.doSelect(WindowsSelectorImpl.java:159)
 sun.nio.ch.SelectorImpl.lockAndDoSelect(SelectorImpl.java:86)
 sun.nio.ch.SelectorImpl.select(SelectorImpl.java:97)
 sun.nio.ch.SelectorImpl.select(SelectorImpl.java:101)
 io.netty.channel.nio.SelectedSelectionKeySetSelector.select(SelectedSelectionKeySetSelector.java:68)
 io.netty.channel.nio.NioEventLoop.select(NioEventLoop.java:879)
 io.netty.channel.nio.NioEventLoop.run(NioEventLoop.java:526)
 io.netty.util.concurrent.SingleThreadEventExecutor$4.run(SingleThreadEventExecutor.java:997)
 io.netty.util.internal.ThreadExecutorMap$2.run(ThreadExecutorMap.java:74)
 io.netty.util.concurrent.FastThreadLocalRunnable.run(FastThreadLocalRunnable.java:30)
 java.lang.Thread.run(Thread.java:748)
10:26:36.188 [Thread-9] WARN  org.apache.catalina.loader.WebappClassLoaderBase - The web application [ROOT] appears to have started a thread named [HikariPool-1 housekeeper] but has failed to stop it. This is very likely to create a memory leak. Stack trace of thread:
 sun.misc.Unsafe.park(Native Method)
 java.util.concurrent.locks.LockSupport.parkNanos(LockSupport.java:215)
 java.util.concurrent.locks.AbstractQueuedSynchronizer$ConditionObject.awaitNanos(AbstractQueuedSynchronizer.java:2078)
 java.util.concurrent.ScheduledThreadPoolExecutor$DelayedWorkQueue.take(ScheduledThreadPoolExecutor.java:1093)
 java.util.concurrent.ScheduledThreadPoolExecutor$DelayedWorkQueue.take(ScheduledThreadPoolExecutor.java:809)
 java.util.concurrent.ThreadPoolExecutor.getTask(ThreadPoolExecutor.java:1074)
 java.util.concurrent.ThreadPoolExecutor.runWorker(ThreadPoolExecutor.java:1134)
 java.util.concurrent.ThreadPoolExecutor$Worker.run(ThreadPoolExecutor.java:624)
 java.lang.Thread.run(Thread.java:748)
10:26:36.188 [Thread-9] WARN  org.apache.catalina.loader.WebappClassLoaderBase - The web application [ROOT] appears to have started a thread named [lettuce-nioEventLoop-4-2] but has failed to stop it. This is very likely to create a memory leak. Stack trace of thread:
 sun.nio.ch.WindowsSelectorImpl$SubSelector.poll0(Native Method)
 sun.nio.ch.WindowsSelectorImpl$SubSelector.poll(WindowsSelectorImpl.java:296)
 sun.nio.ch.WindowsSelectorImpl$SubSelector.access$400(WindowsSelectorImpl.java:278)
 sun.nio.ch.WindowsSelectorImpl.doSelect(WindowsSelectorImpl.java:159)
 sun.nio.ch.SelectorImpl.lockAndDoSelect(SelectorImpl.java:86)
 sun.nio.ch.SelectorImpl.select(SelectorImpl.java:97)
 sun.nio.ch.SelectorImpl.select(SelectorImpl.java:101)
 io.netty.channel.nio.SelectedSelectionKeySetSelector.select(SelectedSelectionKeySetSelector.java:68)
 io.netty.channel.nio.NioEventLoop.select(NioEventLoop.java:879)
 io.netty.channel.nio.NioEventLoop.run(NioEventLoop.java:526)
 io.netty.util.concurrent.SingleThreadEventExecutor$4.run(SingleThreadEventExecutor.java:997)
 io.netty.util.internal.ThreadExecutorMap$2.run(ThreadExecutorMap.java:74)
 io.netty.util.concurrent.FastThreadLocalRunnable.run(FastThreadLocalRunnable.java:30)
 java.lang.Thread.run(Thread.java:748)
10:26:36.189 [Thread-9] INFO  org.apache.coyote.http11.Http11NioProtocol - Stopping ProtocolHandler ["http-nio-8080"]
10:26:36.190 [Thread-9] INFO  org.apache.coyote.http11.Http11NioProtocol - Destroying ProtocolHandler ["http-nio-8080"]
10:26:36.193 [Thread-9] INFO  com.zaxxer.hikari.HikariDataSource - HikariPool-1 - Shutdown initiated...
10:26:36.201 [Thread-9] INFO  com.zaxxer.hikari.HikariDataSource - HikariPool-1 - Shutdown completed.
10:26:36.545 [main] INFO  com.dongbao.test_demo3.RedisConnectionTest - Starting RedisConnectionTest using Java 1.8.0_151 on IT-013487 with PID 14608 (started by 013487 in E:\javaProject\test_demo3)
10:26:36.545 [restartedMain] INFO  com.dongbao.test_demo3.TestDemo3Application - Starting TestDemo3Application using Java 1.8.0_151 on IT-013487 with PID 15588 (E:\javaProject\test_demo3\target\classes started by 013487 in E:\javaProject\test_demo3)
10:26:36.545 [restartedMain] INFO  com.dongbao.test_demo3.TestDemo3Application - No active profile set, falling back to 1 default profile: "default"
10:26:36.546 [main] INFO  com.dongbao.test_demo3.RedisConnectionTest - No active profile set, falling back to 1 default profile: "default"
10:26:36.685 [restartedMain] INFO  o.s.d.r.config.RepositoryConfigurationDelegate - Multiple Spring Data modules found, entering strict repository configuration mode
10:26:36.685 [restartedMain] INFO  o.s.d.r.config.RepositoryConfigurationDelegate - Bootstrapping Spring Data Redis repositories in DEFAULT mode.
10:26:36.690 [restartedMain] INFO  o.s.d.r.config.RepositoryConfigurationDelegate - Finished Spring Data repository scanning in 4 ms. Found 0 Redis repository interfaces.
10:26:36.754 [restartedMain] INFO  o.s.boot.web.embedded.tomcat.TomcatWebServer - Tomcat initialized with port(s): 8080 (http)
10:26:36.754 [restartedMain] INFO  org.apache.coyote.http11.Http11NioProtocol - Initializing ProtocolHandler ["http-nio-8080"]
10:26:36.755 [restartedMain] INFO  org.apache.catalina.core.StandardService - Starting service [Tomcat]
10:26:36.755 [restartedMain] INFO  org.apache.catalina.core.StandardEngine - Starting Servlet engine: [Apache Tomcat/9.0.69]
10:26:36.770 [restartedMain] INFO  o.a.c.core.ContainerBase.[Tomcat].[localhost].[/] - Initializing Spring embedded WebApplicationContext
10:26:36.770 [restartedMain] INFO  o.s.b.w.s.c.ServletWebServerApplicationContext - Root WebApplicationContext: initialization completed in 223 ms
10:26:36.969 [restartedMain] INFO  o.s.b.a.web.servlet.WelcomePageHandlerMapping - Adding welcome page: class path resource [static/index.html]
10:26:36.987 [restartedMain] WARN  o.s.b.a.t.ThymeleafAutoConfiguration$DefaultTemplateResolverConfiguration - Cannot find template location: classpath:/templates/ (please add some templates, check your Thymeleaf configuration, or set spring.thymeleaf.check-template-location=false)
10:26:36.988 [restartedMain] WARN  org.thymeleaf.templatemode.TemplateMode - [THYMELEAF][restartedMain] Template Mode 'HTML5' is deprecated. Using Template Mode 'HTML' instead.
10:26:37.030 [restartedMain] INFO  o.s.b.d.autoconfigure.OptionalLiveReloadServer - LiveReload server is running on port 35729
10:26:37.038 [restartedMain] INFO  org.apache.coyote.http11.Http11NioProtocol - Starting ProtocolHandler ["http-nio-8080"]
10:26:37.040 [restartedMain] INFO  o.s.boot.web.embedded.tomcat.TomcatWebServer - Tomcat started on port(s): 8080 (http) with context path ''
10:26:37.043 [restartedMain] INFO  com.dongbao.test_demo3.TestDemo3Application - Started TestDemo3Application in 0.518 seconds (JVM running for 407.094)
10:26:37.045 [restartedMain] INFO  o.s.b.d.a.ConditionEvaluationDeltaLoggingListener - Condition evaluation unchanged
10:26:37.142 [main] INFO  o.s.d.r.config.RepositoryConfigurationDelegate - Multiple Spring Data modules found, entering strict repository configuration mode
10:26:37.144 [main] INFO  o.s.d.r.config.RepositoryConfigurationDelegate - Bootstrapping Spring Data Redis repositories in DEFAULT mode.
10:26:37.158 [main] INFO  o.s.d.r.config.RepositoryConfigurationDelegate - Finished Spring Data repository scanning in 6 ms. Found 0 Redis repository interfaces.
10:26:38.030 [main] WARN  c.b.mybatisplus.core.injector.DefaultSqlInjector - class com.dongbao.test_demo3.entity.AttWorkHourDay ,Not found @TableId annotation, Cannot use Mybatis-Plus 'xxById' Method.
10:26:38.803 [main] INFO  o.s.b.a.web.servlet.WelcomePageHandlerMapping - Adding welcome page: class path resource [static/index.html]
10:26:38.980 [main] WARN  o.s.b.a.t.ThymeleafAutoConfiguration$DefaultTemplateResolverConfiguration - Cannot find template location: classpath:/templates/ (please add some templates, check your Thymeleaf configuration, or set spring.thymeleaf.check-template-location=false)
10:26:38.982 [main] WARN  org.thymeleaf.templatemode.TemplateMode - [THYMELEAF][main] Template Mode 'HTML5' is deprecated. Using Template Mode 'HTML' instead.
10:26:39.487 [main] INFO  com.dongbao.test_demo3.RedisConnectionTest - Started RedisConnectionTest in 3.279 seconds (JVM running for 3.915)
10:27:48.858 [main] INFO  com.dongbao.test_demo3.RedisConnectionTest - Starting RedisConnectionTest using Java 1.8.0_151 on IT-013487 with PID 9704 (started by 013487 in E:\javaProject\test_demo3)
10:27:48.859 [main] INFO  com.dongbao.test_demo3.RedisConnectionTest - No active profile set, falling back to 1 default profile: "default"
10:27:49.385 [main] INFO  o.s.d.r.config.RepositoryConfigurationDelegate - Multiple Spring Data modules found, entering strict repository configuration mode
10:27:49.387 [main] INFO  o.s.d.r.config.RepositoryConfigurationDelegate - Bootstrapping Spring Data Redis repositories in DEFAULT mode.
10:27:49.411 [main] INFO  o.s.d.r.config.RepositoryConfigurationDelegate - Finished Spring Data repository scanning in 6 ms. Found 0 Redis repository interfaces.
10:27:50.257 [main] WARN  c.b.mybatisplus.core.injector.DefaultSqlInjector - class com.dongbao.test_demo3.entity.AttWorkHourDay ,Not found @TableId annotation, Cannot use Mybatis-Plus 'xxById' Method.
10:27:50.937 [main] INFO  o.s.b.a.web.servlet.WelcomePageHandlerMapping - Adding welcome page: class path resource [static/index.html]
10:27:51.116 [main] WARN  o.s.b.a.t.ThymeleafAutoConfiguration$DefaultTemplateResolverConfiguration - Cannot find template location: classpath:/templates/ (please add some templates, check your Thymeleaf configuration, or set spring.thymeleaf.check-template-location=false)
10:27:51.118 [main] WARN  org.thymeleaf.templatemode.TemplateMode - [THYMELEAF][main] Template Mode 'HTML5' is deprecated. Using Template Mode 'HTML' instead.
10:27:51.535 [main] INFO  com.dongbao.test_demo3.RedisConnectionTest - Started RedisConnectionTest in 3.005 seconds (JVM running for 3.638)
10:31:16.358 [main] INFO  com.dongbao.test_demo3.RedisConnectionTest - Starting RedisConnectionTest using Java 1.8.0_151 on IT-013487 with PID 17000 (started by 013487 in E:\javaProject\test_demo3)
10:31:16.359 [main] INFO  com.dongbao.test_demo3.RedisConnectionTest - No active profile set, falling back to 1 default profile: "default"
10:31:16.888 [main] INFO  o.s.d.r.config.RepositoryConfigurationDelegate - Multiple Spring Data modules found, entering strict repository configuration mode
10:31:16.890 [main] INFO  o.s.d.r.config.RepositoryConfigurationDelegate - Bootstrapping Spring Data Redis repositories in DEFAULT mode.
10:31:16.910 [main] INFO  o.s.d.r.config.RepositoryConfigurationDelegate - Finished Spring Data repository scanning in 7 ms. Found 0 Redis repository interfaces.
10:31:17.758 [main] WARN  c.b.mybatisplus.core.injector.DefaultSqlInjector - class com.dongbao.test_demo3.entity.AttWorkHourDay ,Not found @TableId annotation, Cannot use Mybatis-Plus 'xxById' Method.
10:31:18.574 [main] INFO  o.s.b.a.web.servlet.WelcomePageHandlerMapping - Adding welcome page: class path resource [static/index.html]
10:31:18.773 [main] WARN  o.s.b.a.t.ThymeleafAutoConfiguration$DefaultTemplateResolverConfiguration - Cannot find template location: classpath:/templates/ (please add some templates, check your Thymeleaf configuration, or set spring.thymeleaf.check-template-location=false)
10:31:18.775 [main] WARN  org.thymeleaf.templatemode.TemplateMode - [THYMELEAF][main] Template Mode 'HTML5' is deprecated. Using Template Mode 'HTML' instead.
10:31:19.203 [main] INFO  com.dongbao.test_demo3.RedisConnectionTest - Started RedisConnectionTest in 3.209 seconds (JVM running for 3.961)
10:33:43.060 [File Watcher] INFO  o.s.b.d.a.LocalDevToolsAutoConfiguration$RestartingClassPathChangeChangedEventListener - Restarting due to 1 class path change (0 additions, 0 deletions, 1 modification)
10:33:43.108 [Thread-15] INFO  org.apache.coyote.http11.Http11NioProtocol - Pausing ProtocolHandler ["http-nio-8080"]
10:33:43.108 [Thread-15] INFO  org.apache.catalina.core.StandardService - Stopping service [Tomcat]
10:33:43.112 [Thread-15] INFO  org.apache.coyote.http11.Http11NioProtocol - Stopping ProtocolHandler ["http-nio-8080"]
10:33:43.113 [Thread-15] INFO  org.apache.coyote.http11.Http11NioProtocol - Destroying ProtocolHandler ["http-nio-8080"]
10:33:43.262 [restartedMain] INFO  com.dongbao.test_demo3.TestDemo3Application - Starting TestDemo3Application using Java 1.8.0_151 on IT-013487 with PID 15588 (E:\javaProject\test_demo3\target\classes started by 013487 in E:\javaProject\test_demo3)
10:33:43.263 [restartedMain] INFO  com.dongbao.test_demo3.TestDemo3Application - No active profile set, falling back to 1 default profile: "default"
10:33:43.394 [restartedMain] INFO  o.s.d.r.config.RepositoryConfigurationDelegate - Multiple Spring Data modules found, entering strict repository configuration mode
10:33:43.395 [restartedMain] INFO  o.s.d.r.config.RepositoryConfigurationDelegate - Bootstrapping Spring Data Redis repositories in DEFAULT mode.
10:33:43.398 [restartedMain] INFO  o.s.d.r.config.RepositoryConfigurationDelegate - Finished Spring Data repository scanning in 3 ms. Found 0 Redis repository interfaces.
10:33:43.443 [restartedMain] INFO  o.s.boot.web.embedded.tomcat.TomcatWebServer - Tomcat initialized with port(s): 8080 (http)
10:33:43.443 [restartedMain] INFO  org.apache.coyote.http11.Http11NioProtocol - Initializing ProtocolHandler ["http-nio-8080"]
10:33:43.443 [restartedMain] INFO  org.apache.catalina.core.StandardService - Starting service [Tomcat]
10:33:43.443 [restartedMain] INFO  org.apache.catalina.core.StandardEngine - Starting Servlet engine: [Apache Tomcat/9.0.69]
10:33:43.453 [restartedMain] INFO  o.a.c.core.ContainerBase.[Tomcat].[localhost].[/] - Initializing Spring embedded WebApplicationContext
10:33:43.453 [restartedMain] INFO  o.s.b.w.s.c.ServletWebServerApplicationContext - Root WebApplicationContext: initialization completed in 188 ms
10:33:43.648 [restartedMain] INFO  o.s.b.a.web.servlet.WelcomePageHandlerMapping - Adding welcome page: class path resource [static/index.html]
10:33:43.662 [restartedMain] WARN  o.s.b.a.t.ThymeleafAutoConfiguration$DefaultTemplateResolverConfiguration - Cannot find template location: classpath:/templates/ (please add some templates, check your Thymeleaf configuration, or set spring.thymeleaf.check-template-location=false)
10:33:43.662 [restartedMain] WARN  org.thymeleaf.templatemode.TemplateMode - [THYMELEAF][restartedMain] Template Mode 'HTML5' is deprecated. Using Template Mode 'HTML' instead.
10:33:43.699 [restartedMain] INFO  o.s.b.d.autoconfigure.OptionalLiveReloadServer - LiveReload server is running on port 35729
10:33:43.706 [restartedMain] INFO  org.apache.coyote.http11.Http11NioProtocol - Starting ProtocolHandler ["http-nio-8080"]
10:33:43.709 [restartedMain] INFO  o.s.boot.web.embedded.tomcat.TomcatWebServer - Tomcat started on port(s): 8080 (http) with context path ''
10:33:43.712 [restartedMain] INFO  com.dongbao.test_demo3.TestDemo3Application - Started TestDemo3Application in 0.473 seconds (JVM running for 833.754)
10:33:43.714 [restartedMain] INFO  o.s.b.d.a.ConditionEvaluationDeltaLoggingListener - Condition evaluation unchanged
10:33:43.722 [main] INFO  com.dongbao.test_demo3.RedisConnectionTest - Starting RedisConnectionTest using Java 1.8.0_151 on IT-013487 with PID 23348 (started by 013487 in E:\javaProject\test_demo3)
10:33:43.723 [main] INFO  com.dongbao.test_demo3.RedisConnectionTest - No active profile set, falling back to 1 default profile: "default"
10:33:44.368 [main] INFO  o.s.d.r.config.RepositoryConfigurationDelegate - Multiple Spring Data modules found, entering strict repository configuration mode
10:33:44.372 [main] INFO  o.s.d.r.config.RepositoryConfigurationDelegate - Bootstrapping Spring Data Redis repositories in DEFAULT mode.
10:33:44.395 [main] INFO  o.s.d.r.config.RepositoryConfigurationDelegate - Finished Spring Data repository scanning in 9 ms. Found 0 Redis repository interfaces.
10:33:45.417 [main] WARN  c.b.mybatisplus.core.injector.DefaultSqlInjector - class com.dongbao.test_demo3.entity.AttWorkHourDay ,Not found @TableId annotation, Cannot use Mybatis-Plus 'xxById' Method.
10:33:46.253 [main] INFO  o.s.b.a.web.servlet.WelcomePageHandlerMapping - Adding welcome page: class path resource [static/index.html]
10:33:46.453 [main] WARN  o.s.b.a.t.ThymeleafAutoConfiguration$DefaultTemplateResolverConfiguration - Cannot find template location: classpath:/templates/ (please add some templates, check your Thymeleaf configuration, or set spring.thymeleaf.check-template-location=false)
10:33:46.456 [main] WARN  org.thymeleaf.templatemode.TemplateMode - [THYMELEAF][main] Template Mode 'HTML5' is deprecated. Using Template Mode 'HTML' instead.
10:33:46.895 [main] INFO  com.dongbao.test_demo3.RedisConnectionTest - Started RedisConnectionTest in 3.512 seconds (JVM running for 4.246)
15:12:38.535 [File Watcher] INFO  o.s.b.d.a.LocalDevToolsAutoConfiguration$RestartingClassPathChangeChangedEventListener - Restarting due to 1 class path change (1 addition, 0 deletions, 0 modifications)
15:12:38.618 [Thread-19] INFO  org.apache.coyote.http11.Http11NioProtocol - Pausing ProtocolHandler ["http-nio-8080"]
15:12:38.618 [Thread-19] INFO  org.apache.catalina.core.StandardService - Stopping service [Tomcat]
15:12:38.636 [Thread-19] INFO  org.apache.coyote.http11.Http11NioProtocol - Stopping ProtocolHandler ["http-nio-8080"]
15:12:38.640 [Thread-19] INFO  org.apache.coyote.http11.Http11NioProtocol - Destroying ProtocolHandler ["http-nio-8080"]
15:12:38.876 [restartedMain] INFO  com.dongbao.test_demo3.TestDemo3Application - Starting TestDemo3Application using Java 1.8.0_151 on IT-013487 with PID 15588 (E:\javaProject\test_demo3\target\classes started by 013487 in E:\javaProject\test_demo3)
15:12:38.876 [restartedMain] INFO  com.dongbao.test_demo3.TestDemo3Application - No active profile set, falling back to 1 default profile: "default"
15:12:39.051 [restartedMain] INFO  o.s.d.r.config.RepositoryConfigurationDelegate - Multiple Spring Data modules found, entering strict repository configuration mode
15:12:39.051 [restartedMain] INFO  o.s.d.r.config.RepositoryConfigurationDelegate - Bootstrapping Spring Data Redis repositories in DEFAULT mode.
15:12:39.056 [restartedMain] INFO  o.s.d.r.config.RepositoryConfigurationDelegate - Finished Spring Data repository scanning in 4 ms. Found 0 Redis repository interfaces.
15:12:39.116 [restartedMain] INFO  o.s.boot.web.embedded.tomcat.TomcatWebServer - Tomcat initialized with port(s): 8080 (http)
15:12:39.117 [restartedMain] INFO  org.apache.coyote.http11.Http11NioProtocol - Initializing ProtocolHandler ["http-nio-8080"]
15:12:39.117 [restartedMain] INFO  org.apache.catalina.core.StandardService - Starting service [Tomcat]
15:12:39.117 [restartedMain] INFO  org.apache.catalina.core.StandardEngine - Starting Servlet engine: [Apache Tomcat/9.0.69]
15:12:39.126 [restartedMain] INFO  o.a.c.core.ContainerBase.[Tomcat].[localhost].[/] - Initializing Spring embedded WebApplicationContext
15:12:39.126 [restartedMain] INFO  o.s.b.w.s.c.ServletWebServerApplicationContext - Root WebApplicationContext: initialization completed in 248 ms
15:12:39.289 [restartedMain] INFO  com.dongbao.test_demo3.config.AsyncConfig - 异步任务执行器已启用
15:12:39.333 [restartedMain] INFO  o.s.b.a.web.servlet.WelcomePageHandlerMapping - Adding welcome page: class path resource [static/index.html]
15:12:39.354 [restartedMain] WARN  o.s.b.a.t.ThymeleafAutoConfiguration$DefaultTemplateResolverConfiguration - Cannot find template location: classpath:/templates/ (please add some templates, check your Thymeleaf configuration, or set spring.thymeleaf.check-template-location=false)
15:12:39.355 [restartedMain] WARN  org.thymeleaf.templatemode.TemplateMode - [THYMELEAF][restartedMain] Template Mode 'HTML5' is deprecated. Using Template Mode 'HTML' instead.
15:12:39.414 [restartedMain] INFO  o.s.b.d.autoconfigure.OptionalLiveReloadServer - LiveReload server is running on port 35729
15:12:39.422 [restartedMain] INFO  org.apache.coyote.http11.Http11NioProtocol - Starting ProtocolHandler ["http-nio-8080"]
15:12:39.423 [restartedMain] INFO  o.s.boot.web.embedded.tomcat.TomcatWebServer - Tomcat started on port(s): 8080 (http) with context path ''
15:12:39.426 [restartedMain] INFO  com.dongbao.test_demo3.TestDemo3Application - Started TestDemo3Application in 0.579 seconds (JVM running for 17570.991)
15:12:39.429 [restartedMain] INFO  o.s.b.d.a.ConditionEvaluationDeltaLoggingListener - Condition evaluation delta:


==========================
CONDITION EVALUATION DELTA
==========================


Positive matches:
-----------------

    None


Negative matches:
-----------------

   TaskExecutionAutoConfiguration#applicationTaskExecutor:
      Did not match:
         - @ConditionalOnMissingBean (types: java.util.concurrent.Executor; SearchStrategy: all) found beans of type 'java.util.concurrent.Executor' taskExecutor (OnBeanCondition)


Exclusions:
-----------

    None


Unconditional classes:
----------------------

    None



15:14:06.430 [File Watcher] INFO  o.s.b.d.a.LocalDevToolsAutoConfiguration$RestartingClassPathChangeChangedEventListener - Restarting due to 1 class path change (0 additions, 1 deletion, 0 modifications)
15:14:06.469 [Thread-23] INFO  org.apache.coyote.http11.Http11NioProtocol - Pausing ProtocolHandler ["http-nio-8080"]
15:14:06.469 [Thread-23] INFO  org.apache.catalina.core.StandardService - Stopping service [Tomcat]
15:14:06.472 [Thread-23] INFO  org.apache.coyote.http11.Http11NioProtocol - Stopping ProtocolHandler ["http-nio-8080"]
15:14:06.474 [Thread-23] INFO  org.apache.coyote.http11.Http11NioProtocol - Destroying ProtocolHandler ["http-nio-8080"]
15:14:06.630 [restartedMain] INFO  com.dongbao.test_demo3.TestDemo3Application - Starting TestDemo3Application using Java 1.8.0_151 on IT-013487 with PID 15588 (E:\javaProject\test_demo3\target\classes started by 013487 in E:\javaProject\test_demo3)
15:14:06.631 [restartedMain] INFO  com.dongbao.test_demo3.TestDemo3Application - No active profile set, falling back to 1 default profile: "default"
15:14:06.732 [restartedMain] INFO  o.s.d.r.config.RepositoryConfigurationDelegate - Multiple Spring Data modules found, entering strict repository configuration mode
15:14:06.733 [restartedMain] INFO  o.s.d.r.config.RepositoryConfigurationDelegate - Bootstrapping Spring Data Redis repositories in DEFAULT mode.
15:14:06.735 [restartedMain] INFO  o.s.d.r.config.RepositoryConfigurationDelegate - Finished Spring Data repository scanning in 2 ms. Found 0 Redis repository interfaces.
15:14:06.765 [restartedMain] INFO  o.s.boot.web.embedded.tomcat.TomcatWebServer - Tomcat initialized with port(s): 8080 (http)
15:14:06.765 [restartedMain] INFO  org.apache.coyote.http11.Http11NioProtocol - Initializing ProtocolHandler ["http-nio-8080"]
15:14:06.765 [restartedMain] INFO  org.apache.catalina.core.StandardService - Starting service [Tomcat]
15:14:06.765 [restartedMain] INFO  org.apache.catalina.core.StandardEngine - Starting Servlet engine: [Apache Tomcat/9.0.69]
15:14:06.772 [restartedMain] INFO  o.a.c.core.ContainerBase.[Tomcat].[localhost].[/] - Initializing Spring embedded WebApplicationContext
15:14:06.772 [restartedMain] INFO  o.s.b.w.s.c.ServletWebServerApplicationContext - Root WebApplicationContext: initialization completed in 138 ms
15:14:06.897 [restartedMain] INFO  o.s.b.a.web.servlet.WelcomePageHandlerMapping - Adding welcome page: class path resource [static/index.html]
15:14:06.908 [restartedMain] WARN  o.s.b.a.t.ThymeleafAutoConfiguration$DefaultTemplateResolverConfiguration - Cannot find template location: classpath:/templates/ (please add some templates, check your Thymeleaf configuration, or set spring.thymeleaf.check-template-location=false)
15:14:06.908 [restartedMain] WARN  org.thymeleaf.templatemode.TemplateMode - [THYMELEAF][restartedMain] Template Mode 'HTML5' is deprecated. Using Template Mode 'HTML' instead.
15:14:06.936 [restartedMain] INFO  o.s.b.d.autoconfigure.OptionalLiveReloadServer - LiveReload server is running on port 35729
15:14:06.942 [restartedMain] INFO  org.apache.coyote.http11.Http11NioProtocol - Starting ProtocolHandler ["http-nio-8080"]
15:14:06.945 [restartedMain] INFO  o.s.boot.web.embedded.tomcat.TomcatWebServer - Tomcat started on port(s): 8080 (http) with context path ''
15:14:06.949 [restartedMain] INFO  com.dongbao.test_demo3.TestDemo3Application - Started TestDemo3Application in 0.339 seconds (JVM running for 17658.512)
15:14:06.950 [restartedMain] INFO  o.s.b.d.a.ConditionEvaluationDeltaLoggingListener - Condition evaluation delta:


==========================
CONDITION EVALUATION DELTA
==========================


Positive matches:
-----------------

   TaskExecutionAutoConfiguration#applicationTaskExecutor matched:
      - @ConditionalOnMissingBean (types: java.util.concurrent.Executor; SearchStrategy: all) did not find any beans (OnBeanCondition)


Negative matches:
-----------------

    None


Exclusions:
-----------

    None


Unconditional classes:
----------------------

    None



15:14:10.387 [File Watcher] INFO  o.s.b.d.a.LocalDevToolsAutoConfiguration$RestartingClassPathChangeChangedEventListener - Restarting due to 1 class path change (1 addition, 0 deletions, 0 modifications)
15:14:10.426 [Thread-27] INFO  org.apache.coyote.http11.Http11NioProtocol - Pausing ProtocolHandler ["http-nio-8080"]
15:14:10.426 [Thread-27] INFO  org.apache.catalina.core.StandardService - Stopping service [Tomcat]
15:14:10.430 [Thread-27] INFO  org.apache.coyote.http11.Http11NioProtocol - Stopping ProtocolHandler ["http-nio-8080"]
15:14:10.432 [Thread-27] INFO  org.apache.coyote.http11.Http11NioProtocol - Destroying ProtocolHandler ["http-nio-8080"]
15:14:10.532 [restartedMain] INFO  com.dongbao.test_demo3.TestDemo3Application - Starting TestDemo3Application using Java 1.8.0_151 on IT-013487 with PID 15588 (E:\javaProject\test_demo3\target\classes started by 013487 in E:\javaProject\test_demo3)
15:14:10.532 [restartedMain] INFO  com.dongbao.test_demo3.TestDemo3Application - No active profile set, falling back to 1 default profile: "default"
15:14:10.624 [restartedMain] INFO  o.s.d.r.config.RepositoryConfigurationDelegate - Multiple Spring Data modules found, entering strict repository configuration mode
15:14:10.624 [restartedMain] INFO  o.s.d.r.config.RepositoryConfigurationDelegate - Bootstrapping Spring Data Redis repositories in DEFAULT mode.
15:14:10.627 [restartedMain] INFO  o.s.d.r.config.RepositoryConfigurationDelegate - Finished Spring Data repository scanning in 2 ms. Found 0 Redis repository interfaces.
15:14:10.661 [restartedMain] INFO  o.s.boot.web.embedded.tomcat.TomcatWebServer - Tomcat initialized with port(s): 8080 (http)
15:14:10.662 [restartedMain] INFO  org.apache.coyote.http11.Http11NioProtocol - Initializing ProtocolHandler ["http-nio-8080"]
15:14:10.662 [restartedMain] INFO  org.apache.catalina.core.StandardService - Starting service [Tomcat]
15:14:10.662 [restartedMain] INFO  org.apache.catalina.core.StandardEngine - Starting Servlet engine: [Apache Tomcat/9.0.69]
15:14:10.670 [restartedMain] INFO  o.a.c.core.ContainerBase.[Tomcat].[localhost].[/] - Initializing Spring embedded WebApplicationContext
15:14:10.671 [restartedMain] INFO  o.s.b.w.s.c.ServletWebServerApplicationContext - Root WebApplicationContext: initialization completed in 137 ms
15:14:10.772 [restartedMain] INFO  com.dongbao.test_demo3.config.AsyncConfig - 异步任务执行器已启用
15:14:10.793 [restartedMain] INFO  o.s.b.a.web.servlet.WelcomePageHandlerMapping - Adding welcome page: class path resource [static/index.html]
15:14:10.805 [restartedMain] WARN  o.s.b.a.t.ThymeleafAutoConfiguration$DefaultTemplateResolverConfiguration - Cannot find template location: classpath:/templates/ (please add some templates, check your Thymeleaf configuration, or set spring.thymeleaf.check-template-location=false)
15:14:10.805 [restartedMain] WARN  org.thymeleaf.templatemode.TemplateMode - [THYMELEAF][restartedMain] Template Mode 'HTML5' is deprecated. Using Template Mode 'HTML' instead.
15:14:10.835 [restartedMain] INFO  o.s.b.d.autoconfigure.OptionalLiveReloadServer - LiveReload server is running on port 35729
15:14:10.840 [restartedMain] INFO  org.apache.coyote.http11.Http11NioProtocol - Starting ProtocolHandler ["http-nio-8080"]
15:14:10.841 [restartedMain] INFO  o.s.boot.web.embedded.tomcat.TomcatWebServer - Tomcat started on port(s): 8080 (http) with context path ''
15:14:10.844 [restartedMain] INFO  com.dongbao.test_demo3.TestDemo3Application - Started TestDemo3Application in 0.328 seconds (JVM running for 17662.407)
15:14:10.845 [restartedMain] INFO  o.s.b.d.a.ConditionEvaluationDeltaLoggingListener - Condition evaluation delta:


==========================
CONDITION EVALUATION DELTA
==========================


Positive matches:
-----------------

    None


Negative matches:
-----------------

   TaskExecutionAutoConfiguration#applicationTaskExecutor:
      Did not match:
         - @ConditionalOnMissingBean (types: java.util.concurrent.Executor; SearchStrategy: all) found beans of type 'java.util.concurrent.Executor' taskExecutor (OnBeanCondition)


Exclusions:
-----------

    None


Unconditional classes:
----------------------

    None



15:14:41.839 [File Watcher] INFO  o.s.b.d.a.LocalDevToolsAutoConfiguration$RestartingClassPathChangeChangedEventListener - Restarting due to 1 class path change (0 additions, 1 deletion, 0 modifications)
15:14:41.876 [Thread-31] INFO  org.apache.coyote.http11.Http11NioProtocol - Pausing ProtocolHandler ["http-nio-8080"]
15:14:41.876 [Thread-31] INFO  org.apache.catalina.core.StandardService - Stopping service [Tomcat]
15:14:41.878 [Thread-31] INFO  org.apache.coyote.http11.Http11NioProtocol - Stopping ProtocolHandler ["http-nio-8080"]
15:14:41.880 [Thread-31] INFO  org.apache.coyote.http11.Http11NioProtocol - Destroying ProtocolHandler ["http-nio-8080"]
15:14:41.999 [restartedMain] INFO  com.dongbao.test_demo3.TestDemo3Application - Starting TestDemo3Application using Java 1.8.0_151 on IT-013487 with PID 15588 (E:\javaProject\test_demo3\target\classes started by 013487 in E:\javaProject\test_demo3)
15:14:41.999 [restartedMain] INFO  com.dongbao.test_demo3.TestDemo3Application - No active profile set, falling back to 1 default profile: "default"
15:14:42.087 [restartedMain] INFO  o.s.d.r.config.RepositoryConfigurationDelegate - Multiple Spring Data modules found, entering strict repository configuration mode
15:14:42.087 [restartedMain] INFO  o.s.d.r.config.RepositoryConfigurationDelegate - Bootstrapping Spring Data Redis repositories in DEFAULT mode.
15:14:42.089 [restartedMain] INFO  o.s.d.r.config.RepositoryConfigurationDelegate - Finished Spring Data repository scanning in 2 ms. Found 0 Redis repository interfaces.
15:14:42.115 [restartedMain] INFO  o.s.boot.web.embedded.tomcat.TomcatWebServer - Tomcat initialized with port(s): 8080 (http)
15:14:42.115 [restartedMain] INFO  org.apache.coyote.http11.Http11NioProtocol - Initializing ProtocolHandler ["http-nio-8080"]
15:14:42.115 [restartedMain] INFO  org.apache.catalina.core.StandardService - Starting service [Tomcat]
15:14:42.115 [restartedMain] INFO  org.apache.catalina.core.StandardEngine - Starting Servlet engine: [Apache Tomcat/9.0.69]
15:14:42.121 [restartedMain] INFO  o.a.c.core.ContainerBase.[Tomcat].[localhost].[/] - Initializing Spring embedded WebApplicationContext
15:14:42.121 [restartedMain] INFO  o.s.b.w.s.c.ServletWebServerApplicationContext - Root WebApplicationContext: initialization completed in 120 ms
15:14:42.229 [restartedMain] INFO  o.s.b.a.web.servlet.WelcomePageHandlerMapping - Adding welcome page: class path resource [static/index.html]
15:14:42.242 [restartedMain] WARN  o.s.b.a.t.ThymeleafAutoConfiguration$DefaultTemplateResolverConfiguration - Cannot find template location: classpath:/templates/ (please add some templates, check your Thymeleaf configuration, or set spring.thymeleaf.check-template-location=false)
15:14:42.242 [restartedMain] WARN  org.thymeleaf.templatemode.TemplateMode - [THYMELEAF][restartedMain] Template Mode 'HTML5' is deprecated. Using Template Mode 'HTML' instead.
15:14:42.265 [restartedMain] INFO  o.s.b.d.autoconfigure.OptionalLiveReloadServer - LiveReload server is running on port 35729
15:14:42.270 [restartedMain] INFO  org.apache.coyote.http11.Http11NioProtocol - Starting ProtocolHandler ["http-nio-8080"]
15:14:42.271 [restartedMain] INFO  o.s.boot.web.embedded.tomcat.TomcatWebServer - Tomcat started on port(s): 8080 (http) with context path ''
15:14:42.274 [restartedMain] INFO  com.dongbao.test_demo3.TestDemo3Application - Started TestDemo3Application in 0.288 seconds (JVM running for 17693.836)
15:14:42.274 [restartedMain] INFO  o.s.b.d.a.ConditionEvaluationDeltaLoggingListener - Condition evaluation delta:


==========================
CONDITION EVALUATION DELTA
==========================


Positive matches:
-----------------

   TaskExecutionAutoConfiguration#applicationTaskExecutor matched:
      - @ConditionalOnMissingBean (types: java.util.concurrent.Executor; SearchStrategy: all) did not find any beans (OnBeanCondition)


Negative matches:
-----------------

    None


Exclusions:
-----------

    None


Unconditional classes:
----------------------

    None



15:14:44.726 [File Watcher] INFO  o.s.b.d.a.LocalDevToolsAutoConfiguration$RestartingClassPathChangeChangedEventListener - Restarting due to 1 class path change (1 addition, 0 deletions, 0 modifications)
15:14:44.762 [Thread-35] INFO  org.apache.coyote.http11.Http11NioProtocol - Pausing ProtocolHandler ["http-nio-8080"]
15:14:44.762 [Thread-35] INFO  org.apache.catalina.core.StandardService - Stopping service [Tomcat]
15:14:44.763 [Thread-35] INFO  org.apache.coyote.http11.Http11NioProtocol - Stopping ProtocolHandler ["http-nio-8080"]
15:14:44.764 [Thread-35] INFO  org.apache.coyote.http11.Http11NioProtocol - Destroying ProtocolHandler ["http-nio-8080"]
15:14:44.869 [restartedMain] INFO  com.dongbao.test_demo3.TestDemo3Application - Starting TestDemo3Application using Java 1.8.0_151 on IT-013487 with PID 15588 (E:\javaProject\test_demo3\target\classes started by 013487 in E:\javaProject\test_demo3)
15:14:44.869 [restartedMain] INFO  com.dongbao.test_demo3.TestDemo3Application - No active profile set, falling back to 1 default profile: "default"
15:14:44.950 [restartedMain] INFO  o.s.d.r.config.RepositoryConfigurationDelegate - Multiple Spring Data modules found, entering strict repository configuration mode
15:14:44.950 [restartedMain] INFO  o.s.d.r.config.RepositoryConfigurationDelegate - Bootstrapping Spring Data Redis repositories in DEFAULT mode.
15:14:44.953 [restartedMain] INFO  o.s.d.r.config.RepositoryConfigurationDelegate - Finished Spring Data repository scanning in 2 ms. Found 0 Redis repository interfaces.
15:14:44.981 [restartedMain] INFO  o.s.boot.web.embedded.tomcat.TomcatWebServer - Tomcat initialized with port(s): 8080 (http)
15:14:44.981 [restartedMain] INFO  org.apache.coyote.http11.Http11NioProtocol - Initializing ProtocolHandler ["http-nio-8080"]
15:14:44.981 [restartedMain] INFO  org.apache.catalina.core.StandardService - Starting service [Tomcat]
15:14:44.981 [restartedMain] INFO  org.apache.catalina.core.StandardEngine - Starting Servlet engine: [Apache Tomcat/9.0.69]
15:14:44.987 [restartedMain] INFO  o.a.c.core.ContainerBase.[Tomcat].[localhost].[/] - Initializing Spring embedded WebApplicationContext
15:14:44.987 [restartedMain] INFO  o.s.b.w.s.c.ServletWebServerApplicationContext - Root WebApplicationContext: initialization completed in 117 ms
15:14:45.080 [restartedMain] INFO  com.dongbao.test_demo3.config.AsyncConfig - 异步任务执行器已启用
15:14:45.101 [restartedMain] INFO  o.s.b.a.web.servlet.WelcomePageHandlerMapping - Adding welcome page: class path resource [static/index.html]
15:14:45.113 [restartedMain] WARN  o.s.b.a.t.ThymeleafAutoConfiguration$DefaultTemplateResolverConfiguration - Cannot find template location: classpath:/templates/ (please add some templates, check your Thymeleaf configuration, or set spring.thymeleaf.check-template-location=false)
15:14:45.113 [restartedMain] WARN  org.thymeleaf.templatemode.TemplateMode - [THYMELEAF][restartedMain] Template Mode 'HTML5' is deprecated. Using Template Mode 'HTML' instead.
15:14:45.143 [restartedMain] INFO  o.s.b.d.autoconfigure.OptionalLiveReloadServer - LiveReload server is running on port 35729
15:14:45.148 [restartedMain] INFO  org.apache.coyote.http11.Http11NioProtocol - Starting ProtocolHandler ["http-nio-8080"]
15:14:45.149 [restartedMain] INFO  o.s.boot.web.embedded.tomcat.TomcatWebServer - Tomcat started on port(s): 8080 (http) with context path ''
15:14:45.152 [restartedMain] INFO  com.dongbao.test_demo3.TestDemo3Application - Started TestDemo3Application in 0.297 seconds (JVM running for 17696.714)
15:14:45.152 [restartedMain] INFO  o.s.b.d.a.ConditionEvaluationDeltaLoggingListener - Condition evaluation delta:


==========================
CONDITION EVALUATION DELTA
==========================


Positive matches:
-----------------

    None


Negative matches:
-----------------

   TaskExecutionAutoConfiguration#applicationTaskExecutor:
      Did not match:
         - @ConditionalOnMissingBean (types: java.util.concurrent.Executor; SearchStrategy: all) found beans of type 'java.util.concurrent.Executor' taskExecutor (OnBeanCondition)


Exclusions:
-----------

    None


Unconditional classes:
----------------------

    None



15:17:13.198 [File Watcher] INFO  o.s.b.d.a.LocalDevToolsAutoConfiguration$RestartingClassPathChangeChangedEventListener - Restarting due to 1 class path change (0 additions, 1 deletion, 0 modifications)
15:17:13.235 [Thread-39] INFO  org.apache.coyote.http11.Http11NioProtocol - Pausing ProtocolHandler ["http-nio-8080"]
15:17:13.236 [Thread-39] INFO  org.apache.catalina.core.StandardService - Stopping service [Tomcat]
15:17:13.238 [Thread-39] INFO  org.apache.coyote.http11.Http11NioProtocol - Stopping ProtocolHandler ["http-nio-8080"]
15:17:13.240 [Thread-39] INFO  org.apache.coyote.http11.Http11NioProtocol - Destroying ProtocolHandler ["http-nio-8080"]
15:17:13.327 [restartedMain] INFO  com.dongbao.test_demo3.TestDemo3Application - Starting TestDemo3Application using Java 1.8.0_151 on IT-013487 with PID 15588 (E:\javaProject\test_demo3\target\classes started by 013487 in E:\javaProject\test_demo3)
15:17:13.327 [restartedMain] INFO  com.dongbao.test_demo3.TestDemo3Application - No active profile set, falling back to 1 default profile: "default"
15:17:13.421 [restartedMain] INFO  o.s.d.r.config.RepositoryConfigurationDelegate - Multiple Spring Data modules found, entering strict repository configuration mode
15:17:13.421 [restartedMain] INFO  o.s.d.r.config.RepositoryConfigurationDelegate - Bootstrapping Spring Data Redis repositories in DEFAULT mode.
15:17:13.424 [restartedMain] INFO  o.s.d.r.config.RepositoryConfigurationDelegate - Finished Spring Data repository scanning in 2 ms. Found 0 Redis repository interfaces.
15:17:13.454 [restartedMain] INFO  o.s.boot.web.embedded.tomcat.TomcatWebServer - Tomcat initialized with port(s): 8080 (http)
15:17:13.455 [restartedMain] INFO  org.apache.coyote.http11.Http11NioProtocol - Initializing ProtocolHandler ["http-nio-8080"]
15:17:13.455 [restartedMain] INFO  org.apache.catalina.core.StandardService - Starting service [Tomcat]
15:17:13.455 [restartedMain] INFO  org.apache.catalina.core.StandardEngine - Starting Servlet engine: [Apache Tomcat/9.0.69]
15:17:13.461 [restartedMain] INFO  o.a.c.core.ContainerBase.[Tomcat].[localhost].[/] - Initializing Spring embedded WebApplicationContext
15:17:13.461 [restartedMain] INFO  o.s.b.w.s.c.ServletWebServerApplicationContext - Root WebApplicationContext: initialization completed in 133 ms
15:17:13.579 [restartedMain] INFO  o.s.b.a.web.servlet.WelcomePageHandlerMapping - Adding welcome page: class path resource [static/index.html]
15:17:13.589 [restartedMain] WARN  o.s.b.a.t.ThymeleafAutoConfiguration$DefaultTemplateResolverConfiguration - Cannot find template location: classpath:/templates/ (please add some templates, check your Thymeleaf configuration, or set spring.thymeleaf.check-template-location=false)
15:17:13.590 [restartedMain] WARN  org.thymeleaf.templatemode.TemplateMode - [THYMELEAF][restartedMain] Template Mode 'HTML5' is deprecated. Using Template Mode 'HTML' instead.
15:17:13.616 [restartedMain] INFO  o.s.b.d.autoconfigure.OptionalLiveReloadServer - LiveReload server is running on port 35729
15:17:13.622 [restartedMain] INFO  org.apache.coyote.http11.Http11NioProtocol - Starting ProtocolHandler ["http-nio-8080"]
15:17:13.624 [restartedMain] INFO  o.s.boot.web.embedded.tomcat.TomcatWebServer - Tomcat started on port(s): 8080 (http) with context path ''
15:17:13.627 [restartedMain] INFO  com.dongbao.test_demo3.TestDemo3Application - Started TestDemo3Application in 0.317 seconds (JVM running for 17845.189)
15:17:13.628 [restartedMain] INFO  o.s.b.d.a.ConditionEvaluationDeltaLoggingListener - Condition evaluation delta:


==========================
CONDITION EVALUATION DELTA
==========================


Positive matches:
-----------------

   TaskExecutionAutoConfiguration#applicationTaskExecutor matched:
      - @ConditionalOnMissingBean (types: java.util.concurrent.Executor; SearchStrategy: all) did not find any beans (OnBeanCondition)


Negative matches:
-----------------

    None


Exclusions:
-----------

    None


Unconditional classes:
----------------------

    None



15:17:17.067 [File Watcher] INFO  o.s.b.d.a.LocalDevToolsAutoConfiguration$RestartingClassPathChangeChangedEventListener - Restarting due to 1 class path change (1 addition, 0 deletions, 0 modifications)
15:17:17.129 [Thread-43] INFO  org.apache.coyote.http11.Http11NioProtocol - Pausing ProtocolHandler ["http-nio-8080"]
15:17:17.130 [Thread-43] INFO  org.apache.catalina.core.StandardService - Stopping service [Tomcat]
15:17:17.135 [Thread-43] INFO  org.apache.coyote.http11.Http11NioProtocol - Stopping ProtocolHandler ["http-nio-8080"]
15:17:17.138 [Thread-43] INFO  org.apache.coyote.http11.Http11NioProtocol - Destroying ProtocolHandler ["http-nio-8080"]
15:17:17.274 [restartedMain] INFO  com.dongbao.test_demo3.TestDemo3Application - Starting TestDemo3Application using Java 1.8.0_151 on IT-013487 with PID 15588 (E:\javaProject\test_demo3\target\classes started by 013487 in E:\javaProject\test_demo3)
15:17:17.274 [restartedMain] INFO  com.dongbao.test_demo3.TestDemo3Application - No active profile set, falling back to 1 default profile: "default"
15:17:17.375 [restartedMain] INFO  o.s.d.r.config.RepositoryConfigurationDelegate - Multiple Spring Data modules found, entering strict repository configuration mode
15:17:17.375 [restartedMain] INFO  o.s.d.r.config.RepositoryConfigurationDelegate - Bootstrapping Spring Data Redis repositories in DEFAULT mode.
15:17:17.377 [restartedMain] INFO  o.s.d.r.config.RepositoryConfigurationDelegate - Finished Spring Data repository scanning in 2 ms. Found 0 Redis repository interfaces.
15:17:17.409 [restartedMain] INFO  o.s.boot.web.embedded.tomcat.TomcatWebServer - Tomcat initialized with port(s): 8080 (http)
15:17:17.410 [restartedMain] INFO  org.apache.coyote.http11.Http11NioProtocol - Initializing ProtocolHandler ["http-nio-8080"]
15:17:17.410 [restartedMain] INFO  org.apache.catalina.core.StandardService - Starting service [Tomcat]
15:17:17.410 [restartedMain] INFO  org.apache.catalina.core.StandardEngine - Starting Servlet engine: [Apache Tomcat/9.0.69]
15:17:17.417 [restartedMain] INFO  o.a.c.core.ContainerBase.[Tomcat].[localhost].[/] - Initializing Spring embedded WebApplicationContext
15:17:17.417 [restartedMain] INFO  o.s.b.w.s.c.ServletWebServerApplicationContext - Root WebApplicationContext: initialization completed in 142 ms
15:17:17.514 [restartedMain] INFO  com.dongbao.test_demo3.config.AsyncConfig - 异步任务执行器已启用
15:17:17.535 [restartedMain] INFO  o.s.b.a.web.servlet.WelcomePageHandlerMapping - Adding welcome page: class path resource [static/index.html]
15:17:17.549 [restartedMain] WARN  o.s.b.a.t.ThymeleafAutoConfiguration$DefaultTemplateResolverConfiguration - Cannot find template location: classpath:/templates/ (please add some templates, check your Thymeleaf configuration, or set spring.thymeleaf.check-template-location=false)
15:17:17.549 [restartedMain] WARN  org.thymeleaf.templatemode.TemplateMode - [THYMELEAF][restartedMain] Template Mode 'HTML5' is deprecated. Using Template Mode 'HTML' instead.
15:17:17.578 [restartedMain] INFO  o.s.b.d.autoconfigure.OptionalLiveReloadServer - LiveReload server is running on port 35729
15:17:17.586 [restartedMain] INFO  org.apache.coyote.http11.Http11NioProtocol - Starting ProtocolHandler ["http-nio-8080"]
15:17:17.588 [restartedMain] INFO  o.s.boot.web.embedded.tomcat.TomcatWebServer - Tomcat started on port(s): 8080 (http) with context path ''
15:17:17.591 [restartedMain] INFO  com.dongbao.test_demo3.TestDemo3Application - Started TestDemo3Application in 0.334 seconds (JVM running for 17849.152)
15:17:17.592 [restartedMain] INFO  o.s.b.d.a.ConditionEvaluationDeltaLoggingListener - Condition evaluation delta:


==========================
CONDITION EVALUATION DELTA
==========================


Positive matches:
-----------------

    None


Negative matches:
-----------------

   TaskExecutionAutoConfiguration#applicationTaskExecutor:
      Did not match:
         - @ConditionalOnMissingBean (types: java.util.concurrent.Executor; SearchStrategy: all) found beans of type 'java.util.concurrent.Executor' taskExecutor (OnBeanCondition)


Exclusions:
-----------

    None


Unconditional classes:
----------------------

    None



15:35:05.482 [File Watcher] INFO  o.s.b.d.a.LocalDevToolsAutoConfiguration$RestartingClassPathChangeChangedEventListener - Restarting due to 2 class path changes (0 additions, 2 deletions, 0 modifications)
15:35:05.520 [Thread-47] INFO  org.apache.coyote.http11.Http11NioProtocol - Pausing ProtocolHandler ["http-nio-8080"]
15:35:05.520 [Thread-47] INFO  org.apache.catalina.core.StandardService - Stopping service [Tomcat]
15:35:05.523 [Thread-47] INFO  org.apache.coyote.http11.Http11NioProtocol - Stopping ProtocolHandler ["http-nio-8080"]
15:35:05.524 [Thread-47] INFO  org.apache.coyote.http11.Http11NioProtocol - Destroying ProtocolHandler ["http-nio-8080"]
15:35:05.659 [restartedMain] INFO  com.dongbao.test_demo3.TestDemo3Application - Starting TestDemo3Application using Java 1.8.0_151 on IT-013487 with PID 15588 (E:\javaProject\test_demo3\target\classes started by 013487 in E:\javaProject\test_demo3)
15:35:05.659 [restartedMain] INFO  com.dongbao.test_demo3.TestDemo3Application - No active profile set, falling back to 1 default profile: "default"
15:35:05.751 [restartedMain] INFO  o.s.d.r.config.RepositoryConfigurationDelegate - Multiple Spring Data modules found, entering strict repository configuration mode
15:35:05.751 [restartedMain] INFO  o.s.d.r.config.RepositoryConfigurationDelegate - Bootstrapping Spring Data Redis repositories in DEFAULT mode.
15:35:05.755 [restartedMain] INFO  o.s.d.r.config.RepositoryConfigurationDelegate - Finished Spring Data repository scanning in 3 ms. Found 0 Redis repository interfaces.
15:35:05.790 [restartedMain] INFO  o.s.boot.web.embedded.tomcat.TomcatWebServer - Tomcat initialized with port(s): 8080 (http)
15:35:05.790 [restartedMain] INFO  org.apache.coyote.http11.Http11NioProtocol - Initializing ProtocolHandler ["http-nio-8080"]
15:35:05.791 [restartedMain] INFO  org.apache.catalina.core.StandardService - Starting service [Tomcat]
15:35:05.791 [restartedMain] INFO  org.apache.catalina.core.StandardEngine - Starting Servlet engine: [Apache Tomcat/9.0.69]
15:35:05.799 [restartedMain] INFO  o.a.c.core.ContainerBase.[Tomcat].[localhost].[/] - Initializing Spring embedded WebApplicationContext
15:35:05.799 [restartedMain] INFO  o.s.b.w.s.c.ServletWebServerApplicationContext - Root WebApplicationContext: initialization completed in 139 ms
15:35:05.890 [restartedMain] WARN  o.s.b.w.s.c.AnnotationConfigServletWebServerApplicationContext - Exception encountered during context initialization - cancelling refresh attempt: org.springframework.beans.factory.BeanCreationException: Error creating bean with name 'helloController' defined in file [E:\javaProject\test_demo3\target\classes\com\dongbao\test_demo3\controller\HelloController.class]: Post-processing of merged bean definition failed; nested exception is java.lang.IllegalStateException: Failed to introspect Class [com.dongbao.test_demo3.controller.HelloController] from ClassLoader [org.springframework.boot.devtools.restart.classloader.RestartClassLoader@311eab67]
15:35:05.891 [restartedMain] INFO  org.apache.catalina.core.StandardService - Stopping service [Tomcat]
15:35:05.897 [restartedMain] INFO  o.s.b.a.l.ConditionEvaluationReportLoggingListener - 

Error starting ApplicationContext. To display the conditions report re-run your application with 'debug' enabled.
15:35:05.915 [restartedMain] ERROR org.springframework.boot.SpringApplication - Application run failed
org.springframework.beans.factory.BeanCreationException: Error creating bean with name 'helloController' defined in file [E:\javaProject\test_demo3\target\classes\com\dongbao\test_demo3\controller\HelloController.class]: Post-processing of merged bean definition failed; nested exception is java.lang.IllegalStateException: Failed to introspect Class [com.dongbao.test_demo3.controller.HelloController] from ClassLoader [org.springframework.boot.devtools.restart.classloader.RestartClassLoader@311eab67]
	at org.springframework.beans.factory.support.AbstractAutowireCapableBeanFactory.doCreateBean(AbstractAutowireCapableBeanFactory.java:597)
	at org.springframework.beans.factory.support.AbstractAutowireCapableBeanFactory.createBean(AbstractAutowireCapableBeanFactory.java:542)
	at org.springframework.beans.factory.support.AbstractBeanFactory.lambda$doGetBean$0(AbstractBeanFactory.java:335)
	at org.springframework.beans.factory.support.DefaultSingletonBeanRegistry.getSingleton(DefaultSingletonBeanRegistry.java:234)
	at org.springframework.beans.factory.support.AbstractBeanFactory.doGetBean(AbstractBeanFactory.java:333)
	at org.springframework.beans.factory.support.AbstractBeanFactory.getBean(AbstractBeanFactory.java:208)
	at org.springframework.beans.factory.support.DefaultListableBeanFactory.preInstantiateSingletons(DefaultListableBeanFactory.java:955)
	at org.springframework.context.support.AbstractApplicationContext.finishBeanFactoryInitialization(AbstractApplicationContext.java:918)
	at org.springframework.context.support.AbstractApplicationContext.refresh(AbstractApplicationContext.java:583)
	at org.springframework.boot.web.servlet.context.ServletWebServerApplicationContext.refresh(ServletWebServerApplicationContext.java:147)
	at org.springframework.boot.SpringApplication.refresh(SpringApplication.java:731)
	at org.springframework.boot.SpringApplication.refreshContext(SpringApplication.java:408)
	at org.springframework.boot.SpringApplication.run(SpringApplication.java:307)
	at org.springframework.boot.SpringApplication.run(SpringApplication.java:1303)
	at org.springframework.boot.SpringApplication.run(SpringApplication.java:1292)
	at com.dongbao.test_demo3.TestDemo3Application.main(TestDemo3Application.java:12)
	at sun.reflect.NativeMethodAccessorImpl.invoke0(Native Method)
	at sun.reflect.NativeMethodAccessorImpl.invoke(NativeMethodAccessorImpl.java:62)
	at sun.reflect.DelegatingMethodAccessorImpl.invoke(DelegatingMethodAccessorImpl.java:43)
	at java.lang.reflect.Method.invoke(Method.java:498)
	at org.springframework.boot.devtools.restart.RestartLauncher.run(RestartLauncher.java:49)
Caused by: java.lang.IllegalStateException: Failed to introspect Class [com.dongbao.test_demo3.controller.HelloController] from ClassLoader [org.springframework.boot.devtools.restart.classloader.RestartClassLoader@311eab67]
	at org.springframework.util.ReflectionUtils.getDeclaredFields(ReflectionUtils.java:743)
	at org.springframework.util.ReflectionUtils.doWithLocalFields(ReflectionUtils.java:675)
	at org.springframework.context.annotation.CommonAnnotationBeanPostProcessor.buildResourceMetadata(CommonAnnotationBeanPostProcessor.java:377)
	at org.springframework.context.annotation.CommonAnnotationBeanPostProcessor.findResourceMetadata(CommonAnnotationBeanPostProcessor.java:358)
	at org.springframework.context.annotation.CommonAnnotationBeanPostProcessor.postProcessMergedBeanDefinition(CommonAnnotationBeanPostProcessor.java:306)
	at org.springframework.beans.factory.support.AbstractAutowireCapableBeanFactory.applyMergedBeanDefinitionPostProcessors(AbstractAutowireCapableBeanFactory.java:1116)
	at org.springframework.beans.factory.support.AbstractAutowireCapableBeanFactory.doCreateBean(AbstractAutowireCapableBeanFactory.java:594)
	... 20 common frames omitted
Caused by: java.lang.NoClassDefFoundError: Lcom/dongbao/test_demo3/Service/AttWorkHourDayService;
	at java.lang.Class.getDeclaredFields0(Native Method)
	at java.lang.Class.privateGetDeclaredFields(Class.java:2583)
	at java.lang.Class.getDeclaredFields(Class.java:1916)
	at org.springframework.util.ReflectionUtils.getDeclaredFields(ReflectionUtils.java:738)
	... 26 common frames omitted
Caused by: java.lang.ClassNotFoundException: com.dongbao.test_demo3.Service.AttWorkHourDayService
	at java.net.URLClassLoader.findClass(URLClassLoader.java:381)
	at java.lang.ClassLoader.loadClass(ClassLoader.java:424)
	at sun.misc.Launcher$AppClassLoader.loadClass(Launcher.java:335)
	at java.lang.ClassLoader.loadClass(ClassLoader.java:357)
	at java.lang.Class.forName0(Native Method)
	at java.lang.Class.forName(Class.java:348)
	at org.springframework.boot.devtools.restart.classloader.RestartClassLoader.loadClass(RestartClassLoader.java:145)
	at java.lang.ClassLoader.loadClass(ClassLoader.java:357)
	... 30 common frames omitted
15:35:09.402 [restartedMain] INFO  com.dongbao.test_demo3.TestDemo3Application - Starting TestDemo3Application using Java 1.8.0_151 on IT-013487 with PID 15588 (E:\javaProject\test_demo3\target\classes started by 013487 in E:\javaProject\test_demo3)
15:35:09.402 [restartedMain] INFO  com.dongbao.test_demo3.TestDemo3Application - No active profile set, falling back to 1 default profile: "default"
15:35:09.515 [restartedMain] INFO  o.s.d.r.config.RepositoryConfigurationDelegate - Multiple Spring Data modules found, entering strict repository configuration mode
15:35:09.515 [restartedMain] INFO  o.s.d.r.config.RepositoryConfigurationDelegate - Bootstrapping Spring Data Redis repositories in DEFAULT mode.
15:35:09.518 [restartedMain] INFO  o.s.d.r.config.RepositoryConfigurationDelegate - Finished Spring Data repository scanning in 2 ms. Found 0 Redis repository interfaces.
15:35:09.547 [restartedMain] INFO  o.s.boot.web.embedded.tomcat.TomcatWebServer - Tomcat initialized with port(s): 8080 (http)
15:35:09.548 [restartedMain] INFO  org.apache.coyote.http11.Http11NioProtocol - Initializing ProtocolHandler ["http-nio-8080"]
15:35:09.548 [restartedMain] INFO  org.apache.catalina.core.StandardService - Starting service [Tomcat]
15:35:09.548 [restartedMain] INFO  org.apache.catalina.core.StandardEngine - Starting Servlet engine: [Apache Tomcat/9.0.69]
15:35:09.557 [restartedMain] INFO  o.a.c.c.ContainerBase.[Tomcat-1].[localhost].[/] - Initializing Spring embedded WebApplicationContext
15:35:09.557 [restartedMain] INFO  o.s.b.w.s.c.ServletWebServerApplicationContext - Root WebApplicationContext: initialization completed in 154 ms
15:35:09.674 [restartedMain] INFO  com.dongbao.test_demo3.config.AsyncConfig - 异步任务执行器已启用
15:35:09.742 [restartedMain] INFO  o.s.b.a.web.servlet.WelcomePageHandlerMapping - Adding welcome page: class path resource [static/index.html]
15:35:09.765 [restartedMain] WARN  o.s.b.a.t.ThymeleafAutoConfiguration$DefaultTemplateResolverConfiguration - Cannot find template location: classpath:/templates/ (please add some templates, check your Thymeleaf configuration, or set spring.thymeleaf.check-template-location=false)
15:35:09.765 [restartedMain] WARN  org.thymeleaf.templatemode.TemplateMode - [THYMELEAF][restartedMain] Template Mode 'HTML5' is deprecated. Using Template Mode 'HTML' instead.
15:35:09.830 [restartedMain] INFO  o.s.b.d.autoconfigure.OptionalLiveReloadServer - LiveReload server is running on port 35729
15:35:09.840 [restartedMain] INFO  org.apache.coyote.http11.Http11NioProtocol - Starting ProtocolHandler ["http-nio-8080"]
15:35:09.842 [restartedMain] INFO  o.s.boot.web.embedded.tomcat.TomcatWebServer - Tomcat started on port(s): 8080 (http) with context path ''
15:35:09.845 [restartedMain] INFO  com.dongbao.test_demo3.TestDemo3Application - Started TestDemo3Application in 0.458 seconds (JVM running for 18921.386)
15:35:09.846 [restartedMain] INFO  o.s.b.d.a.ConditionEvaluationDeltaLoggingListener - Condition evaluation unchanged
15:41:09.363 [File Watcher] INFO  o.s.b.d.a.LocalDevToolsAutoConfiguration$RestartingClassPathChangeChangedEventListener - Restarting due to 2 class path changes (0 additions, 2 deletions, 0 modifications)
15:41:09.400 [Thread-51] INFO  org.apache.coyote.http11.Http11NioProtocol - Pausing ProtocolHandler ["http-nio-8080"]
15:41:09.401 [Thread-51] INFO  org.apache.catalina.core.StandardService - Stopping service [Tomcat]
15:41:09.403 [Thread-51] INFO  org.apache.coyote.http11.Http11NioProtocol - Stopping ProtocolHandler ["http-nio-8080"]
15:41:09.405 [Thread-51] INFO  org.apache.coyote.http11.Http11NioProtocol - Destroying ProtocolHandler ["http-nio-8080"]
15:41:09.567 [restartedMain] INFO  com.dongbao.test_demo3.TestDemo3Application - Starting TestDemo3Application using Java 1.8.0_151 on IT-013487 with PID 15588 (E:\javaProject\test_demo3\target\classes started by 013487 in E:\javaProject\test_demo3)
15:41:09.567 [restartedMain] INFO  com.dongbao.test_demo3.TestDemo3Application - No active profile set, falling back to 1 default profile: "default"
15:41:09.666 [restartedMain] INFO  o.s.d.r.config.RepositoryConfigurationDelegate - Multiple Spring Data modules found, entering strict repository configuration mode
15:41:09.666 [restartedMain] INFO  o.s.d.r.config.RepositoryConfigurationDelegate - Bootstrapping Spring Data Redis repositories in DEFAULT mode.
15:41:09.669 [restartedMain] INFO  o.s.d.r.config.RepositoryConfigurationDelegate - Finished Spring Data repository scanning in 2 ms. Found 0 Redis repository interfaces.
15:41:09.697 [restartedMain] INFO  o.s.boot.web.embedded.tomcat.TomcatWebServer - Tomcat initialized with port(s): 8080 (http)
15:41:09.698 [restartedMain] INFO  org.apache.coyote.http11.Http11NioProtocol - Initializing ProtocolHandler ["http-nio-8080"]
15:41:09.698 [restartedMain] INFO  org.apache.catalina.core.StandardService - Starting service [Tomcat]
15:41:09.698 [restartedMain] INFO  org.apache.catalina.core.StandardEngine - Starting Servlet engine: [Apache Tomcat/9.0.69]
15:41:09.704 [restartedMain] INFO  o.a.c.c.ContainerBase.[Tomcat-1].[localhost].[/] - Initializing Spring embedded WebApplicationContext
15:41:09.705 [restartedMain] INFO  o.s.b.w.s.c.ServletWebServerApplicationContext - Root WebApplicationContext: initialization completed in 137 ms
15:41:09.791 [restartedMain] WARN  o.s.b.w.s.c.AnnotationConfigServletWebServerApplicationContext - Exception encountered during context initialization - cancelling refresh attempt: org.springframework.beans.factory.BeanCreationException: Error creating bean with name 'helloController' defined in file [E:\javaProject\test_demo3\target\classes\com\dongbao\test_demo3\controller\HelloController.class]: Post-processing of merged bean definition failed; nested exception is java.lang.IllegalStateException: Failed to introspect Class [com.dongbao.test_demo3.controller.HelloController] from ClassLoader [org.springframework.boot.devtools.restart.classloader.RestartClassLoader@3b8345b2]
15:41:09.792 [restartedMain] INFO  org.apache.catalina.core.StandardService - Stopping service [Tomcat]
15:41:09.795 [restartedMain] INFO  o.s.b.a.l.ConditionEvaluationReportLoggingListener - 

Error starting ApplicationContext. To display the conditions report re-run your application with 'debug' enabled.
15:41:09.796 [restartedMain] ERROR org.springframework.boot.SpringApplication - Application run failed
org.springframework.beans.factory.BeanCreationException: Error creating bean with name 'helloController' defined in file [E:\javaProject\test_demo3\target\classes\com\dongbao\test_demo3\controller\HelloController.class]: Post-processing of merged bean definition failed; nested exception is java.lang.IllegalStateException: Failed to introspect Class [com.dongbao.test_demo3.controller.HelloController] from ClassLoader [org.springframework.boot.devtools.restart.classloader.RestartClassLoader@3b8345b2]
	at org.springframework.beans.factory.support.AbstractAutowireCapableBeanFactory.doCreateBean(AbstractAutowireCapableBeanFactory.java:597)
	at org.springframework.beans.factory.support.AbstractAutowireCapableBeanFactory.createBean(AbstractAutowireCapableBeanFactory.java:542)
	at org.springframework.beans.factory.support.AbstractBeanFactory.lambda$doGetBean$0(AbstractBeanFactory.java:335)
	at org.springframework.beans.factory.support.DefaultSingletonBeanRegistry.getSingleton(DefaultSingletonBeanRegistry.java:234)
	at org.springframework.beans.factory.support.AbstractBeanFactory.doGetBean(AbstractBeanFactory.java:333)
	at org.springframework.beans.factory.support.AbstractBeanFactory.getBean(AbstractBeanFactory.java:208)
	at org.springframework.beans.factory.support.DefaultListableBeanFactory.preInstantiateSingletons(DefaultListableBeanFactory.java:955)
	at org.springframework.context.support.AbstractApplicationContext.finishBeanFactoryInitialization(AbstractApplicationContext.java:918)
	at org.springframework.context.support.AbstractApplicationContext.refresh(AbstractApplicationContext.java:583)
	at org.springframework.boot.web.servlet.context.ServletWebServerApplicationContext.refresh(ServletWebServerApplicationContext.java:147)
	at org.springframework.boot.SpringApplication.refresh(SpringApplication.java:731)
	at org.springframework.boot.SpringApplication.refreshContext(SpringApplication.java:408)
	at org.springframework.boot.SpringApplication.run(SpringApplication.java:307)
	at org.springframework.boot.SpringApplication.run(SpringApplication.java:1303)
	at org.springframework.boot.SpringApplication.run(SpringApplication.java:1292)
	at com.dongbao.test_demo3.TestDemo3Application.main(TestDemo3Application.java:12)
	at sun.reflect.NativeMethodAccessorImpl.invoke0(Native Method)
	at sun.reflect.NativeMethodAccessorImpl.invoke(NativeMethodAccessorImpl.java:62)
	at sun.reflect.DelegatingMethodAccessorImpl.invoke(DelegatingMethodAccessorImpl.java:43)
	at java.lang.reflect.Method.invoke(Method.java:498)
	at org.springframework.boot.devtools.restart.RestartLauncher.run(RestartLauncher.java:49)
Caused by: java.lang.IllegalStateException: Failed to introspect Class [com.dongbao.test_demo3.controller.HelloController] from ClassLoader [org.springframework.boot.devtools.restart.classloader.RestartClassLoader@3b8345b2]
	at org.springframework.util.ReflectionUtils.getDeclaredFields(ReflectionUtils.java:743)
	at org.springframework.util.ReflectionUtils.doWithLocalFields(ReflectionUtils.java:675)
	at org.springframework.context.annotation.CommonAnnotationBeanPostProcessor.buildResourceMetadata(CommonAnnotationBeanPostProcessor.java:377)
	at org.springframework.context.annotation.CommonAnnotationBeanPostProcessor.findResourceMetadata(CommonAnnotationBeanPostProcessor.java:358)
	at org.springframework.context.annotation.CommonAnnotationBeanPostProcessor.postProcessMergedBeanDefinition(CommonAnnotationBeanPostProcessor.java:306)
	at org.springframework.beans.factory.support.AbstractAutowireCapableBeanFactory.applyMergedBeanDefinitionPostProcessors(AbstractAutowireCapableBeanFactory.java:1116)
	at org.springframework.beans.factory.support.AbstractAutowireCapableBeanFactory.doCreateBean(AbstractAutowireCapableBeanFactory.java:594)
	... 20 common frames omitted
Caused by: java.lang.NoClassDefFoundError: Lcom/dongbao/test_demo3/Service/AttWorkHourDayService;
	at java.lang.Class.getDeclaredFields0(Native Method)
	at java.lang.Class.privateGetDeclaredFields(Class.java:2583)
	at java.lang.Class.getDeclaredFields(Class.java:1916)
	at org.springframework.util.ReflectionUtils.getDeclaredFields(ReflectionUtils.java:738)
	... 26 common frames omitted
Caused by: java.lang.ClassNotFoundException: com.dongbao.test_demo3.Service.AttWorkHourDayService
	at java.net.URLClassLoader.findClass(URLClassLoader.java:381)
	at java.lang.ClassLoader.loadClass(ClassLoader.java:424)
	at sun.misc.Launcher$AppClassLoader.loadClass(Launcher.java:335)
	at java.lang.ClassLoader.loadClass(ClassLoader.java:357)
	at java.lang.Class.forName0(Native Method)
	at java.lang.Class.forName(Class.java:348)
	at org.springframework.boot.devtools.restart.classloader.RestartClassLoader.loadClass(RestartClassLoader.java:145)
	at java.lang.ClassLoader.loadClass(ClassLoader.java:357)
	... 30 common frames omitted
15:41:12.261 [restartedMain] INFO  com.dongbao.test_demo3.TestDemo3Application - Starting TestDemo3Application using Java 1.8.0_151 on IT-013487 with PID 15588 (E:\javaProject\test_demo3\target\classes started by 013487 in E:\javaProject\test_demo3)
15:41:12.261 [restartedMain] INFO  com.dongbao.test_demo3.TestDemo3Application - No active profile set, falling back to 1 default profile: "default"
15:41:12.339 [restartedMain] INFO  o.s.d.r.config.RepositoryConfigurationDelegate - Multiple Spring Data modules found, entering strict repository configuration mode
15:41:12.339 [restartedMain] INFO  o.s.d.r.config.RepositoryConfigurationDelegate - Bootstrapping Spring Data Redis repositories in DEFAULT mode.
15:41:12.342 [restartedMain] INFO  o.s.d.r.config.RepositoryConfigurationDelegate - Finished Spring Data repository scanning in 2 ms. Found 0 Redis repository interfaces.
15:41:12.368 [restartedMain] INFO  o.s.boot.web.embedded.tomcat.TomcatWebServer - Tomcat initialized with port(s): 8080 (http)
15:41:12.368 [restartedMain] INFO  org.apache.coyote.http11.Http11NioProtocol - Initializing ProtocolHandler ["http-nio-8080"]
15:41:12.368 [restartedMain] INFO  org.apache.catalina.core.StandardService - Starting service [Tomcat]
15:41:12.368 [restartedMain] INFO  org.apache.catalina.core.StandardEngine - Starting Servlet engine: [Apache Tomcat/9.0.69]
15:41:12.375 [restartedMain] INFO  o.a.c.c.ContainerBase.[Tomcat-2].[localhost].[/] - Initializing Spring embedded WebApplicationContext
15:41:12.375 [restartedMain] INFO  o.s.b.w.s.c.ServletWebServerApplicationContext - Root WebApplicationContext: initialization completed in 113 ms
15:41:12.465 [restartedMain] INFO  com.dongbao.test_demo3.config.AsyncConfig - 异步任务执行器已启用
15:41:12.486 [restartedMain] INFO  o.s.b.a.web.servlet.WelcomePageHandlerMapping - Adding welcome page: class path resource [static/index.html]
15:41:12.498 [restartedMain] WARN  o.s.b.a.t.ThymeleafAutoConfiguration$DefaultTemplateResolverConfiguration - Cannot find template location: classpath:/templates/ (please add some templates, check your Thymeleaf configuration, or set spring.thymeleaf.check-template-location=false)
15:41:12.498 [restartedMain] WARN  org.thymeleaf.templatemode.TemplateMode - [THYMELEAF][restartedMain] Template Mode 'HTML5' is deprecated. Using Template Mode 'HTML' instead.
15:41:12.526 [restartedMain] INFO  o.s.b.d.autoconfigure.OptionalLiveReloadServer - LiveReload server is running on port 35729
15:41:12.531 [restartedMain] INFO  org.apache.coyote.http11.Http11NioProtocol - Starting ProtocolHandler ["http-nio-8080"]
15:41:12.532 [restartedMain] INFO  o.s.boot.web.embedded.tomcat.TomcatWebServer - Tomcat started on port(s): 8080 (http) with context path ''
15:41:12.535 [restartedMain] INFO  com.dongbao.test_demo3.TestDemo3Application - Started TestDemo3Application in 0.287 seconds (JVM running for 19284.073)
15:41:12.535 [restartedMain] INFO  o.s.b.d.a.ConditionEvaluationDeltaLoggingListener - Condition evaluation unchanged
15:41:14.442 [main] INFO  com.dongbao.test_demo3.RedisConnectionTest - Starting RedisConnectionTest using Java 1.8.0_151 on IT-013487 with PID 28044 (started by 013487 in E:\javaProject\test_demo3)
15:41:14.443 [main] INFO  com.dongbao.test_demo3.RedisConnectionTest - No active profile set, falling back to 1 default profile: "default"
15:41:14.984 [main] INFO  o.s.d.r.config.RepositoryConfigurationDelegate - Multiple Spring Data modules found, entering strict repository configuration mode
15:41:14.987 [main] INFO  o.s.d.r.config.RepositoryConfigurationDelegate - Bootstrapping Spring Data Redis repositories in DEFAULT mode.
15:41:15.023 [main] INFO  o.s.d.r.config.RepositoryConfigurationDelegate - Finished Spring Data repository scanning in 9 ms. Found 0 Redis repository interfaces.
15:41:16.164 [main] WARN  c.b.mybatisplus.core.injector.DefaultSqlInjector - class com.dongbao.test_demo3.entity.AttWorkHourDay ,Not found @TableId annotation, Cannot use Mybatis-Plus 'xxById' Method.
15:41:16.391 [main] INFO  com.dongbao.test_demo3.config.AsyncConfig - 异步任务执行器已启用
15:41:16.935 [main] INFO  o.s.b.a.web.servlet.WelcomePageHandlerMapping - Adding welcome page: class path resource [static/index.html]
15:41:17.151 [main] WARN  o.s.b.a.t.ThymeleafAutoConfiguration$DefaultTemplateResolverConfiguration - Cannot find template location: classpath:/templates/ (please add some templates, check your Thymeleaf configuration, or set spring.thymeleaf.check-template-location=false)
15:41:17.155 [main] WARN  org.thymeleaf.templatemode.TemplateMode - [THYMELEAF][main] Template Mode 'HTML5' is deprecated. Using Template Mode 'HTML' instead.
15:41:17.504 [main] INFO  com.dongbao.test_demo3.RedisConnectionTest - Started RedisConnectionTest in 3.333 seconds (JVM running for 4.034)
15:42:05.897 [File Watcher] INFO  o.s.b.d.a.LocalDevToolsAutoConfiguration$RestartingClassPathChangeChangedEventListener - Restarting due to 1 class path change (0 additions, 1 deletion, 0 modifications)
15:42:05.935 [Thread-58] INFO  org.apache.coyote.http11.Http11NioProtocol - Pausing ProtocolHandler ["http-nio-8080"]
15:42:05.935 [Thread-58] INFO  org.apache.catalina.core.StandardService - Stopping service [Tomcat]
15:42:05.939 [Thread-58] INFO  org.apache.coyote.http11.Http11NioProtocol - Stopping ProtocolHandler ["http-nio-8080"]
15:42:05.941 [Thread-58] INFO  org.apache.coyote.http11.Http11NioProtocol - Destroying ProtocolHandler ["http-nio-8080"]
15:42:06.041 [restartedMain] INFO  com.dongbao.test_demo3.TestDemo3Application - Starting TestDemo3Application using Java 1.8.0_151 on IT-013487 with PID 15588 (E:\javaProject\test_demo3\target\classes started by 013487 in E:\javaProject\test_demo3)
15:42:06.041 [restartedMain] INFO  com.dongbao.test_demo3.TestDemo3Application - No active profile set, falling back to 1 default profile: "default"
15:42:06.137 [restartedMain] INFO  o.s.d.r.config.RepositoryConfigurationDelegate - Multiple Spring Data modules found, entering strict repository configuration mode
15:42:06.137 [restartedMain] INFO  o.s.d.r.config.RepositoryConfigurationDelegate - Bootstrapping Spring Data Redis repositories in DEFAULT mode.
15:42:06.140 [restartedMain] INFO  o.s.d.r.config.RepositoryConfigurationDelegate - Finished Spring Data repository scanning in 2 ms. Found 0 Redis repository interfaces.
15:42:06.167 [restartedMain] INFO  o.s.boot.web.embedded.tomcat.TomcatWebServer - Tomcat initialized with port(s): 8080 (http)
15:42:06.168 [restartedMain] INFO  org.apache.coyote.http11.Http11NioProtocol - Initializing ProtocolHandler ["http-nio-8080"]
15:42:06.168 [restartedMain] INFO  org.apache.catalina.core.StandardService - Starting service [Tomcat]
15:42:06.168 [restartedMain] INFO  org.apache.catalina.core.StandardEngine - Starting Servlet engine: [Apache Tomcat/9.0.69]
15:42:06.176 [restartedMain] INFO  o.a.c.c.ContainerBase.[Tomcat-2].[localhost].[/] - Initializing Spring embedded WebApplicationContext
15:42:06.176 [restartedMain] INFO  o.s.b.w.s.c.ServletWebServerApplicationContext - Root WebApplicationContext: initialization completed in 134 ms
15:42:06.259 [restartedMain] WARN  o.s.b.w.s.c.AnnotationConfigServletWebServerApplicationContext - Exception encountered during context initialization - cancelling refresh attempt: org.springframework.beans.factory.UnsatisfiedDependencyException: Error creating bean with name 'helloController': Unsatisfied dependency expressed through field 'attWorkHourDayService'; nested exception is org.springframework.beans.factory.NoSuchBeanDefinitionException: No qualifying bean of type 'com.dongbao.test_demo3.Service.AttWorkHourDayService' available: expected at least 1 bean which qualifies as autowire candidate. Dependency annotations: {@org.springframework.beans.factory.annotation.Autowired(required=true)}
15:42:06.261 [restartedMain] INFO  org.apache.catalina.core.StandardService - Stopping service [Tomcat]
15:42:06.265 [restartedMain] INFO  o.s.b.a.l.ConditionEvaluationReportLoggingListener - 

Error starting ApplicationContext. To display the conditions report re-run your application with 'debug' enabled.
15:42:06.267 [restartedMain] ERROR o.s.b.diagnostics.LoggingFailureAnalysisReporter - 

***************************
APPLICATION FAILED TO START
***************************

Description:

Field attWorkHourDayService in com.dongbao.test_demo3.controller.HelloController required a bean of type 'com.dongbao.test_demo3.Service.AttWorkHourDayService' that could not be found.

The injection point has the following annotations:
	- @org.springframework.beans.factory.annotation.Autowired(required=true)


Action:

Consider defining a bean of type 'com.dongbao.test_demo3.Service.AttWorkHourDayService' in your configuration.

15:42:08.747 [restartedMain] INFO  com.dongbao.test_demo3.TestDemo3Application - Starting TestDemo3Application using Java 1.8.0_151 on IT-013487 with PID 15588 (E:\javaProject\test_demo3\target\classes started by 013487 in E:\javaProject\test_demo3)
15:42:08.747 [restartedMain] INFO  com.dongbao.test_demo3.TestDemo3Application - No active profile set, falling back to 1 default profile: "default"
15:42:08.852 [restartedMain] INFO  o.s.d.r.config.RepositoryConfigurationDelegate - Multiple Spring Data modules found, entering strict repository configuration mode
15:42:08.852 [restartedMain] INFO  o.s.d.r.config.RepositoryConfigurationDelegate - Bootstrapping Spring Data Redis repositories in DEFAULT mode.
15:42:08.854 [restartedMain] INFO  o.s.d.r.config.RepositoryConfigurationDelegate - Finished Spring Data repository scanning in 2 ms. Found 0 Redis repository interfaces.
15:42:08.887 [restartedMain] INFO  o.s.boot.web.embedded.tomcat.TomcatWebServer - Tomcat initialized with port(s): 8080 (http)
15:42:08.888 [restartedMain] INFO  org.apache.coyote.http11.Http11NioProtocol - Initializing ProtocolHandler ["http-nio-8080"]
15:42:08.888 [restartedMain] INFO  org.apache.catalina.core.StandardService - Starting service [Tomcat]
15:42:08.888 [restartedMain] INFO  org.apache.catalina.core.StandardEngine - Starting Servlet engine: [Apache Tomcat/9.0.69]
15:42:08.895 [restartedMain] INFO  o.a.c.c.ContainerBase.[Tomcat-3].[localhost].[/] - Initializing Spring embedded WebApplicationContext
15:42:08.895 [restartedMain] INFO  o.s.b.w.s.c.ServletWebServerApplicationContext - Root WebApplicationContext: initialization completed in 147 ms
15:42:09.015 [restartedMain] INFO  com.dongbao.test_demo3.config.AsyncConfig - 异步任务执行器已启用
15:42:09.049 [restartedMain] INFO  o.s.b.a.web.servlet.WelcomePageHandlerMapping - Adding welcome page: class path resource [static/index.html]
15:42:09.066 [restartedMain] WARN  o.s.b.a.t.ThymeleafAutoConfiguration$DefaultTemplateResolverConfiguration - Cannot find template location: classpath:/templates/ (please add some templates, check your Thymeleaf configuration, or set spring.thymeleaf.check-template-location=false)
15:42:09.066 [restartedMain] WARN  org.thymeleaf.templatemode.TemplateMode - [THYMELEAF][restartedMain] Template Mode 'HTML5' is deprecated. Using Template Mode 'HTML' instead.
15:42:09.107 [restartedMain] INFO  o.s.b.d.autoconfigure.OptionalLiveReloadServer - LiveReload server is running on port 35729
15:42:09.115 [restartedMain] INFO  org.apache.coyote.http11.Http11NioProtocol - Starting ProtocolHandler ["http-nio-8080"]
15:42:09.117 [restartedMain] INFO  o.s.boot.web.embedded.tomcat.TomcatWebServer - Tomcat started on port(s): 8080 (http) with context path ''
15:42:09.122 [restartedMain] INFO  com.dongbao.test_demo3.TestDemo3Application - Started TestDemo3Application in 0.394 seconds (JVM running for 19340.659)
15:42:09.123 [restartedMain] INFO  o.s.b.d.a.ConditionEvaluationDeltaLoggingListener - Condition evaluation unchanged
15:42:09.454 [main] INFO  com.dongbao.test_demo3.RedisConnectionTest - Starting RedisConnectionTest using Java 1.8.0_151 on IT-013487 with PID 28344 (started by 013487 in E:\javaProject\test_demo3)
15:42:09.456 [main] INFO  com.dongbao.test_demo3.RedisConnectionTest - No active profile set, falling back to 1 default profile: "default"
15:42:09.993 [main] INFO  o.s.d.r.config.RepositoryConfigurationDelegate - Multiple Spring Data modules found, entering strict repository configuration mode
15:42:09.995 [main] INFO  o.s.d.r.config.RepositoryConfigurationDelegate - Bootstrapping Spring Data Redis repositories in DEFAULT mode.
15:42:10.011 [main] INFO  o.s.d.r.config.RepositoryConfigurationDelegate - Finished Spring Data repository scanning in 7 ms. Found 0 Redis repository interfaces.
15:42:11.087 [main] WARN  c.b.mybatisplus.core.injector.DefaultSqlInjector - class com.dongbao.test_demo3.entity.AttWorkHourDay ,Not found @TableId annotation, Cannot use Mybatis-Plus 'xxById' Method.
15:42:11.336 [main] INFO  com.dongbao.test_demo3.config.AsyncConfig - 异步任务执行器已启用
15:42:12.039 [main] INFO  o.s.b.a.web.servlet.WelcomePageHandlerMapping - Adding welcome page: class path resource [static/index.html]
15:42:12.246 [main] WARN  o.s.b.a.t.ThymeleafAutoConfiguration$DefaultTemplateResolverConfiguration - Cannot find template location: classpath:/templates/ (please add some templates, check your Thymeleaf configuration, or set spring.thymeleaf.check-template-location=false)
15:42:12.250 [main] WARN  org.thymeleaf.templatemode.TemplateMode - [THYMELEAF][main] Template Mode 'HTML5' is deprecated. Using Template Mode 'HTML' instead.
15:42:12.592 [main] INFO  com.dongbao.test_demo3.RedisConnectionTest - Started RedisConnectionTest in 3.422 seconds (JVM running for 4.115)
15:46:03.520 [main] INFO  com.dongbao.test_demo3.RedisConnectionTest - Starting RedisConnectionTest using Java 1.8.0_151 on IT-013487 with PID 1156 (started by 013487 in E:\javaProject\test_demo3)
15:46:03.521 [main] INFO  com.dongbao.test_demo3.RedisConnectionTest - No active profile set, falling back to 1 default profile: "default"
15:46:04.184 [main] INFO  o.s.d.r.config.RepositoryConfigurationDelegate - Multiple Spring Data modules found, entering strict repository configuration mode
15:46:04.187 [main] INFO  o.s.d.r.config.RepositoryConfigurationDelegate - Bootstrapping Spring Data Redis repositories in DEFAULT mode.
15:46:04.204 [main] INFO  o.s.d.r.config.RepositoryConfigurationDelegate - Finished Spring Data repository scanning in 7 ms. Found 0 Redis repository interfaces.
15:46:05.419 [main] WARN  c.b.mybatisplus.core.injector.DefaultSqlInjector - class com.dongbao.test_demo3.entity.AttWorkHourDay ,Not found @TableId annotation, Cannot use Mybatis-Plus 'xxById' Method.
15:46:05.653 [main] INFO  com.dongbao.test_demo3.config.AsyncConfig - 异步任务执行器已启用
15:46:06.242 [main] INFO  o.s.b.a.web.servlet.WelcomePageHandlerMapping - Adding welcome page: class path resource [static/index.html]
15:46:06.470 [main] WARN  o.s.b.a.t.ThymeleafAutoConfiguration$DefaultTemplateResolverConfiguration - Cannot find template location: classpath:/templates/ (please add some templates, check your Thymeleaf configuration, or set spring.thymeleaf.check-template-location=false)
15:46:06.473 [main] WARN  org.thymeleaf.templatemode.TemplateMode - [THYMELEAF][main] Template Mode 'HTML5' is deprecated. Using Template Mode 'HTML' instead.
15:46:06.813 [main] INFO  com.dongbao.test_demo3.RedisConnectionTest - Started RedisConnectionTest in 3.65 seconds (JVM running for 4.496)
15:46:13.056 [main] INFO  com.dongbao.test_demo3.RedisConnectionTest - Starting RedisConnectionTest using Java 1.8.0_151 on IT-013487 with PID 17668 (started by 013487 in E:\javaProject\test_demo3)
15:46:13.057 [main] INFO  com.dongbao.test_demo3.RedisConnectionTest - No active profile set, falling back to 1 default profile: "default"
15:46:13.625 [main] INFO  o.s.d.r.config.RepositoryConfigurationDelegate - Multiple Spring Data modules found, entering strict repository configuration mode
15:46:13.634 [main] INFO  o.s.d.r.config.RepositoryConfigurationDelegate - Bootstrapping Spring Data Redis repositories in DEFAULT mode.
15:46:13.652 [main] INFO  o.s.d.r.config.RepositoryConfigurationDelegate - Finished Spring Data repository scanning in 7 ms. Found 0 Redis repository interfaces.
15:46:14.736 [main] WARN  c.b.mybatisplus.core.injector.DefaultSqlInjector - class com.dongbao.test_demo3.entity.AttWorkHourDay ,Not found @TableId annotation, Cannot use Mybatis-Plus 'xxById' Method.
15:46:14.966 [main] INFO  com.dongbao.test_demo3.config.AsyncConfig - 异步任务执行器已启用
15:46:15.550 [main] INFO  o.s.b.a.web.servlet.WelcomePageHandlerMapping - Adding welcome page: class path resource [static/index.html]
15:46:15.786 [main] WARN  o.s.b.a.t.ThymeleafAutoConfiguration$DefaultTemplateResolverConfiguration - Cannot find template location: classpath:/templates/ (please add some templates, check your Thymeleaf configuration, or set spring.thymeleaf.check-template-location=false)
15:46:15.789 [main] WARN  org.thymeleaf.templatemode.TemplateMode - [THYMELEAF][main] Template Mode 'HTML5' is deprecated. Using Template Mode 'HTML' instead.
15:46:16.170 [main] INFO  com.dongbao.test_demo3.RedisConnectionTest - Started RedisConnectionTest in 3.37 seconds (JVM running for 3.977)
15:48:05.200 [main] INFO  com.dongbao.test_demo3.RedisConnectionTest - Starting RedisConnectionTest using Java 1.8.0_151 on IT-013487 with PID 27468 (started by 013487 in E:\javaProject\test_demo3)
15:48:05.202 [main] INFO  com.dongbao.test_demo3.RedisConnectionTest - No active profile set, falling back to 1 default profile: "default"
15:48:05.723 [main] INFO  o.s.d.r.config.RepositoryConfigurationDelegate - Multiple Spring Data modules found, entering strict repository configuration mode
15:48:05.726 [main] INFO  o.s.d.r.config.RepositoryConfigurationDelegate - Bootstrapping Spring Data Redis repositories in DEFAULT mode.
15:48:05.747 [main] INFO  o.s.d.r.config.RepositoryConfigurationDelegate - Finished Spring Data repository scanning in 9 ms. Found 0 Redis repository interfaces.
15:48:06.824 [main] WARN  c.b.mybatisplus.core.injector.DefaultSqlInjector - class com.dongbao.test_demo3.entity.AttWorkHourDay ,Not found @TableId annotation, Cannot use Mybatis-Plus 'xxById' Method.
15:48:07.058 [main] INFO  com.dongbao.test_demo3.config.AsyncConfig - 异步任务执行器已启用
15:48:07.622 [main] INFO  o.s.b.a.web.servlet.WelcomePageHandlerMapping - Adding welcome page: class path resource [static/index.html]
15:48:07.837 [main] WARN  o.s.b.a.t.ThymeleafAutoConfiguration$DefaultTemplateResolverConfiguration - Cannot find template location: classpath:/templates/ (please add some templates, check your Thymeleaf configuration, or set spring.thymeleaf.check-template-location=false)
15:48:07.840 [main] WARN  org.thymeleaf.templatemode.TemplateMode - [THYMELEAF][main] Template Mode 'HTML5' is deprecated. Using Template Mode 'HTML' instead.
15:48:08.325 [main] INFO  com.dongbao.test_demo3.RedisConnectionTest - Started RedisConnectionTest in 3.384 seconds (JVM running for 4.001)
15:48:09.163 [taskExecutor-1] INFO  c.d.t.Service.impl.AttWorkHourDayServiceImpl - 从缓存中获取考勤日工时数据
15:48:51.948 [File Watcher] INFO  o.s.b.d.a.LocalDevToolsAutoConfiguration$RestartingClassPathChangeChangedEventListener - Restarting due to 1 class path change (0 additions, 1 deletion, 0 modifications)
15:48:51.985 [Thread-65] INFO  org.apache.coyote.http11.Http11NioProtocol - Pausing ProtocolHandler ["http-nio-8080"]
15:48:51.986 [Thread-65] INFO  org.apache.catalina.core.StandardService - Stopping service [Tomcat]
15:48:51.989 [Thread-65] INFO  org.apache.coyote.http11.Http11NioProtocol - Stopping ProtocolHandler ["http-nio-8080"]
15:48:51.991 [Thread-65] INFO  org.apache.coyote.http11.Http11NioProtocol - Destroying ProtocolHandler ["http-nio-8080"]
15:48:52.153 [restartedMain] INFO  com.dongbao.test_demo3.TestDemo3Application - Starting TestDemo3Application using Java 1.8.0_151 on IT-013487 with PID 15588 (E:\javaProject\test_demo3\target\classes started by 013487 in E:\javaProject\test_demo3)
15:48:52.153 [restartedMain] INFO  com.dongbao.test_demo3.TestDemo3Application - No active profile set, falling back to 1 default profile: "default"
15:48:52.243 [restartedMain] INFO  o.s.d.r.config.RepositoryConfigurationDelegate - Multiple Spring Data modules found, entering strict repository configuration mode
15:48:52.243 [restartedMain] INFO  o.s.d.r.config.RepositoryConfigurationDelegate - Bootstrapping Spring Data Redis repositories in DEFAULT mode.
15:48:52.247 [restartedMain] INFO  o.s.d.r.config.RepositoryConfigurationDelegate - Finished Spring Data repository scanning in 3 ms. Found 0 Redis repository interfaces.
15:48:52.279 [restartedMain] INFO  o.s.boot.web.embedded.tomcat.TomcatWebServer - Tomcat initialized with port(s): 8080 (http)
15:48:52.280 [restartedMain] INFO  org.apache.coyote.http11.Http11NioProtocol - Initializing ProtocolHandler ["http-nio-8080"]
15:48:52.280 [restartedMain] INFO  org.apache.catalina.core.StandardService - Starting service [Tomcat]
15:48:52.280 [restartedMain] INFO  org.apache.catalina.core.StandardEngine - Starting Servlet engine: [Apache Tomcat/9.0.69]
15:48:52.287 [restartedMain] INFO  o.a.c.c.ContainerBase.[Tomcat-3].[localhost].[/] - Initializing Spring embedded WebApplicationContext
15:48:52.287 [restartedMain] INFO  o.s.b.w.s.c.ServletWebServerApplicationContext - Root WebApplicationContext: initialization completed in 133 ms
15:48:52.374 [restartedMain] WARN  o.s.b.w.s.c.AnnotationConfigServletWebServerApplicationContext - Exception encountered during context initialization - cancelling refresh attempt: org.springframework.beans.factory.UnsatisfiedDependencyException: Error creating bean with name 'helloController': Unsatisfied dependency expressed through field 'attWorkHourDayService'; nested exception is org.springframework.beans.factory.NoSuchBeanDefinitionException: No qualifying bean of type 'com.dongbao.test_demo3.Service.AttWorkHourDayService' available: expected at least 1 bean which qualifies as autowire candidate. Dependency annotations: {@org.springframework.beans.factory.annotation.Autowired(required=true)}
15:48:52.375 [restartedMain] INFO  org.apache.catalina.core.StandardService - Stopping service [Tomcat]
15:48:52.386 [restartedMain] INFO  o.s.b.a.l.ConditionEvaluationReportLoggingListener - 

Error starting ApplicationContext. To display the conditions report re-run your application with 'debug' enabled.
15:48:52.388 [restartedMain] ERROR o.s.b.diagnostics.LoggingFailureAnalysisReporter - 

***************************
APPLICATION FAILED TO START
***************************

Description:

Field attWorkHourDayService in com.dongbao.test_demo3.controller.HelloController required a bean of type 'com.dongbao.test_demo3.Service.AttWorkHourDayService' that could not be found.

The injection point has the following annotations:
	- @org.springframework.beans.factory.annotation.Autowired(required=true)


Action:

Consider defining a bean of type 'com.dongbao.test_demo3.Service.AttWorkHourDayService' in your configuration.

15:48:54.871 [restartedMain] INFO  com.dongbao.test_demo3.TestDemo3Application - Starting TestDemo3Application using Java 1.8.0_151 on IT-013487 with PID 15588 (E:\javaProject\test_demo3\target\classes started by 013487 in E:\javaProject\test_demo3)
15:48:54.871 [restartedMain] INFO  com.dongbao.test_demo3.TestDemo3Application - No active profile set, falling back to 1 default profile: "default"
15:48:54.980 [restartedMain] INFO  o.s.d.r.config.RepositoryConfigurationDelegate - Multiple Spring Data modules found, entering strict repository configuration mode
15:48:54.980 [restartedMain] INFO  o.s.d.r.config.RepositoryConfigurationDelegate - Bootstrapping Spring Data Redis repositories in DEFAULT mode.
15:48:54.983 [restartedMain] INFO  o.s.d.r.config.RepositoryConfigurationDelegate - Finished Spring Data repository scanning in 2 ms. Found 0 Redis repository interfaces.
15:48:55.019 [restartedMain] INFO  o.s.boot.web.embedded.tomcat.TomcatWebServer - Tomcat initialized with port(s): 8080 (http)
15:48:55.019 [restartedMain] INFO  org.apache.coyote.http11.Http11NioProtocol - Initializing ProtocolHandler ["http-nio-8080"]
15:48:55.019 [restartedMain] INFO  org.apache.catalina.core.StandardService - Starting service [Tomcat]
15:48:55.019 [restartedMain] INFO  org.apache.catalina.core.StandardEngine - Starting Servlet engine: [Apache Tomcat/9.0.69]
15:48:55.029 [restartedMain] INFO  o.a.c.c.ContainerBase.[Tomcat-4].[localhost].[/] - Initializing Spring embedded WebApplicationContext
15:48:55.029 [restartedMain] INFO  o.s.b.w.s.c.ServletWebServerApplicationContext - Root WebApplicationContext: initialization completed in 156 ms
15:48:55.141 [restartedMain] INFO  com.dongbao.test_demo3.config.AsyncConfig - 异步任务执行器已启用
15:48:55.178 [restartedMain] INFO  o.s.b.a.web.servlet.WelcomePageHandlerMapping - Adding welcome page: class path resource [static/index.html]
15:48:55.197 [restartedMain] WARN  o.s.b.a.t.ThymeleafAutoConfiguration$DefaultTemplateResolverConfiguration - Cannot find template location: classpath:/templates/ (please add some templates, check your Thymeleaf configuration, or set spring.thymeleaf.check-template-location=false)
15:48:55.198 [restartedMain] WARN  org.thymeleaf.templatemode.TemplateMode - [THYMELEAF][restartedMain] Template Mode 'HTML5' is deprecated. Using Template Mode 'HTML' instead.
15:48:55.243 [restartedMain] INFO  o.s.b.d.autoconfigure.OptionalLiveReloadServer - LiveReload server is running on port 35729
15:48:55.252 [restartedMain] INFO  org.apache.coyote.http11.Http11NioProtocol - Starting ProtocolHandler ["http-nio-8080"]
15:48:55.253 [restartedMain] INFO  o.s.boot.web.embedded.tomcat.TomcatWebServer - Tomcat started on port(s): 8080 (http) with context path ''
15:48:55.257 [restartedMain] INFO  com.dongbao.test_demo3.TestDemo3Application - Started TestDemo3Application in 0.399 seconds (JVM running for 19746.782)
15:48:55.258 [restartedMain] INFO  o.s.b.d.a.ConditionEvaluationDeltaLoggingListener - Condition evaluation unchanged
15:48:55.432 [main] INFO  com.dongbao.test_demo3.RedisConnectionTest - Starting RedisConnectionTest using Java 1.8.0_151 on IT-013487 with PID 18540 (started by 013487 in E:\javaProject\test_demo3)
15:48:55.433 [main] INFO  com.dongbao.test_demo3.RedisConnectionTest - No active profile set, falling back to 1 default profile: "default"
15:48:55.970 [main] INFO  o.s.d.r.config.RepositoryConfigurationDelegate - Multiple Spring Data modules found, entering strict repository configuration mode
15:48:55.974 [main] INFO  o.s.d.r.config.RepositoryConfigurationDelegate - Bootstrapping Spring Data Redis repositories in DEFAULT mode.
15:48:55.988 [main] INFO  o.s.d.r.config.RepositoryConfigurationDelegate - Finished Spring Data repository scanning in 6 ms. Found 0 Redis repository interfaces.
15:48:57.086 [main] WARN  c.b.mybatisplus.core.injector.DefaultSqlInjector - class com.dongbao.test_demo3.entity.AttWorkHourDay ,Not found @TableId annotation, Cannot use Mybatis-Plus 'xxById' Method.
15:48:57.354 [main] INFO  com.dongbao.test_demo3.config.AsyncConfig - 异步任务执行器已启用
15:48:57.963 [main] INFO  o.s.b.a.web.servlet.WelcomePageHandlerMapping - Adding welcome page: class path resource [static/index.html]
15:48:58.201 [main] WARN  o.s.b.a.t.ThymeleafAutoConfiguration$DefaultTemplateResolverConfiguration - Cannot find template location: classpath:/templates/ (please add some templates, check your Thymeleaf configuration, or set spring.thymeleaf.check-template-location=false)
15:48:58.206 [main] WARN  org.thymeleaf.templatemode.TemplateMode - [THYMELEAF][main] Template Mode 'HTML5' is deprecated. Using Template Mode 'HTML' instead.
15:48:58.626 [main] INFO  com.dongbao.test_demo3.RedisConnectionTest - Started RedisConnectionTest in 3.471 seconds (JVM running for 4.102)
15:48:59.326 [taskExecutor-1] INFO  c.d.t.Service.impl.AttWorkHourDayServiceImpl - 从缓存中获取考勤日工时数据
15:49:26.193 [File Watcher] INFO  o.s.b.d.a.LocalDevToolsAutoConfiguration$RestartingClassPathChangeChangedEventListener - Restarting due to 1 class path change (0 additions, 1 deletion, 0 modifications)
15:49:26.228 [Thread-72] INFO  org.apache.coyote.http11.Http11NioProtocol - Pausing ProtocolHandler ["http-nio-8080"]
15:49:26.228 [Thread-72] INFO  org.apache.catalina.core.StandardService - Stopping service [Tomcat]
15:49:26.231 [Thread-72] INFO  org.apache.coyote.http11.Http11NioProtocol - Stopping ProtocolHandler ["http-nio-8080"]
15:49:26.232 [Thread-72] INFO  org.apache.coyote.http11.Http11NioProtocol - Destroying ProtocolHandler ["http-nio-8080"]
15:49:26.326 [restartedMain] INFO  com.dongbao.test_demo3.TestDemo3Application - Starting TestDemo3Application using Java 1.8.0_151 on IT-013487 with PID 15588 (E:\javaProject\test_demo3\target\classes started by 013487 in E:\javaProject\test_demo3)
15:49:26.326 [restartedMain] INFO  com.dongbao.test_demo3.TestDemo3Application - No active profile set, falling back to 1 default profile: "default"
15:49:26.414 [restartedMain] INFO  o.s.d.r.config.RepositoryConfigurationDelegate - Multiple Spring Data modules found, entering strict repository configuration mode
15:49:26.414 [restartedMain] INFO  o.s.d.r.config.RepositoryConfigurationDelegate - Bootstrapping Spring Data Redis repositories in DEFAULT mode.
15:49:26.417 [restartedMain] INFO  o.s.d.r.config.RepositoryConfigurationDelegate - Finished Spring Data repository scanning in 2 ms. Found 0 Redis repository interfaces.
15:49:26.451 [restartedMain] INFO  o.s.boot.web.embedded.tomcat.TomcatWebServer - Tomcat initialized with port(s): 8080 (http)
15:49:26.451 [restartedMain] INFO  org.apache.coyote.http11.Http11NioProtocol - Initializing ProtocolHandler ["http-nio-8080"]
15:49:26.451 [restartedMain] INFO  org.apache.catalina.core.StandardService - Starting service [Tomcat]
15:49:26.451 [restartedMain] INFO  org.apache.catalina.core.StandardEngine - Starting Servlet engine: [Apache Tomcat/9.0.69]
15:49:26.458 [restartedMain] INFO  o.a.c.c.ContainerBase.[Tomcat-4].[localhost].[/] - Initializing Spring embedded WebApplicationContext
15:49:26.458 [restartedMain] INFO  o.s.b.w.s.c.ServletWebServerApplicationContext - Root WebApplicationContext: initialization completed in 130 ms
15:49:26.544 [restartedMain] WARN  o.s.b.w.s.c.AnnotationConfigServletWebServerApplicationContext - Exception encountered during context initialization - cancelling refresh attempt: org.springframework.beans.factory.UnsatisfiedDependencyException: Error creating bean with name 'helloController': Unsatisfied dependency expressed through field 'attWorkHourDayService'; nested exception is org.springframework.beans.factory.NoSuchBeanDefinitionException: No qualifying bean of type 'com.dongbao.test_demo3.Service.AttWorkHourDayService' available: expected at least 1 bean which qualifies as autowire candidate. Dependency annotations: {@org.springframework.beans.factory.annotation.Autowired(required=true)}
15:49:26.545 [restartedMain] INFO  org.apache.catalina.core.StandardService - Stopping service [Tomcat]
15:49:26.548 [restartedMain] INFO  o.s.b.a.l.ConditionEvaluationReportLoggingListener - 

Error starting ApplicationContext. To display the conditions report re-run your application with 'debug' enabled.
15:49:26.549 [restartedMain] ERROR o.s.b.diagnostics.LoggingFailureAnalysisReporter - 

***************************
APPLICATION FAILED TO START
***************************

Description:

Field attWorkHourDayService in com.dongbao.test_demo3.controller.HelloController required a bean of type 'com.dongbao.test_demo3.Service.AttWorkHourDayService' that could not be found.

The injection point has the following annotations:
	- @org.springframework.beans.factory.annotation.Autowired(required=true)


Action:

Consider defining a bean of type 'com.dongbao.test_demo3.Service.AttWorkHourDayService' in your configuration.

15:49:29.021 [restartedMain] INFO  com.dongbao.test_demo3.TestDemo3Application - Starting TestDemo3Application using Java 1.8.0_151 on IT-013487 with PID 15588 (E:\javaProject\test_demo3\target\classes started by 013487 in E:\javaProject\test_demo3)
15:49:29.021 [restartedMain] INFO  com.dongbao.test_demo3.TestDemo3Application - No active profile set, falling back to 1 default profile: "default"
15:49:29.144 [restartedMain] INFO  o.s.d.r.config.RepositoryConfigurationDelegate - Multiple Spring Data modules found, entering strict repository configuration mode
15:49:29.144 [restartedMain] INFO  o.s.d.r.config.RepositoryConfigurationDelegate - Bootstrapping Spring Data Redis repositories in DEFAULT mode.
15:49:29.147 [restartedMain] INFO  o.s.d.r.config.RepositoryConfigurationDelegate - Finished Spring Data repository scanning in 2 ms. Found 0 Redis repository interfaces.
15:49:29.189 [restartedMain] INFO  o.s.boot.web.embedded.tomcat.TomcatWebServer - Tomcat initialized with port(s): 8080 (http)
15:49:29.189 [restartedMain] INFO  org.apache.coyote.http11.Http11NioProtocol - Initializing ProtocolHandler ["http-nio-8080"]
15:49:29.189 [restartedMain] INFO  org.apache.catalina.core.StandardService - Starting service [Tomcat]
15:49:29.189 [restartedMain] INFO  org.apache.catalina.core.StandardEngine - Starting Servlet engine: [Apache Tomcat/9.0.69]
15:49:29.198 [restartedMain] INFO  o.a.c.c.ContainerBase.[Tomcat-5].[localhost].[/] - Initializing Spring embedded WebApplicationContext
15:49:29.198 [restartedMain] INFO  o.s.b.w.s.c.ServletWebServerApplicationContext - Root WebApplicationContext: initialization completed in 175 ms
15:49:29.259 [main] INFO  com.dongbao.test_demo3.RedisConnectionTest - Starting RedisConnectionTest using Java 1.8.0_151 on IT-013487 with PID 31620 (started by 013487 in E:\javaProject\test_demo3)
15:49:29.260 [main] INFO  com.dongbao.test_demo3.RedisConnectionTest - No active profile set, falling back to 1 default profile: "default"
15:49:29.316 [restartedMain] INFO  com.dongbao.test_demo3.config.AsyncConfig - 异步任务执行器已启用
15:49:29.353 [restartedMain] INFO  o.s.b.a.web.servlet.WelcomePageHandlerMapping - Adding welcome page: class path resource [static/index.html]
15:49:29.371 [restartedMain] WARN  o.s.b.a.t.ThymeleafAutoConfiguration$DefaultTemplateResolverConfiguration - Cannot find template location: classpath:/templates/ (please add some templates, check your Thymeleaf configuration, or set spring.thymeleaf.check-template-location=false)
15:49:29.371 [restartedMain] WARN  org.thymeleaf.templatemode.TemplateMode - [THYMELEAF][restartedMain] Template Mode 'HTML5' is deprecated. Using Template Mode 'HTML' instead.
15:49:29.410 [restartedMain] INFO  o.s.b.d.autoconfigure.OptionalLiveReloadServer - LiveReload server is running on port 35729
15:49:29.420 [restartedMain] INFO  org.apache.coyote.http11.Http11NioProtocol - Starting ProtocolHandler ["http-nio-8080"]
15:49:29.423 [restartedMain] INFO  o.s.boot.web.embedded.tomcat.TomcatWebServer - Tomcat started on port(s): 8080 (http) with context path ''
15:49:29.427 [restartedMain] INFO  com.dongbao.test_demo3.TestDemo3Application - Started TestDemo3Application in 0.434 seconds (JVM running for 19780.951)
15:49:29.428 [restartedMain] INFO  o.s.b.d.a.ConditionEvaluationDeltaLoggingListener - Condition evaluation unchanged
15:49:29.784 [main] INFO  o.s.d.r.config.RepositoryConfigurationDelegate - Multiple Spring Data modules found, entering strict repository configuration mode
15:49:29.787 [main] INFO  o.s.d.r.config.RepositoryConfigurationDelegate - Bootstrapping Spring Data Redis repositories in DEFAULT mode.
15:49:29.812 [main] INFO  o.s.d.r.config.RepositoryConfigurationDelegate - Finished Spring Data repository scanning in 15 ms. Found 0 Redis repository interfaces.
15:49:30.865 [main] WARN  c.b.mybatisplus.core.injector.DefaultSqlInjector - class com.dongbao.test_demo3.entity.AttWorkHourDay ,Not found @TableId annotation, Cannot use Mybatis-Plus 'xxById' Method.
15:49:31.074 [main] INFO  com.dongbao.test_demo3.config.AsyncConfig - 异步任务执行器已启用
15:49:31.671 [main] INFO  o.s.b.a.web.servlet.WelcomePageHandlerMapping - Adding welcome page: class path resource [static/index.html]
15:49:31.875 [main] WARN  o.s.b.a.t.ThymeleafAutoConfiguration$DefaultTemplateResolverConfiguration - Cannot find template location: classpath:/templates/ (please add some templates, check your Thymeleaf configuration, or set spring.thymeleaf.check-template-location=false)
15:49:31.880 [main] WARN  org.thymeleaf.templatemode.TemplateMode - [THYMELEAF][main] Template Mode 'HTML5' is deprecated. Using Template Mode 'HTML' instead.
15:49:32.277 [main] INFO  com.dongbao.test_demo3.RedisConnectionTest - Started RedisConnectionTest in 3.304 seconds (JVM running for 3.927)
15:49:33.082 [taskExecutor-1] INFO  c.d.t.Service.impl.AttWorkHourDayServiceImpl - 从缓存中获取考勤日工时数据
15:53:22.897 [main] INFO  com.dongbao.test_demo3.RedisConnectionTest - Starting RedisConnectionTest using Java 1.8.0_151 on IT-013487 with PID 30028 (started by 013487 in E:\javaProject\test_demo3)
15:53:22.898 [main] INFO  com.dongbao.test_demo3.RedisConnectionTest - No active profile set, falling back to 1 default profile: "default"
15:53:23.458 [main] INFO  o.s.d.r.config.RepositoryConfigurationDelegate - Multiple Spring Data modules found, entering strict repository configuration mode
15:53:23.460 [main] INFO  o.s.d.r.config.RepositoryConfigurationDelegate - Bootstrapping Spring Data Redis repositories in DEFAULT mode.
15:53:23.478 [main] INFO  o.s.d.r.config.RepositoryConfigurationDelegate - Finished Spring Data repository scanning in 7 ms. Found 0 Redis repository interfaces.
15:53:24.476 [main] WARN  c.b.mybatisplus.core.injector.DefaultSqlInjector - class com.dongbao.test_demo3.entity.AttWorkHourDay ,Not found @TableId annotation, Cannot use Mybatis-Plus 'xxById' Method.
15:53:24.692 [main] INFO  com.dongbao.test_demo3.config.AsyncConfig - 异步任务执行器已启用
15:53:25.156 [main] INFO  o.s.b.a.web.servlet.WelcomePageHandlerMapping - Adding welcome page: class path resource [static/index.html]
15:53:25.353 [main] WARN  o.s.b.a.t.ThymeleafAutoConfiguration$DefaultTemplateResolverConfiguration - Cannot find template location: classpath:/templates/ (please add some templates, check your Thymeleaf configuration, or set spring.thymeleaf.check-template-location=false)
15:53:25.357 [main] WARN  org.thymeleaf.templatemode.TemplateMode - [THYMELEAF][main] Template Mode 'HTML5' is deprecated. Using Template Mode 'HTML' instead.
15:53:25.696 [main] INFO  com.dongbao.test_demo3.RedisConnectionTest - Started RedisConnectionTest in 3.077 seconds (JVM running for 3.681)
15:53:26.451 [taskExecutor-1] INFO  c.d.t.Service.impl.AttWorkHourDayServiceImpl - 从缓存中获取考勤日工时数据
15:55:02.865 [main] INFO  com.dongbao.test_demo3.RedisConnectionTest - Starting RedisConnectionTest using Java 1.8.0_151 on IT-013487 with PID 28540 (started by 013487 in E:\javaProject\test_demo3)
15:55:02.866 [main] INFO  com.dongbao.test_demo3.RedisConnectionTest - No active profile set, falling back to 1 default profile: "default"
15:55:03.424 [main] INFO  o.s.d.r.config.RepositoryConfigurationDelegate - Multiple Spring Data modules found, entering strict repository configuration mode
15:55:03.426 [main] INFO  o.s.d.r.config.RepositoryConfigurationDelegate - Bootstrapping Spring Data Redis repositories in DEFAULT mode.
15:55:03.445 [main] INFO  o.s.d.r.config.RepositoryConfigurationDelegate - Finished Spring Data repository scanning in 7 ms. Found 0 Redis repository interfaces.
15:55:04.495 [main] WARN  c.b.mybatisplus.core.injector.DefaultSqlInjector - class com.dongbao.test_demo3.entity.AttWorkHourDay ,Not found @TableId annotation, Cannot use Mybatis-Plus 'xxById' Method.
15:55:04.721 [main] INFO  com.dongbao.test_demo3.config.AsyncConfig - 异步任务执行器已启用
15:55:05.321 [main] INFO  o.s.b.a.web.servlet.WelcomePageHandlerMapping - Adding welcome page: class path resource [static/index.html]
15:55:05.536 [main] WARN  o.s.b.a.t.ThymeleafAutoConfiguration$DefaultTemplateResolverConfiguration - Cannot find template location: classpath:/templates/ (please add some templates, check your Thymeleaf configuration, or set spring.thymeleaf.check-template-location=false)
15:55:05.540 [main] WARN  org.thymeleaf.templatemode.TemplateMode - [THYMELEAF][main] Template Mode 'HTML5' is deprecated. Using Template Mode 'HTML' instead.
15:55:06.049 [main] INFO  com.dongbao.test_demo3.RedisConnectionTest - Started RedisConnectionTest in 3.498 seconds (JVM running for 4.119)
15:55:06.938 [taskExecutor-1] INFO  c.d.t.Service.impl.AttWorkHourDayServiceImpl - 从缓存中获取考勤日工时数据
